--------- beginning of main
D/WindowOnBackDispatcher( 6711): setTopOnBackInvokedCallback (unwrapped): android.widget.PopupWindow$PopupDecorView$$ExternalSyntheticLambda1@73aefc3
D/WindowOnBackDispatcher( 6711): setOnBackInvokedCallbackInfo: android.widget.PopupWindow$PopupDecorView$$ExternalSyntheticLambda1@73aefc3
I/Surface ( 6711): Creating surface for consumer unnamed-6711-10 with slotExpansion=1 for 64 slots
I/Surface ( 6711): Creating surface for consumer VRI[PopupWindow:f60e01d]#10(BLAST Consumer)10 with slotExpansion=1 for 64 slots
D/WindowOnBackDispatcher( 6711): setTopOnBackInvokedCallback (unwrapped): null
D/WindowOnBackDispatcher( 6711): setOnBackInvokedCallbackInfo: null
I/DH2Native( 6711): Native skill catalogue | skill lists 36 | skills 127 | faery lists 4 | faeries 16 | owned script strings; full skill callbacks pending
I/DH2Native( 6711): Class tables ready | classes 260 | bytes 34224 | cached base snapshots
I/DH2Native( 6711): Native level catalogue | fast travel 33 | levels 51 | Crypt row 23 | ranges 8 10 / 45 47 / 74 76 | GSLevel ownership pending
I/DH2Native( 6711): AI tables ready | configs 76 | factions 16 | automatic melee 0 | pursuit and full FSM pending
I/DH2Native( 6711): Property rules ready | defaults row 0 | types row 1 | properties 224 | supplied sheets only
I/DH2Native( 6711): Animation tables ready | sequences 785 | characters 80 | clip paths 1447 | bytes 72812
--------- beginning of system
D/InsetsController( 6711): hide(ime())
I/ImeTracker( 6711): com.example.dh2:0cd49f43: onCancelled at PHASE_CLIENT_ALREADY_HIDDEN
I/DH2Native( 6711): Player attack track ready | clip 1111 | tracks 81 | unbound 0 | attack_mainhand ms -1
I/DH2Native( 6711): Player attack track ready | clip 1063 | tracks 29 | unbound 0 | attack_mainhand ms -1
I/DH2Native( 6711): Player attack track ready | clip 1040 | tracks 23 | unbound 0 | attack_mainhand ms -1
I/DH2Native( 6711): Player attack track ready | clip 1041 | tracks 24 | unbound 0 | attack_mainhand ms -1
I/DH2Native( 6711): Player attack track ready | clip 1126 | tracks 25 | unbound 0 | attack_mainhand ms -1
I/DH2Native( 6711): Player attack track ready | clip 1114 | tracks 27 | unbound 0 | attack_mainhand ms -1
I/DH2Native( 6711): Player attack track ready | clip 968 | tracks 25 | unbound 0 | attack_mainhand ms -1
I/DH2Native( 6711): Player attack track ready | clip 956 | tracks 25 | unbound 0 | attack_mainhand ms 333
I/DH2Native( 6711): Player attack track ready | clip 964 | tracks 25 | unbound 0 | attack_mainhand ms -1
I/DH2Native( 6711): Player attack track ready | clip 970 | tracks 25 | unbound 0 | attack_mainhand ms -1
I/DH2Native( 6711): Player attack track ready | clip 959 | tracks 25 | unbound 0 | attack_mainhand ms 899
I/DH2Native( 6711): Player attack track ready | clip 965 | tracks 25 | unbound 0 | attack_mainhand ms -1
I/DH2Native( 6711): Player attack track ready | clip 972 | tracks 25 | unbound 0 | attack_mainhand ms -1
I/DH2Native( 6711): Player attack track ready | clip 962 | tracks 25 | unbound 0 | attack_mainhand ms 1533
I/DH2Native( 6711): Player attack track ready | clip 966 | tracks 25 | unbound 0 | attack_mainhand ms -1
I/DH2Native( 6711): Player attack track ready | clip 967 | tracks 26 | unbound 0 | attack_mainhand ms -1
I/DH2Native( 6711): Player attack track ready | clip 955 | tracks 26 | unbound 0 | attack_mainhand ms 300
I/DH2Native( 6711): Player attack track ready | clip 957 | tracks 27 | unbound 0 | attack_mainhand ms -1
I/DH2Native( 6711): Player attack track ready | clip 969 | tracks 26 | unbound 0 | attack_mainhand ms -1
I/DH2Native( 6711): Player attack track ready | clip 958 | tracks 26 | unbound 0 | attack_mainhand ms 899
I/DH2Native( 6711): Player attack track ready | clip 960 | tracks 27 | unbound 0 | attack_mainhand ms -1
I/DH2Native( 6711): Player attack track ready | clip 971 | tracks 26 | unbound 0 | attack_mainhand ms -1
I/DH2Native( 6711): Player attack track ready | clip 961 | tracks 26 | unbound 0 | attack_mainhand ms 1500
I/DH2Native( 6711): Player attack track ready | clip 963 | tracks 26 | unbound 0 | attack_mainhand ms -1
I/DH2Native( 6711): Player attack track ready | clip 1025 | tracks 25 | unbound 0 | attack_mainhand ms -1
I/DH2Native( 6711): Player attack track ready | clip 1074 | tracks 27 | unbound 0 | attack_mainhand ms -1
I/DH2Native( 6711): Player attack track ready | clip 1110 | tracks 25 | unbound 0 | attack_mainhand ms -1
I/DH2Native( 6711): Player attack track ready | clip 1071 | tracks 25 | unbound 0 | attack_mainhand ms -1
I/DH2Native( 6711): Player attack track ready | clip 1076 | tracks 29 | unbound 0 | attack_mainhand ms -1
I/DH2Native( 6711): Player attack track ready | clip 1109 | tracks 28 | unbound 0 | attack_mainhand ms -1
I/DH2Native( 6711): Player attack track ready | clip 1026 | tracks 30 | unbound 0 | attack_mainhand ms -1
I/DH2Native( 6711): Player attack track ready | clip 1029 | tracks 28 | unbound 0 | attack_mainhand ms -1
I/DH2Native( 6711): Player attack track ready | clip 1030 | tracks 27 | unbound 0 | attack_mainhand ms -1
I/DH2Native( 6711): Player attack track ready | clip 1031 | tracks 27 | unbound 0 | attack_mainhand ms -1
I/DH2Native( 6711): Player attack track ready | clip 1032 | tracks 27 | unbound 0 | attack_mainhand ms -1
I/DH2Native( 6711): Player attack track ready | clip 991 | tracks 27 | unbound 0 | attack_mainhand ms -1
I/DH2Native( 6711): Player attack track ready | clip 996 | tracks 27 | unbound 0 | attack_mainhand ms -1
I/DH2Native( 6711): Player death track ready | clip 1023 | tracks 27 | unbound 0 | attack_mainhand ms -1
I/DH2Native( 6711): Player attack track ready | clip 992 | tracks 26 | unbound 0 | attack_mainhand ms -1
I/DH2Native( 6711): Player attack track ready | clip 1028 | tracks 29 | unbound 0 | attack_mainhand ms -1
I/DH2Native( 6711): Player attack track ready | clip 1027 | tracks 26 | unbound 0 | attack_mainhand ms -1
I/DH2Native( 6711): Player attack track ready | clip 1091 | tracks 26 | unbound 0 | attack_mainhand ms -1
I/DH2Native( 6711): Player attack track ready | clip 1093 | tracks 26 | unbound 0 | attack_mainhand ms -1
I/DH2Native( 6711): Player attack track ready | clip 1043 | tracks 26 | unbound 0 | attack_mainhand ms -1
I/DH2Native( 6711): Player attack track ready | clip 994 | tracks 26 | unbound 0 | attack_mainhand ms -1
I/DH2Native( 6711): Player attack track ready | clip 1044 | tracks 25 | unbound 0 | attack_mainhand ms -1
I/DH2Native( 6711): Player attack track ready | clip 1096 | tracks 14 | unbound 0 | attack_mainhand ms -1
I/DH2Native( 6711): Player attack track ready | clip 1103 | tracks 26 | unbound 0 | attack_mainhand ms -1
I/DH2Native( 6711): Player attack track ready | clip 1107 | tracks 25 | unbound 0 | attack_mainhand ms -1
I/DH2Native( 6711): Player attack track ready | clip 1104 | tracks 27 | unbound 0 | attack_mainhand ms -1
I/DH2Native( 6711): Player attack track ready | clip 1108 | tracks 27 | unbound 0 | attack_mainhand ms -1
I/DH2Native( 6711): Player attack track ready | clip 1101 | tracks 26 | unbound 0 | attack_mainhand ms -1
I/DH2Native( 6711): Player attack track ready | clip 1105 | tracks 25 | unbound 0 | attack_mainhand ms -1
I/DH2Native( 6711): Player attack track ready | clip 1100 | tracks 26 | unbound 0 | attack_mainhand ms -1
I/DH2Native( 6711): Player attack track ready | clip 1097 | tracks 25 | unbound 0 | attack_mainhand ms -1
I/DH2Native( 6711): Player attack track ready | clip 1234 | tracks 25 | unbound 0 | attack_mainhand ms -1
I/DH2Native( 6711): Player attack track ready | clip 1239 | tracks 25 | unbound 0 | attack_mainhand ms -1
I/DH2Native( 6711): Player attack track ready | clip 1238 | tracks 25 | unbound 0 | attack_mainhand ms -1
I/DH2Native( 6711): Player attack track ready | clip 1035 | tracks 23 | unbound 0 | attack_mainhand ms -1
I/DH2Native( 6711): Player attack track ready | clip 1036 | tracks 23 | unbound 0 | attack_mainhand ms -1
I/DH2Native( 6711): Player attack track ready | clip 986 | tracks 25 | unbound 0 | attack_mainhand ms -1
I/DH2Native( 6711): Player attack track ready | clip 974 | tracks 25 | unbound 0 | attack_mainhand ms -1
I/DH2Native( 6711): Player attack track ready | clip 976 | tracks 25 | unbound 0 | attack_mainhand ms -1
I/DH2Native( 6711): Player attack track ready | clip 988 | tracks 25 | unbound 0 | attack_mainhand ms -1
I/DH2Native( 6711): Player attack track ready | clip 978 | tracks 25 | unbound 0 | attack_mainhand ms -1
I/DH2Native( 6711): Player attack track ready | clip 980 | tracks 25 | unbound 0 | attack_mainhand ms -1
I/DH2Native( 6711): Player attack track ready | clip 990 | tracks 25 | unbound 0 | attack_mainhand ms -1
I/DH2Native( 6711): Player attack track ready | clip 984 | tracks 25 | unbound 0 | attack_mainhand ms -1
I/DH2Native( 6711): Player attack track ready | clip 985 | tracks 26 | unbound 0 | attack_mainhand ms -1
I/DH2Native( 6711): Player attack track ready | clip 973 | tracks 25 | unbound 0 | attack_mainhand ms 333
I/DH2Native( 6711): Player attack track ready | clip 975 | tracks 25 | unbound 0 | attack_mainhand ms -1
I/DH2Native( 6711): Player attack track ready | clip 987 | tracks 25 | unbound 0 | attack_mainhand ms -1
I/DH2Native( 6711): Player attack track ready | clip 977 | tracks 25 | unbound 0 | attack_mainhand ms 1066
I/DH2Native( 6711): Player attack track ready | clip 979 | tracks 25 | unbound 0 | attack_mainhand ms -1
I/DH2Native( 6711): Player attack track ready | clip 989 | tracks 25 | unbound 0 | attack_mainhand ms -1
I/DH2Native( 6711): Player attack track ready | clip 981 | tracks 25 | unbound 0 | attack_mainhand ms 1799
I/DH2Native( 6711): Player attack track ready | clip 983 | tracks 25 | unbound 0 | attack_mainhand ms -1
I/DH2Native( 6711): Player attack track ready | clip 1233 | tracks 24 | unbound 0 | attack_mainhand ms -1
I/DH2Native( 6711): Player attack track ready | clip 1037 | tracks 23 | unbound 0 | attack_mainhand ms -1
I/DH2Native( 6711): Player attack track ready | clip 1038 | tracks 23 | unbound 0 | attack_mainhand ms -1
I/DH2Native( 6711): Player attack track ready | clip 1016 | tracks 23 | unbound 0 | attack_mainhand ms -1
I/DH2Native( 6711): Player attack track ready | clip 1000 | tracks 25 | unbound 0 | attack_mainhand ms 333
I/DH2Native( 6711): Player attack track ready | clip 1011 | tracks 27 | unbound 0 | attack_mainhand ms -1
I/DH2Native( 6711): Player attack track ready | clip 1018 | tracks 25 | unbound 0 | attack_mainhand ms -1
I/DH2Native( 6711): Player attack track ready | clip 1003 | tracks 27 | unbound 0 | attack_mainhand ms -1
I/DH2Native( 6711): Player attack track ready | clip 1012 | tracks 25 | unbound 0 | attack_mainhand ms -1
I/DH2Native( 6711): Player attack track ready | clip 1020 | tracks 25 | unbound 0 | attack_mainhand ms -1
I/DH2Native( 6711): Player attack track ready | clip 1006 | tracks 25 | unbound 0 | attack_mainhand ms 1566
I/DH2Native( 6711): Player attack track ready | clip 1013 | tracks 25 | unbound 0 | attack_mainhand ms -1
I/DH2Native( 6711): Player attack track ready | clip 1022 | tracks 25 | unbound 0 | attack_mainhand ms -1
I/DH2Native( 6711): Player attack track ready | clip 1009 | tracks 25 | unbound 0 | attack_mainhand ms -1
I/DH2Native( 6711): Player attack track ready | clip 1014 | tracks 25 | unbound 0 | attack_mainhand ms -1
I/DH2Native( 6711): Player attack track ready | clip 1015 | tracks 25 | unbound 0 | attack_mainhand ms -1
I/DH2Native( 6711): Player attack track ready | clip 999 | tracks 25 | unbound 0 | attack_mainhand ms 400
I/DH2Native( 6711): Player attack track ready | clip 1001 | tracks 25 | unbound 0 | attack_mainhand ms -1
I/DH2Native( 6711): Player attack track ready | clip 1017 | tracks 25 | unbound 0 | attack_mainhand ms -1
I/DH2Native( 6711): Player attack track ready | clip 1002 | tracks 25 | unbound 0 | attack_mainhand ms 866
I/DH2Native( 6711): Player attack track ready | clip 1004 | tracks 25 | unbound 0 | attack_mainhand ms -1
I/DH2Native( 6711): Player attack track ready | clip 1019 | tracks 25 | unbound 0 | attack_mainhand ms -1
I/DH2Native( 6711): Player attack track ready | clip 1005 | tracks 25 | unbound 0 | attack_mainhand ms 1500
I/DH2Native( 6711): Player attack track ready | clip 1007 | tracks 25 | unbound 0 | attack_mainhand ms -1
I/DH2Native( 6711): Player attack track ready | clip 1021 | tracks 25 | unbound 0 | attack_mainhand ms -1
I/DH2Native( 6711): Player attack track ready | clip 1008 | tracks 25 | unbound 0 | attack_mainhand ms 2266
I/DH2Native( 6711): Player attack track ready | clip 1010 | tracks 25 | unbound 0 | attack_mainhand ms -1
I/DH2Native( 6711): Player attack track ready | clip 1147 | tracks 27 | unbound 2 | attack_mainhand ms -1
I/DH2Native( 6711): Player attack track ready | clip 1133 | tracks 27 | unbound 2 | attack_mainhand ms 1633
I/DH2Native( 6711): Player attack track ready | clip 1146 | tracks 25 | unbound 2 | attack_mainhand ms -1
I/DH2Native( 6711): Player attack track ready | clip 1218 | tracks 27 | unbound 0 | attack_mainhand ms -1
I/DH2Native( 6711): Player attack track ready | clip 1039 | tracks 25 | unbound 0 | attack_mainhand ms -1
I/DH2Native( 6711): Player attack track ready | clip 1077 | tracks 18 | unbound 0 | attack_mainhand ms -1
I/DH2Native( 6711): Player attack track ready | clip 1078 | tracks 18 | unbound 0 | attack_mainhand ms -1
I/DH2Native( 6711): Player attack track ready | clip 1079 | tracks 20 | unbound 0 | attack_mainhand ms -1
I/DH2Native( 6711): Player attack track ready | clip 1143 | tracks 24 | unbound 0 | attack_mainhand ms -1
I/DH2Native( 6711): Player attack track ready | clip 1138 | tracks 0 | unbound 0 | attack_mainhand ms -1
I/DH2Native( 6711): Player attack track ready | clip 1136 | tracks 24 | unbound 0 | attack_mainhand ms -1
I/DH2Native( 6711): Player attack track ready | clip 1137 | tracks 24 | unbound 0 | attack_mainhand ms -1
I/DH2Native( 6711): Base class snapshot | _prim_tmp_cultist01 | character Crypt_Skeleton | class 18 | level raw 256 | Max_HP raw 12160 | Max_MP raw 5632 | checksum 41ae0e800682474e | cached only
I/DH2Native( 6711): Resolved properties | _prim_tmp_cultist01 | character Crypt_Skeleton | HP raw -1 | Max_HP raw 12160 | MP raw -1 | Max_MP raw 5632 | checksum 41ae0e800682474e | supplied sheets only
I/DH2Native( 6711): Spawn vitals | _prim_tmp_cultist01 | character Crypt_Skeleton | HP raw 12160 | Max_HP raw 12160 | MP raw 5632 | Max_MP raw 5632 | first HP add raw 12160 | first MP add raw 5632 | second HP add raw 1 | second MP add raw 1 | checksum ee913bf1bab19e05 | passes 2
I/DH2Native( 6711): Combat result probe | _prim_tmp_cultist01 | character Crypt_Skeleton | amount 2030 | dot element -1 | dot duration 0 | dot amount 0 | HP leech 0 | MP leech 0 | outcomes 0 | mask 2271925 | category -1 | element -1 | seed 11805120 | calls 9 | validation only
I/DH2Native( 6711): Health probe | _prim_tmp_cultist01 | character Crypt_Skeleton | damage 256 | add -256 | before 12160 | after 11904 | kill 0 | armed 1 | cue 0 | lifecycle -1 | dead skip 0 | validation only
I/DH2Native( 6711): Health probe | _prim_tmp_cultist01 | character Crypt_Skeleton | damage 16384 | add -16384 | before 12160 | after 0 | kill 1 | armed 1 | cue 0 | lifecycle 3 | dead skip 0 | validation only
I/DH2Native( 6711): Original idle selected | skeleton.bdae | table 62 | sequence 596 | step 0 | clip 1194 | skeleton_idle_01.bdae | speed 1.0000 | actor _prim_tmp_cultist01
I/DH2Native( 6711): Actor event track ready | skeleton.bdae | clip 1178 | groups 1 | attack_mainhand ms 100
I/DH2Native( 6711): Actor event track ready | skeleton.bdae | clip 1179 | groups 0 | attack_mainhand ms -1
I/DH2Native( 6711): Actor event track ready | skeleton.bdae | clip 1180 | groups 1 | attack_mainhand ms 100
I/DH2Native( 6711): Actor event track ready | skeleton.bdae | clip 1181 | groups 0 | attack_mainhand ms -1
I/DH2Native( 6711): Actor event track ready | skeleton.bdae | clip 1185 | groups 0 | attack_mainhand ms -1
I/DH2Native( 6711): Actor event track ready | skeleton.bdae | clip 1194 | groups 0 | attack_mainhand ms -1
I/DH2Native( 6711): Actor event track ready | skeleton.bdae | clip 1195 | groups 0 | attack_mainhand ms -1
I/DH2Native( 6711): Actor event track ready | skeleton.bdae | clip 1197 | groups 0 | attack_mainhand ms -1
I/DH2Native( 6711): Actor event track ready | skeleton.bdae | clip 1198 | groups 0 | attack_mainhand ms -1
I/DH2Native( 6711): Actor event track ready | skeleton.bdae | clip 1204 | groups 0 | attack_mainhand ms -1
I/DH2Native( 6711): Actor clip bank ready | skeleton.bdae | clips 10 | independent instance clocks
D/HWUI    ( 6711): endAllActiveAnimators on 0x7d40c5259b40 (DropDownListView) with handle 0x7d42452c69a0
I/DH2Native( 6711): Object resource skeleton.bdae | primitives 1 | tracks 23 | unbound 3 | unsupported 0 | removed helpers 2
I/DH2Native( 6711): Base class snapshot | _prim_tmp_cultist03 | character Crypt_Skeleton | class 18 | level raw 256 | Max_HP raw 12160 | Max_MP raw 5632 | checksum 41ae0e800682474e | cached only
I/DH2Native( 6711): Resolved properties | _prim_tmp_cultist03 | character Crypt_Skeleton | HP raw -1 | Max_HP raw 12160 | MP raw -1 | Max_MP raw 5632 | checksum 41ae0e800682474e | supplied sheets only
I/DH2Native( 6711): Spawn vitals | _prim_tmp_cultist03 | character Crypt_Skeleton | HP raw 12160 | Max_HP raw 12160 | MP raw 5632 | Max_MP raw 5632 | first HP add raw 12160 | first MP add raw 5632 | second HP add raw 1 | second MP add raw 1 | checksum ee913bf1bab19e05 | passes 2
I/DH2Native( 6711): Combat result probe | _prim_tmp_cultist03 | character Crypt_Skeleton | amount 2030 | dot element -1 | dot duration 0 | dot amount 0 | HP leech 0 | MP leech 0 | outcomes 0 | mask 2271925 | category -1 | element -1 | seed 11805120 | calls 9 | validation only
I/DH2Native( 6711): Health probe | _prim_tmp_cultist03 | character Crypt_Skeleton | damage 256 | add -256 | before 12160 | after 11904 | kill 0 | armed 1 | cue 0 | lifecycle -1 | dead skip 0 | validation only
I/DH2Native( 6711): Health probe | _prim_tmp_cultist03 | character Crypt_Skeleton | damage 16384 | add -16384 | before 12160 | after 0 | kill 1 | armed 1 | cue 0 | lifecycle 3 | dead skip 0 | validation only
I/DH2Native( 6711): Original idle selected | skeleton.bdae | table 62 | sequence 596 | step 1 | clip 1195 | skeleton_idle_02.bdae | speed 1.0000 | actor _prim_tmp_cultist03
I/DH2Native( 6711): Base class snapshot | _prim_tmp_cultist05 | character CryptSlime | class 18 | level raw 256 | Max_HP raw 12160 | Max_MP raw 5632 | checksum e0cad1d302226d0f | cached only
I/DH2Native( 6711): Resolved properties | _prim_tmp_cultist05 | character CryptSlime | HP raw -1 | Max_HP raw 12160 | MP raw -1 | Max_MP raw 5632 | checksum e0cad1d302226d0f | supplied sheets only
I/DH2Native( 6711): Spawn vitals | _prim_tmp_cultist05 | character CryptSlime | HP raw 12160 | Max_HP raw 12160 | MP raw 5632 | Max_MP raw 5632 | first HP add raw 12160 | first MP add raw 5632 | second HP add raw 1 | second MP add raw 1 | checksum a1f87e373eade438 | passes 2
I/DH2Native( 6711): Combat result probe | _prim_tmp_cultist05 | character CryptSlime | amount 2036 | dot element -1 | dot duration 0 | dot amount 0 | HP leech 0 | MP leech 0 | outcomes 0 | mask 2271925 | category -1 | element -1 | seed 3406292 | calls 9 | validation only
I/DH2Native( 6711): Health probe | _prim_tmp_cultist05 | character CryptSlime | damage 256 | add -256 | before 12160 | after 11904 | kill 0 | armed 1 | cue 0 | lifecycle -1 | dead skip 0 | validation only
I/DH2Native( 6711): Health probe | _prim_tmp_cultist05 | character CryptSlime | damage 16384 | add -16384 | before 12160 | after 0 | kill 1 | armed 1 | cue 0 | lifecycle 3 | dead skip 0 | validation only
I/DH2Native( 6711): Original idle selected | slime_green_v2.bdae | table 64 | sequence 613 | step 5 | clip 1259 | slime_idle_02.bdae | speed 1.0000 | actor _prim_tmp_cultist05
I/DH2Native( 6711): Actor event track ready | slime_green_v2.bdae | clip 1246 | groups 1 | attack_mainhand ms 266
I/DH2Native( 6711): Actor event track ready | slime_green_v2.bdae | clip 1247 | groups 0 | attack_mainhand ms -1
I/DH2Native( 6711): Actor event track ready | slime_green_v2.bdae | clip 1248 | groups 1 | attack_mainhand ms 300
I/DH2Native( 6711): Actor event track ready | slime_green_v2.bdae | clip 1249 | groups 0 | attack_mainhand ms -1
I/DH2Native( 6711): Actor event track ready | slime_green_v2.bdae | clip 1251 | groups 0 | attack_mainhand ms -1
I/DH2Native( 6711): Actor event track ready | slime_green_v2.bdae | clip 1258 | groups 0 | attack_mainhand ms -1
I/DH2Native( 6711): Actor event track ready | slime_green_v2.bdae | clip 1259 | groups 0 | attack_mainhand ms -1
I/DH2Native( 6711): Actor event track ready | slime_green_v2.bdae | clip 1261 | groups 0 | attack_mainhand ms -1
I/DH2Native( 6711): Actor event track ready | slime_green_v2.bdae | clip 1262 | groups 0 | attack_mainhand ms -1
I/DH2Native( 6711): Actor event track ready | slime_green_v2.bdae | clip 1268 | groups 0 | attack_mainhand ms -1
I/DH2Native( 6711): Actor clip bank ready | slime_green_v2.bdae | clips 10 | independent instance clocks
I/DH2Native( 6711): Object resource slime_green_v2.bdae | primitives 2 | tracks 12 | unbound 0 | unsupported 0 | removed helpers 0
I/DH2Native( 6711): Base class snapshot | _prim_tmp_cultist06 | character CryptSlime | class 18 | level raw 256 | Max_HP raw 12160 | Max_MP raw 5632 | checksum e0cad1d302226d0f | cached only
I/DH2Native( 6711): Resolved properties | _prim_tmp_cultist06 | character CryptSlime | HP raw -1 | Max_HP raw 12160 | MP raw -1 | Max_MP raw 5632 | checksum e0cad1d302226d0f | supplied sheets only
I/DH2Native( 6711): Spawn vitals | _prim_tmp_cultist06 | character CryptSlime | HP raw 12160 | Max_HP raw 12160 | MP raw 5632 | Max_MP raw 5632 | first HP add raw 12160 | first MP add raw 5632 | second HP add raw 1 | second MP add raw 1 | checksum a1f87e373eade438 | passes 2
I/DH2Native( 6711): Combat result probe | _prim_tmp_cultist06 | character CryptSlime | amount 2036 | dot element -1 | dot duration 0 | dot amount 0 | HP leech 0 | MP leech 0 | outcomes 0 | mask 2271925 | category -1 | element -1 | seed 3406292 | calls 9 | validation only
I/DH2Native( 6711): Health probe | _prim_tmp_cultist06 | character CryptSlime | damage 256 | add -256 | before 12160 | after 11904 | kill 0 | armed 1 | cue 0 | lifecycle -1 | dead skip 0 | validation only
I/DH2Native( 6711): Health probe | _prim_tmp_cultist06 | character CryptSlime | damage 16384 | add -16384 | before 12160 | after 0 | kill 1 | armed 1 | cue 0 | lifecycle 3 | dead skip 0 | validation only
I/DH2Native( 6711): Original idle selected | slime_green_v2.bdae | table 64 | sequence 613 | step 5 | clip 1259 | slime_idle_02.bdae | speed 1.0000 | actor _prim_tmp_cultist06
I/DH2Native( 6711): Base class snapshot | _prim_tmp_cultist07 | character Crypt_Skeleton | class 18 | level raw 256 | Max_HP raw 12160 | Max_MP raw 5632 | checksum 41ae0e800682474e | cached only
I/DH2Native( 6711): Resolved properties | _prim_tmp_cultist07 | character Crypt_Skeleton | HP raw -1 | Max_HP raw 12160 | MP raw -1 | Max_MP raw 5632 | checksum 41ae0e800682474e | supplied sheets only
I/DH2Native( 6711): Spawn vitals | _prim_tmp_cultist07 | character Crypt_Skeleton | HP raw 12160 | Max_HP raw 12160 | MP raw 5632 | Max_MP raw 5632 | first HP add raw 12160 | first MP add raw 5632 | second HP add raw 1 | second MP add raw 1 | checksum ee913bf1bab19e05 | passes 2
I/DH2Native( 6711): Combat result probe | _prim_tmp_cultist07 | character Crypt_Skeleton | amount 2030 | dot element -1 | dot duration 0 | dot amount 0 | HP leech 0 | MP leech 0 | outcomes 0 | mask 2271925 | category -1 | element -1 | seed 11805120 | calls 9 | validation only
I/DH2Native( 6711): Health probe | _prim_tmp_cultist07 | character Crypt_Skeleton | damage 256 | add -256 | before 12160 | after 11904 | kill 0 | armed 1 | cue 0 | lifecycle -1 | dead skip 0 | validation only
I/DH2Native( 6711): Health probe | _prim_tmp_cultist07 | character Crypt_Skeleton | damage 16384 | add -16384 | before 12160 | after 0 | kill 1 | armed 1 | cue 0 | lifecycle 3 | dead skip 0 | validation only
I/DH2Native( 6711): Original idle selected | skeleton.bdae | table 62 | sequence 596 | step 0 | clip 1194 | skeleton_idle_01.bdae | speed 1.0000 | actor _prim_tmp_cultist07
I/DH2Native( 6711): Base class snapshot | _prim_tmp_cultist08 | character Crypt_Skeleton | class 18 | level raw 256 | Max_HP raw 12160 | Max_MP raw 5632 | checksum 41ae0e800682474e | cached only
I/DH2Native( 6711): Resolved properties | _prim_tmp_cultist08 | character Crypt_Skeleton | HP raw -1 | Max_HP raw 12160 | MP raw -1 | Max_MP raw 5632 | checksum 41ae0e800682474e | supplied sheets only
I/DH2Native( 6711): Spawn vitals | _prim_tmp_cultist08 | character Crypt_Skeleton | HP raw 12160 | Max_HP raw 12160 | MP raw 5632 | Max_MP raw 5632 | first HP add raw 12160 | first MP add raw 5632 | second HP add raw 1 | second MP add raw 1 | checksum ee913bf1bab19e05 | passes 2
I/DH2Native( 6711): Combat result probe | _prim_tmp_cultist08 | character Crypt_Skeleton | amount 2030 | dot element -1 | dot duration 0 | dot amount 0 | HP leech 0 | MP leech 0 | outcomes 0 | mask 2271925 | category -1 | element -1 | seed 11805120 | calls 9 | validation only
I/DH2Native( 6711): Health probe | _prim_tmp_cultist08 | character Crypt_Skeleton | damage 256 | add -256 | before 12160 | after 11904 | kill 0 | armed 1 | cue 0 | lifecycle -1 | dead skip 0 | validation only
I/DH2Native( 6711): Health probe | _prim_tmp_cultist08 | character Crypt_Skeleton | damage 16384 | add -16384 | before 12160 | after 0 | kill 1 | armed 1 | cue 0 | lifecycle 3 | dead skip 0 | validation only
I/DH2Native( 6711): Original idle selected | skeleton.bdae | table 62 | sequence 596 | step 1 | clip 1195 | skeleton_idle_02.bdae | speed 1.0000 | actor _prim_tmp_cultist08
I/DH2Native( 6711): Object resource crypt_candles2_small.bdae | primitives 3 | tracks 5 | unbound 0 | unsupported 0 | removed helpers 1
I/DH2Native( 6711): Object resource crypt_candlestand_big.bdae | primitives 4 | tracks 3 | unbound 0 | unsupported 0 | removed helpers 2
I/DH2Native( 6711): Object resource crypt_candlestand.bdae | primitives 4 | tracks 7 | unbound 0 | unsupported 0 | removed helpers 2
I/DH2Native( 6711): Object resource crypt_candle2.bdae | primitives 3 | tracks 3 | unbound 0 | unsupported 0 | removed helpers 1
I/DH2Native( 6711): Object resource crypt_candle1_small.bdae | primitives 3 | tracks 3 | unbound 0 | unsupported 0 | removed helpers 1
I/DH2Native( 6711): Object resource crypt_candles.bdae | primitives 3 | tracks 7 | unbound 0 | unsupported 0 | removed helpers 1
I/DH2Native( 6711): Object resource swamp_caveentrance_effect.bdae | primitives 1 | tracks 0 | unbound 0 | unsupported 3 | removed helpers 0
I/DH2Native( 6711): Object resource crypt_candle_big.bdae | primitives 3 | tracks 3 | unbound 0 | unsupported 0 | removed helpers 1
I/DH2Native( 6711): Base class snapshot | _prim_Monster | character CryptSlime | class 18 | level raw 256 | Max_HP raw 12160 | Max_MP raw 5632 | checksum e0cad1d302226d0f | cached only
I/DH2Native( 6711): Resolved properties | _prim_Monster | character CryptSlime | HP raw -1 | Max_HP raw 12160 | MP raw -1 | Max_MP raw 5632 | checksum e0cad1d302226d0f | supplied sheets only
I/DH2Native( 6711): Spawn vitals | _prim_Monster | character CryptSlime | HP raw 12160 | Max_HP raw 12160 | MP raw 5632 | Max_MP raw 5632 | first HP add raw 12160 | first MP add raw 5632 | second HP add raw 1 | second MP add raw 1 | checksum a1f87e373eade438 | passes 2
I/DH2Native( 6711): Combat result probe | _prim_Monster | character CryptSlime | amount 2036 | dot element -1 | dot duration 0 | dot amount 0 | HP leech 0 | MP leech 0 | outcomes 0 | mask 2271925 | category -1 | element -1 | seed 3406292 | calls 9 | validation only
I/DH2Native( 6711): Health probe | _prim_Monster | character CryptSlime | damage 256 | add -256 | before 12160 | after 11904 | kill 0 | armed 1 | cue 0 | lifecycle -1 | dead skip 0 | validation only
I/DH2Native( 6711): Health probe | _prim_Monster | character CryptSlime | damage 16384 | add -16384 | before 12160 | after 0 | kill 1 | armed 1 | cue 0 | lifecycle 3 | dead skip 0 | validation only
I/DH2Native( 6711): Original idle selected | slime_green_v2.bdae | table 64 | sequence 613 | step 1 | clip 1258 | slime_idle.bdae | speed 1.0000 | actor _prim_Monster
I/DH2Native( 6711): Base class snapshot | _prim_Monster02 | character CryptSlime_RE | class 18 | level raw 256 | Max_HP raw 12160 | Max_MP raw 5632 | checksum eb471073d49b2c44 | cached only
I/DH2Native( 6711): Resolved properties | _prim_Monster02 | character CryptSlime_RE | HP raw -1 | Max_HP raw 12160 | MP raw -1 | Max_MP raw 5632 | checksum eb471073d49b2c44 | supplied sheets only
I/DH2Native( 6711): Spawn vitals | _prim_Monster02 | character CryptSlime_RE | HP raw 12160 | Max_HP raw 12160 | MP raw 5632 | Max_MP raw 5632 | first HP add raw 12160 | first MP add raw 5632 | second HP add raw 1 | second MP add raw 1 | checksum 6eba0582f78691bb | passes 2
I/DH2Native( 6711): Combat result probe | _prim_Monster02 | character CryptSlime_RE | amount 2135 | dot element -1 | dot duration 0 | dot amount 0 | HP leech 0 | MP leech 0 | outcomes 0 | mask 2271925 | category -1 | element -1 | seed 7440849 | calls 9 | validation only
I/DH2Native( 6711): Health probe | _prim_Monster02 | character CryptSlime_RE | damage 256 | add -256 | before 12160 | after 11904 | kill 0 | armed 1 | cue 0 | lifecycle -1 | dead skip 0 | validation only
I/DH2Native( 6711): Health probe | _prim_Monster02 | character CryptSlime_RE | damage 16384 | add -16384 | before 12160 | after 0 | kill 1 | armed 1 | cue 0 | lifecycle 3 | dead skip 0 | validation only
I/DH2Native( 6711): Original idle selected | slime_green_v2.bdae | table 64 | sequence 613 | step 0 | clip 1258 | slime_idle.bdae | speed 1.0000 | actor _prim_Monster02
I/DH2Native( 6711): Base class snapshot | _prim_Monster05 | character CryptSlime | class 18 | level raw 256 | Max_HP raw 12160 | Max_MP raw 5632 | checksum e0cad1d302226d0f | cached only
I/DH2Native( 6711): Resolved properties | _prim_Monster05 | character CryptSlime | HP raw -1 | Max_HP raw 12160 | MP raw -1 | Max_MP raw 5632 | checksum e0cad1d302226d0f | supplied sheets only
I/DH2Native( 6711): Spawn vitals | _prim_Monster05 | character CryptSlime | HP raw 12160 | Max_HP raw 12160 | MP raw 5632 | Max_MP raw 5632 | first HP add raw 12160 | first MP add raw 5632 | second HP add raw 1 | second MP add raw 1 | checksum a1f87e373eade438 | passes 2
I/DH2Native( 6711): Combat result probe | _prim_Monster05 | character CryptSlime | amount 2036 | dot element -1 | dot duration 0 | dot amount 0 | HP leech 0 | MP leech 0 | outcomes 0 | mask 2271925 | category -1 | element -1 | seed 3406292 | calls 9 | validation only
I/DH2Native( 6711): Health probe | _prim_Monster05 | character CryptSlime | damage 256 | add -256 | before 12160 | after 11904 | kill 0 | armed 1 | cue 0 | lifecycle -1 | dead skip 0 | validation only
I/DH2Native( 6711): Health probe | _prim_Monster05 | character CryptSlime | damage 16384 | add -16384 | before 12160 | after 0 | kill 1 | armed 1 | cue 0 | lifecycle 3 | dead skip 0 | validation only
I/DH2Native( 6711): Original idle selected | slime_green_v2.bdae | table 64 | sequence 613 | step 4 | clip 1258 | slime_idle.bdae | speed 1.0000 | actor _prim_Monster05
I/DH2Native( 6711): Object resource crypt_candle1.bdae | primitives 3 | tracks 3 | unbound 0 | unsupported 0 | removed helpers 1
I/DH2Native( 6711): Base class snapshot | _prim_Monster_Ghost05 | character Crypt_Ghost | class 18 | level raw 256 | Max_HP raw 12160 | Max_MP raw 5632 | checksum 37563d932af809fb | cached only
I/DH2Native( 6711): Resolved properties | _prim_Monster_Ghost05 | character Crypt_Ghost | HP raw -1 | Max_HP raw 12160 | MP raw -1 | Max_MP raw 5632 | checksum 37563d932af809fb | supplied sheets only
I/DH2Native( 6711): Spawn vitals | _prim_Monster_Ghost05 | character Crypt_Ghost | HP raw 12160 | Max_HP raw 12160 | MP raw 5632 | Max_MP raw 5632 | first HP add raw 12160 | first MP add raw 5632 | second HP add raw 1 | second MP add raw 1 | checksum e41199bf55080334 | passes 2
I/DH2Native( 6711): Combat result probe | _prim_Monster_Ghost05 | character Crypt_Ghost | amount 2263 | dot element -1 | dot duration 0 | dot amount 0 | HP leech 0 | MP leech 0 | outcomes 0 | mask 2271925 | category -1 | element -1 | seed 3474079 | calls 9 | validation only
I/DH2Native( 6711): Health probe | _prim_Monster_Ghost05 | character Crypt_Ghost | damage 256 | add -256 | before 12160 | after 11904 | kill 0 | armed 1 | cue 0 | lifecycle -1 | dead skip 0 | validation only
I/DH2Native( 6711): Health probe | _prim_Monster_Ghost05 | character Crypt_Ghost | damage 16384 | add -16384 | before 12160 | after 0 | kill 1 | armed 1 | cue 0 | lifecycle 3 | dead skip 0 | validation only
I/DH2Native( 6711): Original idle selected | ghost.bdae | table 24 | sequence 210 | step 0 | clip 706 | ghost_idle_01.bdae | speed 1.3000 | actor _prim_Monster_Ghost05
I/DH2Native( 6711): Actor event track ready | ghost.bdae | clip 697 | groups 1 | attack_mainhand ms 999
I/DH2Native( 6711): Actor event track ready | ghost.bdae | clip 700 | groups 0 | attack_mainhand ms -1
I/DH2Native( 6711): Actor event track ready | ghost.bdae | clip 706 | groups 0 | attack_mainhand ms -1
I/DH2Native( 6711): Actor event track ready | ghost.bdae | clip 707 | groups 0 | attack_mainhand ms -1
I/DH2Native( 6711): Actor event track ready | ghost.bdae | clip 710 | groups 0 | attack_mainhand ms -1
I/DH2Native( 6711): Actor event track ready | ghost.bdae | clip 714 | groups 0 | attack_mainhand ms -1
I/DH2Native( 6711): Actor event track ready | ghost.bdae | clip 717 | groups 0 | attack_mainhand ms -1
I/DH2Native( 6711): Actor clip bank ready | ghost.bdae | clips 7 | independent instance clocks
I/DH2Native( 6711): Object resource ghost.bdae | primitives 2 | tracks 24 | unbound 0 | unsupported 0 | removed helpers 2
I/DH2Native( 6711): Base class snapshot | _prim_Monster_Ghost06 | character Crypt_Ghost | class 18 | level raw 256 | Max_HP raw 12160 | Max_MP raw 5632 | checksum 37563d932af809fb | cached only
I/DH2Native( 6711): Resolved properties | _prim_Monster_Ghost06 | character Crypt_Ghost | HP raw -1 | Max_HP raw 12160 | MP raw -1 | Max_MP raw 5632 | checksum 37563d932af809fb | supplied sheets only
I/DH2Native( 6711): Spawn vitals | _prim_Monster_Ghost06 | character Crypt_Ghost | HP raw 12160 | Max_HP raw 12160 | MP raw 5632 | Max_MP raw 5632 | first HP add raw 12160 | first MP add raw 5632 | second HP add raw 1 | second MP add raw 1 | checksum e41199bf55080334 | passes 2
I/DH2Native( 6711): Combat result probe | _prim_Monster_Ghost06 | character Crypt_Ghost | amount 2263 | dot element -1 | dot duration 0 | dot amount 0 | HP leech 0 | MP leech 0 | outcomes 0 | mask 2271925 | category -1 | element -1 | seed 3474079 | calls 9 | validation only
I/DH2Native( 6711): Health probe | _prim_Monster_Ghost06 | character Crypt_Ghost | damage 256 | add -256 | before 12160 | after 11904 | kill 0 | armed 1 | cue 0 | lifecycle -1 | dead skip 0 | validation only
I/DH2Native( 6711): Health probe | _prim_Monster_Ghost06 | character Crypt_Ghost | damage 16384 | add -16384 | before 12160 | after 0 | kill 1 | armed 1 | cue 0 | lifecycle 3 | dead skip 0 | validation only
I/DH2Native( 6711): Original idle selected | ghost.bdae | table 24 | sequence 210 | step 0 | clip 706 | ghost_idle_01.bdae | speed 1.3000 | actor _prim_Monster_Ghost06
I/DH2Native( 6711): Base class snapshot | _prim_Monster_SURPRISE_01 | character Crypt_Ghost | class 18 | level raw 256 | Max_HP raw 12160 | Max_MP raw 5632 | checksum 37563d932af809fb | cached only
I/DH2Native( 6711): Resolved properties | _prim_Monster_SURPRISE_01 | character Crypt_Ghost | HP raw -1 | Max_HP raw 12160 | MP raw -1 | Max_MP raw 5632 | checksum 37563d932af809fb | supplied sheets only
I/DH2Native( 6711): Spawn vitals | _prim_Monster_SURPRISE_01 | character Crypt_Ghost | HP raw 12160 | Max_HP raw 12160 | MP raw 5632 | Max_MP raw 5632 | first HP add raw 12160 | first MP add raw 5632 | second HP add raw 1 | second MP add raw 1 | checksum e41199bf55080334 | passes 2
I/DH2Native( 6711): Combat result probe | _prim_Monster_SURPRISE_01 | character Crypt_Ghost | amount 2263 | dot element -1 | dot duration 0 | dot amount 0 | HP leech 0 | MP leech 0 | outcomes 0 | mask 2271925 | category -1 | element -1 | seed 3474079 | calls 9 | validation only
I/DH2Native( 6711): Health probe | _prim_Monster_SURPRISE_01 | character Crypt_Ghost | damage 256 | add -256 | before 12160 | after 11904 | kill 0 | armed 1 | cue 0 | lifecycle -1 | dead skip 0 | validation only
I/DH2Native( 6711): Health probe | _prim_Monster_SURPRISE_01 | character Crypt_Ghost | damage 16384 | add -16384 | before 12160 | after 0 | kill 1 | armed 1 | cue 0 | lifecycle 3 | dead skip 0 | validation only
I/DH2Native( 6711): Original idle selected | ghost.bdae | table 24 | sequence 210 | step 0 | clip 706 | ghost_idle_01.bdae | speed 1.3000 | actor _prim_Monster_SURPRISE_01
I/DH2Native( 6711): Base class snapshot | _prim_Monster_SURPRISE_02 | character Crypt_Ghost | class 18 | level raw 256 | Max_HP raw 12160 | Max_MP raw 5632 | checksum 37563d932af809fb | cached only
I/DH2Native( 6711): Resolved properties | _prim_Monster_SURPRISE_02 | character Crypt_Ghost | HP raw -1 | Max_HP raw 12160 | MP raw -1 | Max_MP raw 5632 | checksum 37563d932af809fb | supplied sheets only
I/DH2Native( 6711): Spawn vitals | _prim_Monster_SURPRISE_02 | character Crypt_Ghost | HP raw 12160 | Max_HP raw 12160 | MP raw 5632 | Max_MP raw 5632 | first HP add raw 12160 | first MP add raw 5632 | second HP add raw 1 | second MP add raw 1 | checksum e41199bf55080334 | passes 2
I/DH2Native( 6711): Combat result probe | _prim_Monster_SURPRISE_02 | character Crypt_Ghost | amount 2263 | dot element -1 | dot duration 0 | dot amount 0 | HP leech 0 | MP leech 0 | outcomes 0 | mask 2271925 | category -1 | element -1 | seed 3474079 | calls 9 | validation only
I/DH2Native( 6711): Health probe | _prim_Monster_SURPRISE_02 | character Crypt_Ghost | damage 256 | add -256 | before 12160 | after 11904 | kill 0 | armed 1 | cue 0 | lifecycle -1 | dead skip 0 | validation only
I/DH2Native( 6711): Health probe | _prim_Monster_SURPRISE_02 | character Crypt_Ghost | damage 16384 | add -16384 | before 12160 | after 0 | kill 1 | armed 1 | cue 0 | lifecycle 3 | dead skip 0 | validation only
I/DH2Native( 6711): Original idle selected | ghost.bdae | table 24 | sequence 210 | step 0 | clip 706 | ghost_idle_01.bdae | speed 1.3000 | actor _prim_Monster_SURPRISE_02
I/DH2Native( 6711): 3D upload OK | 4 draws | 586 triangles | 2 textures
I/DH2Native( 6711): 29 animation tracks | 0 skipped | Preview lighting. Drag to orbit. | nodes 35 | skipped nongeometry instances 1 | skin draws 4 | segments 2
I/DH2Native( 6711): Player properties | KnightPlayerBase | HP 42265 | MP 6976 | checksum 80406e3d6a338f9d | attempts 0 | attacking 0
I/DH2Native( 6711): Prince blended bank ready | resources 116 | occurrences 158 | targets 83 | template 1111 | engine 0 | game clip 1111
I/DH2Native( 6711): Blended character event | event 0x24 | clip 1111 | slot 0 | phase 5 | lag 0
I/DH2Native( 6711): Blended character event | event 0x26 | clip 1111 | slot 0 | phase 5 | lag 0
I/DH2Native( 6711): Character animation selected | state 3 | flags 2380 | sequence 262 | clip 1040 | actor state service
I/DH2Native( 6711): Character state event | state 3 | event 1d | prior -1 | flags 2380
I/DH2Native( 6711): Player source state | previous -1 | current 3 | event 0x0 | flags 2380 | root 262 | clip 1040 | position -2227.7700 1220.9301 842.3644 | Step 167
I/DH2Native( 6711): Spawn visibility | _prim_Monster_SURPRISE_01 | visible 0 | enabled 1
I/DH2Native( 6711): Spawn source state | _prim_Monster_SURPRISE_01 | previous -1 | current 0 | flags 0 | sequence -1 | clip 706 | body 0
I/DH2Native( 6711): Gated character ready | _prim_Monster_SURPRISE_01 | source state 0 | presentation visible 0 | body 0 | Spawn sequence 213 | AI type 4 | restored 0
I/DH2Native( 6711): Spawn visibility | _prim_Monster_SURPRISE_02 | visible 0 | enabled 1
I/DH2Native( 6711): Spawn source state | _prim_Monster_SURPRISE_02 | previous -1 | current 0 | flags 0 | sequence -1 | clip 706 | body 0
I/DH2Native( 6711): Gated character ready | _prim_Monster_SURPRISE_02 | source state 0 | presentation visible 0 | body 0 | Spawn sequence 213 | AI type 4 | restored 0
I/DH2Native( 6711): Native actor ready | genuine bodies 83 | decor colliders 82 | radius 113.699707 | source bounds -2341.47 1190.17 -2114.07 1251.69 | flags 2380 | scene then Step then actor
I/DH2Native( 6711): Native Level fields | ordinal 23 | hub 2 | random 1 | difficulty 0 | file 007_crypt_01.rule.xml | source ranges 8 10 / 45 47 / 74 76 | viewport owner; GSLevel stack pending
I/DH2Native( 6711): CharAI constructor projections | characters 14 | native source-order registration records 14 | source Character associations 14 | active AIS initialization pending
I/DH2Native( 6711): Native CharAI lifetime | fresh constructors 14 | retained owners 0 | graphics registry rebuilt
I/DH2Native( 6711): Native managed host | Level 1 | difficulty 0 | property reads 1 | member writes 0 | offline embedded PlayerInfo; full profile/network pending
I/DH2Native( 6711): Native monster initialization | _prim_Monster_SURPRISE_01 | Level 2048 | HP 25600 / 25600 | MP 23552 / 23552 | callbacks 1 | timers 2 | flags 183c | same VM published 1 | retained 0 | paused providers 2 | nonempty skills/autonomous frame pending
I/DH2Native( 6711): Native Ghost skill initialization | _prim_Monster_SURPRISE_01 | phases 12345 | skills 0 | faeries 5 | null faeries 5 | post 1 | final 1 | update slots 0 5 | updates 0 | arguments 2 2 | Debug 2 2 | VCB 1 | path data/scripts/ai/ | retained 0 | bounded Ghost InitScriptProcess
I/DH2Native( 6711): Native Ghost skill vector owner | _prim_Monster_SURPRISE_01 | faery storage 7d4165243b90 | catalogue 7d4105232728
I/DH2Native( 6711): Native monster VM owner | _prim_Monster_SURPRISE_01 | native handle 7d419537a390 | source active 7d419537a610 | source pending 7d419537a610
I/DH2Native( 6711): Native monster timer retained | _prim_Monster_SURPRISE_01 | slot 0 | event 33 | duration 3000 | elapsed 0 | active 1 | paused 1
I/DH2Native( 6711): Native monster timer retained | _prim_Monster_SURPRISE_01 | slot 1 | event 34 | duration 1000 | elapsed 0 | active 1 | paused 1
I/DH2Native( 6711): Native monster initialization | _prim_Monster_SURPRISE_02 | Level 2048 | HP 25600 / 25600 | MP 23552 / 23552 | callbacks 1 | timers 2 | flags 183c | same VM published 1 | retained 0 | paused providers 2 | nonempty skills/autonomous frame pending
I/DH2Native( 6711): Native Ghost skill initialization | _prim_Monster_SURPRISE_02 | phases 12345 | skills 0 | faeries 5 | null faeries 5 | post 1 | final 1 | update slots 0 5 | updates 0 | arguments 2 2 | Debug 2 2 | VCB 1 | path data/scripts/ai/ | retained 0 | bounded Ghost InitScriptProcess
I/DH2Native( 6711): Native Ghost skill vector owner | _prim_Monster_SURPRISE_02 | faery storage 7d4165330750 | catalogue 7d4105232728
I/DH2Native( 6711): Native monster VM owner | _prim_Monster_SURPRISE_02 | native handle 7d419532dad0 | source active 7d419532dd50 | source pending 7d419532dd50
I/DH2Native( 6711): Native monster timer retained | _prim_Monster_SURPRISE_02 | slot 0 | event 33 | duration 3000 | elapsed 0 | active 1 | paused 1
I/DH2Native( 6711): Native monster timer retained | _prim_Monster_SURPRISE_02 | slot 1 | event 34 | duration 1000 | elapsed 0 | active 1 | paused 1
I/DH2Native( 6711): Native Debug persistence | loaded 1 | switches 25 | read opens 1 | read closes 1 | saves 5 | write closes 5 | IO errors 0 | app-private real file
I/DH2Native( 6711): Crypt script ready | common 15 | level 25 | script 17 | room 7 | trigger -1405.23 19500.3 608.062 | source AABB contact | other scripts pending
I/DH2Native( 6711): Native Character list | characters 14 | owned nodes 14 | copied links 0 | full ObjectManager factory 0 | autonomous Ghost AI 0
I/DH2Native( 6711): Objects ready | monsters 13 | decors 84 | resources 12 | instance draws 295 | triangles 6775 | character records 448 | model entries 116 | idle preview only
I/DH2Native( 6711): Native floors ready | records 8 | graph nodes 335 | graph edges 838 | selector collision controls height
I/DH2Native( 6711): Native floor links ready | neighbour relations 14 | validation references 998 | graph-node search ready
I/DH2Native( 6711): Native graph route probe | floor pairs 64 | successful 64 | segments 1598 | state 5454073390c7d916 | endpoints and movement pending
I/DH2Native( 6711): Native world route probe | floor pairs 64 | successful 64 | direct 0 | graph 64 | segments 2086 | state 3a3ab2a724cc383b | smoothing and movement pending
I/DH2Native( 6711): Native FindPath probe | floor pairs 64 | successful 64 | owned 64 | segments 2086 | state 9356b419cae2bc57 | position controller pending
I/DH2Native( 6711): Native floor motion probe | floor pairs 64 | position valid 64 | accepted 64 | direction valid 64 | state d60ad48039cc85c6 | controller and dynamic obstacles pending
I/DH2Native( 6711): Native obstacle registry probe | floor pairs 64 | accepted 64 | registered 64 | relocated 56 | state 22a98dfc4102db51 | forces and controller pending
I/DH2Native( 6711): Native avoidance probe | floors 8 | force contributions 16 | adjusted 8 | turn limited 8 | state 09d1d79d2612c945 | actor producers and controller pending
I/DH2Native( 6711): Native actor producer probe | floors 8 | registered 8 | physical radius updates 8 | state 30c1f3ac1bf81145 | physical construction and controller pending
I/DH2Native( 6711): Native heading control | player movement and melee facing use recovered source | UpdatePath rotation subobjects and genuine physics active
I/DH2Native( 6711): World ready | rooms 8 | visual draws 101 | navigation triangles 314 | idle tracks 23 | walk tracks 27 | position -2227.7700 1220.9301 842.3644
I/DH2Native( 6711): Prince blended inspection | frozen 0 | scene 0 | Step 0 | actor 0 | clip 1040 | ms 0 | body -22.2777 12.2093 | pose 5f96fe6e2b6d998d
I/DH2Native( 6711): worlds/crypt01.dwld: Crypt | 8 rooms | 13 monsters | 84 scenery objects
I/DH2Native( 6711): 21612 triangles. Drag the movement control to walk.
I/DH2Native( 6711): Character external service pending | service 19 | state 3
I/DH2Native( 6711): Native actor frame | scene 0 | Step 1 | actor 1 | source phase 5 | clip 1040 | ms 0 | replays 0 | body -22.2777 12.2093 | contacts 0 0 | state 3 | body present 1 | timeline scale 1
I/DH2Native( 6711): Model frame submitted at 1080 x 1867
I/DH2Native( 6711): Blended character event | event 0x28 | clip 1040 | slot 1 | phase 1 | lag 15
I/DH2Native( 6711): Player animation event | clip 1040 | name do_skill | sequence 0 | attack step 0 | kind 0 | lag 15 | scene before Step | Step 26 | position -2227.7700 1220.9301 842.3644
I/DH2Native( 6711): Blended character event | event 0x27 | clip 1040 | slot 1 | phase 4 | lag 0
I/DH2Native( 6711): Blended character event | event 0x25 | clip 1040 | slot 1 | phase 4 | lag 0
I/DH2Native( 6711): Blended character event | event 0x23 | clip 1040 | slot 1 | phase 4 | lag 0
I/DH2Native( 6711): Blended character event | event 0x24 | clip 1040 | slot 1 | phase 5 | lag 0
I/DH2Native( 6711): Blended character event | event 0x26 | clip 1040 | slot 1 | phase 5 | lag 0
I/DH2Native( 6711): Actor clip completed | _prim_tmp_cultist05 | state Idle | completions 1 | active 1 | next clip 1258 | layers 1
I/DH2Native( 6711): Actor clip completed | _prim_tmp_cultist06 | state Idle | completions 1 | active 1 | next clip 1259 | layers 1
I/DH2Native( 6711): Actor clip completed | _prim_Monster | state Idle | completions 1 | active 1 | next clip 1258 | layers 1
I/DH2Native( 6711): Actor clip completed | _prim_Monster02 | state Idle | completions 1 | active 1 | next clip 1259 | layers 1
I/DH2Native( 6711): Actor clip completed | _prim_Monster05 | state Idle | completions 1 | active 1 | next clip 1258 | layers 1
I/DH2Native( 6711): Blended character event | event 0x28 | clip 1040 | slot 0 | phase 1 | lag 15
I/DH2Native( 6711): Player animation event | clip 1040 | name do_skill | sequence 0 | attack step 0 | kind 0 | lag 15 | scene before Step | Step 76 | position -2227.7700 1220.9301 842.3644
I/DH2Native( 6711): Blended character event | event 0x27 | clip 1040 | slot 0 | phase 4 | lag 0
I/DH2Native( 6711): Blended character event | event 0x25 | clip 1040 | slot 0 | phase 4 | lag 0
I/DH2Native( 6711): Blended character event | event 0x23 | clip 1040 | slot 0 | phase 4 | lag 0
I/DH2Native( 6711): Blended character event | event 0x24 | clip 1040 | slot 0 | phase 5 | lag 0
I/DH2Native( 6711): Blended character event | event 0x26 | clip 1040 | slot 0 | phase 5 | lag 0
I/DH2Native( 6711): Native actor frame | scene 2684 | Step 120 | actor 120 | source phase 5 | clip 1040 | ms 492 | replays 2 | body -22.2777 12.2093 | contacts 0 0 | state 3 | body present 1 | timeline scale 1
I/DH2Native( 6711): Actor clip completed | _prim_tmp_cultist05 | state Idle | completions 2 | active 1 | next clip 1258 | layers 1
I/DH2Native( 6711): Actor clip completed | _prim_tmp_cultist06 | state Idle | completions 2 | active 1 | next clip 1258 | layers 1
I/DH2Native( 6711): Actor clip completed | _prim_Monster | state Idle | completions 2 | active 1 | next clip 1258 | layers 1
I/DH2Native( 6711): Actor clip completed | _prim_Monster02 | state Idle | completions 2 | active 1 | next clip 1258 | layers 1
I/DH2Native( 6711): Actor clip completed | _prim_Monster05 | state Idle | completions 2 | active 1 | next clip 1258 | layers 1
I/DH2Native( 6711): Blended character event | event 0x28 | clip 1040 | slot 1 | phase 1 | lag 12
I/DH2Native( 6711): Player animation event | clip 1040 | name do_skill | sequence 0 | attack step 0 | kind 0 | lag 12 | scene before Step | Step 123 | position -2227.7700 1220.9301 842.3644
I/DH2Native( 6711): Blended character event | event 0x27 | clip 1040 | slot 1 | phase 4 | lag 0
I/DH2Native( 6711): Blended character event | event 0x25 | clip 1040 | slot 1 | phase 4 | lag 0
I/DH2Native( 6711): Blended character event | event 0x23 | clip 1040 | slot 1 | phase 4 | lag 0
I/DH2Native( 6711): Blended character event | event 0x24 | clip 1040 | slot 1 | phase 5 | lag 0
I/DH2Native( 6711): Blended character event | event 0x26 | clip 1040 | slot 1 | phase 5 | lag 0
I/DH2Native( 6711): Blended character event | event 0x28 | clip 1040 | slot 0 | phase 1 | lag 2
I/DH2Native( 6711): Player animation event | clip 1040 | name do_skill | sequence 0 | attack step 0 | kind 0 | lag 2 | scene before Step | Step 174 | position -2227.7700 1220.9301 842.3644
I/DH2Native( 6711): Actor clip completed | _prim_tmp_cultist05 | state Idle | completions 3 | active 1 | next clip 1258 | layers 1
I/DH2Native( 6711): Actor clip completed | _prim_tmp_cultist06 | state Idle | completions 3 | active 1 | next clip 1258 | layers 1
I/DH2Native( 6711): Actor clip completed | _prim_Monster | state Idle | completions 3 | active 1 | next clip 1258 | layers 1
I/DH2Native( 6711): Actor clip completed | _prim_Monster02 | state Idle | completions 3 | active 1 | next clip 1259 | layers 1
I/DH2Native( 6711): Actor clip completed | _prim_Monster05 | state Idle | completions 3 | active 1 | next clip 1258 | layers 1
I/DH2Native( 6711): Blended character event | event 0x27 | clip 1040 | slot 0 | phase 4 | lag 0
I/DH2Native( 6711): Blended character event | event 0x25 | clip 1040 | slot 0 | phase 4 | lag 0
I/DH2Native( 6711): Blended character event | event 0x23 | clip 1040 | slot 0 | phase 4 | lag 0
I/DH2Native( 6711): Blended character event | event 0x24 | clip 1040 | slot 0 | phase 5 | lag 0
I/DH2Native( 6711): Blended character event | event 0x26 | clip 1040 | slot 0 | phase 5 | lag 0
I/DH2Native( 6711): Actor clip completed | _prim_Monster_Ghost05 | state Idle | completions 1 | active 1 | next clip 706 | layers 1
I/DH2Native( 6711): Actor clip completed | _prim_Monster_Ghost06 | state Idle | completions 1 | active 1 | next clip 706 | layers 1
I/DH2Native( 6711): Blended character event | event 0x28 | clip 1040 | slot 1 | phase 1 | lag 18
I/DH2Native( 6711): Player animation event | clip 1040 | name do_skill | sequence 0 | attack step 0 | kind 0 | lag 18 | scene before Step | Step 224 | position -2227.7700 1220.9301 842.3644
I/DH2Native( 6711): Native actor frame | scene 5285 | Step 240 | actor 240 | source phase 5 | clip 1040 | ms 915 | replays 4 | body -22.2777 12.2093 | contacts 0 0 | state 3 | body present 1 | timeline scale 1
I/DH2Native( 6711): Actor clip completed | _prim_tmp_cultist05 | state Idle | completions 4 | active 1 | next clip 1258 | layers 1
I/DH2Native( 6711): Actor clip completed | _prim_tmp_cultist06 | state Idle | completions 4 | active 1 | next clip 1258 | layers 1
I/DH2Native( 6711): Actor clip completed | _prim_Monster | state Idle | completions 4 | active 1 | next clip 1258 | layers 1
I/DH2Native( 6711): Actor clip completed | _prim_Monster02 | state Idle | completions 4 | active 1 | next clip 1258 | layers 1
I/DH2Native( 6711): Actor clip completed | _prim_Monster05 | state Idle | completions 4 | active 1 | next clip 1259 | layers 1
I/DH2Native( 6711): Blended character event | event 0x27 | clip 1040 | slot 1 | phase 4 | lag 0
I/DH2Native( 6711): Blended character event | event 0x25 | clip 1040 | slot 1 | phase 4 | lag 0
I/DH2Native( 6711): Blended character event | event 0x23 | clip 1040 | slot 1 | phase 4 | lag 0
I/DH2Native( 6711): Blended character event | event 0x24 | clip 1040 | slot 1 | phase 5 | lag 0
I/DH2Native( 6711): Blended character event | event 0x26 | clip 1040 | slot 1 | phase 5 | lag 0
I/DH2Native( 6711): Blended character event | event 0x28 | clip 1040 | slot 0 | phase 1 | lag 11
I/DH2Native( 6711): Player animation event | clip 1040 | name do_skill | sequence 0 | attack step 0 | kind 0 | lag 11 | scene before Step | Step 274 | position -2227.7700 1220.9301 842.3644
I/DH2Native( 6711): Actor clip completed | _prim_tmp_cultist03 | state Idle | completions 1 | active 1 | next clip 1194 | layers 1
I/DH2Native( 6711): Actor clip completed | _prim_tmp_cultist08 | state Idle | completions 1 | active 1 | next clip 1195 | layers 1
I/DH2Native( 6711): Blended character event | event 0x27 | clip 1040 | slot 0 | phase 4 | lag 0
I/DH2Native( 6711): Blended character event | event 0x25 | clip 1040 | slot 0 | phase 4 | lag 0
I/DH2Native( 6711): Blended character event | event 0x23 | clip 1040 | slot 0 | phase 4 | lag 0
I/DH2Native( 6711): Blended character event | event 0x24 | clip 1040 | slot 0 | phase 5 | lag 0
I/DH2Native( 6711): Blended character event | event 0x26 | clip 1040 | slot 0 | phase 5 | lag 0
I/DH2Native( 6711): Actor clip completed | _prim_tmp_cultist05 | state Idle | completions 5 | active 1 | next clip 1258 | layers 1
I/DH2Native( 6711): Actor clip completed | _prim_tmp_cultist06 | state Idle | completions 5 | active 1 | next clip 1258 | layers 1
I/DH2Native( 6711): Actor clip completed | _prim_Monster | state Idle | completions 5 | active 1 | next clip 1258 | layers 1
I/DH2Native( 6711): Actor clip completed | _prim_Monster02 | state Idle | completions 5 | active 1 | next clip 1258 | layers 1
I/DH2Native( 6711): Actor clip completed | _prim_Monster05 | state Idle | completions 5 | active 1 | next clip 1259 | layers 1
I/DH2Native( 6711): Native actor frame | scene 7883 | Step 360 | actor 360 | source phase 5 | clip 1041 | ms 1325 | replays 6 | body -22.2777 12.2093 | contacts 0 0 | state 3 | body present 1 | timeline scale 1
I/DH2Native( 6711): Actor clip completed | _prim_tmp_cultist05 | state Idle | completions 6 | active 1 | next clip 1258 | layers 1
I/DH2Native( 6711): Actor clip completed | _prim_tmp_cultist06 | state Idle | completions 6 | active 1 | next clip 1258 | layers 1
I/DH2Native( 6711): Actor clip completed | _prim_Monster | state Idle | completions 6 | active 1 | next clip 1259 | layers 1
I/DH2Native( 6711): Actor clip completed | _prim_Monster02 | state Idle | completions 6 | active 1 | next clip 1258 | layers 1
I/DH2Native( 6711): Actor clip completed | _prim_Monster05 | state Idle | completions 6 | active 1 | next clip 1258 | layers 1
I/DH2Native( 6711): Blended character event | event 0x27 | clip 1041 | slot 1 | phase 4 | lag 0
I/DH2Native( 6711): Blended character event | event 0x25 | clip 1041 | slot 1 | phase 4 | lag 0
I/DH2Native( 6711): Blended character event | event 0x23 | clip 1041 | slot 1 | phase 4 | lag 0
I/DH2Native( 6711): Blended character event | event 0x24 | clip 1041 | slot 1 | phase 5 | lag 0
I/DH2Native( 6711): Blended character event | event 0x26 | clip 1041 | slot 1 | phase 5 | lag 0
I/DH2Native( 6711): Actor clip completed | _prim_Monster_Ghost05 | state Idle | completions 2 | active 1 | next clip 706 | layers 1
I/DH2Native( 6711): Actor clip completed | _prim_Monster_Ghost06 | state Idle | completions 2 | active 1 | next clip 706 | layers 1
I/DH2Native( 6711): Actor clip completed | _prim_tmp_cultist01 | state Idle | completions 1 | active 1 | next clip 1194 | layers 1
I/DH2Native( 6711): Actor clip completed | _prim_tmp_cultist07 | state Idle | completions 1 | active 1 | next clip 1194 | layers 1
I/DH2Native( 6711): Actor clip completed | _prim_tmp_cultist05 | state Idle | completions 7 | active 1 | next clip 1259 | layers 1
I/DH2Native( 6711): Actor clip completed | _prim_tmp_cultist06 | state Idle | completions 7 | active 1 | next clip 1258 | layers 1
I/DH2Native( 6711): Actor clip completed | _prim_Monster | state Idle | completions 7 | active 1 | next clip 1258 | layers 1
I/DH2Native( 6711): Actor clip completed | _prim_Monster02 | state Idle | completions 7 | active 1 | next clip 1258 | layers 1
I/DH2Native( 6711): Actor clip completed | _prim_Monster05 | state Idle | completions 7 | active 1 | next clip 1258 | layers 1
I/DH2Native( 6711): Blended character event | event 0x28 | clip 1040 | slot 0 | phase 1 | lag 1
I/DH2Native( 6711): Player animation event | clip 1040 | name do_skill | sequence 0 | attack step 0 | kind 0 | lag 1 | scene before Step | Step 429 | position -2227.7700 1220.9301 842.3644
I/DH2Native( 6711): Blended character event | event 0x27 | clip 1040 | slot 0 | phase 4 | lag 0
I/DH2Native( 6711): Blended character event | event 0x25 | clip 1040 | slot 0 | phase 4 | lag 0
I/DH2Native( 6711): Blended character event | event 0x23 | clip 1040 | slot 0 | phase 4 | lag 0
I/DH2Native( 6711): Blended character event | event 0x24 | clip 1040 | slot 0 | phase 5 | lag 0
I/DH2Native( 6711): Blended character event | event 0x26 | clip 1040 | slot 0 | phase 5 | lag 0
I/DH2Native( 6711): Native actor frame | scene 10584 | Step 480 | actor 480 | source phase 5 | clip 1040 | ms 559 | replays 8 | body -22.2777 12.2093 | contacts 0 0 | state 3 | body present 1 | timeline scale 1
I/DH2Native( 6711): Blended character event | event 0x28 | clip 1040 | slot 1 | phase 1 | lag 12
I/DH2Native( 6711): Player animation event | clip 1040 | name do_skill | sequence 0 | attack step 0 | kind 0 | lag 12 | scene before Step | Step 480 | position -2227.7700 1220.9301 842.3644
I/DH2Native( 6711): Actor clip completed | _prim_tmp_cultist05 | state Idle | completions 8 | active 1 | next clip 1258 | layers 1
I/DH2Native( 6711): Actor clip completed | _prim_tmp_cultist06 | state Idle | completions 8 | active 1 | next clip 1258 | layers 1
I/DH2Native( 6711): Actor clip completed | _prim_Monster | state Idle | completions 8 | active 1 | next clip 1258 | layers 1
I/DH2Native( 6711): Actor clip completed | _prim_Monster02 | state Idle | completions 8 | active 1 | next clip 1258 | layers 1
I/DH2Native( 6711): Actor clip completed | _prim_Monster05 | state Idle | completions 8 | active 1 | next clip 1258 | layers 1
I/DH2Native( 6711): Blended character event | event 0x27 | clip 1040 | slot 1 | phase 4 | lag 0
I/DH2Native( 6711): Blended character event | event 0x25 | clip 1040 | slot 1 | phase 4 | lag 0
I/DH2Native( 6711): Blended character event | event 0x23 | clip 1040 | slot 1 | phase 4 | lag 0
I/DH2Native( 6711): Blended character event | event 0x24 | clip 1040 | slot 1 | phase 5 | lag 0
I/DH2Native( 6711): Blended character event | event 0x26 | clip 1040 | slot 1 | phase 5 | lag 0
I/DH2Native( 6711): Blended character event | event 0x28 | clip 1040 | slot 0 | phase 1 | lag 18
I/DH2Native( 6711): Player animation event | clip 1040 | name do_skill | sequence 0 | attack step 0 | kind 0 | lag 18 | scene before Step | Step 531 | position -2227.7700 1220.9301 842.3644
I/DH2Native( 6711): Actor clip completed | _prim_tmp_cultist05 | state Idle | completions 9 | active 1 | next clip 1258 | layers 1
I/DH2Native( 6711): Actor clip completed | _prim_tmp_cultist06 | state Idle | completions 9 | active 1 | next clip 1258 | layers 1
I/DH2Native( 6711): Actor clip completed | _prim_Monster | state Idle | completions 9 | active 1 | next clip 1259 | layers 1
I/DH2Native( 6711): Actor clip completed | _prim_Monster02 | state Idle | completions 9 | active 1 | next clip 1258 | layers 1
I/DH2Native( 6711): Actor clip completed | _prim_Monster05 | state Idle | completions 9 | active 1 | next clip 1258 | layers 1
I/DH2Native( 6711): Blended character event | event 0x27 | clip 1040 | slot 0 | phase 4 | lag 0
I/DH2Native( 6711): Blended character event | event 0x25 | clip 1040 | slot 0 | phase 4 | lag 0
I/DH2Native( 6711): Blended character event | event 0x23 | clip 1040 | slot 0 | phase 4 | lag 0
I/DH2Native( 6711): Blended character event | event 0x24 | clip 1040 | slot 0 | phase 5 | lag 0
I/DH2Native( 6711): Blended character event | event 0x26 | clip 1040 | slot 0 | phase 5 | lag 0
I/DH2Native( 6711): Actor clip completed | _prim_tmp_cultist08 | state Idle | completions 2 | active 1 | next clip 1195 | layers 1
I/DH2Native( 6711): Native actor frame | scene 13253 | Step 600 | actor 600 | source phase 5 | clip 1041 | ms 1034 | replays 10 | body -22.2777 12.2093 | contacts 0 0 | state 3 | body present 1 | timeline scale 1
I/DH2Native( 6711): Actor clip completed | _prim_tmp_cultist05 | state Idle | completions 10 | active 1 | next clip 1258 | layers 1
I/DH2Native( 6711): Actor clip completed | _prim_tmp_cultist06 | state Idle | completions 10 | active 1 | next clip 1259 | layers 1
I/DH2Native( 6711): Actor clip completed | _prim_Monster | state Idle | completions 10 | active 1 | next clip 1259 | layers 1
I/DH2Native( 6711): Actor clip completed | _prim_Monster02 | state Idle | completions 10 | active 1 | next clip 1258 | layers 1
I/DH2Native( 6711): Actor clip completed | _prim_Monster05 | state Idle | completions 10 | active 1 | next clip 1258 | layers 1
I/DH2Native( 6711): Actor clip completed | _prim_Monster_Ghost05 | state Idle | completions 3 | active 1 | next clip 706 | layers 1
I/DH2Native( 6711): Actor clip completed | _prim_Monster_Ghost06 | state Idle | completions 3 | active 1 | next clip 706 | layers 1
I/DH2Native( 6711): Blended character event | event 0x27 | clip 1041 | slot 1 | phase 4 | lag 0
I/DH2Native( 6711): Blended character event | event 0x25 | clip 1041 | slot 1 | phase 4 | lag 0
I/DH2Native( 6711): Blended character event | event 0x23 | clip 1041 | slot 1 | phase 4 | lag 0
I/DH2Native( 6711): Blended character event | event 0x24 | clip 1041 | slot 1 | phase 5 | lag 0
I/DH2Native( 6711): Blended character event | event 0x26 | clip 1041 | slot 1 | phase 5 | lag 0
I/DH2Native( 6711): Actor clip completed | _prim_tmp_cultist05 | state Idle | completions 11 | active 1 | next clip 1258 | layers 1
I/DH2Native( 6711): Actor clip completed | _prim_tmp_cultist06 | state Idle | completions 11 | active 1 | next clip 1258 | layers 1
I/DH2Native( 6711): Actor clip completed | _prim_Monster | state Idle | completions 11 | active 1 | next clip 1258 | layers 1
I/DH2Native( 6711): Actor clip completed | _prim_Monster02 | state Idle | completions 11 | active 1 | next clip 1258 | layers 1
I/DH2Native( 6711): Actor clip completed | _prim_Monster05 | state Idle | completions 11 | active 1 | next clip 1258 | layers 1
I/DH2Native( 6711): Blended character event | event 0x28 | clip 1040 | slot 0 | phase 1 | lag 12
I/DH2Native( 6711): Player animation event | clip 1040 | name do_skill | sequence 0 | attack step 0 | kind 0 | lag 12 | scene before Step | Step 686 | position -2227.7700 1220.9301 842.3644
I/DH2Native( 6711): Actor clip completed | _prim_tmp_cultist03 | state Idle | completions 2 | active 1 | next clip 1195 | layers 1
I/DH2Native( 6711): Blended character event | event 0x27 | clip 1040 | slot 0 | phase 4 | lag 0
I/DH2Native( 6711): Blended character event | event 0x25 | clip 1040 | slot 0 | phase 4 | lag 0
I/DH2Native( 6711): Blended character event | event 0x23 | clip 1040 | slot 0 | phase 4 | lag 0
I/DH2Native( 6711): Blended character event | event 0x24 | clip 1040 | slot 0 | phase 5 | lag 0
I/DH2Native( 6711): Blended character event | event 0x26 | clip 1040 | slot 0 | phase 5 | lag 0
I/DH2Native( 6711): Native actor frame | scene 15802 | Step 720 | actor 720 | source phase 5 | clip 1040 | ms 138 | replays 12 | body -22.2777 12.2093 | contacts 0 0 | state 3 | body present 1 | timeline scale 1
I/DH2Native( 6711): Actor clip completed | _prim_tmp_cultist05 | state Idle | completions 12 | active 1 | next clip 1258 | layers 1
I/DH2Native( 6711): Actor clip completed | _prim_tmp_cultist06 | state Idle | completions 12 | active 1 | next clip 1258 | layers 1
I/DH2Native( 6711): Actor clip completed | _prim_Monster | state Idle | completions 12 | active 1 | next clip 1259 | layers 1
I/DH2Native( 6711): Actor clip completed | _prim_Monster02 | state Idle | completions 12 | active 1 | next clip 1258 | layers 1
I/DH2Native( 6711): Actor clip completed | _prim_Monster05 | state Idle | completions 12 | active 1 | next clip 1258 | layers 1
I/DH2Native( 6711): Blended character event | event 0x28 | clip 1040 | slot 1 | phase 1 | lag 0
I/DH2Native( 6711): Player animation event | clip 1040 | name do_skill | sequence 0 | attack step 0 | kind 0 | lag 0 | scene before Step | Step 739 | position -2227.7700 1220.9301 842.3644
I/DH2Native( 6711): Blended character event | event 0x27 | clip 1040 | slot 1 | phase 4 | lag 0
I/DH2Native( 6711): Blended character event | event 0x25 | clip 1040 | slot 1 | phase 4 | lag 0
I/DH2Native( 6711): Blended character event | event 0x23 | clip 1040 | slot 1 | phase 4 | lag 0
I/DH2Native( 6711): Blended character event | event 0x24 | clip 1040 | slot 1 | phase 5 | lag 0
I/DH2Native( 6711): Blended character event | event 0x26 | clip 1040 | slot 1 | phase 5 | lag 0
I/DH2Native( 6711): Actor clip completed | _prim_tmp_cultist05 | state Idle | completions 13 | active 1 | next clip 1259 | layers 1
I/DH2Native( 6711): Actor clip completed | _prim_tmp_cultist06 | state Idle | completions 13 | active 1 | next clip 1258 | layers 1
I/DH2Native( 6711): Actor clip completed | _prim_Monster | state Idle | completions 13 | active 1 | next clip 1258 | layers 1
I/DH2Native( 6711): Actor clip completed | _prim_Monster02 | state Idle | completions 13 | active 1 | next clip 1258 | layers 1
I/DH2Native( 6711): Actor clip completed | _prim_Monster05 | state Idle | completions 13 | active 1 | next clip 1258 | layers 1
I/DH2Native( 6711): Actor clip completed | _prim_tmp_cultist08 | state Idle | completions 3 | active 1 | next clip 1195 | layers 1
I/DH2Native( 6711): Native actor frame | scene 18447 | Step 840 | actor 840 | source phase 5 | clip 1041 | ms 1683 | replays 13 | body -22.2777 12.2093 | contacts 0 0 | state 3 | body present 1 | timeline scale 1
I/DH2Native( 6711): Actor clip completed | _prim_Monster_Ghost05 | state Idle | completions 4 | active 1 | next clip 706 | layers 1
I/DH2Native( 6711): Actor clip completed | _prim_Monster_Ghost06 | state Idle | completions 4 | active 1 | next clip 706 | layers 1
I/DH2Native( 6711): Actor clip completed | _prim_tmp_cultist01 | state Idle | completions 2 | active 1 | next clip 1194 | layers 1
I/DH2Native( 6711): Actor clip completed | _prim_tmp_cultist07 | state Idle | completions 2 | active 1 | next clip 1195 | layers 1
I/DH2Native( 6711): Actor clip completed | _prim_tmp_cultist05 | state Idle | completions 14 | active 1 | next clip 1258 | layers 1
I/DH2Native( 6711): Actor clip completed | _prim_tmp_cultist06 | state Idle | completions 14 | active 1 | next clip 1258 | layers 1
I/DH2Native( 6711): Actor clip completed | _prim_Monster | state Idle | completions 14 | active 1 | next clip 1258 | layers 1
I/DH2Native( 6711): Actor clip completed | _prim_Monster02 | state Idle | completions 14 | active 1 | next clip 1258 | layers 1
I/DH2Native( 6711): Actor clip completed | _prim_Monster05 | state Idle | completions 14 | active 1 | next clip 1258 | layers 1
I/DH2Native( 6711): Blended character event | event 0x27 | clip 1041 | slot 0 | phase 4 | lag 0
I/DH2Native( 6711): Blended character event | event 0x25 | clip 1041 | slot 0 | phase 4 | lag 0
I/DH2Native( 6711): Blended character event | event 0x23 | clip 1041 | slot 0 | phase 4 | lag 0
I/DH2Native( 6711): Blended character event | event 0x24 | clip 1041 | slot 0 | phase 5 | lag 0
I/DH2Native( 6711): Blended character event | event 0x26 | clip 1041 | slot 0 | phase 5 | lag 0
I/DH2Native( 6711): Blended character event | event 0x28 | clip 1040 | slot 1 | phase 1 | lag 12
I/DH2Native( 6711): Player animation event | clip 1040 | name do_skill | sequence 0 | attack step 0 | kind 0 | lag 12 | scene before Step | Step 896 | position -2227.7700 1220.9301 842.3644
I/DH2Native( 6711): Actor clip completed | _prim_tmp_cultist05 | state Idle | completions 15 | active 1 | next clip 1259 | layers 1
I/DH2Native( 6711): Actor clip completed | _prim_tmp_cultist06 | state Idle | completions 15 | active 1 | next clip 1259 | layers 1
I/DH2Native( 6711): Actor clip completed | _prim_Monster | state Idle | completions 15 | active 1 | next clip 1259 | layers 1
I/DH2Native( 6711): Actor clip completed | _prim_Monster02 | state Idle | completions 15 | active 1 | next clip 1258 | layers 1
I/DH2Native( 6711): Actor clip completed | _prim_Monster05 | state Idle | completions 15 | active 1 | next clip 1258 | layers 1
I/DH2Native( 6711): Blended character event | event 0x27 | clip 1040 | slot 1 | phase 4 | lag 0
I/DH2Native( 6711): Blended character event | event 0x25 | clip 1040 | slot 1 | phase 4 | lag 0
I/DH2Native( 6711): Blended character event | event 0x23 | clip 1040 | slot 1 | phase 4 | lag 0
I/DH2Native( 6711): Blended character event | event 0x24 | clip 1040 | slot 1 | phase 5 | lag 0
I/DH2Native( 6711): Blended character event | event 0x26 | clip 1040 | slot 1 | phase 5 | lag 0
I/DH2Native( 6711): Blended character event | event 0x28 | clip 1040 | slot 0 | phase 1 | lag 41
I/DH2Native( 6711): Player animation event | clip 1040 | name do_skill | sequence 0 | attack step 0 | kind 0 | lag 41 | scene before Step | Step 944 | position -2227.7700 1220.9301 842.3644
I/DH2Native( 6711): Blended character event | event 0x27 | clip 1040 | slot 0 | phase 4 | lag 0
I/DH2Native( 6711): Blended character event | event 0x25 | clip 1040 | slot 0 | phase 4 | lag 0
I/DH2Native( 6711): Blended character event | event 0x23 | clip 1040 | slot 0 | phase 4 | lag 0
I/DH2Native( 6711): Blended character event | event 0x24 | clip 1040 | slot 0 | phase 5 | lag 0
I/DH2Native( 6711): Blended character event | event 0x26 | clip 1040 | slot 0 | phase 5 | lag 0
I/DH2Native( 6711): Actor clip completed | _prim_tmp_cultist05 | state Idle | completions 16 | active 1 | next clip 1258 | layers 1
I/DH2Native( 6711): Actor clip completed | _prim_tmp_cultist06 | state Idle | completions 16 | active 1 | next clip 1259 | layers 1
I/DH2Native( 6711): Actor clip completed | _prim_Monster | state Idle | completions 16 | active 1 | next clip 1258 | layers 1
I/DH2Native( 6711): Actor clip completed | _prim_Monster02 | state Idle | completions 16 | active 1 | next clip 1258 | layers 1
I/DH2Native( 6711): Actor clip completed | _prim_Monster05 | state Idle | completions 16 | active 1 | next clip 1258 | layers 1
I/DH2Native( 6711): Native actor frame | scene 21388 | Step 960 | actor 960 | source phase 5 | clip 1040 | ms 75 | replays 16 | body -22.2777 12.2093 | contacts 0 0 | state 3 | body present 1 | timeline scale 1
I/DH2Native( 6711): Actor clip completed | _prim_tmp_cultist03 | state Idle | completions 3 | active 1 | next clip 1195 | layers 1
I/DH2Native( 6711): Blended character event | event 0x28 | clip 1040 | slot 1 | phase 1 | lag 7
I/DH2Native( 6711): Player animation event | clip 1040 | name do_skill | sequence 0 | attack step 0 | kind 0 | lag 7 | scene before Step | Step 973 | position -2227.7700 1220.9301 842.3644
I/DH2Native( 6711): Blended character event | event 0x27 | clip 1040 | slot 1 | phase 4 | lag 0
I/DH2Native( 6711): Blended character event | event 0x25 | clip 1040 | slot 1 | phase 4 | lag 0
I/DH2Native( 6711): Blended character event | event 0x23 | clip 1040 | slot 1 | phase 4 | lag 0
I/DH2Native( 6711): Blended character event | event 0x24 | clip 1040 | slot 1 | phase 5 | lag 0
I/DH2Native( 6711): Blended character event | event 0x26 | clip 1040 | slot 1 | phase 5 | lag 0
I/DH2Native( 6711): Actor clip completed | _prim_tmp_cultist05 | state Idle | completions 17 | active 1 | next clip 1258 | layers 1
I/DH2Native( 6711): Actor clip completed | _prim_tmp_cultist06 | state Idle | completions 17 | active 1 | next clip 1258 | layers 1
I/DH2Native( 6711): Actor clip completed | _prim_Monster | state Idle | completions 17 | active 1 | next clip 1259 | layers 1
I/DH2Native( 6711): Actor clip completed | _prim_Monster02 | state Idle | completions 17 | active 1 | next clip 1259 | layers 1
I/DH2Native( 6711): Actor clip completed | _prim_Monster05 | state Idle | completions 17 | active 1 | next clip 1258 | layers 1
I/DH2Native( 6711): Blended character event | event 0x28 | clip 1040 | slot 0 | phase 1 | lag 26
I/DH2Native( 6711): Player animation event | clip 1040 | name do_skill | sequence 0 | attack step 0 | kind 0 | lag 26 | scene before Step | Step 1017 | position -2227.7700 1220.9301 842.3644
I/DH2Native( 6711): Actor clip completed | _prim_Monster_Ghost05 | state Idle | completions 5 | active 1 | next clip 706 | layers 1
I/DH2Native( 6711): Actor clip completed | _prim_Monster_Ghost06 | state Idle | completions 5 | active 1 | next clip 706 | layers 1
I/DH2Native( 6711): Blended character event | event 0x27 | clip 1040 | slot 0 | phase 4 | lag 0
I/DH2Native( 6711): Blended character event | event 0x25 | clip 1040 | slot 0 | phase 4 | lag 0
I/DH2Native( 6711): Blended character event | event 0x23 | clip 1040 | slot 0 | phase 4 | lag 0
I/DH2Native( 6711): Blended character event | event 0x24 | clip 1040 | slot 0 | phase 5 | lag 0
I/DH2Native( 6711): Blended character event | event 0x26 | clip 1040 | slot 0 | phase 5 | lag 0
I/DH2Native( 6711): Actor clip completed | _prim_tmp_cultist05 | state Idle | completions 18 | active 1 | next clip 1259 | layers 1
I/DH2Native( 6711): Actor clip completed | _prim_tmp_cultist06 | state Idle | completions 18 | active 1 | next clip 1258 | layers 1
I/DH2Native( 6711): Actor clip completed | _prim_Monster | state Idle | completions 18 | active 1 | next clip 1258 | layers 1
I/DH2Native( 6711): Actor clip completed | _prim_Monster02 | state Idle | completions 18 | active 1 | next clip 1258 | layers 1
I/DH2Native( 6711): Actor clip completed | _prim_Monster05 | state Idle | completions 18 | active 1 | next clip 1258 | layers 1
I/DH2Native( 6711): Blended character event | event 0x28 | clip 1040 | slot 1 | phase 1 | lag 4
I/DH2Native( 6711): Player animation event | clip 1040 | name do_skill | sequence 0 | attack step 0 | kind 0 | lag 4 | scene before Step | Step 1069 | position -2227.7700 1220.9301 842.3644
I/DH2Native( 6711): Native actor frame | scene 24281 | Step 1080 | actor 1080 | source phase 5 | clip 1040 | ms 796 | replays 18 | body -22.2777 12.2093 | contacts 0 0 | state 3 | body present 1 | timeline scale 1
I/DH2Native( 6711): Actor clip completed | _prim_tmp_cultist08 | state Idle | completions 4 | active 1 | next clip 1194 | layers 1
I/DH2Native( 6711): Blended character event | event 0x27 | clip 1040 | slot 1 | phase 4 | lag 0
I/DH2Native( 6711): Blended character event | event 0x25 | clip 1040 | slot 1 | phase 4 | lag 0
I/DH2Native( 6711): Blended character event | event 0x23 | clip 1040 | slot 1 | phase 4 | lag 0
I/DH2Native( 6711): Blended character event | event 0x24 | clip 1040 | slot 1 | phase 5 | lag 0
I/DH2Native( 6711): Blended character event | event 0x26 | clip 1040 | slot 1 | phase 5 | lag 0
I/DH2Native( 6711): Actor clip completed | _prim_tmp_cultist07 | state Idle | completions 3 | active 1 | next clip 1195 | layers 1
I/DH2Native( 6711): Actor clip completed | _prim_tmp_cultist05 | state Idle | completions 19 | active 1 | next clip 1258 | layers 1
I/DH2Native( 6711): Actor clip completed | _prim_tmp_cultist06 | state Idle | completions 19 | active 1 | next clip 1258 | layers 1
I/DH2Native( 6711): Actor clip completed | _prim_Monster | state Idle | completions 19 | active 1 | next clip 1258 | layers 1
I/DH2Native( 6711): Actor clip completed | _prim_Monster02 | state Idle | completions 19 | active 1 | next clip 1258 | layers 1
I/DH2Native( 6711): Actor clip completed | _prim_Monster05 | state Idle | completions 19 | active 1 | next clip 1259 | layers 1
I/DH2Native( 6711): Actor clip completed | _prim_tmp_cultist05 | state Idle | completions 20 | active 1 | next clip 1258 | layers 1
I/DH2Native( 6711): Actor clip completed | _prim_tmp_cultist06 | state Idle | completions 20 | active 1 | next clip 1258 | layers 1
I/DH2Native( 6711): Actor clip completed | _prim_Monster | state Idle | completions 20 | active 1 | next clip 1258 | layers 1
I/DH2Native( 6711): Actor clip completed | _prim_Monster02 | state Idle | completions 20 | active 1 | next clip 1258 | layers 1
I/DH2Native( 6711): Actor clip completed | _prim_Monster05 | state Idle | completions 20 | active 1 | next clip 1258 | layers 1
I/DH2Native( 6711): Native actor frame | scene 26856 | Step 1200 | actor 1200 | source phase 5 | clip 1041 | ms 2271 | replays 19 | body -22.2777 12.2093 | contacts 0 0 | state 3 | body present 1 | timeline scale 1
I/DH2Native( 6711): Blended character event | event 0x27 | clip 1041 | slot 0 | phase 4 | lag 0
I/DH2Native( 6711): Blended character event | event 0x25 | clip 1041 | slot 0 | phase 4 | lag 0
I/DH2Native( 6711): Blended character event | event 0x23 | clip 1041 | slot 0 | phase 4 | lag 0
I/DH2Native( 6711): Blended character event | event 0x24 | clip 1041 | slot 0 | phase 5 | lag 0
I/DH2Native( 6711): Blended character event | event 0x26 | clip 1041 | slot 0 | phase 5 | lag 0
I/DH2Native( 6711): Blended character event | event 0x28 | clip 1040 | slot 1 | phase 1 | lag 11
I/DH2Native( 6711): Player animation event | clip 1040 | name do_skill | sequence 0 | attack step 0 | kind 0 | lag 11 | scene before Step | Step 1228 | position -2227.7700 1220.9301 842.3644
I/DH2Native( 6711): Actor clip completed | _prim_tmp_cultist03 | state Idle | completions 4 | active 1 | next clip 1195 | layers 1
I/DH2Native( 6711): Actor clip completed | _prim_Monster_Ghost05 | state Idle | completions 6 | active 1 | next clip 706 | layers 1
I/DH2Native( 6711): Actor clip completed | _prim_Monster_Ghost06 | state Idle | completions 6 | active 1 | next clip 706 | layers 1
I/DH2Native( 6711): Actor clip completed | _prim_tmp_cultist01 | state Idle | completions 3 | active 1 | next clip 1194 | layers 1
I/DH2Native( 6711): Actor clip completed | _prim_tmp_cultist05 | state Idle | completions 21 | active 1 | next clip 1259 | layers 1
I/DH2Native( 6711): Actor clip completed | _prim_tmp_cultist06 | state Idle | completions 21 | active 1 | next clip 1258 | layers 1
I/DH2Native( 6711): Actor clip completed | _prim_Monster | state Idle | completions 21 | active 1 | next clip 1258 | layers 1
I/DH2Native( 6711): Actor clip completed | _prim_Monster02 | state Idle | completions 21 | active 1 | next clip 1258 | layers 1
I/DH2Native( 6711): Actor clip completed | _prim_Monster05 | state Idle | completions 21 | active 1 | next clip 1258 | layers 1
I/DH2Native( 6711): Blended character event | event 0x27 | clip 1040 | slot 1 | phase 4 | lag 0
I/DH2Native( 6711): Blended character event | event 0x25 | clip 1040 | slot 1 | phase 4 | lag 0
I/DH2Native( 6711): Blended character event | event 0x23 | clip 1040 | slot 1 | phase 4 | lag 0
I/DH2Native( 6711): Blended character event | event 0x24 | clip 1040 | slot 1 | phase 5 | lag 0
I/DH2Native( 6711): Blended character event | event 0x26 | clip 1040 | slot 1 | phase 5 | lag 0
I/DH2Native( 6711): Actor clip completed | _prim_tmp_cultist05 | state Idle | completions 22 | active 1 | next clip 1258 | layers 1
I/DH2Native( 6711): Actor clip completed | _prim_tmp_cultist06 | state Idle | completions 22 | active 1 | next clip 1258 | layers 1
I/DH2Native( 6711): Actor clip completed | _prim_Monster | state Idle | completions 22 | active 1 | next clip 1258 | layers 1
I/DH2Native( 6711): Actor clip completed | _prim_Monster02 | state Idle | completions 22 | active 1 | next clip 1258 | layers 1
I/DH2Native( 6711): Actor clip completed | _prim_Monster05 | state Idle | completions 22 | active 1 | next clip 1258 | layers 1
I/DH2Native( 6711): Native actor frame | scene 29430 | Step 1320 | actor 1320 | source phase 5 | clip 1041 | ms 1403 | replays 21 | body -22.2777 12.2093 | contacts 0 0 | state 3 | body present 1 | timeline scale 1
I/DH2Native( 6711): Blended character event | event 0x27 | clip 1041 | slot 0 | phase 4 | lag 0
I/DH2Native( 6711): Blended character event | event 0x25 | clip 1041 | slot 0 | phase 4 | lag 0
I/DH2Native( 6711): Blended character event | event 0x23 | clip 1041 | slot 0 | phase 4 | lag 0
I/DH2Native( 6711): Blended character event | event 0x24 | clip 1041 | slot 0 | phase 5 | lag 0
I/DH2Native( 6711): Blended character event | event 0x26 | clip 1041 | slot 0 | phase 5 | lag 0
I/DH2Native( 6711): Actor clip completed | _prim_tmp_cultist05 | state Idle | completions 23 | active 1 | next clip 1258 | layers 1
I/DH2Native( 6711): Actor clip completed | _prim_tmp_cultist06 | state Idle | completions 23 | active 1 | next clip 1258 | layers 1
I/DH2Native( 6711): Actor clip completed | _prim_Monster | state Idle | completions 23 | active 1 | next clip 1258 | layers 1
I/DH2Native( 6711): Actor clip completed | _prim_Monster02 | state Idle | completions 23 | active 1 | next clip 1258 | layers 1
I/DH2Native( 6711): Actor clip completed | _prim_Monster05 | state Idle | completions 23 | active 1 | next clip 1258 | layers 1
I/DH2Native( 6711): Actor clip completed | _prim_tmp_cultist07 | state Idle | completions 4 | active 1 | next clip 1194 | layers 1
I/DH2Native( 6711): Blended character event | event 0x28 | clip 1040 | slot 1 | phase 1 | lag 0
I/DH2Native( 6711): Player animation event | clip 1040 | name do_skill | sequence 0 | attack step 0 | kind 0 | lag 0 | scene before Step | Step 1392 | position -2227.7700 1220.9301 842.3644
I/DH2Native( 6711): Blended character event | event 0x27 | clip 1040 | slot 1 | phase 4 | lag 0
I/DH2Native( 6711): Blended character event | event 0x25 | clip 1040 | slot 1 | phase 4 | lag 0
I/DH2Native( 6711): Blended character event | event 0x23 | clip 1040 | slot 1 | phase 4 | lag 0
I/DH2Native( 6711): Blended character event | event 0x24 | clip 1040 | slot 1 | phase 5 | lag 0
I/DH2Native( 6711): Blended character event | event 0x26 | clip 1040 | slot 1 | phase 5 | lag 0
I/DH2Native( 6711): Native actor frame | scene 31924 | Step 1440 | actor 1440 | source phase 5 | clip 1040 | ms 444 | replays 23 | body -22.2777 12.2093 | contacts 0 0 | state 3 | body present 1 | timeline scale 1
I/DH2Native( 6711): Actor clip completed | _prim_tmp_cultist05 | state Idle | completions 24 | active 1 | next clip 1258 | layers 1
I/DH2Native( 6711): Actor clip completed | _prim_tmp_cultist06 | state Idle | completions 24 | active 1 | next clip 1258 | layers 1
I/DH2Native( 6711): Actor clip completed | _prim_Monster | state Idle | completions 24 | active 1 | next clip 1258 | layers 1
I/DH2Native( 6711): Actor clip completed | _prim_Monster02 | state Idle | completions 24 | active 1 | next clip 1258 | layers 1
I/DH2Native( 6711): Actor clip completed | _prim_Monster05 | state Idle | completions 24 | active 1 | next clip 1258 | layers 1
I/DH2Native( 6711): Blended character event | event 0x28 | clip 1040 | slot 0 | phase 1 | lag 4
I/DH2Native( 6711): Player animation event | clip 1040 | name do_skill | sequence 0 | attack step 0 | kind 0 | lag 4 | scene before Step | Step 1445 | position -2227.7700 1220.9301 842.3644
I/DH2Native( 6711): Actor clip completed | _prim_Monster_Ghost05 | state Idle | completions 7 | active 1 | next clip 706 | layers 1
I/DH2Native( 6711): Actor clip completed | _prim_Monster_Ghost06 | state Idle | completions 7 | active 1 | next clip 706 | layers 1
I/DH2Native( 6711): Blended character event | event 0x27 | clip 1040 | slot 0 | phase 4 | lag 0
I/DH2Native( 6711): Blended character event | event 0x25 | clip 1040 | slot 0 | phase 4 | lag 0
I/DH2Native( 6711): Blended character event | event 0x23 | clip 1040 | slot 0 | phase 4 | lag 0
I/DH2Native( 6711): Blended character event | event 0x24 | clip 1040 | slot 0 | phase 5 | lag 0
I/DH2Native( 6711): Blended character event | event 0x26 | clip 1040 | slot 0 | phase 5 | lag 0
I/DH2Native( 6711): Blended character event | event 0x28 | clip 1040 | slot 1 | phase 1 | lag 14
I/DH2Native( 6711): Player animation event | clip 1040 | name do_skill | sequence 0 | attack step 0 | kind 0 | lag 14 | scene before Step | Step 1499 | position -2227.7700 1220.9301 842.3644
I/DH2Native( 6711): Actor clip completed | _prim_tmp_cultist05 | state Idle | completions 25 | active 1 | next clip 1258 | layers 1
I/DH2Native( 6711): Actor clip completed | _prim_tmp_cultist06 | state Idle | completions 25 | active 1 | next clip 1258 | layers 1
I/DH2Native( 6711): Actor clip completed | _prim_Monster | state Idle | completions 25 | active 1 | next clip 1258 | layers 1
I/DH2Native( 6711): Actor clip completed | _prim_Monster02 | state Idle | completions 25 | active 1 | next clip 1258 | layers 1
I/DH2Native( 6711): Actor clip completed | _prim_Monster05 | state Idle | completions 25 | active 1 | next clip 1259 | layers 1
I/DH2Native( 6711): Blended character event | event 0x27 | clip 1040 | slot 1 | phase 4 | lag 0
I/DH2Native( 6711): Blended character event | event 0x25 | clip 1040 | slot 1 | phase 4 | lag 0
I/DH2Native( 6711): Blended character event | event 0x23 | clip 1040 | slot 1 | phase 4 | lag 0
I/DH2Native( 6711): Blended character event | event 0x24 | clip 1040 | slot 1 | phase 5 | lag 0
I/DH2Native( 6711): Blended character event | event 0x26 | clip 1040 | slot 1 | phase 5 | lag 0
I/DH2Native( 6711): Actor clip completed | _prim_tmp_cultist03 | state Idle | completions 5 | active 1 | next clip 1194 | layers 1
I/DH2Native( 6711): Actor clip completed | _prim_tmp_cultist08 | state Idle | completions 5 | active 1 | next clip 1195 | layers 1
I/DH2Native( 6711): Blended character event | event 0x28 | clip 1040 | slot 0 | phase 1 | lag 8
I/DH2Native( 6711): Player animation event | clip 1040 | name do_skill | sequence 0 | attack step 0 | kind 0 | lag 8 | scene before Step | Step 1549 | position -2227.7700 1220.9301 842.3644
I/DH2Native( 6711): Native actor frame | scene 34441 | Step 1560 | actor 1560 | source phase 5 | clip 1040 | ms 785 | replays 25 | body -22.2777 12.2093 | contacts 0 0 | state 3 | body present 1 | timeline scale 1
I/DH2Native( 6711): Actor clip completed | _prim_tmp_cultist05 | state Idle | completions 26 | active 1 | next clip 1258 | layers 1
I/DH2Native( 6711): Actor clip completed | _prim_tmp_cultist06 | state Idle | completions 26 | active 1 | next clip 1258 | layers 1
I/DH2Native( 6711): Actor clip completed | _prim_Monster | state Idle | completions 26 | active 1 | next clip 1258 | layers 1
I/DH2Native( 6711): Actor clip completed | _prim_Monster02 | state Idle | completions 26 | active 1 | next clip 1258 | layers 1
I/DH2Native( 6711): Actor clip completed | _prim_Monster05 | state Idle | completions 26 | active 1 | next clip 1259 | layers 1
I/DH2Native( 6711): Blended character event | event 0x27 | clip 1040 | slot 0 | phase 4 | lag 0
I/DH2Native( 6711): Blended character event | event 0x25 | clip 1040 | slot 0 | phase 4 | lag 0
I/DH2Native( 6711): Blended character event | event 0x23 | clip 1040 | slot 0 | phase 4 | lag 0
I/DH2Native( 6711): Blended character event | event 0x24 | clip 1040 | slot 0 | phase 5 | lag 0
I/DH2Native( 6711): Blended character event | event 0x26 | clip 1040 | slot 0 | phase 5 | lag 0
I/DH2Native( 6711): Blended character event | event 0x28 | clip 1040 | slot 1 | phase 1 | lag 15
I/DH2Native( 6711): Player animation event | clip 1040 | name do_skill | sequence 0 | attack step 0 | kind 0 | lag 15 | scene before Step | Step 1600 | position -2227.7700 1220.9301 842.3644
I/DH2Native( 6711): Blended character event | event 0x27 | clip 1040 | slot 1 | phase 4 | lag 0
I/DH2Native( 6711): Blended character event | event 0x25 | clip 1040 | slot 1 | phase 4 | lag 0
I/DH2Native( 6711): Blended character event | event 0x23 | clip 1040 | slot 1 | phase 4 | lag 0
I/DH2Native( 6711): Blended character event | event 0x24 | clip 1040 | slot 1 | phase 5 | lag 0
I/DH2Native( 6711): Blended character event | event 0x26 | clip 1040 | slot 1 | phase 5 | lag 0
I/DH2Native( 6711): Actor clip completed | _prim_tmp_cultist05 | state Idle | completions 27 | active 1 | next clip 1258 | layers 1
I/DH2Native( 6711): Actor clip completed | _prim_tmp_cultist06 | state Idle | completions 27 | active 1 | next clip 1258 | layers 1
I/DH2Native( 6711): Actor clip completed | _prim_Monster | state Idle | completions 27 | active 1 | next clip 1258 | layers 1
I/DH2Native( 6711): Actor clip completed | _prim_Monster02 | state Idle | completions 27 | active 1 | next clip 1259 | layers 1
I/DH2Native( 6711): Actor clip completed | _prim_Monster05 | state Idle | completions 27 | active 1 | next clip 1259 | layers 1
I/DH2Native( 6711): Blended character event | event 0x28 | clip 1040 | slot 0 | phase 1 | lag 19
I/DH2Native( 6711): Player animation event | clip 1040 | name do_skill | sequence 0 | attack step 0 | kind 0 | lag 19 | scene before Step | Step 1652 | position -2227.7700 1220.9301 842.3644
I/DH2Native( 6711): Blended character event | event 0x27 | clip 1040 | slot 0 | phase 4 | lag 0
I/DH2Native( 6711): Blended character event | event 0x25 | clip 1040 | slot 0 | phase 4 | lag 0
I/DH2Native( 6711): Blended character event | event 0x23 | clip 1040 | slot 0 | phase 4 | lag 0
I/DH2Native( 6711): Blended character event | event 0x24 | clip 1040 | slot 0 | phase 5 | lag 0
I/DH2Native( 6711): Blended character event | event 0x26 | clip 1040 | slot 0 | phase 5 | lag 0
I/DH2Native( 6711): Actor clip completed | _prim_Monster_Ghost05 | state Idle | completions 8 | active 1 | next clip 706 | layers 1
I/DH2Native( 6711): Actor clip completed | _prim_Monster_Ghost06 | state Idle | completions 8 | active 1 | next clip 706 | layers 1
I/DH2Native( 6711): Native actor frame | scene 36988 | Step 1680 | actor 1680 | source phase 5 | clip 1040 | ms 66 | replays 28 | body -22.2777 12.2093 | contacts 0 0 | state 3 | body present 1 | timeline scale 1
I/DH2Native( 6711): Actor clip completed | _prim_tmp_cultist05 | state Idle | completions 28 | active 1 | next clip 1258 | layers 1
I/DH2Native( 6711): Actor clip completed | _prim_tmp_cultist06 | state Idle | completions 28 | active 1 | next clip 1259 | layers 1
I/DH2Native( 6711): Actor clip completed | _prim_Monster | state Idle | completions 28 | active 1 | next clip 1258 | layers 1
I/DH2Native( 6711): Actor clip completed | _prim_Monster02 | state Idle | completions 28 | active 1 | next clip 1258 | layers 1
I/DH2Native( 6711): Actor clip completed | _prim_Monster05 | state Idle | completions 28 | active 1 | next clip 1259 | layers 1
I/DH2Native( 6711): Actor clip completed | _prim_tmp_cultist01 | state Idle | completions 4 | active 1 | next clip 1194 | layers 1
I/DH2Native( 6711): Blended character event | event 0x28 | clip 1040 | slot 1 | phase 1 | lag 11
I/DH2Native( 6711): Player animation event | clip 1040 | name do_skill | sequence 0 | attack step 0 | kind 0 | lag 11 | scene before Step | Step 1704 | position -2227.7700 1220.9301 842.3644
I/DH2Native( 6711): Blended character event | event 0x27 | clip 1040 | slot 1 | phase 4 | lag 0
I/DH2Native( 6711): Blended character event | event 0x25 | clip 1040 | slot 1 | phase 4 | lag 0
I/DH2Native( 6711): Blended character event | event 0x23 | clip 1040 | slot 1 | phase 4 | lag 0
I/DH2Native( 6711): Blended character event | event 0x24 | clip 1040 | slot 1 | phase 5 | lag 0
I/DH2Native( 6711): Blended character event | event 0x26 | clip 1040 | slot 1 | phase 5 | lag 0
I/DH2Native( 6711): Blended character event | event 0x28 | clip 1040 | slot 0 | phase 1 | lag 3
I/DH2Native( 6711): Player animation event | clip 1040 | name do_skill | sequence 0 | attack step 0 | kind 0 | lag 3 | scene before Step | Step 1753 | position -2227.7700 1220.9301 842.3644
I/DH2Native( 6711): Actor clip completed | _prim_tmp_cultist05 | state Idle | completions 29 | active 1 | next clip 1259 | layers 1
I/DH2Native( 6711): Actor clip completed | _prim_tmp_cultist06 | state Idle | completions 29 | active 1 | next clip 1258 | layers 1
I/DH2Native( 6711): Actor clip completed | _prim_Monster | state Idle | completions 29 | active 1 | next clip 1259 | layers 1
I/DH2Native( 6711): Actor clip completed | _prim_Monster02 | state Idle | completions 29 | active 1 | next clip 1258 | layers 1
I/DH2Native( 6711): Actor clip completed | _prim_Monster05 | state Idle | completions 29 | active 1 | next clip 1258 | layers 1
I/DH2Native( 6711): Blended character event | event 0x27 | clip 1040 | slot 0 | phase 4 | lag 0
I/DH2Native( 6711): Blended character event | event 0x25 | clip 1040 | slot 0 | phase 4 | lag 0
I/DH2Native( 6711): Blended character event | event 0x23 | clip 1040 | slot 0 | phase 4 | lag 0
I/DH2Native( 6711): Blended character event | event 0x24 | clip 1040 | slot 0 | phase 5 | lag 0
I/DH2Native( 6711): Blended character event | event 0x26 | clip 1040 | slot 0 | phase 5 | lag 0
I/DH2Native( 6711): Native actor frame | scene 39539 | Step 1800 | actor 1800 | source phase 5 | clip 1040 | ms 447 | replays 30 | body -22.2777 12.2093 | contacts 0 0 | state 3 | body present 1 | timeline scale 1
I/DH2Native( 6711): Blended character event | event 0x28 | clip 1040 | slot 1 | phase 1 | lag 8
I/DH2Native( 6711): Player animation event | clip 1040 | name do_skill | sequence 0 | attack step 0 | kind 0 | lag 8 | scene before Step | Step 1805 | position -2227.7700 1220.9301 842.3644
I/DH2Native( 6711): Actor clip completed | _prim_tmp_cultist08 | state Idle | completions 6 | active 1 | next clip 1195 | layers 1
I/DH2Native( 6711): Actor clip completed | _prim_tmp_cultist05 | state Idle | completions 30 | active 1 | next clip 1259 | layers 1
I/DH2Native( 6711): Actor clip completed | _prim_tmp_cultist06 | state Idle | completions 30 | active 1 | next clip 1259 | layers 1
I/DH2Native( 6711): Actor clip completed | _prim_Monster | state Idle | completions 30 | active 1 | next clip 1258 | layers 1
I/DH2Native( 6711): Actor clip completed | _prim_Monster02 | state Idle | completions 30 | active 1 | next clip 1258 | layers 1
I/DH2Native( 6711): Actor clip completed | _prim_Monster05 | state Idle | completions 30 | active 1 | next clip 1259 | layers 1
I/DH2Native( 6711): Blended character event | event 0x27 | clip 1040 | slot 1 | phase 4 | lag 0
I/DH2Native( 6711): Blended character event | event 0x25 | clip 1040 | slot 1 | phase 4 | lag 0
I/DH2Native( 6711): Blended character event | event 0x23 | clip 1040 | slot 1 | phase 4 | lag 0
I/DH2Native( 6711): Blended character event | event 0x24 | clip 1040 | slot 1 | phase 5 | lag 0
I/DH2Native( 6711): Blended character event | event 0x26 | clip 1040 | slot 1 | phase 5 | lag 0
I/DH2Native( 6711): Actor clip completed | _prim_tmp_cultist07 | state Idle | completions 5 | active 1 | next clip 1194 | layers 1
I/DH2Native( 6711): Blended character event | event 0x28 | clip 1040 | slot 0 | phase 1 | lag 9
I/DH2Native( 6711): Player animation event | clip 1040 | name do_skill | sequence 0 | attack step 0 | kind 0 | lag 9 | scene before Step | Step 1857 | position -2227.7700 1220.9301 842.3644
I/DH2Native( 6711): Blended character event | event 0x27 | clip 1040 | slot 0 | phase 4 | lag 0
I/DH2Native( 6711): Blended character event | event 0x25 | clip 1040 | slot 0 | phase 4 | lag 0
I/DH2Native( 6711): Blended character event | event 0x23 | clip 1040 | slot 0 | phase 4 | lag 0
I/DH2Native( 6711): Blended character event | event 0x24 | clip 1040 | slot 0 | phase 5 | lag 0
I/DH2Native( 6711): Blended character event | event 0x26 | clip 1040 | slot 0 | phase 5 | lag 0
I/DH2Native( 6711): Actor clip completed | _prim_tmp_cultist05 | state Idle | completions 31 | active 1 | next clip 1258 | layers 1
I/DH2Native( 6711): Actor clip completed | _prim_tmp_cultist06 | state Idle | completions 31 | active 1 | next clip 1258 | layers 1
I/DH2Native( 6711): Actor clip completed | _prim_Monster | state Idle | completions 31 | active 1 | next clip 1259 | layers 1
I/DH2Native( 6711): Actor clip completed | _prim_Monster02 | state Idle | completions 31 | active 1 | next clip 1258 | layers 1
I/DH2Native( 6711): Actor clip completed | _prim_Monster05 | state Idle | completions 31 | active 1 | next clip 1258 | layers 1
I/DH2Native( 6711): Actor clip completed | _prim_Monster_Ghost05 | state Idle | completions 9 | active 1 | next clip 706 | layers 1
I/DH2Native( 6711): Actor clip completed | _prim_Monster_Ghost06 | state Idle | completions 9 | active 1 | next clip 706 | layers 1
I/DH2Native( 6711): Native actor frame | scene 42055 | Step 1920 | actor 1920 | source phase 5 | clip 1041 | ms 770 | replays 32 | body -22.2777 12.2093 | contacts 0 0 | state 3 | body present 1 | timeline scale 1
I/DH2Native( 6711): Actor clip completed | _prim_tmp_cultist05 | state Idle | completions 32 | active 1 | next clip 1258 | layers 1
I/DH2Native( 6711): Actor clip completed | _prim_tmp_cultist06 | state Idle | completions 32 | active 1 | next clip 1258 | layers 1
I/DH2Native( 6711): Actor clip completed | _prim_Monster | state Idle | completions 32 | active 1 | next clip 1258 | layers 1
I/DH2Native( 6711): Actor clip completed | _prim_Monster02 | state Idle | completions 32 | active 1 | next clip 1259 | layers 1
I/DH2Native( 6711): Actor clip completed | _prim_Monster05 | state Idle | completions 32 | active 1 | next clip 1258 | layers 1
I/DH2Native( 6711): Actor clip completed | _prim_tmp_cultist03 | state Idle | completions 6 | active 1 | next clip 1194 | layers 1
I/DH2Native( 6711): Blended character event | event 0x27 | clip 1041 | slot 1 | phase 4 | lag 0
I/DH2Native( 6711): Blended character event | event 0x25 | clip 1041 | slot 1 | phase 4 | lag 0
I/DH2Native( 6711): Blended character event | event 0x23 | clip 1041 | slot 1 | phase 4 | lag 0
I/DH2Native( 6711): Blended character event | event 0x24 | clip 1041 | slot 1 | phase 5 | lag 0
I/DH2Native( 6711): Blended character event | event 0x26 | clip 1041 | slot 1 | phase 5 | lag 0
I/DH2Native( 6711): Actor clip completed | _prim_tmp_cultist05 | state Idle | completions 33 | active 1 | next clip 1258 | layers 1
I/DH2Native( 6711): Actor clip completed | _prim_tmp_cultist06 | state Idle | completions 33 | active 1 | next clip 1258 | layers 1
I/DH2Native( 6711): Actor clip completed | _prim_Monster | state Idle | completions 33 | active 1 | next clip 1259 | layers 1
I/DH2Native( 6711): Actor clip completed | _prim_Monster02 | state Idle | completions 33 | active 1 | next clip 1259 | layers 1
I/DH2Native( 6711): Actor clip completed | _prim_Monster05 | state Idle | completions 33 | active 1 | next clip 1259 | layers 1
I/DH2Native( 6711): Blended character event | event 0x28 | clip 1040 | slot 0 | phase 1 | lag 2
I/DH2Native( 6711): Player animation event | clip 1040 | name do_skill | sequence 0 | attack step 0 | kind 0 | lag 2 | scene before Step | Step 2020 | position -2227.7700 1220.9301 842.3644
I/DH2Native( 6711): Native actor frame | scene 44617 | Step 2040 | actor 2040 | source phase 5 | clip 1040 | ms 978 | replays 33 | body -22.2777 12.2093 | contacts 0 0 | state 3 | body present 1 | timeline scale 1
I/DH2Native( 6711): Blended character event | event 0x27 | clip 1040 | slot 0 | phase 4 | lag 0
I/DH2Native( 6711): Blended character event | event 0x25 | clip 1040 | slot 0 | phase 4 | lag 0
I/DH2Native( 6711): Blended character event | event 0x23 | clip 1040 | slot 0 | phase 4 | lag 0
I/DH2Native( 6711): Blended character event | event 0x24 | clip 1040 | slot 0 | phase 5 | lag 0
I/DH2Native( 6711): Blended character event | event 0x26 | clip 1040 | slot 0 | phase 5 | lag 0
I/DH2Native( 6711): Blended character event | event 0x28 | clip 1040 | slot 1 | phase 1 | lag 18
I/DH2Native( 6711): Player animation event | clip 1040 | name do_skill | sequence 0 | attack step 0 | kind 0 | lag 18 | scene before Step | Step 2073 | position -2227.7700 1220.9301 842.3644
I/DH2Native( 6711): Actor clip completed | _prim_tmp_cultist05 | state Idle | completions 34 | active 1 | next clip 1258 | layers 1
I/DH2Native( 6711): Actor clip completed | _prim_tmp_cultist06 | state Idle | completions 34 | active 1 | next clip 1259 | layers 1
I/DH2Native( 6711): Actor clip completed | _prim_Monster | state Idle | completions 34 | active 1 | next clip 1258 | layers 1
I/DH2Native( 6711): Actor clip completed | _prim_Monster02 | state Idle | completions 34 | active 1 | next clip 1258 | layers 1
I/DH2Native( 6711): Actor clip completed | _prim_Monster05 | state Idle | completions 34 | active 1 | next clip 1258 | layers 1
I/DH2Native( 6711): Blended character event | event 0x27 | clip 1040 | slot 1 | phase 4 | lag 0
I/DH2Native( 6711): Blended character event | event 0x25 | clip 1040 | slot 1 | phase 4 | lag 0
I/DH2Native( 6711): Blended character event | event 0x23 | clip 1040 | slot 1 | phase 4 | lag 0
I/DH2Native( 6711): Blended character event | event 0x24 | clip 1040 | slot 1 | phase 5 | lag 0
I/DH2Native( 6711): Blended character event | event 0x26 | clip 1040 | slot 1 | phase 5 | lag 0
I/DH2Native( 6711): Actor clip completed | _prim_tmp_cultist08 | state Idle | completions 7 | active 1 | next clip 1194 | layers 1
I/DH2Native( 6711): Actor clip completed | _prim_Monster_Ghost05 | state Idle | completions 10 | active 1 | next clip 706 | layers 1
I/DH2Native( 6711): Actor clip completed | _prim_Monster_Ghost06 | state Idle | completions 10 | active 1 | next clip 706 | layers 1
I/DH2Native( 6711): Actor clip completed | _prim_tmp_cultist01 | state Idle | completions 5 | active 1 | next clip 1194 | layers 1
I/DH2Native( 6711): Actor clip completed | _prim_tmp_cultist05 | state Idle | completions 35 | active 1 | next clip 1258 | layers 1
I/DH2Native( 6711): Actor clip completed | _prim_tmp_cultist06 | state Idle | completions 35 | active 1 | next clip 1259 | layers 1
I/DH2Native( 6711): Actor clip completed | _prim_Monster | state Idle | completions 35 | active 1 | next clip 1258 | layers 1
I/DH2Native( 6711): Actor clip completed | _prim_Monster02 | state Idle | completions 35 | active 1 | next clip 1258 | layers 1
I/DH2Native( 6711): Actor clip completed | _prim_Monster05 | state Idle | completions 35 | active 1 | next clip 1259 | layers 1
I/DH2Native( 6711): Native actor frame | scene 47150 | Step 2160 | actor 2160 | source phase 5 | clip 1041 | ms 1290 | replays 35 | body -22.2777 12.2093 | contacts 0 0 | state 3 | body present 1 | timeline scale 1
I/DH2Native( 6711): Actor clip completed | _prim_tmp_cultist05 | state Idle | completions 36 | active 1 | next clip 1259 | layers 1
I/DH2Native( 6711): Actor clip completed | _prim_tmp_cultist06 | state Idle | completions 36 | active 1 | next clip 1258 | layers 1
I/DH2Native( 6711): Actor clip completed | _prim_Monster | state Idle | completions 36 | active 1 | next clip 1258 | layers 1
I/DH2Native( 6711): Actor clip completed | _prim_Monster02 | state Idle | completions 36 | active 1 | next clip 1258 | layers 1
I/DH2Native( 6711): Actor clip completed | _prim_Monster05 | state Idle | completions 36 | active 1 | next clip 1258 | layers 1
I/DH2Native( 6711): Blended character event | event 0x27 | clip 1041 | slot 0 | phase 4 | lag 0
I/DH2Native( 6711): Blended character event | event 0x25 | clip 1041 | slot 0 | phase 4 | lag 0
I/DH2Native( 6711): Blended character event | event 0x23 | clip 1041 | slot 0 | phase 4 | lag 0
I/DH2Native( 6711): Blended character event | event 0x24 | clip 1041 | slot 0 | phase 5 | lag 0
I/DH2Native( 6711): Blended character event | event 0x26 | clip 1041 | slot 0 | phase 5 | lag 0
I/DH2Native( 6711): Blended character event | event 0x28 | clip 1040 | slot 1 | phase 1 | lag 17
I/DH2Native( 6711): Player animation event | clip 1040 | name do_skill | sequence 0 | attack step 0 | kind 0 | lag 17 | scene before Step | Step 2241 | position -2227.7700 1220.9301 842.3644
I/DH2Native( 6711): Blended character event | event 0x27 | clip 1040 | slot 1 | phase 4 | lag 0
I/DH2Native( 6711): Blended character event | event 0x25 | clip 1040 | slot 1 | phase 4 | lag 0
I/DH2Native( 6711): Blended character event | event 0x23 | clip 1040 | slot 1 | phase 4 | lag 0
I/DH2Native( 6711): Blended character event | event 0x24 | clip 1040 | slot 1 | phase 5 | lag 0
I/DH2Native( 6711): Blended character event | event 0x26 | clip 1040 | slot 1 | phase 5 | lag 0
I/DH2Native( 6711): Actor clip completed | _prim_tmp_cultist05 | state Idle | completions 37 | active 1 | next clip 1258 | layers 1
I/DH2Native( 6711): Actor clip completed | _prim_tmp_cultist06 | state Idle | completions 37 | active 1 | next clip 1258 | layers 1
I/DH2Native( 6711): Actor clip completed | _prim_Monster | state Idle | completions 37 | active 1 | next clip 1258 | layers 1
I/DH2Native( 6711): Actor clip completed | _prim_Monster02 | state Idle | completions 37 | active 1 | next clip 1258 | layers 1
I/DH2Native( 6711): Actor clip completed | _prim_Monster05 | state Idle | completions 37 | active 1 | next clip 1258 | layers 1
I/DH2Native( 6711): Actor clip completed | _prim_tmp_cultist07 | state Idle | completions 6 | active 1 | next clip 1195 | layers 1
I/DH2Native( 6711): Native actor frame | scene 49605 | Step 2280 | actor 2280 | source phase 5 | clip 1040 | ms 288 | replays 37 | body -22.2777 12.2093 | contacts 0 0 | state 3 | body present 1 | timeline scale 1
I/DH2Native( 6711): Blended character event | event 0x28 | clip 1040 | slot 0 | phase 1 | lag 13
I/DH2Native( 6711): Player animation event | clip 1040 | name do_skill | sequence 0 | attack step 0 | kind 0 | lag 13 | scene before Step | Step 2292 | position -2227.7700 1220.9301 842.3644
I/DH2Native( 6711): Blended character event | event 0x27 | clip 1040 | slot 0 | phase 4 | lag 0
I/DH2Native( 6711): Blended character event | event 0x25 | clip 1040 | slot 0 | phase 4 | lag 0
I/DH2Native( 6711): Blended character event | event 0x23 | clip 1040 | slot 0 | phase 4 | lag 0
I/DH2Native( 6711): Blended character event | event 0x24 | clip 1040 | slot 0 | phase 5 | lag 0
I/DH2Native( 6711): Blended character event | event 0x26 | clip 1040 | slot 0 | phase 5 | lag 0
I/DH2Native( 6711): Actor clip completed | _prim_tmp_cultist05 | state Idle | completions 38 | active 1 | next clip 1258 | layers 1
I/DH2Native( 6711): Actor clip completed | _prim_tmp_cultist06 | state Idle | completions 38 | active 1 | next clip 1259 | layers 1
I/DH2Native( 6711): Actor clip completed | _prim_Monster | state Idle | completions 38 | active 1 | next clip 1258 | layers 1
I/DH2Native( 6711): Actor clip completed | _prim_Monster02 | state Idle | completions 38 | active 1 | next clip 1258 | layers 1
I/DH2Native( 6711): Actor clip completed | _prim_Monster05 | state Idle | completions 38 | active 1 | next clip 1259 | layers 1
I/DH2Native( 6711): Actor clip completed | _prim_Monster_Ghost05 | state Idle | completions 11 | active 1 | next clip 706 | layers 1
I/DH2Native( 6711): Actor clip completed | _prim_Monster_Ghost06 | state Idle | completions 11 | active 1 | next clip 706 | layers 1
I/DH2Native( 6711): Blended character event | event 0x28 | clip 1040 | slot 1 | phase 1 | lag 13
I/DH2Native( 6711): Player animation event | clip 1040 | name do_skill | sequence 0 | attack step 0 | kind 0 | lag 13 | scene before Step | Step 2342 | position -2227.7700 1220.9301 842.3644
I/DH2Native( 6711): Blended character event | event 0x27 | clip 1040 | slot 1 | phase 4 | lag 0
I/DH2Native( 6711): Blended character event | event 0x25 | clip 1040 | slot 1 | phase 4 | lag 0
I/DH2Native( 6711): Blended character event | event 0x23 | clip 1040 | slot 1 | phase 4 | lag 0
I/DH2Native( 6711): Blended character event | event 0x24 | clip 1040 | slot 1 | phase 5 | lag 0
I/DH2Native( 6711): Blended character event | event 0x26 | clip 1040 | slot 1 | phase 5 | lag 0
I/DH2Native( 6711): Actor clip completed | _prim_tmp_cultist05 | state Idle | completions 39 | active 1 | next clip 1258 | layers 1
I/DH2Native( 6711): Actor clip completed | _prim_tmp_cultist06 | state Idle | completions 39 | active 1 | next clip 1258 | layers 1
I/DH2Native( 6711): Actor clip completed | _prim_Monster | state Idle | completions 39 | active 1 | next clip 1258 | layers 1
I/DH2Native( 6711): Actor clip completed | _prim_Monster02 | state Idle | completions 39 | active 1 | next clip 1258 | layers 1
I/DH2Native( 6711): Actor clip completed | _prim_Monster05 | state Idle | completions 39 | active 1 | next clip 1258 | layers 1
I/DH2Native( 6711): Blended character event | event 0x28 | clip 1040 | slot 0 | phase 1 | lag 8
I/DH2Native( 6711): Player animation event | clip 1040 | name do_skill | sequence 0 | attack step 0 | kind 0 | lag 8 | scene before Step | Step 2391 | position -2227.7700 1220.9301 842.3644
I/DH2Native( 6711): Native actor frame | scene 52233 | Step 2400 | actor 2400 | source phase 5 | clip 1040 | ms 744 | replays 39 | body -22.2777 12.2093 | contacts 0 0 | state 3 | body present 1 | timeline scale 1
I/DH2Native( 6711): Actor clip completed | _prim_tmp_cultist03 | state Idle | completions 7 | active 1 | next clip 1195 | layers 1
I/DH2Native( 6711): Blended character event | event 0x27 | clip 1040 | slot 0 | phase 4 | lag 0
I/DH2Native( 6711): Blended character event | event 0x25 | clip 1040 | slot 0 | phase 4 | lag 0
I/DH2Native( 6711): Blended character event | event 0x23 | clip 1040 | slot 0 | phase 4 | lag 0
I/DH2Native( 6711): Blended character event | event 0x24 | clip 1040 | slot 0 | phase 5 | lag 0
I/DH2Native( 6711): Blended character event | event 0x26 | clip 1040 | slot 0 | phase 5 | lag 0
I/DH2Native( 6711): Actor clip completed | _prim_tmp_cultist05 | state Idle | completions 40 | active 1 | next clip 1258 | layers 1
I/DH2Native( 6711): Actor clip completed | _prim_tmp_cultist06 | state Idle | completions 40 | active 1 | next clip 1258 | layers 1
I/DH2Native( 6711): Actor clip completed | _prim_Monster | state Idle | completions 40 | active 1 | next clip 1258 | layers 1
I/DH2Native( 6711): Actor clip completed | _prim_Monster02 | state Idle | completions 40 | active 1 | next clip 1258 | layers 1
I/DH2Native( 6711): Actor clip completed | _prim_Monster05 | state Idle | completions 40 | active 1 | next clip 1258 | layers 1
I/DH2Native( 6711): Actor clip completed | _prim_tmp_cultist05 | state Idle | completions 41 | active 1 | next clip 1258 | layers 1
I/DH2Native( 6711): Actor clip completed | _prim_tmp_cultist06 | state Idle | completions 41 | active 1 | next clip 1258 | layers 1
I/DH2Native( 6711): Actor clip completed | _prim_Monster | state Idle | completions 41 | active 1 | next clip 1258 | layers 1
I/DH2Native( 6711): Actor clip completed | _prim_Monster02 | state Idle | completions 41 | active 1 | next clip 1258 | layers 1
I/DH2Native( 6711): Actor clip completed | _prim_Monster05 | state Idle | completions 41 | active 1 | next clip 1258 | layers 1
I/DH2Native( 6711): Native actor frame | scene 54729 | Step 2520 | actor 2520 | source phase 5 | clip 1041 | ms 2145 | replays 40 | body -22.2777 12.2093 | contacts 0 0 | state 3 | body present 1 | timeline scale 1
I/DH2Native( 6711): Blended character event | event 0x27 | clip 1041 | slot 1 | phase 4 | lag 0
I/DH2Native( 6711): Blended character event | event 0x25 | clip 1041 | slot 1 | phase 4 | lag 0
I/DH2Native( 6711): Blended character event | event 0x23 | clip 1041 | slot 1 | phase 4 | lag 0
I/DH2Native( 6711): Blended character event | event 0x24 | clip 1041 | slot 1 | phase 5 | lag 0
I/DH2Native( 6711): Blended character event | event 0x26 | clip 1041 | slot 1 | phase 5 | lag 0
I/DH2Native( 6711): Actor clip completed | _prim_tmp_cultist08 | state Idle | completions 8 | active 1 | next clip 1195 | layers 1
I/DH2Native( 6711): Actor clip completed | _prim_Monster_Ghost05 | state Idle | completions 12 | active 1 | next clip 706 | layers 1
I/DH2Native( 6711): Actor clip completed | _prim_Monster_Ghost06 | state Idle | completions 12 | active 1 | next clip 706 | layers 1
I/DH2Native( 6711): Blended character event | event 0x28 | clip 1040 | slot 0 | phase 1 | lag 13
I/DH2Native( 6711): Player animation event | clip 1040 | name do_skill | sequence 0 | attack step 0 | kind 0 | lag 13 | scene before Step | Step 2553 | position -2227.7700 1220.9301 842.3644
I/DH2Native( 6711): Actor clip completed | _prim_tmp_cultist07 | state Idle | completions 7 | active 1 | next clip 1195 | layers 1
I/DH2Native( 6711): Actor clip completed | _prim_tmp_cultist05 | state Idle | completions 42 | active 1 | next clip 1258 | layers 1
I/DH2Native( 6711): Actor clip completed | _prim_tmp_cultist06 | state Idle | completions 42 | active 1 | next clip 1259 | layers 1
I/DH2Native( 6711): Actor clip completed | _prim_Monster | state Idle | completions 42 | active 1 | next clip 1258 | layers 1
I/DH2Native( 6711): Actor clip completed | _prim_Monster02 | state Idle | completions 42 | active 1 | next clip 1258 | layers 1
I/DH2Native( 6711): Actor clip completed | _prim_Monster05 | state Idle | completions 42 | active 1 | next clip 1258 | layers 1
I/DH2Native( 6711): Blended character event | event 0x27 | clip 1040 | slot 0 | phase 4 | lag 0
I/DH2Native( 6711): Blended character event | event 0x25 | clip 1040 | slot 0 | phase 4 | lag 0
I/DH2Native( 6711): Blended character event | event 0x23 | clip 1040 | slot 0 | phase 4 | lag 0
I/DH2Native( 6711): Blended character event | event 0x24 | clip 1040 | slot 0 | phase 5 | lag 0
I/DH2Native( 6711): Blended character event | event 0x26 | clip 1040 | slot 0 | phase 5 | lag 0
I/DH2Native( 6711): Actor clip completed | _prim_tmp_cultist01 | state Idle | completions 6 | active 1 | next clip 1194 | layers 1
I/DH2Native( 6711): Blended character event | event 0x28 | clip 1040 | slot 1 | phase 1 | lag 10
I/DH2Native( 6711): Player animation event | clip 1040 | name do_skill | sequence 0 | attack step 0 | kind 0 | lag 10 | scene before Step | Step 2605 | position -2227.7700 1220.9301 842.3644
I/DH2Native( 6711): Blended character event | event 0x27 | clip 1040 | slot 1 | phase 4 | lag 0
I/DH2Native( 6711): Blended character event | event 0x25 | clip 1040 | slot 1 | phase 4 | lag 0
I/DH2Native( 6711): Blended character event | event 0x23 | clip 1040 | slot 1 | phase 4 | lag 0
I/DH2Native( 6711): Blended character event | event 0x24 | clip 1040 | slot 1 | phase 5 | lag 0
I/DH2Native( 6711): Blended character event | event 0x26 | clip 1040 | slot 1 | phase 5 | lag 0
I/DH2Native( 6711): Native actor frame | scene 57321 | Step 2640 | actor 2640 | source phase 5 | clip 1040 | ms 206 | replays 43 | body -22.2777 12.2093 | contacts 0 0 | state 3 | body present 1 | timeline scale 1
I/DH2Native( 6711): Actor clip completed | _prim_tmp_cultist05 | state Idle | completions 43 | active 1 | next clip 1258 | layers 1
I/DH2Native( 6711): Actor clip completed | _prim_tmp_cultist06 | state Idle | completions 43 | active 1 | next clip 1258 | layers 1
I/DH2Native( 6711): Actor clip completed | _prim_Monster | state Idle | completions 43 | active 1 | next clip 1259 | layers 1
I/DH2Native( 6711): Actor clip completed | _prim_Monster02 | state Idle | completions 43 | active 1 | next clip 1258 | layers 1
I/DH2Native( 6711): Actor clip completed | _prim_Monster05 | state Idle | completions 43 | active 1 | next clip 1259 | layers 1
I/DH2Native( 6711): Blended character event | event 0x28 | clip 1040 | slot 0 | phase 1 | lag 7
I/DH2Native( 6711): Player animation event | clip 1040 | name do_skill | sequence 0 | attack step 0 | kind 0 | lag 7 | scene before Step | Step 2656 | position -2227.7700 1220.9301 842.3644
I/DH2Native( 6711): Blended character event | event 0x27 | clip 1040 | slot 0 | phase 4 | lag 0
I/DH2Native( 6711): Blended character event | event 0x25 | clip 1040 | slot 0 | phase 4 | lag 0
I/DH2Native( 6711): Blended character event | event 0x23 | clip 1040 | slot 0 | phase 4 | lag 0
I/DH2Native( 6711): Blended character event | event 0x24 | clip 1040 | slot 0 | phase 5 | lag 0
I/DH2Native( 6711): Blended character event | event 0x26 | clip 1040 | slot 0 | phase 5 | lag 0
I/DH2Native( 6711): Actor clip completed | _prim_tmp_cultist03 | state Idle | completions 8 | active 1 | next clip 1194 | layers 1
I/DH2Native( 6711): Actor clip completed | _prim_tmp_cultist05 | state Idle | completions 44 | active 1 | next clip 1258 | layers 1
I/DH2Native( 6711): Actor clip completed | _prim_tmp_cultist06 | state Idle | completions 44 | active 1 | next clip 1258 | layers 1
I/DH2Native( 6711): Actor clip completed | _prim_Monster | state Idle | completions 44 | active 1 | next clip 1259 | layers 1
I/DH2Native( 6711): Actor clip completed | _prim_Monster02 | state Idle | completions 44 | active 1 | next clip 1258 | layers 1
I/DH2Native( 6711): Actor clip completed | _prim_Monster05 | state Idle | completions 44 | active 1 | next clip 1258 | layers 1
I/DH2Native( 6711): Blended character event | event 0x28 | clip 1040 | slot 1 | phase 1 | lag 17
I/DH2Native( 6711): Player animation event | clip 1040 | name do_skill | sequence 0 | attack step 0 | kind 0 | lag 17 | scene before Step | Step 2703 | position -2227.7700 1220.9301 842.3644
I/DH2Native( 6711): Blended character event | event 0x27 | clip 1040 | slot 1 | phase 4 | lag 0
I/DH2Native( 6711): Blended character event | event 0x25 | clip 1040 | slot 1 | phase 4 | lag 0
I/DH2Native( 6711): Blended character event | event 0x23 | clip 1040 | slot 1 | phase 4 | lag 0
I/DH2Native( 6711): Blended character event | event 0x24 | clip 1040 | slot 1 | phase 5 | lag 0
I/DH2Native( 6711): Blended character event | event 0x26 | clip 1040 | slot 1 | phase 5 | lag 0
I/DH2Native( 6711): Blended character event | event 0x28 | clip 1040 | slot 0 | phase 1 | lag 2
I/DH2Native( 6711): Player animation event | clip 1040 | name do_skill | sequence 0 | attack step 0 | kind 0 | lag 2 | scene before Step | Step 2750 | position -2227.7700 1220.9301 842.3644
I/DH2Native( 6711): Actor clip completed | _prim_tmp_cultist05 | state Idle | completions 45 | active 1 | next clip 1258 | layers 1
I/DH2Native( 6711): Actor clip completed | _prim_tmp_cultist06 | state Idle | completions 45 | active 1 | next clip 1258 | layers 1
I/DH2Native( 6711): Actor clip completed | _prim_Monster | state Idle | completions 45 | active 1 | next clip 1258 | layers 1
I/DH2Native( 6711): Actor clip completed | _prim_Monster02 | state Idle | completions 45 | active 1 | next clip 1258 | layers 1
I/DH2Native( 6711): Actor clip completed | _prim_Monster05 | state Idle | completions 45 | active 1 | next clip 1258 | layers 1
I/DH2Native( 6711): Actor clip completed | _prim_Monster_Ghost05 | state Idle | completions 13 | active 1 | next clip 706 | layers 1
I/DH2Native( 6711): Actor clip completed | _prim_Monster_Ghost06 | state Idle | completions 13 | active 1 | next clip 706 | layers 1
I/DH2Native( 6711): Native actor frame | scene 60049 | Step 2760 | actor 2760 | source phase 5 | clip 1040 | ms 762 | replays 45 | body -22.2777 12.2093 | contacts 0 0 | state 3 | body present 1 | timeline scale 1
I/DH2Native( 6711): Blended character event | event 0x27 | clip 1040 | slot 0 | phase 4 | lag 0
I/DH2Native( 6711): Blended character event | event 0x25 | clip 1040 | slot 0 | phase 4 | lag 0
I/DH2Native( 6711): Blended character event | event 0x23 | clip 1040 | slot 0 | phase 4 | lag 0
I/DH2Native( 6711): Blended character event | event 0x24 | clip 1040 | slot 0 | phase 5 | lag 0
I/DH2Native( 6711): Blended character event | event 0x26 | clip 1040 | slot 0 | phase 5 | lag 0
I/DH2Native( 6711): Blended character event | event 0x28 | clip 1040 | slot 1 | phase 1 | lag 4
I/DH2Native( 6711): Player animation event | clip 1040 | name do_skill | sequence 0 | attack step 0 | kind 0 | lag 4 | scene before Step | Step 2803 | position -2227.7700 1220.9301 842.3644
I/DH2Native( 6711): Actor clip completed | _prim_tmp_cultist05 | state Idle | completions 46 | active 1 | next clip 1258 | layers 1
I/DH2Native( 6711): Actor clip completed | _prim_tmp_cultist06 | state Idle | completions 46 | active 1 | next clip 1258 | layers 1
I/DH2Native( 6711): Actor clip completed | _prim_Monster | state Idle | completions 46 | active 1 | next clip 1258 | layers 1
I/DH2Native( 6711): Actor clip completed | _prim_Monster02 | state Idle | completions 46 | active 1 | next clip 1258 | layers 1
I/DH2Native( 6711): Actor clip completed | _prim_Monster05 | state Idle | completions 46 | active 1 | next clip 1258 | layers 1
I/DH2Native( 6711): Actor clip completed | _prim_tmp_cultist08 | state Idle | completions 9 | active 1 | next clip 1195 | layers 1
I/DH2Native( 6711): Blended character event | event 0x27 | clip 1040 | slot 1 | phase 4 | lag 0
I/DH2Native( 6711): Blended character event | event 0x25 | clip 1040 | slot 1 | phase 4 | lag 0
I/DH2Native( 6711): Blended character event | event 0x23 | clip 1040 | slot 1 | phase 4 | lag 0
I/DH2Native( 6711): Blended character event | event 0x24 | clip 1040 | slot 1 | phase 5 | lag 0
I/DH2Native( 6711): Blended character event | event 0x26 | clip 1040 | slot 1 | phase 5 | lag 0
I/DH2Native( 6711): Actor clip completed | _prim_tmp_cultist07 | state Idle | completions 8 | active 1 | next clip 1194 | layers 1
I/DH2Native( 6711): Blended character event | event 0x28 | clip 1040 | slot 0 | phase 1 | lag 83
I/DH2Native( 6711): Player animation event | clip 1040 | name do_skill | sequence 0 | attack step 0 | kind 0 | lag 83 | scene before Step | Step 2834 | position -2227.7700 1220.9301 842.3644
I/DH2Native( 6711): Blended character event | event 0x27 | clip 1040 | slot 0 | phase 4 | lag 0
I/DH2Native( 6711): Blended character event | event 0x25 | clip 1040 | slot 0 | phase 4 | lag 0
I/DH2Native( 6711): Blended character event | event 0x23 | clip 1040 | slot 0 | phase 4 | lag 0
I/DH2Native( 6711): Blended character event | event 0x24 | clip 1040 | slot 0 | phase 5 | lag 0
I/DH2Native( 6711): Blended character event | event 0x26 | clip 1040 | slot 0 | phase 5 | lag 0
I/DH2Native( 6711): Actor clip completed | _prim_tmp_cultist05 | state Idle | completions 47 | active 1 | next clip 1258 | layers 1
I/DH2Native( 6711): Actor clip completed | _prim_tmp_cultist06 | state Idle | completions 47 | active 1 | next clip 1258 | layers 1
I/DH2Native( 6711): Actor clip completed | _prim_Monster | state Idle | completions 47 | active 1 | next clip 1258 | layers 1
I/DH2Native( 6711): Actor clip completed | _prim_Monster02 | state Idle | completions 47 | active 1 | next clip 1259 | layers 1
I/DH2Native( 6711): Actor clip completed | _prim_Monster05 | state Idle | completions 47 | active 1 | next clip 1258 | layers 1
I/DH2Native( 6711): Blended character event | event 0x28 | clip 1040 | slot 1 | phase 1 | lag 11
I/DH2Native( 6711): Player animation event | clip 1040 | name do_skill | sequence 0 | attack step 0 | kind 0 | lag 11 | scene before Step | Step 2843 | position -2227.7700 1220.9301 842.3644
I/DH2Native( 6711): Blended character event | event 0x27 | clip 1040 | slot 1 | phase 4 | lag 0
I/DH2Native( 6711): Blended character event | event 0x25 | clip 1040 | slot 1 | phase 4 | lag 0
I/DH2Native( 6711): Blended character event | event 0x23 | clip 1040 | slot 1 | phase 4 | lag 0
I/DH2Native( 6711): Blended character event | event 0x24 | clip 1040 | slot 1 | phase 5 | lag 0
I/DH2Native( 6711): Blended character event | event 0x26 | clip 1040 | slot 1 | phase 5 | lag 0
I/DH2Native( 6711): Actor clip completed | _prim_tmp_cultist05 | state Idle | completions 48 | active 1 | next clip 1258 | layers 1
I/DH2Native( 6711): Actor clip completed | _prim_tmp_cultist06 | state Idle | completions 48 | active 1 | next clip 1258 | layers 1
I/DH2Native( 6711): Actor clip completed | _prim_Monster | state Idle | completions 48 | active 1 | next clip 1259 | layers 1
I/DH2Native( 6711): Actor clip completed | _prim_Monster02 | state Idle | completions 48 | active 1 | next clip 1258 | layers 1
I/DH2Native( 6711): Actor clip completed | _prim_Monster05 | state Idle | completions 48 | active 1 | next clip 1258 | layers 1
I/DH2Native( 6711): Native actor frame | scene 64070 | Step 2880 | actor 2880 | source phase 5 | clip 1040 | ms 344 | replays 49 | body -22.2777 12.2093 | contacts 0 0 | state 3 | body present 1 | timeline scale 1
I/DH2Native( 6711): Blended character event | event 0x28 | clip 1040 | slot 0 | phase 1 | lag 1
I/DH2Native( 6711): Player animation event | clip 1040 | name do_skill | sequence 0 | attack step 0 | kind 0 | lag 1 | scene before Step | Step 2890 | position -2227.7700 1220.9301 842.3644
I/DH2Native( 6711): Actor clip completed | _prim_Monster_Ghost05 | state Idle | completions 14 | active 1 | next clip 706 | layers 1
I/DH2Native( 6711): Actor clip completed | _prim_Monster_Ghost06 | state Idle | completions 14 | active 1 | next clip 706 | layers 1
I/DH2Native( 6711): Blended character event | event 0x27 | clip 1040 | slot 0 | phase 4 | lag 0
I/DH2Native( 6711): Blended character event | event 0x25 | clip 1040 | slot 0 | phase 4 | lag 0
I/DH2Native( 6711): Blended character event | event 0x23 | clip 1040 | slot 0 | phase 4 | lag 0
I/DH2Native( 6711): Blended character event | event 0x24 | clip 1040 | slot 0 | phase 5 | lag 0
I/DH2Native( 6711): Blended character event | event 0x26 | clip 1040 | slot 0 | phase 5 | lag 0
I/DH2Native( 6711): Actor clip completed | _prim_tmp_cultist05 | state Idle | completions 49 | active 1 | next clip 1259 | layers 1
I/DH2Native( 6711): Actor clip completed | _prim_tmp_cultist06 | state Idle | completions 49 | active 1 | next clip 1258 | layers 1
I/DH2Native( 6711): Actor clip completed | _prim_Monster | state Idle | completions 49 | active 1 | next clip 1258 | layers 1
I/DH2Native( 6711): Actor clip completed | _prim_Monster02 | state Idle | completions 49 | active 1 | next clip 1258 | layers 1
I/DH2Native( 6711): Actor clip completed | _prim_Monster05 | state Idle | completions 49 | active 1 | next clip 1258 | layers 1
I/DH2Native( 6711): Actor clip completed | _prim_tmp_cultist01 | state Idle | completions 7 | active 1 | next clip 1194 | layers 1
I/DH2Native( 6711): Blended character event | event 0x28 | clip 1040 | slot 1 | phase 1 | lag 18
I/DH2Native( 6711): Player animation event | clip 1040 | name do_skill | sequence 0 | attack step 0 | kind 0 | lag 18 | scene before Step | Step 2942 | position -2227.7700 1220.9301 842.3644
I/DH2Native( 6711): Blended character event | event 0x27 | clip 1040 | slot 1 | phase 4 | lag 0
I/DH2Native( 6711): Blended character event | event 0x25 | clip 1040 | slot 1 | phase 4 | lag 0
I/DH2Native( 6711): Blended character event | event 0x23 | clip 1040 | slot 1 | phase 4 | lag 0
I/DH2Native( 6711): Blended character event | event 0x24 | clip 1040 | slot 1 | phase 5 | lag 0
I/DH2Native( 6711): Blended character event | event 0x26 | clip 1040 | slot 1 | phase 5 | lag 0
I/DH2Native( 6711): Blended character event | event 0x28 | clip 1040 | slot 0 | phase 1 | lag 5
I/DH2Native( 6711): Player animation event | clip 1040 | name do_skill | sequence 0 | attack step 0 | kind 0 | lag 5 | scene before Step | Step 2993 | position -2227.7700 1220.9301 842.3644
I/DH2Native( 6711): Native actor frame | scene 66689 | Step 3000 | actor 3000 | source phase 5 | clip 1040 | ms 788 | replays 51 | body -22.2777 12.2093 | contacts 0 0 | state 3 | body present 1 | timeline scale 1
I/DH2Native( 6711): Actor clip completed | _prim_tmp_cultist05 | state Idle | completions 50 | active 1 | next clip 1259 | layers 1
I/DH2Native( 6711): Actor clip completed | _prim_tmp_cultist06 | state Idle | completions 50 | active 1 | next clip 1258 | layers 1
I/DH2Native( 6711): Actor clip completed | _prim_Monster | state Idle | completions 50 | active 1 | next clip 1258 | layers 1
I/DH2Native( 6711): Actor clip completed | _prim_Monster02 | state Idle | completions 50 | active 1 | next clip 1258 | layers 1
I/DH2Native( 6711): Actor clip completed | _prim_Monster05 | state Idle | completions 50 | active 1 | next clip 1258 | layers 1
I/DH2Native( 6711): Blended character event | event 0x27 | clip 1040 | slot 0 | phase 4 | lag 0
I/DH2Native( 6711): Blended character event | event 0x25 | clip 1040 | slot 0 | phase 4 | lag 0
I/DH2Native( 6711): Blended character event | event 0x23 | clip 1040 | slot 0 | phase 4 | lag 0
I/DH2Native( 6711): Blended character event | event 0x24 | clip 1040 | slot 0 | phase 5 | lag 0
I/DH2Native( 6711): Blended character event | event 0x26 | clip 1040 | slot 0 | phase 5 | lag 0
I/DH2Native( 6711): Actor clip completed | _prim_tmp_cultist08 | state Idle | completions 10 | active 1 | next clip 1194 | layers 1
I/DH2Native( 6711): Blended character event | event 0x28 | clip 1040 | slot 1 | phase 1 | lag 7
I/DH2Native( 6711): Player animation event | clip 1040 | name do_skill | sequence 0 | attack step 0 | kind 0 | lag 7 | scene before Step | Step 3041 | position -2227.7700 1220.9301 842.3644
I/DH2Native( 6711): Actor clip completed | _prim_tmp_cultist03 | state Idle | completions 9 | active 1 | next clip 1195 | layers 1
I/DH2Native( 6711): Actor clip completed | _prim_tmp_cultist05 | state Idle | completions 51 | active 1 | next clip 1258 | layers 1
I/DH2Native( 6711): Actor clip completed | _prim_tmp_cultist06 | state Idle | completions 51 | active 1 | next clip 1258 | layers 1
I/DH2Native( 6711): Actor clip completed | _prim_Monster | state Idle | completions 51 | active 1 | next clip 1258 | layers 1
I/DH2Native( 6711): Actor clip completed | _prim_Monster02 | state Idle | completions 51 | active 1 | next clip 1258 | layers 1
I/DH2Native( 6711): Actor clip completed | _prim_Monster05 | state Idle | completions 51 | active 1 | next clip 1258 | layers 1
I/DH2Native( 6711): Blended character event | event 0x27 | clip 1040 | slot 1 | phase 4 | lag 0
I/DH2Native( 6711): Blended character event | event 0x25 | clip 1040 | slot 1 | phase 4 | lag 0
I/DH2Native( 6711): Blended character event | event 0x23 | clip 1040 | slot 1 | phase 4 | lag 0
I/DH2Native( 6711): Blended character event | event 0x24 | clip 1040 | slot 1 | phase 5 | lag 0
I/DH2Native( 6711): Blended character event | event 0x26 | clip 1040 | slot 1 | phase 5 | lag 0
I/DH2Native( 6711): Blended character event | event 0x28 | clip 1040 | slot 0 | phase 1 | lag 12
I/DH2Native( 6711): Player animation event | clip 1040 | name do_skill | sequence 0 | attack step 0 | kind 0 | lag 12 | scene before Step | Step 3092 | position -2227.7700 1220.9301 842.3644
I/DH2Native( 6711): Blended character event | event 0x27 | clip 1040 | slot 0 | phase 4 | lag 0
I/DH2Native( 6711): Blended character event | event 0x25 | clip 1040 | slot 0 | phase 4 | lag 0
I/DH2Native( 6711): Blended character event | event 0x23 | clip 1040 | slot 0 | phase 4 | lag 0
I/DH2Native( 6711): Blended character event | event 0x24 | clip 1040 | slot 0 | phase 5 | lag 0
I/DH2Native( 6711): Blended character event | event 0x26 | clip 1040 | slot 0 | phase 5 | lag 0
I/DH2Native( 6711): Native actor frame | scene 69245 | Step 3120 | actor 3120 | source phase 5 | clip 1040 | ms 75 | replays 54 | body -22.2777 12.2093 | contacts 0 0 | state 3 | body present 1 | timeline scale 1
I/DH2Native( 6711): Actor clip completed | _prim_Monster_Ghost05 | state Idle | completions 15 | active 1 | next clip 706 | layers 1
I/DH2Native( 6711): Actor clip completed | _prim_Monster_Ghost06 | state Idle | completions 15 | active 1 | next clip 706 | layers 1
I/DH2Native( 6711): Actor clip completed | _prim_tmp_cultist05 | state Idle | completions 52 | active 1 | next clip 1258 | layers 1
I/DH2Native( 6711): Actor clip completed | _prim_tmp_cultist06 | state Idle | completions 52 | active 1 | next clip 1258 | layers 1
I/DH2Native( 6711): Actor clip completed | _prim_Monster | state Idle | completions 52 | active 1 | next clip 1258 | layers 1
I/DH2Native( 6711): Actor clip completed | _prim_Monster02 | state Idle | completions 52 | active 1 | next clip 1258 | layers 1
I/DH2Native( 6711): Actor clip completed | _prim_Monster05 | state Idle | completions 52 | active 1 | next clip 1258 | layers 1
I/DH2Native( 6711): Blended character event | event 0x28 | clip 1040 | slot 1 | phase 1 | lag 13
I/DH2Native( 6711): Player animation event | clip 1040 | name do_skill | sequence 0 | attack step 0 | kind 0 | lag 13 | scene before Step | Step 3143 | position -2227.7700 1220.9301 842.3644
I/DH2Native( 6711): Blended character event | event 0x27 | clip 1040 | slot 1 | phase 4 | lag 0
I/DH2Native( 6711): Blended character event | event 0x25 | clip 1040 | slot 1 | phase 4 | lag 0
I/DH2Native( 6711): Blended character event | event 0x23 | clip 1040 | slot 1 | phase 4 | lag 0
I/DH2Native( 6711): Blended character event | event 0x24 | clip 1040 | slot 1 | phase 5 | lag 0
I/DH2Native( 6711): Blended character event | event 0x26 | clip 1040 | slot 1 | phase 5 | lag 0
I/DH2Native( 6711): Actor clip completed | _prim_tmp_cultist05 | state Idle | completions 53 | active 1 | next clip 1258 | layers 1
I/DH2Native( 6711): Actor clip completed | _prim_tmp_cultist06 | state Idle | completions 53 | active 1 | next clip 1258 | layers 1
I/DH2Native( 6711): Actor clip completed | _prim_Monster | state Idle | completions 53 | active 1 | next clip 1259 | layers 1
I/DH2Native( 6711): Actor clip completed | _prim_Monster02 | state Idle | completions 53 | active 1 | next clip 1258 | layers 1
I/DH2Native( 6711): Actor clip completed | _prim_Monster05 | state Idle | completions 53 | active 1 | next clip 1258 | layers 1
I/DH2Native( 6711): Blended character event | event 0x28 | clip 1040 | slot 0 | phase 1 | lag 6
I/DH2Native( 6711): Player animation event | clip 1040 | name do_skill | sequence 0 | attack step 0 | kind 0 | lag 6 | scene before Step | Step 3193 | position -2227.7700 1220.9301 842.3644
I/DH2Native( 6711): Actor clip completed | _prim_tmp_cultist07 | state Idle | completions 9 | active 1 | next clip 1194 | layers 1
I/DH2Native( 6711): Blended character event | event 0x27 | clip 1040 | slot 0 | phase 4 | lag 0
I/DH2Native( 6711): Blended character event | event 0x25 | clip 1040 | slot 0 | phase 4 | lag 0
I/DH2Native( 6711): Blended character event | event 0x23 | clip 1040 | slot 0 | phase 4 | lag 0
I/DH2Native( 6711): Blended character event | event 0x24 | clip 1040 | slot 0 | phase 5 | lag 0
I/DH2Native( 6711): Blended character event | event 0x26 | clip 1040 | slot 0 | phase 5 | lag 0
I/DH2Native( 6711): Native actor frame | scene 71785 | Step 3240 | actor 3240 | source phase 5 | clip 1040 | ms 436 | replays 56 | body -22.2777 12.2093 | contacts 0 0 | state 3 | body present 1 | timeline scale 1
I/DH2Native( 6711): Blended character event | event 0x28 | clip 1040 | slot 1 | phase 1 | lag 17
I/DH2Native( 6711): Player animation event | clip 1040 | name do_skill | sequence 0 | attack step 0 | kind 0 | lag 17 | scene before Step | Step 3246 | position -2227.7700 1220.9301 842.3644
I/DH2Native( 6711): Actor clip completed | _prim_tmp_cultist05 | state Idle | completions 54 | active 1 | next clip 1258 | layers 1
I/DH2Native( 6711): Actor clip completed | _prim_tmp_cultist06 | state Idle | completions 54 | active 1 | next clip 1258 | layers 1
I/DH2Native( 6711): Actor clip completed | _prim_Monster | state Idle | completions 54 | active 1 | next clip 1258 | layers 1
I/DH2Native( 6711): Actor clip completed | _prim_Monster02 | state Idle | completions 54 | active 1 | next clip 1259 | layers 1
I/DH2Native( 6711): Actor clip completed | _prim_Monster05 | state Idle | completions 54 | active 1 | next clip 1258 | layers 1
I/DH2Native( 6711): Blended character event | event 0x27 | clip 1040 | slot 1 | phase 4 | lag 0
I/DH2Native( 6711): Blended character event | event 0x25 | clip 1040 | slot 1 | phase 4 | lag 0
I/DH2Native( 6711): Blended character event | event 0x23 | clip 1040 | slot 1 | phase 4 | lag 0
I/DH2Native( 6711): Blended character event | event 0x24 | clip 1040 | slot 1 | phase 5 | lag 0
I/DH2Native( 6711): Blended character event | event 0x26 | clip 1040 | slot 1 | phase 5 | lag 0
I/DH2Native( 6711): Blended character event | event 0x28 | clip 1040 | slot 0 | phase 1 | lag 8
I/DH2Native( 6711): Player animation event | clip 1040 | name do_skill | sequence 0 | attack step 0 | kind 0 | lag 8 | scene before Step | Step 3296 | position -2227.7700 1220.9301 842.3644
I/DH2Native( 6711): Actor clip completed | _prim_tmp_cultist05 | state Idle | completions 55 | active 1 | next clip 1258 | layers 1
I/DH2Native( 6711): Actor clip completed | _prim_tmp_cultist06 | state Idle | completions 55 | active 1 | next clip 1258 | layers 1
I/DH2Native( 6711): Actor clip completed | _prim_Monster | state Idle | completions 55 | active 1 | next clip 1258 | layers 1
I/DH2Native( 6711): Actor clip completed | _prim_Monster02 | state Idle | completions 55 | active 1 | next clip 1259 | layers 1
I/DH2Native( 6711): Actor clip completed | _prim_Monster05 | state Idle | completions 55 | active 1 | next clip 1258 | layers 1
I/DH2Native( 6711): Blended character event | event 0x27 | clip 1040 | slot 0 | phase 4 | lag 0
I/DH2Native( 6711): Blended character event | event 0x25 | clip 1040 | slot 0 | phase 4 | lag 0
I/DH2Native( 6711): Blended character event | event 0x23 | clip 1040 | slot 0 | phase 4 | lag 0
I/DH2Native( 6711): Blended character event | event 0x24 | clip 1040 | slot 0 | phase 5 | lag 0
I/DH2Native( 6711): Blended character event | event 0x26 | clip 1040 | slot 0 | phase 5 | lag 0
I/DH2Native( 6711): Actor clip completed | _prim_Monster_Ghost05 | state Idle | completions 16 | active 1 | next clip 706 | layers 1
I/DH2Native( 6711): Actor clip completed | _prim_Monster_Ghost06 | state Idle | completions 16 | active 1 | next clip 706 | layers 1
I/DH2Native( 6711): Actor clip completed | _prim_tmp_cultist03 | state Idle | completions 10 | active 1 | next clip 1195 | layers 1
I/DH2Native( 6711): Blended character event | event 0x28 | clip 1040 | slot 1 | phase 1 | lag 9
I/DH2Native( 6711): Player animation event | clip 1040 | name do_skill | sequence 0 | attack step 0 | kind 0 | lag 9 | scene before Step | Step 3342 | position -2227.7700 1220.9301 842.3644
I/DH2Native( 6711): Native actor frame | scene 74492 | Step 3360 | actor 3360 | source phase 5 | clip 1040 | ms 966 | replays 58 | body -22.2777 12.2093 | contacts 0 0 | state 3 | body present 1 | timeline scale 1
I/DH2Native( 6711): Blended character event | event 0x27 | clip 1040 | slot 1 | phase 4 | lag 0
I/DH2Native( 6711): Blended character event | event 0x25 | clip 1040 | slot 1 | phase 4 | lag 0
I/DH2Native( 6711): Blended character event | event 0x23 | clip 1040 | slot 1 | phase 4 | lag 0
I/DH2Native( 6711): Blended character event | event 0x24 | clip 1040 | slot 1 | phase 5 | lag 0
I/DH2Native( 6711): Blended character event | event 0x26 | clip 1040 | slot 1 | phase 5 | lag 0
I/DH2Native( 6711): Actor clip completed | _prim_tmp_cultist05 | state Idle | completions 56 | active 1 | next clip 1258 | layers 1
I/DH2Native( 6711): Actor clip completed | _prim_tmp_cultist06 | state Idle | completions 56 | active 1 | next clip 1258 | layers 1
I/DH2Native( 6711): Actor clip completed | _prim_Monster | state Idle | completions 56 | active 1 | next clip 1258 | layers 1
I/DH2Native( 6711): Actor clip completed | _prim_Monster02 | state Idle | completions 56 | active 1 | next clip 1259 | layers 1
I/DH2Native( 6711): Actor clip completed | _prim_Monster05 | state Idle | completions 56 | active 1 | next clip 1258 | layers 1
I/DH2Native( 6711): Actor clip completed | _prim_tmp_cultist01 | state Idle | completions 8 | active 1 | next clip 1195 | layers 1
I/DH2Native( 6711): Blended character event | event 0x28 | clip 1040 | slot 0 | phase 1 | lag 12
I/DH2Native( 6711): Player animation event | clip 1040 | name do_skill | sequence 0 | attack step 0 | kind 0 | lag 12 | scene before Step | Step 3391 | position -2227.7700 1220.9301 842.3644
I/DH2Native( 6711): Blended character event | event 0x27 | clip 1040 | slot 0 | phase 4 | lag 0
I/DH2Native( 6711): Blended character event | event 0x25 | clip 1040 | slot 0 | phase 4 | lag 0
I/DH2Native( 6711): Blended character event | event 0x23 | clip 1040 | slot 0 | phase 4 | lag 0
I/DH2Native( 6711): Blended character event | event 0x24 | clip 1040 | slot 0 | phase 5 | lag 0
I/DH2Native( 6711): Blended character event | event 0x26 | clip 1040 | slot 0 | phase 5 | lag 0
I/DH2Native( 6711): Actor clip completed | _prim_tmp_cultist05 | state Idle | completions 57 | active 1 | next clip 1258 | layers 1
I/DH2Native( 6711): Actor clip completed | _prim_tmp_cultist06 | state Idle | completions 57 | active 1 | next clip 1258 | layers 1
I/DH2Native( 6711): Actor clip completed | _prim_Monster | state Idle | completions 57 | active 1 | next clip 1258 | layers 1
I/DH2Native( 6711): Actor clip completed | _prim_Monster02 | state Idle | completions 57 | active 1 | next clip 1258 | layers 1
I/DH2Native( 6711): Actor clip completed | _prim_Monster05 | state Idle | completions 57 | active 1 | next clip 1259 | layers 1
I/DH2Native( 6711): Blended character event | event 0x28 | clip 1040 | slot 1 | phase 1 | lag 7
I/DH2Native( 6711): Player animation event | clip 1040 | name do_skill | sequence 0 | attack step 0 | kind 0 | lag 7 | scene before Step | Step 3441 | position -2227.7700 1220.9301 842.3644
I/DH2Native( 6711): Blended character event | event 0x27 | clip 1040 | slot 1 | phase 4 | lag 0
I/DH2Native( 6711): Blended character event | event 0x25 | clip 1040 | slot 1 | phase 4 | lag 0
I/DH2Native( 6711): Blended character event | event 0x23 | clip 1040 | slot 1 | phase 4 | lag 0
I/DH2Native( 6711): Blended character event | event 0x24 | clip 1040 | slot 1 | phase 5 | lag 0
I/DH2Native( 6711): Blended character event | event 0x26 | clip 1040 | slot 1 | phase 5 | lag 0
I/DH2Native( 6711): Actor clip completed | _prim_tmp_cultist08 | state Idle | completions 11 | active 1 | next clip 1195 | layers 1
I/DH2Native( 6711): Native actor frame | scene 77105 | Step 3480 | actor 3480 | source phase 5 | clip 1040 | ms 301 | replays 61 | body -22.2777 12.2093 | contacts 0 0 | state 3 | body present 1 | timeline scale 1
I/DH2Native( 6711): Actor clip completed | _prim_tmp_cultist05 | state Idle | completions 58 | active 1 | next clip 1258 | layers 1
I/DH2Native( 6711): Actor clip completed | _prim_tmp_cultist06 | state Idle | completions 58 | active 1 | next clip 1258 | layers 1
I/DH2Native( 6711): Actor clip completed | _prim_Monster | state Idle | completions 58 | active 1 | next clip 1258 | layers 1
I/DH2Native( 6711): Actor clip completed | _prim_Monster02 | state Idle | completions 58 | active 1 | next clip 1258 | layers 1
I/DH2Native( 6711): Actor clip completed | _prim_Monster05 | state Idle | completions 58 | active 1 | next clip 1258 | layers 1
I/DH2Native( 6711): Blended character event | event 0x28 | clip 1040 | slot 0 | phase 1 | lag 1
I/DH2Native( 6711): Player animation event | clip 1040 | name do_skill | sequence 0 | attack step 0 | kind 0 | lag 1 | scene before Step | Step 3492 | position -2227.7700 1220.9301 842.3644
I/DH2Native( 6711): Blended character event | event 0x27 | clip 1040 | slot 0 | phase 4 | lag 0
I/DH2Native( 6711): Blended character event | event 0x25 | clip 1040 | slot 0 | phase 4 | lag 0
I/DH2Native( 6711): Blended character event | event 0x23 | clip 1040 | slot 0 | phase 4 | lag 0
I/DH2Native( 6711): Blended character event | event 0x24 | clip 1040 | slot 0 | phase 5 | lag 0
I/DH2Native( 6711): Blended character event | event 0x26 | clip 1040 | slot 0 | phase 5 | lag 0
I/DH2Native( 6711): Blended character event | event 0x28 | clip 1040 | slot 1 | phase 1 | lag 19
I/DH2Native( 6711): Player animation event | clip 1040 | name do_skill | sequence 0 | attack step 0 | kind 0 | lag 19 | scene before Step | Step 3542 | position -2227.7700 1220.9301 842.3644
I/DH2Native( 6711): Actor clip completed | _prim_Monster_Ghost05 | state Idle | completions 17 | active 1 | next clip 706 | layers 1
I/DH2Native( 6711): Actor clip completed | _prim_Monster_Ghost06 | state Idle | completions 17 | active 1 | next clip 706 | layers 1
I/DH2Native( 6711): Actor clip completed | _prim_tmp_cultist05 | state Idle | completions 59 | active 1 | next clip 1259 | layers 1
I/DH2Native( 6711): Actor clip completed | _prim_tmp_cultist06 | state Idle | completions 59 | active 1 | next clip 1258 | layers 1
I/DH2Native( 6711): Actor clip completed | _prim_Monster | state Idle | completions 59 | active 1 | next clip 1258 | layers 1
I/DH2Native( 6711): Actor clip completed | _prim_Monster02 | state Idle | completions 59 | active 1 | next clip 1258 | layers 1
I/DH2Native( 6711): Actor clip completed | _prim_Monster05 | state Idle | completions 59 | active 1 | next clip 1259 | layers 1
I/DH2Native( 6711): Blended character event | event 0x27 | clip 1040 | slot 1 | phase 4 | lag 0
I/DH2Native( 6711): Blended character event | event 0x25 | clip 1040 | slot 1 | phase 4 | lag 0
I/DH2Native( 6711): Blended character event | event 0x23 | clip 1040 | slot 1 | phase 4 | lag 0
I/DH2Native( 6711): Blended character event | event 0x24 | clip 1040 | slot 1 | phase 5 | lag 0
I/DH2Native( 6711): Blended character event | event 0x26 | clip 1040 | slot 1 | phase 5 | lag 0
I/DH2Native( 6711): Blended character event | event 0x28 | clip 1040 | slot 0 | phase 1 | lag 0
I/DH2Native( 6711): Player animation event | clip 1040 | name do_skill | sequence 0 | attack step 0 | kind 0 | lag 0 | scene before Step | Step 3593 | position -2227.7700 1220.9301 842.3644
I/DH2Native( 6711): Native actor frame | scene 79674 | Step 3600 | actor 3600 | source phase 5 | clip 1040 | ms 697 | replays 63 | body -22.2777 12.2093 | contacts 0 0 | state 3 | body present 1 | timeline scale 1
