--------- beginning of main
I/libprocessgroup(28506): Created cgroup /sys/fs/cgroup/apps/uid_10233/pid_28506
I/Zygote  (28506): Process 28506 created for com.example.dh2
I/com.example.dh2(28506): Late-enabling -Xcheck:jni
I/com.example.dh2(28506): Using generational CollectorTypeCMC GC.
W/com.example.dh2(28506): Unexpected CPU variant for x86: x86_64.
W/com.example.dh2(28506): Known variants: atom, sandybridge, silvermont, goldmont, goldmont-plus, goldmont-without-sha-xsaves, tremont, kabylake, alderlake, pantherlake, default
D/nativeloader(28506): Load libframework-connectivity-tiramisu-jni.so using APEX ns com_android_tethering for caller /apex/com.android.tethering/javalib/framework-connectivity-t.jar: ok
D/CompatChangeReporter(28506): Compat change id reported: 333566037; UID 10233; state: ENABLED
D/nativeloader(28506): Configuring clns-9 for other apk /data/app/~~gOIrJAKobJV2hM5c-zGxqA==/com.example.dh2-RFDxZj6mQAc3BvXlaxWALQ==/base.apk. target_sdk_version=37, uses_libraries=, library_path=/data/app/~~gOIrJAKobJV2hM5c-zGxqA==/com.example.dh2-RFDxZj6mQAc3BvXlaxWALQ==/lib/x86_64:/data/app/~~gOIrJAKobJV2hM5c-zGxqA==/com.example.dh2-RFDxZj6mQAc3BvXlaxWALQ==/base.apk!/lib/x86_64, permitted_path=/data:/mnt/expand:/data/user/0/com.example.dh2
--------- beginning of system
D/ActivityThread(28506): Set OS env TMPDIR to /data/user/0/com.example.dh2/cache
V/GraphicsEnvironment(28506): Currently set values for:
V/GraphicsEnvironment(28506):   angle_gl_driver_selection_pkgs=[]
V/GraphicsEnvironment(28506):   angle_gl_driver_selection_values=[]
V/GraphicsEnvironment(28506): com.example.dh2 is not listed in per-application setting
V/GraphicsEnvironment(28506): No special selections for ANGLE, returning default driver choice
V/GraphicsEnvironment(28506): Neither updatable production driver nor prerelease driver is supported.
D/CompatChangeReporter(28506): Compat change id reported: 407952621; UID 10233; state: ENABLED
D/CompatChangeReporter(28506): Compat change id reported: 419020719; UID 10233; state: ENABLED
I/DisplayManager(28506): Choreographer implicitly registered for the refresh rate.
D/com.example.dh2(28506): Initializing ProtoLog
D/ProtoLog(28506): Initializing ProtoLog DataSource
I/GFXSTREAM(28506): [eglDisplay.cpp(297)] Opening libGLESv1_CM_emulation.so
I/GFXSTREAM(28506): [eglDisplay.cpp(297)] Opening libGLESv2_emulation.so
W/libc    (28506): Access denied finding property "vendor.mesa.virtgpu.kumquat"
W/HWUI    (28506): Failed to initialize 101010-2 format, error = EGL_SUCCESS
D/nativeloader(28506): Load /data/app/~~gOIrJAKobJV2hM5c-zGxqA==/com.example.dh2-RFDxZj6mQAc3BvXlaxWALQ==/base.apk!/lib/x86_64/libdh2_native.so using class loader ns clns-9 (caller=/data/app/~~gOIrJAKobJV2hM5c-zGxqA==/com.example.dh2-RFDxZj6mQAc3BvXlaxWALQ==/base.apk!2): ok
D/CompatChangeReporter(28506): Compat change id reported: 418924588; UID 10233; state: ENABLED
W/HWUI    (28506): Unknown dataspace 0
W/libc    (28506): Access denied finding property "vendor.mesa.virtgpu.kumquat"
D/WindowOnBackDispatcher(28506): setTopOnBackInvokedCallback (unwrapped): android.app.Activity$$ExternalSyntheticLambda0@e8f55a1
D/CompatChangeReporter(28506): Compat change id reported: 458413887; UID 10233; state: ENABLED
D/WindowOnBackDispatcher(28506): setOnBackInvokedCallbackInfo: android.app.Activity$$ExternalSyntheticLambda0@e8f55a1
D/VRI[MainActivity](28506): WindowInsets changed: 1080x2424 statusBars:[0,142,0,0] navigationBars:[0,0,0,63] mandatorySystemGestures:[0,174,0,84] 
I/HWUI    (28506): Using FreeType backend (prop=Auto)
I/Surface (28506): Creating surface for consumer unnamed-28506-0 with slotExpansion=1 for 64 slots
I/Surface (28506): Creating surface for consumer VRI[MainActivity]#0(BLAST Consumer)0 with slotExpansion=1 for 64 slots
I/Surface (28506): Creating surface for consumer unnamed-28506-1 with slotExpansion=1 for 64 slots
I/Surface (28506): Creating surface for consumer 80b0f87 SurfaceView[com.example.dh2/com.example.dh2.MainActivity]#1(BLAST Consumer)1 with slotExpansion=1 for 64 slots
W/libc    (28506): Access denied finding property "vendor.mesa.virtgpu.kumquat"
I/DH2Native(28506): Renderer: Android Emulator OpenGL ES Translator (Google SwiftShader)
I/DH2Native(28506): GLES: OpenGL ES 3.0 (OpenGL ES 3.0 SwiftShader 4.0.0.1)
I/DH2Native(28506): Enemy AI configured | automatic melee 0
I/DH2Native(28506): Mod asset loaded | worlds/crypt01.dwld | bytes 1048
I/DH2Native(28506): Class tables ready | classes 260 | bytes 34224 | cached base snapshots
I/DH2Native(28506): Native level catalogue | fast travel 33 | levels 51 | Crypt row 23 | ranges 8 10 / 45 47 / 74 76 | GSLevel ownership pending
I/DH2Native(28506): AI tables ready | configs 76 | factions 16 | automatic melee 0 | pursuit and full FSM pending
I/DH2Native(28506): Property rules ready | defaults row 0 | types row 1 | properties 224 | supplied sheets only
I/DH2Native(28506): Animation tables ready | sequences 785 | characters 80 | clip paths 1447 | bytes 72812
I/DH2Native(28506): Player attack track ready | clip 1111 | tracks 81 | unbound 0 | attack_mainhand ms -1
I/DH2Native(28506): Player attack track ready | clip 1063 | tracks 29 | unbound 0 | attack_mainhand ms -1
I/DH2Native(28506): Player attack track ready | clip 1040 | tracks 23 | unbound 0 | attack_mainhand ms -1
I/DH2Native(28506): Player attack track ready | clip 1041 | tracks 24 | unbound 0 | attack_mainhand ms -1
I/DH2Native(28506): Player attack track ready | clip 1126 | tracks 25 | unbound 0 | attack_mainhand ms -1
I/DH2Native(28506): Player attack track ready | clip 1114 | tracks 27 | unbound 0 | attack_mainhand ms -1
I/DH2Native(28506): Player attack track ready | clip 968 | tracks 25 | unbound 0 | attack_mainhand ms -1
I/DH2Native(28506): Player attack track ready | clip 956 | tracks 25 | unbound 0 | attack_mainhand ms 333
I/DH2Native(28506): Player attack track ready | clip 964 | tracks 25 | unbound 0 | attack_mainhand ms -1
I/DH2Native(28506): Player attack track ready | clip 970 | tracks 25 | unbound 0 | attack_mainhand ms -1
I/DH2Native(28506): Player attack track ready | clip 959 | tracks 25 | unbound 0 | attack_mainhand ms 899
I/DH2Native(28506): Player attack track ready | clip 965 | tracks 25 | unbound 0 | attack_mainhand ms -1
I/DH2Native(28506): Player attack track ready | clip 972 | tracks 25 | unbound 0 | attack_mainhand ms -1
I/DH2Native(28506): Player attack track ready | clip 962 | tracks 25 | unbound 0 | attack_mainhand ms 1533
I/DH2Native(28506): Player attack track ready | clip 966 | tracks 25 | unbound 0 | attack_mainhand ms -1
I/DH2Native(28506): Player attack track ready | clip 967 | tracks 26 | unbound 0 | attack_mainhand ms -1
I/DH2Native(28506): Player attack track ready | clip 955 | tracks 26 | unbound 0 | attack_mainhand ms 300
I/DH2Native(28506): Player attack track ready | clip 957 | tracks 27 | unbound 0 | attack_mainhand ms -1
I/DH2Native(28506): Player attack track ready | clip 969 | tracks 26 | unbound 0 | attack_mainhand ms -1
I/DH2Native(28506): Player attack track ready | clip 958 | tracks 26 | unbound 0 | attack_mainhand ms 899
I/DH2Native(28506): Player attack track ready | clip 960 | tracks 27 | unbound 0 | attack_mainhand ms -1
I/DH2Native(28506): Player attack track ready | clip 971 | tracks 26 | unbound 0 | attack_mainhand ms -1
I/DH2Native(28506): Player attack track ready | clip 961 | tracks 26 | unbound 0 | attack_mainhand ms 1500
I/DH2Native(28506): Player attack track ready | clip 963 | tracks 26 | unbound 0 | attack_mainhand ms -1
I/DH2Native(28506): Player attack track ready | clip 1025 | tracks 25 | unbound 0 | attack_mainhand ms -1
I/DH2Native(28506): Player attack track ready | clip 1074 | tracks 27 | unbound 0 | attack_mainhand ms -1
I/DH2Native(28506): Player attack track ready | clip 1110 | tracks 25 | unbound 0 | attack_mainhand ms -1
I/DH2Native(28506): Player attack track ready | clip 1071 | tracks 25 | unbound 0 | attack_mainhand ms -1
I/DH2Native(28506): Player attack track ready | clip 1076 | tracks 29 | unbound 0 | attack_mainhand ms -1
I/DH2Native(28506): Player attack track ready | clip 1109 | tracks 28 | unbound 0 | attack_mainhand ms -1
I/DH2Native(28506): Player attack track ready | clip 1026 | tracks 30 | unbound 0 | attack_mainhand ms -1
I/DH2Native(28506): Player attack track ready | clip 1029 | tracks 28 | unbound 0 | attack_mainhand ms -1
I/DH2Native(28506): Player attack track ready | clip 1030 | tracks 27 | unbound 0 | attack_mainhand ms -1
I/DH2Native(28506): Player attack track ready | clip 1031 | tracks 27 | unbound 0 | attack_mainhand ms -1
I/DH2Native(28506): Player attack track ready | clip 1032 | tracks 27 | unbound 0 | attack_mainhand ms -1
I/DH2Native(28506): Player attack track ready | clip 991 | tracks 27 | unbound 0 | attack_mainhand ms -1
I/DH2Native(28506): Player attack track ready | clip 996 | tracks 27 | unbound 0 | attack_mainhand ms -1
I/DH2Native(28506): Player death track ready | clip 1023 | tracks 27 | unbound 0 | attack_mainhand ms -1
I/DH2Native(28506): Player attack track ready | clip 992 | tracks 26 | unbound 0 | attack_mainhand ms -1
I/DH2Native(28506): Player attack track ready | clip 1028 | tracks 29 | unbound 0 | attack_mainhand ms -1
I/DH2Native(28506): Player attack track ready | clip 1027 | tracks 26 | unbound 0 | attack_mainhand ms -1
I/DH2Native(28506): Player attack track ready | clip 1091 | tracks 26 | unbound 0 | attack_mainhand ms -1
I/DH2Native(28506): Player attack track ready | clip 1093 | tracks 26 | unbound 0 | attack_mainhand ms -1
I/DH2Native(28506): Player attack track ready | clip 1043 | tracks 26 | unbound 0 | attack_mainhand ms -1
I/DH2Native(28506): Player attack track ready | clip 994 | tracks 26 | unbound 0 | attack_mainhand ms -1
I/DH2Native(28506): Player attack track ready | clip 1044 | tracks 25 | unbound 0 | attack_mainhand ms -1
I/DH2Native(28506): Player attack track ready | clip 1096 | tracks 14 | unbound 0 | attack_mainhand ms -1
I/DH2Native(28506): Player attack track ready | clip 1103 | tracks 26 | unbound 0 | attack_mainhand ms -1
I/DH2Native(28506): Player attack track ready | clip 1107 | tracks 25 | unbound 0 | attack_mainhand ms -1
I/DH2Native(28506): Player attack track ready | clip 1104 | tracks 27 | unbound 0 | attack_mainhand ms -1
I/DH2Native(28506): Player attack track ready | clip 1108 | tracks 27 | unbound 0 | attack_mainhand ms -1
I/DH2Native(28506): Player attack track ready | clip 1101 | tracks 26 | unbound 0 | attack_mainhand ms -1
I/DH2Native(28506): Player attack track ready | clip 1105 | tracks 25 | unbound 0 | attack_mainhand ms -1
I/DH2Native(28506): Player attack track ready | clip 1100 | tracks 26 | unbound 0 | attack_mainhand ms -1
I/DH2Native(28506): Player attack track ready | clip 1097 | tracks 25 | unbound 0 | attack_mainhand ms -1
I/DH2Native(28506): Player attack track ready | clip 1234 | tracks 25 | unbound 0 | attack_mainhand ms -1
I/DH2Native(28506): Player attack track ready | clip 1239 | tracks 25 | unbound 0 | attack_mainhand ms -1
I/DH2Native(28506): Player attack track ready | clip 1238 | tracks 25 | unbound 0 | attack_mainhand ms -1
I/DH2Native(28506): Player attack track ready | clip 1035 | tracks 23 | unbound 0 | attack_mainhand ms -1
I/DH2Native(28506): Player attack track ready | clip 1036 | tracks 23 | unbound 0 | attack_mainhand ms -1
I/DH2Native(28506): Player attack track ready | clip 986 | tracks 25 | unbound 0 | attack_mainhand ms -1
I/DH2Native(28506): Player attack track ready | clip 974 | tracks 25 | unbound 0 | attack_mainhand ms -1
I/DH2Native(28506): Player attack track ready | clip 976 | tracks 25 | unbound 0 | attack_mainhand ms -1
I/DH2Native(28506): Player attack track ready | clip 988 | tracks 25 | unbound 0 | attack_mainhand ms -1
I/DH2Native(28506): Player attack track ready | clip 978 | tracks 25 | unbound 0 | attack_mainhand ms -1
I/DH2Native(28506): Player attack track ready | clip 980 | tracks 25 | unbound 0 | attack_mainhand ms -1
I/DH2Native(28506): Player attack track ready | clip 990 | tracks 25 | unbound 0 | attack_mainhand ms -1
I/DH2Native(28506): Player attack track ready | clip 984 | tracks 25 | unbound 0 | attack_mainhand ms -1
I/DH2Native(28506): Player attack track ready | clip 985 | tracks 26 | unbound 0 | attack_mainhand ms -1
I/DH2Native(28506): Player attack track ready | clip 973 | tracks 25 | unbound 0 | attack_mainhand ms 333
I/DH2Native(28506): Player attack track ready | clip 975 | tracks 25 | unbound 0 | attack_mainhand ms -1
I/DH2Native(28506): Player attack track ready | clip 987 | tracks 25 | unbound 0 | attack_mainhand ms -1
I/DH2Native(28506): Player attack track ready | clip 977 | tracks 25 | unbound 0 | attack_mainhand ms 1066
I/DH2Native(28506): Player attack track ready | clip 979 | tracks 25 | unbound 0 | attack_mainhand ms -1
I/DH2Native(28506): Player attack track ready | clip 989 | tracks 25 | unbound 0 | attack_mainhand ms -1
I/DH2Native(28506): Player attack track ready | clip 981 | tracks 25 | unbound 0 | attack_mainhand ms 1799
I/DH2Native(28506): Player attack track ready | clip 983 | tracks 25 | unbound 0 | attack_mainhand ms -1
I/DH2Native(28506): Player attack track ready | clip 1233 | tracks 24 | unbound 0 | attack_mainhand ms -1
I/DH2Native(28506): Player attack track ready | clip 1037 | tracks 23 | unbound 0 | attack_mainhand ms -1
I/DH2Native(28506): Player attack track ready | clip 1038 | tracks 23 | unbound 0 | attack_mainhand ms -1
I/DH2Native(28506): Player attack track ready | clip 1016 | tracks 23 | unbound 0 | attack_mainhand ms -1
I/DH2Native(28506): Player attack track ready | clip 1000 | tracks 25 | unbound 0 | attack_mainhand ms 333
I/DH2Native(28506): Player attack track ready | clip 1011 | tracks 27 | unbound 0 | attack_mainhand ms -1
I/DH2Native(28506): Player attack track ready | clip 1018 | tracks 25 | unbound 0 | attack_mainhand ms -1
I/DH2Native(28506): Player attack track ready | clip 1003 | tracks 27 | unbound 0 | attack_mainhand ms -1
I/DH2Native(28506): Player attack track ready | clip 1012 | tracks 25 | unbound 0 | attack_mainhand ms -1
I/DH2Native(28506): Player attack track ready | clip 1020 | tracks 25 | unbound 0 | attack_mainhand ms -1
I/DH2Native(28506): Player attack track ready | clip 1006 | tracks 25 | unbound 0 | attack_mainhand ms 1566
I/DH2Native(28506): Player attack track ready | clip 1013 | tracks 25 | unbound 0 | attack_mainhand ms -1
I/DH2Native(28506): Player attack track ready | clip 1022 | tracks 25 | unbound 0 | attack_mainhand ms -1
I/DH2Native(28506): Player attack track ready | clip 1009 | tracks 25 | unbound 0 | attack_mainhand ms -1
I/DH2Native(28506): Player attack track ready | clip 1014 | tracks 25 | unbound 0 | attack_mainhand ms -1
I/DH2Native(28506): Player attack track ready | clip 1015 | tracks 25 | unbound 0 | attack_mainhand ms -1
I/DH2Native(28506): Player attack track ready | clip 999 | tracks 25 | unbound 0 | attack_mainhand ms 400
I/DH2Native(28506): Player attack track ready | clip 1001 | tracks 25 | unbound 0 | attack_mainhand ms -1
I/DH2Native(28506): Player attack track ready | clip 1017 | tracks 25 | unbound 0 | attack_mainhand ms -1
I/DH2Native(28506): Player attack track ready | clip 1002 | tracks 25 | unbound 0 | attack_mainhand ms 866
I/DH2Native(28506): Player attack track ready | clip 1004 | tracks 25 | unbound 0 | attack_mainhand ms -1
I/DH2Native(28506): Player attack track ready | clip 1019 | tracks 25 | unbound 0 | attack_mainhand ms -1
I/DH2Native(28506): Player attack track ready | clip 1005 | tracks 25 | unbound 0 | attack_mainhand ms 1500
I/DH2Native(28506): Player attack track ready | clip 1007 | tracks 25 | unbound 0 | attack_mainhand ms -1
I/DH2Native(28506): Player attack track ready | clip 1021 | tracks 25 | unbound 0 | attack_mainhand ms -1
I/DH2Native(28506): Player attack track ready | clip 1008 | tracks 25 | unbound 0 | attack_mainhand ms 2266
I/DH2Native(28506): Player attack track ready | clip 1010 | tracks 25 | unbound 0 | attack_mainhand ms -1
I/DH2Native(28506): Player attack track ready | clip 1147 | tracks 27 | unbound 2 | attack_mainhand ms -1
I/DH2Native(28506): Player attack track ready | clip 1133 | tracks 27 | unbound 2 | attack_mainhand ms 1633
I/DH2Native(28506): Player attack track ready | clip 1146 | tracks 25 | unbound 2 | attack_mainhand ms -1
I/DH2Native(28506): Player attack track ready | clip 1218 | tracks 27 | unbound 0 | attack_mainhand ms -1
I/DH2Native(28506): Player attack track ready | clip 1039 | tracks 25 | unbound 0 | attack_mainhand ms -1
I/DH2Native(28506): Player attack track ready | clip 1077 | tracks 18 | unbound 0 | attack_mainhand ms -1
I/DH2Native(28506): Player attack track ready | clip 1078 | tracks 18 | unbound 0 | attack_mainhand ms -1
I/DH2Native(28506): Player attack track ready | clip 1079 | tracks 20 | unbound 0 | attack_mainhand ms -1
I/DH2Native(28506): Player attack track ready | clip 1143 | tracks 24 | unbound 0 | attack_mainhand ms -1
I/DH2Native(28506): Player attack track ready | clip 1138 | tracks 0 | unbound 0 | attack_mainhand ms -1
I/DH2Native(28506): Player attack track ready | clip 1136 | tracks 24 | unbound 0 | attack_mainhand ms -1
I/DH2Native(28506): Player attack track ready | clip 1137 | tracks 24 | unbound 0 | attack_mainhand ms -1
I/DH2Native(28506): Base class snapshot | _prim_tmp_cultist01 | character Crypt_Skeleton | class 18 | level raw 256 | Max_HP raw 12160 | Max_MP raw 5632 | checksum 41ae0e800682474e | cached only
I/DH2Native(28506): Resolved properties | _prim_tmp_cultist01 | character Crypt_Skeleton | HP raw -1 | Max_HP raw 12160 | MP raw -1 | Max_MP raw 5632 | checksum 41ae0e800682474e | supplied sheets only
I/DH2Native(28506): Spawn vitals | _prim_tmp_cultist01 | character Crypt_Skeleton | HP raw 12160 | Max_HP raw 12160 | MP raw 5632 | Max_MP raw 5632 | first HP add raw 12160 | first MP add raw 5632 | second HP add raw 1 | second MP add raw 1 | checksum ee913bf1bab19e05 | passes 2
I/DH2Native(28506): Combat result probe | _prim_tmp_cultist01 | character Crypt_Skeleton | amount 2030 | dot element -1 | dot duration 0 | dot amount 0 | HP leech 0 | MP leech 0 | outcomes 0 | mask 2271925 | category -1 | element -1 | seed 11805120 | calls 9 | validation only
I/DH2Native(28506): Health probe | _prim_tmp_cultist01 | character Crypt_Skeleton | damage 256 | add -256 | before 12160 | after 11904 | kill 0 | armed 1 | cue 0 | lifecycle -1 | dead skip 0 | validation only
I/DH2Native(28506): Health probe | _prim_tmp_cultist01 | character Crypt_Skeleton | damage 16384 | add -16384 | before 12160 | after 0 | kill 1 | armed 1 | cue 0 | lifecycle 3 | dead skip 0 | validation only
I/DH2Native(28506): Original idle selected | skeleton.bdae | table 62 | sequence 596 | step 0 | clip 1194 | skeleton_idle_01.bdae | speed 1.0000 | actor _prim_tmp_cultist01
I/DH2Native(28506): Actor event track ready | skeleton.bdae | clip 1178 | groups 1 | attack_mainhand ms 100
I/DH2Native(28506): Actor event track ready | skeleton.bdae | clip 1179 | groups 0 | attack_mainhand ms -1
I/DH2Native(28506): Actor event track ready | skeleton.bdae | clip 1180 | groups 1 | attack_mainhand ms 100
I/DH2Native(28506): Actor event track ready | skeleton.bdae | clip 1181 | groups 0 | attack_mainhand ms -1
I/DH2Native(28506): Actor event track ready | skeleton.bdae | clip 1185 | groups 0 | attack_mainhand ms -1
I/DH2Native(28506): Actor event track ready | skeleton.bdae | clip 1194 | groups 0 | attack_mainhand ms -1
I/DH2Native(28506): Actor event track ready | skeleton.bdae | clip 1195 | groups 0 | attack_mainhand ms -1
I/DH2Native(28506): Actor event track ready | skeleton.bdae | clip 1197 | groups 0 | attack_mainhand ms -1
I/DH2Native(28506): Actor event track ready | skeleton.bdae | clip 1198 | groups 0 | attack_mainhand ms -1
I/DH2Native(28506): Actor event track ready | skeleton.bdae | clip 1204 | groups 0 | attack_mainhand ms -1
I/DH2Native(28506): Actor clip bank ready | skeleton.bdae | clips 10 | independent instance clocks
I/DH2Native(28506): Object resource skeleton.bdae | primitives 1 | tracks 23 | unbound 3 | unsupported 0 | removed helpers 2
I/DH2Native(28506): Base class snapshot | _prim_tmp_cultist03 | character Crypt_Skeleton | class 18 | level raw 256 | Max_HP raw 12160 | Max_MP raw 5632 | checksum 41ae0e800682474e | cached only
I/DH2Native(28506): Resolved properties | _prim_tmp_cultist03 | character Crypt_Skeleton | HP raw -1 | Max_HP raw 12160 | MP raw -1 | Max_MP raw 5632 | checksum 41ae0e800682474e | supplied sheets only
I/DH2Native(28506): Spawn vitals | _prim_tmp_cultist03 | character Crypt_Skeleton | HP raw 12160 | Max_HP raw 12160 | MP raw 5632 | Max_MP raw 5632 | first HP add raw 12160 | first MP add raw 5632 | second HP add raw 1 | second MP add raw 1 | checksum ee913bf1bab19e05 | passes 2
I/DH2Native(28506): Combat result probe | _prim_tmp_cultist03 | character Crypt_Skeleton | amount 2030 | dot element -1 | dot duration 0 | dot amount 0 | HP leech 0 | MP leech 0 | outcomes 0 | mask 2271925 | category -1 | element -1 | seed 11805120 | calls 9 | validation only
I/DH2Native(28506): Health probe | _prim_tmp_cultist03 | character Crypt_Skeleton | damage 256 | add -256 | before 12160 | after 11904 | kill 0 | armed 1 | cue 0 | lifecycle -1 | dead skip 0 | validation only
I/DH2Native(28506): Health probe | _prim_tmp_cultist03 | character Crypt_Skeleton | damage 16384 | add -16384 | before 12160 | after 0 | kill 1 | armed 1 | cue 0 | lifecycle 3 | dead skip 0 | validation only
I/DH2Native(28506): Original idle selected | skeleton.bdae | table 62 | sequence 596 | step 1 | clip 1195 | skeleton_idle_02.bdae | speed 1.0000 | actor _prim_tmp_cultist03
I/DH2Native(28506): Base class snapshot | _prim_tmp_cultist05 | character CryptSlime | class 18 | level raw 256 | Max_HP raw 12160 | Max_MP raw 5632 | checksum e0cad1d302226d0f | cached only
I/DH2Native(28506): Resolved properties | _prim_tmp_cultist05 | character CryptSlime | HP raw -1 | Max_HP raw 12160 | MP raw -1 | Max_MP raw 5632 | checksum e0cad1d302226d0f | supplied sheets only
I/DH2Native(28506): Spawn vitals | _prim_tmp_cultist05 | character CryptSlime | HP raw 12160 | Max_HP raw 12160 | MP raw 5632 | Max_MP raw 5632 | first HP add raw 12160 | first MP add raw 5632 | second HP add raw 1 | second MP add raw 1 | checksum a1f87e373eade438 | passes 2
I/DH2Native(28506): Combat result probe | _prim_tmp_cultist05 | character CryptSlime | amount 2036 | dot element -1 | dot duration 0 | dot amount 0 | HP leech 0 | MP leech 0 | outcomes 0 | mask 2271925 | category -1 | element -1 | seed 3406292 | calls 9 | validation only
I/DH2Native(28506): Health probe | _prim_tmp_cultist05 | character CryptSlime | damage 256 | add -256 | before 12160 | after 11904 | kill 0 | armed 1 | cue 0 | lifecycle -1 | dead skip 0 | validation only
I/DH2Native(28506): Health probe | _prim_tmp_cultist05 | character CryptSlime | damage 16384 | add -16384 | before 12160 | after 0 | kill 1 | armed 1 | cue 0 | lifecycle 3 | dead skip 0 | validation only
I/DH2Native(28506): Original idle selected | slime_green_v2.bdae | table 64 | sequence 613 | step 5 | clip 1259 | slime_idle_02.bdae | speed 1.0000 | actor _prim_tmp_cultist05
I/DH2Native(28506): Actor event track ready | slime_green_v2.bdae | clip 1246 | groups 1 | attack_mainhand ms 266
I/DH2Native(28506): Actor event track ready | slime_green_v2.bdae | clip 1247 | groups 0 | attack_mainhand ms -1
I/DH2Native(28506): Actor event track ready | slime_green_v2.bdae | clip 1248 | groups 1 | attack_mainhand ms 300
I/DH2Native(28506): Actor event track ready | slime_green_v2.bdae | clip 1249 | groups 0 | attack_mainhand ms -1
I/DH2Native(28506): Actor event track ready | slime_green_v2.bdae | clip 1251 | groups 0 | attack_mainhand ms -1
I/DH2Native(28506): Actor event track ready | slime_green_v2.bdae | clip 1258 | groups 0 | attack_mainhand ms -1
I/DH2Native(28506): Actor event track ready | slime_green_v2.bdae | clip 1259 | groups 0 | attack_mainhand ms -1
I/DH2Native(28506): Actor event track ready | slime_green_v2.bdae | clip 1261 | groups 0 | attack_mainhand ms -1
I/DH2Native(28506): Actor event track ready | slime_green_v2.bdae | clip 1262 | groups 0 | attack_mainhand ms -1
I/DH2Native(28506): Actor event track ready | slime_green_v2.bdae | clip 1268 | groups 0 | attack_mainhand ms -1
I/DH2Native(28506): Actor clip bank ready | slime_green_v2.bdae | clips 10 | independent instance clocks
I/DH2Native(28506): Object resource slime_green_v2.bdae | primitives 2 | tracks 12 | unbound 0 | unsupported 0 | removed helpers 0
I/DH2Native(28506): Base class snapshot | _prim_tmp_cultist06 | character CryptSlime | class 18 | level raw 256 | Max_HP raw 12160 | Max_MP raw 5632 | checksum e0cad1d302226d0f | cached only
I/DH2Native(28506): Resolved properties | _prim_tmp_cultist06 | character CryptSlime | HP raw -1 | Max_HP raw 12160 | MP raw -1 | Max_MP raw 5632 | checksum e0cad1d302226d0f | supplied sheets only
I/DH2Native(28506): Spawn vitals | _prim_tmp_cultist06 | character CryptSlime | HP raw 12160 | Max_HP raw 12160 | MP raw 5632 | Max_MP raw 5632 | first HP add raw 12160 | first MP add raw 5632 | second HP add raw 1 | second MP add raw 1 | checksum a1f87e373eade438 | passes 2
I/DH2Native(28506): Combat result probe | _prim_tmp_cultist06 | character CryptSlime | amount 2036 | dot element -1 | dot duration 0 | dot amount 0 | HP leech 0 | MP leech 0 | outcomes 0 | mask 2271925 | category -1 | element -1 | seed 3406292 | calls 9 | validation only
I/DH2Native(28506): Health probe | _prim_tmp_cultist06 | character CryptSlime | damage 256 | add -256 | before 12160 | after 11904 | kill 0 | armed 1 | cue 0 | lifecycle -1 | dead skip 0 | validation only
I/DH2Native(28506): Health probe | _prim_tmp_cultist06 | character CryptSlime | damage 16384 | add -16384 | before 12160 | after 0 | kill 1 | armed 1 | cue 0 | lifecycle 3 | dead skip 0 | validation only
I/DH2Native(28506): Original idle selected | slime_green_v2.bdae | table 64 | sequence 613 | step 5 | clip 1259 | slime_idle_02.bdae | speed 1.0000 | actor _prim_tmp_cultist06
I/DH2Native(28506): Base class snapshot | _prim_tmp_cultist07 | character Crypt_Skeleton | class 18 | level raw 256 | Max_HP raw 12160 | Max_MP raw 5632 | checksum 41ae0e800682474e | cached only
I/DH2Native(28506): Resolved properties | _prim_tmp_cultist07 | character Crypt_Skeleton | HP raw -1 | Max_HP raw 12160 | MP raw -1 | Max_MP raw 5632 | checksum 41ae0e800682474e | supplied sheets only
I/DH2Native(28506): Spawn vitals | _prim_tmp_cultist07 | character Crypt_Skeleton | HP raw 12160 | Max_HP raw 12160 | MP raw 5632 | Max_MP raw 5632 | first HP add raw 12160 | first MP add raw 5632 | second HP add raw 1 | second MP add raw 1 | checksum ee913bf1bab19e05 | passes 2
I/DH2Native(28506): Combat result probe | _prim_tmp_cultist07 | character Crypt_Skeleton | amount 2030 | dot element -1 | dot duration 0 | dot amount 0 | HP leech 0 | MP leech 0 | outcomes 0 | mask 2271925 | category -1 | element -1 | seed 11805120 | calls 9 | validation only
I/DH2Native(28506): Health probe | _prim_tmp_cultist07 | character Crypt_Skeleton | damage 256 | add -256 | before 12160 | after 11904 | kill 0 | armed 1 | cue 0 | lifecycle -1 | dead skip 0 | validation only
I/DH2Native(28506): Health probe | _prim_tmp_cultist07 | character Crypt_Skeleton | damage 16384 | add -16384 | before 12160 | after 0 | kill 1 | armed 1 | cue 0 | lifecycle 3 | dead skip 0 | validation only
I/DH2Native(28506): Original idle selected | skeleton.bdae | table 62 | sequence 596 | step 0 | clip 1194 | skeleton_idle_01.bdae | speed 1.0000 | actor _prim_tmp_cultist07
I/DH2Native(28506): Base class snapshot | _prim_tmp_cultist08 | character Crypt_Skeleton | class 18 | level raw 256 | Max_HP raw 12160 | Max_MP raw 5632 | checksum 41ae0e800682474e | cached only
I/DH2Native(28506): Resolved properties | _prim_tmp_cultist08 | character Crypt_Skeleton | HP raw -1 | Max_HP raw 12160 | MP raw -1 | Max_MP raw 5632 | checksum 41ae0e800682474e | supplied sheets only
I/DH2Native(28506): Spawn vitals | _prim_tmp_cultist08 | character Crypt_Skeleton | HP raw 12160 | Max_HP raw 12160 | MP raw 5632 | Max_MP raw 5632 | first HP add raw 12160 | first MP add raw 5632 | second HP add raw 1 | second MP add raw 1 | checksum ee913bf1bab19e05 | passes 2
I/DH2Native(28506): Combat result probe | _prim_tmp_cultist08 | character Crypt_Skeleton | amount 2030 | dot element -1 | dot duration 0 | dot amount 0 | HP leech 0 | MP leech 0 | outcomes 0 | mask 2271925 | category -1 | element -1 | seed 11805120 | calls 9 | validation only
I/DH2Native(28506): Health probe | _prim_tmp_cultist08 | character Crypt_Skeleton | damage 256 | add -256 | before 12160 | after 11904 | kill 0 | armed 1 | cue 0 | lifecycle -1 | dead skip 0 | validation only
I/DH2Native(28506): Health probe | _prim_tmp_cultist08 | character Crypt_Skeleton | damage 16384 | add -16384 | before 12160 | after 0 | kill 1 | armed 1 | cue 0 | lifecycle 3 | dead skip 0 | validation only
I/DH2Native(28506): Original idle selected | skeleton.bdae | table 62 | sequence 596 | step 1 | clip 1195 | skeleton_idle_02.bdae | speed 1.0000 | actor _prim_tmp_cultist08
I/com.example.dh2(28506): Compiler allocated 4522KB to compile void android.view.ViewRootImpl.performTraversals(long)
I/DH2Native(28506): Object resource crypt_candles2_small.bdae | primitives 3 | tracks 5 | unbound 0 | unsupported 0 | removed helpers 1
I/DH2Native(28506): Object resource crypt_candlestand_big.bdae | primitives 4 | tracks 3 | unbound 0 | unsupported 0 | removed helpers 2
I/DH2Native(28506): Object resource crypt_candlestand.bdae | primitives 4 | tracks 7 | unbound 0 | unsupported 0 | removed helpers 2
I/DH2Native(28506): Object resource crypt_candle2.bdae | primitives 3 | tracks 3 | unbound 0 | unsupported 0 | removed helpers 1
I/DH2Native(28506): Object resource crypt_candle1_small.bdae | primitives 3 | tracks 3 | unbound 0 | unsupported 0 | removed helpers 1
I/DH2Native(28506): Object resource crypt_candles.bdae | primitives 3 | tracks 7 | unbound 0 | unsupported 0 | removed helpers 1
I/DH2Native(28506): Object resource swamp_caveentrance_effect.bdae | primitives 1 | tracks 0 | unbound 0 | unsupported 3 | removed helpers 0
I/DH2Native(28506): Object resource crypt_candle_big.bdae | primitives 3 | tracks 3 | unbound 0 | unsupported 0 | removed helpers 1
I/DH2Native(28506): Base class snapshot | _prim_Monster | character CryptSlime | class 18 | level raw 256 | Max_HP raw 12160 | Max_MP raw 5632 | checksum e0cad1d302226d0f | cached only
I/DH2Native(28506): Resolved properties | _prim_Monster | character CryptSlime | HP raw -1 | Max_HP raw 12160 | MP raw -1 | Max_MP raw 5632 | checksum e0cad1d302226d0f | supplied sheets only
I/DH2Native(28506): Spawn vitals | _prim_Monster | character CryptSlime | HP raw 12160 | Max_HP raw 12160 | MP raw 5632 | Max_MP raw 5632 | first HP add raw 12160 | first MP add raw 5632 | second HP add raw 1 | second MP add raw 1 | checksum a1f87e373eade438 | passes 2
I/DH2Native(28506): Combat result probe | _prim_Monster | character CryptSlime | amount 2036 | dot element -1 | dot duration 0 | dot amount 0 | HP leech 0 | MP leech 0 | outcomes 0 | mask 2271925 | category -1 | element -1 | seed 3406292 | calls 9 | validation only
I/DH2Native(28506): Health probe | _prim_Monster | character CryptSlime | damage 256 | add -256 | before 12160 | after 11904 | kill 0 | armed 1 | cue 0 | lifecycle -1 | dead skip 0 | validation only
I/DH2Native(28506): Health probe | _prim_Monster | character CryptSlime | damage 16384 | add -16384 | before 12160 | after 0 | kill 1 | armed 1 | cue 0 | lifecycle 3 | dead skip 0 | validation only
I/DH2Native(28506): Original idle selected | slime_green_v2.bdae | table 64 | sequence 613 | step 1 | clip 1258 | slime_idle.bdae | speed 1.0000 | actor _prim_Monster
I/DH2Native(28506): Base class snapshot | _prim_Monster02 | character CryptSlime_RE | class 18 | level raw 256 | Max_HP raw 12160 | Max_MP raw 5632 | checksum eb471073d49b2c44 | cached only
I/DH2Native(28506): Resolved properties | _prim_Monster02 | character CryptSlime_RE | HP raw -1 | Max_HP raw 12160 | MP raw -1 | Max_MP raw 5632 | checksum eb471073d49b2c44 | supplied sheets only
I/DH2Native(28506): Spawn vitals | _prim_Monster02 | character CryptSlime_RE | HP raw 12160 | Max_HP raw 12160 | MP raw 5632 | Max_MP raw 5632 | first HP add raw 12160 | first MP add raw 5632 | second HP add raw 1 | second MP add raw 1 | checksum 6eba0582f78691bb | passes 2
I/DH2Native(28506): Combat result probe | _prim_Monster02 | character CryptSlime_RE | amount 2135 | dot element -1 | dot duration 0 | dot amount 0 | HP leech 0 | MP leech 0 | outcomes 0 | mask 2271925 | category -1 | element -1 | seed 7440849 | calls 9 | validation only
I/DH2Native(28506): Health probe | _prim_Monster02 | character CryptSlime_RE | damage 256 | add -256 | before 12160 | after 11904 | kill 0 | armed 1 | cue 0 | lifecycle -1 | dead skip 0 | validation only
I/DH2Native(28506): Health probe | _prim_Monster02 | character CryptSlime_RE | damage 16384 | add -16384 | before 12160 | after 0 | kill 1 | armed 1 | cue 0 | lifecycle 3 | dead skip 0 | validation only
I/DH2Native(28506): Original idle selected | slime_green_v2.bdae | table 64 | sequence 613 | step 0 | clip 1258 | slime_idle.bdae | speed 1.0000 | actor _prim_Monster02
I/DH2Native(28506): Base class snapshot | _prim_Monster05 | character CryptSlime | class 18 | level raw 256 | Max_HP raw 12160 | Max_MP raw 5632 | checksum e0cad1d302226d0f | cached only
I/DH2Native(28506): Resolved properties | _prim_Monster05 | character CryptSlime | HP raw -1 | Max_HP raw 12160 | MP raw -1 | Max_MP raw 5632 | checksum e0cad1d302226d0f | supplied sheets only
I/DH2Native(28506): Spawn vitals | _prim_Monster05 | character CryptSlime | HP raw 12160 | Max_HP raw 12160 | MP raw 5632 | Max_MP raw 5632 | first HP add raw 12160 | first MP add raw 5632 | second HP add raw 1 | second MP add raw 1 | checksum a1f87e373eade438 | passes 2
I/DH2Native(28506): Combat result probe | _prim_Monster05 | character CryptSlime | amount 2036 | dot element -1 | dot duration 0 | dot amount 0 | HP leech 0 | MP leech 0 | outcomes 0 | mask 2271925 | category -1 | element -1 | seed 3406292 | calls 9 | validation only
I/DH2Native(28506): Health probe | _prim_Monster05 | character CryptSlime | damage 256 | add -256 | before 12160 | after 11904 | kill 0 | armed 1 | cue 0 | lifecycle -1 | dead skip 0 | validation only
I/DH2Native(28506): Health probe | _prim_Monster05 | character CryptSlime | damage 16384 | add -16384 | before 12160 | after 0 | kill 1 | armed 1 | cue 0 | lifecycle 3 | dead skip 0 | validation only
I/DH2Native(28506): Original idle selected | slime_green_v2.bdae | table 64 | sequence 613 | step 4 | clip 1258 | slime_idle.bdae | speed 1.0000 | actor _prim_Monster05
I/DH2Native(28506): Object resource crypt_candle1.bdae | primitives 3 | tracks 3 | unbound 0 | unsupported 0 | removed helpers 1
I/DH2Native(28506): Base class snapshot | _prim_Monster_Ghost05 | character Crypt_Ghost | class 18 | level raw 256 | Max_HP raw 12160 | Max_MP raw 5632 | checksum 37563d932af809fb | cached only
I/DH2Native(28506): Resolved properties | _prim_Monster_Ghost05 | character Crypt_Ghost | HP raw -1 | Max_HP raw 12160 | MP raw -1 | Max_MP raw 5632 | checksum 37563d932af809fb | supplied sheets only
I/DH2Native(28506): Spawn vitals | _prim_Monster_Ghost05 | character Crypt_Ghost | HP raw 12160 | Max_HP raw 12160 | MP raw 5632 | Max_MP raw 5632 | first HP add raw 12160 | first MP add raw 5632 | second HP add raw 1 | second MP add raw 1 | checksum e41199bf55080334 | passes 2
I/DH2Native(28506): Combat result probe | _prim_Monster_Ghost05 | character Crypt_Ghost | amount 2263 | dot element -1 | dot duration 0 | dot amount 0 | HP leech 0 | MP leech 0 | outcomes 0 | mask 2271925 | category -1 | element -1 | seed 3474079 | calls 9 | validation only
I/DH2Native(28506): Health probe | _prim_Monster_Ghost05 | character Crypt_Ghost | damage 256 | add -256 | before 12160 | after 11904 | kill 0 | armed 1 | cue 0 | lifecycle -1 | dead skip 0 | validation only
I/DH2Native(28506): Health probe | _prim_Monster_Ghost05 | character Crypt_Ghost | damage 16384 | add -16384 | before 12160 | after 0 | kill 1 | armed 1 | cue 0 | lifecycle 3 | dead skip 0 | validation only
I/DH2Native(28506): Original idle selected | ghost.bdae | table 24 | sequence 210 | step 0 | clip 706 | ghost_idle_01.bdae | speed 1.3000 | actor _prim_Monster_Ghost05
I/DH2Native(28506): Actor event track ready | ghost.bdae | clip 697 | groups 1 | attack_mainhand ms 999
I/DH2Native(28506): Actor event track ready | ghost.bdae | clip 700 | groups 0 | attack_mainhand ms -1
I/DH2Native(28506): Actor event track ready | ghost.bdae | clip 706 | groups 0 | attack_mainhand ms -1
I/DH2Native(28506): Actor event track ready | ghost.bdae | clip 707 | groups 0 | attack_mainhand ms -1
I/DH2Native(28506): Actor event track ready | ghost.bdae | clip 710 | groups 0 | attack_mainhand ms -1
I/DH2Native(28506): Actor event track ready | ghost.bdae | clip 714 | groups 0 | attack_mainhand ms -1
I/DH2Native(28506): Actor event track ready | ghost.bdae | clip 717 | groups 0 | attack_mainhand ms -1
I/DH2Native(28506): Actor clip bank ready | ghost.bdae | clips 7 | independent instance clocks
I/DH2Native(28506): Object resource ghost.bdae | primitives 2 | tracks 24 | unbound 0 | unsupported 0 | removed helpers 2
I/DH2Native(28506): Base class snapshot | _prim_Monster_Ghost06 | character Crypt_Ghost | class 18 | level raw 256 | Max_HP raw 12160 | Max_MP raw 5632 | checksum 37563d932af809fb | cached only
I/DH2Native(28506): Resolved properties | _prim_Monster_Ghost06 | character Crypt_Ghost | HP raw -1 | Max_HP raw 12160 | MP raw -1 | Max_MP raw 5632 | checksum 37563d932af809fb | supplied sheets only
I/DH2Native(28506): Spawn vitals | _prim_Monster_Ghost06 | character Crypt_Ghost | HP raw 12160 | Max_HP raw 12160 | MP raw 5632 | Max_MP raw 5632 | first HP add raw 12160 | first MP add raw 5632 | second HP add raw 1 | second MP add raw 1 | checksum e41199bf55080334 | passes 2
I/DH2Native(28506): Combat result probe | _prim_Monster_Ghost06 | character Crypt_Ghost | amount 2263 | dot element -1 | dot duration 0 | dot amount 0 | HP leech 0 | MP leech 0 | outcomes 0 | mask 2271925 | category -1 | element -1 | seed 3474079 | calls 9 | validation only
I/DH2Native(28506): Health probe | _prim_Monster_Ghost06 | character Crypt_Ghost | damage 256 | add -256 | before 12160 | after 11904 | kill 0 | armed 1 | cue 0 | lifecycle -1 | dead skip 0 | validation only
I/DH2Native(28506): Health probe | _prim_Monster_Ghost06 | character Crypt_Ghost | damage 16384 | add -16384 | before 12160 | after 0 | kill 1 | armed 1 | cue 0 | lifecycle 3 | dead skip 0 | validation only
I/DH2Native(28506): Original idle selected | ghost.bdae | table 24 | sequence 210 | step 0 | clip 706 | ghost_idle_01.bdae | speed 1.3000 | actor _prim_Monster_Ghost06
I/DH2Native(28506): Base class snapshot | _prim_Monster_SURPRISE_01 | character Crypt_Ghost | class 18 | level raw 256 | Max_HP raw 12160 | Max_MP raw 5632 | checksum 37563d932af809fb | cached only
I/DH2Native(28506): Resolved properties | _prim_Monster_SURPRISE_01 | character Crypt_Ghost | HP raw -1 | Max_HP raw 12160 | MP raw -1 | Max_MP raw 5632 | checksum 37563d932af809fb | supplied sheets only
I/DH2Native(28506): Spawn vitals | _prim_Monster_SURPRISE_01 | character Crypt_Ghost | HP raw 12160 | Max_HP raw 12160 | MP raw 5632 | Max_MP raw 5632 | first HP add raw 12160 | first MP add raw 5632 | second HP add raw 1 | second MP add raw 1 | checksum e41199bf55080334 | passes 2
I/DH2Native(28506): Combat result probe | _prim_Monster_SURPRISE_01 | character Crypt_Ghost | amount 2263 | dot element -1 | dot duration 0 | dot amount 0 | HP leech 0 | MP leech 0 | outcomes 0 | mask 2271925 | category -1 | element -1 | seed 3474079 | calls 9 | validation only
I/DH2Native(28506): Health probe | _prim_Monster_SURPRISE_01 | character Crypt_Ghost | damage 256 | add -256 | before 12160 | after 11904 | kill 0 | armed 1 | cue 0 | lifecycle -1 | dead skip 0 | validation only
I/DH2Native(28506): Health probe | _prim_Monster_SURPRISE_01 | character Crypt_Ghost | damage 16384 | add -16384 | before 12160 | after 0 | kill 1 | armed 1 | cue 0 | lifecycle 3 | dead skip 0 | validation only
I/DH2Native(28506): Original idle selected | ghost.bdae | table 24 | sequence 210 | step 0 | clip 706 | ghost_idle_01.bdae | speed 1.3000 | actor _prim_Monster_SURPRISE_01
I/DH2Native(28506): Base class snapshot | _prim_Monster_SURPRISE_02 | character Crypt_Ghost | class 18 | level raw 256 | Max_HP raw 12160 | Max_MP raw 5632 | checksum 37563d932af809fb | cached only
I/DH2Native(28506): Resolved properties | _prim_Monster_SURPRISE_02 | character Crypt_Ghost | HP raw -1 | Max_HP raw 12160 | MP raw -1 | Max_MP raw 5632 | checksum 37563d932af809fb | supplied sheets only
I/DH2Native(28506): Spawn vitals | _prim_Monster_SURPRISE_02 | character Crypt_Ghost | HP raw 12160 | Max_HP raw 12160 | MP raw 5632 | Max_MP raw 5632 | first HP add raw 12160 | first MP add raw 5632 | second HP add raw 1 | second MP add raw 1 | checksum e41199bf55080334 | passes 2
I/DH2Native(28506): Combat result probe | _prim_Monster_SURPRISE_02 | character Crypt_Ghost | amount 2263 | dot element -1 | dot duration 0 | dot amount 0 | HP leech 0 | MP leech 0 | outcomes 0 | mask 2271925 | category -1 | element -1 | seed 3474079 | calls 9 | validation only
I/DH2Native(28506): Health probe | _prim_Monster_SURPRISE_02 | character Crypt_Ghost | damage 256 | add -256 | before 12160 | after 11904 | kill 0 | armed 1 | cue 0 | lifecycle -1 | dead skip 0 | validation only
I/DH2Native(28506): Health probe | _prim_Monster_SURPRISE_02 | character Crypt_Ghost | damage 16384 | add -16384 | before 12160 | after 0 | kill 1 | armed 1 | cue 0 | lifecycle 3 | dead skip 0 | validation only
I/DH2Native(28506): Original idle selected | ghost.bdae | table 24 | sequence 210 | step 0 | clip 706 | ghost_idle_01.bdae | speed 1.3000 | actor _prim_Monster_SURPRISE_02
I/DH2Native(28506): 3D upload OK | 4 draws | 586 triangles | 2 textures
I/DH2Native(28506): 29 animation tracks | 0 skipped | Preview lighting. Drag to orbit. | nodes 35 | skipped nongeometry instances 1 | skin draws 4 | segments 2
I/DH2Native(28506): Player properties | KnightPlayerBase | HP 42265 | MP 6976 | checksum 80406e3d6a338f9d | attempts 0 | attacking 0
I/DH2Native(28506): Prince blended bank ready | resources 116 | occurrences 158 | targets 83 | template 1111 | engine 0 | game clip 1111
I/DH2Native(28506): Blended character event | event 0x24 | clip 1111 | slot 0 | phase 5 | lag 0
I/DH2Native(28506): Blended character event | event 0x26 | clip 1111 | slot 0 | phase 5 | lag 0
I/DH2Native(28506): Character animation selected | state 3 | flags 2380 | sequence 262 | clip 1040 | actor state service
I/DH2Native(28506): Character state event | state 3 | event 1d | prior -1 | flags 2380
I/DH2Native(28506): Player source state | previous -1 | current 3 | event 0x0 | flags 2380 | root 262 | clip 1040 | position -1405.2300 19893.5391 636.4874 | Step 0
I/DH2Native(28506): Spawn visibility | _prim_Monster_SURPRISE_01 | visible 0 | enabled 1
I/DH2Native(28506): Spawn source state | _prim_Monster_SURPRISE_01 | previous -1 | current 0 | flags 0 | sequence -1 | clip 706 | body 0
I/DH2Native(28506): Gated character ready | _prim_Monster_SURPRISE_01 | source state 0 | presentation visible 0 | body 0 | Spawn sequence 213 | AI type 4 | restored 0
I/DH2Native(28506): Spawn visibility | _prim_Monster_SURPRISE_02 | visible 0 | enabled 1
I/DH2Native(28506): Spawn source state | _prim_Monster_SURPRISE_02 | previous -1 | current 0 | flags 0 | sequence -1 | clip 706 | body 0
I/DH2Native(28506): Gated character ready | _prim_Monster_SURPRISE_02 | source state 0 | presentation visible 0 | body 0 | Spawn sequence 213 | AI type 4 | restored 0
I/DH2Native(28506): Native actor ready | genuine bodies 83 | decor colliders 82 | radius 113.699577 | source bounds -1518.93 19862.8 -1291.53 19924.3 | flags 2380 | scene then Step then actor
I/DH2Native(28506): Native Level fields | ordinal 23 | hub 2 | random 1 | difficulty 0 | file 007_crypt_01.rule.xml | source ranges 8 10 / 45 47 / 74 76 | viewport owner; GSLevel stack pending
I/DH2Native(28506): CharAI constructor projections | characters 14 | native source-order registration records 14 | source Character associations 14 | active AIS initialization pending
I/DH2Native(28506): Native CharAI lifetime | fresh constructors 14 | retained owners 0 | graphics registry rebuilt
I/DH2Native(28506): Native managed host | Level 1 | difficulty 0 | property reads 2 | member writes 1 | offline embedded PlayerInfo; full profile/network pending
I/DH2Native(28506): Native monster initialization | _prim_Monster_SURPRISE_01 | Level 2048 | HP 25600 / 25600 | MP 23552 / 23552 | callbacks 1 | timers 2 | flags 183c | same VM published 1 | retained 0 | paused providers 2 | skills/post/final/frame pending
I/DH2Native(28506): Native monster VM owner | _prim_Monster_SURPRISE_01 | native handle 7d4215268320 | source active 7d4215268400 | source pending 7d4215268400
I/DH2Native(28506): Native monster timer retained | _prim_Monster_SURPRISE_01 | slot 0 | event 33 | duration 3000 | elapsed 0 | active 1 | paused 1
I/DH2Native(28506): Native monster timer retained | _prim_Monster_SURPRISE_01 | slot 1 | event 34 | duration 1000 | elapsed 0 | active 1 | paused 1
I/DH2Native(28506): Native monster initialization | _prim_Monster_SURPRISE_02 | Level 2048 | HP 25600 / 25600 | MP 23552 / 23552 | callbacks 1 | timers 2 | flags 183c | same VM published 1 | retained 0 | paused providers 2 | skills/post/final/frame pending
I/DH2Native(28506): Native monster VM owner | _prim_Monster_SURPRISE_02 | native handle 7d421526c3e0 | source active 7d421526c4c0 | source pending 7d421526c4c0
I/DH2Native(28506): Native monster timer retained | _prim_Monster_SURPRISE_02 | slot 0 | event 33 | duration 3000 | elapsed 0 | active 1 | paused 1
I/DH2Native(28506): Native monster timer retained | _prim_Monster_SURPRISE_02 | slot 1 | event 34 | duration 1000 | elapsed 0 | active 1 | paused 1
I/DH2Native(28506): Native Debug persistence | loaded 1 | switches 24 | read opens 1 | read closes 1 | saves 5 | write closes 5 | IO errors 0 | app-private real file
I/DH2Native(28506): Crypt script ready | common 15 | level 25 | script 17 | room 7 | trigger -1405.23 19500.3 608.062 | source AABB contact | other scripts pending
I/DH2Native(28506): Native Character list | characters 14 | owned nodes 14 | copied links 0 | full ObjectManager factory 0 | autonomous Ghost AI 0
I/DH2Native(28506): Objects ready | monsters 13 | decors 84 | resources 12 | instance draws 295 | triangles 6775 | character records 448 | model entries 116 | idle preview only
I/DH2Native(28506): Native floors ready | records 8 | graph nodes 335 | graph edges 838 | selector collision controls height
I/DH2Native(28506): Native floor links ready | neighbour relations 14 | validation references 998 | graph-node search ready
I/DH2Native(28506): Native graph route probe | floor pairs 64 | successful 64 | segments 1598 | state 5454073390c7d916 | endpoints and movement pending
I/DH2Native(28506): Native world route probe | floor pairs 64 | successful 64 | direct 0 | graph 64 | segments 2086 | state 3a3ab2a724cc383b | smoothing and movement pending
I/DH2Native(28506): Native FindPath probe | floor pairs 64 | successful 64 | owned 64 | segments 2086 | state 9356b419cae2bc57 | position controller pending
I/DH2Native(28506): Native floor motion probe | floor pairs 64 | position valid 64 | accepted 64 | direction valid 64 | state d60ad48039cc85c6 | controller and dynamic obstacles pending
I/DH2Native(28506): Native obstacle registry probe | floor pairs 64 | accepted 64 | registered 64 | relocated 56 | state 22a98dfc4102db51 | forces and controller pending
I/DH2Native(28506): Native avoidance probe | floors 8 | force contributions 16 | adjusted 8 | turn limited 8 | state 09d1d79d2612c945 | actor producers and controller pending
I/DH2Native(28506): Native actor producer probe | floors 8 | registered 8 | physical radius updates 8 | state 30c1f3ac1bf81145 | physical construction and controller pending
I/DH2Native(28506): Native heading control | player movement and melee facing use recovered source | UpdatePath rotation subobjects and genuine physics active
I/DH2Native(28506): World ready | rooms 8 | visual draws 101 | navigation triangles 314 | idle tracks 23 | walk tracks 27 | position -1405.2300 19893.5391 636.4874
I/DH2Native(28506): Prince blended inspection | frozen 0 | scene 0 | Step 0 | actor 0 | clip 1040 | ms 0 | body -14.0523 198.935 | pose 5f96fe6e2b6d998d
I/DH2Native(28506): worlds/crypt01.dwld: Crypt | 8 rooms | 13 monsters | 84 scenery objects
I/DH2Native(28506): 21612 triangles. Drag the movement control to walk.
I/DH2Native(28506): Surface resized to 1080 x 1953
I/DH2Native(28506): Character external service pending | service 19 | state 3
I/DH2Native(28506): Native actor frame | scene 3 | Step 1 | actor 1 | source phase 5 | clip 1040 | ms 0 | replays 0 | body -14.0523 198.935 | contacts 0 0 | state 3 | body present 1 | timeline scale 1
I/DH2Native(28506): Model frame submitted at 1080 x 1953
E/BLASTBufferQueue(28506): [80b0f87 SurfaceView[com.example.dh2/com.example.dh2.MainActivity]#1](f:0,a:0) rejecting buffer:active_size=1080x1867, requested_size=1080x1867 buffer{size=1080x1953 transform=0}
I/DH2Native(28506): Surface resized to 1080 x 1867
D/InsetsController(28506): hide(ime())
I/ImeTracker(28506): com.example.dh2:77fa53a2: onCancelled at PHASE_CLIENT_ALREADY_HIDDEN
I/DH2Native(28506): Model frame submitted at 1080 x 1867
I/DH2Native(28506): Blended character event | event 0x28 | clip 1040 | slot 1 | phase 1 | lag 6
I/DH2Native(28506): Player animation event | clip 1040 | name do_skill | sequence 0 | attack step 0 | kind 0 | lag 6 | scene before Step | Step 5 | position -1405.2300 19893.5391 636.4874
I/DH2Native(28506): Blended character event | event 0x27 | clip 1040 | slot 1 | phase 4 | lag 0
I/DH2Native(28506): Blended character event | event 0x25 | clip 1040 | slot 1 | phase 4 | lag 0
I/DH2Native(28506): Blended character event | event 0x23 | clip 1040 | slot 1 | phase 4 | lag 0
I/DH2Native(28506): Blended character event | event 0x24 | clip 1040 | slot 1 | phase 5 | lag 0
I/DH2Native(28506): Blended character event | event 0x26 | clip 1040 | slot 1 | phase 5 | lag 0
I/DH2Native(28506): Actor clip completed | _prim_tmp_cultist05 | state Idle | completions 1 | active 1 | next clip 1258 | layers 1
I/DH2Native(28506): Actor clip completed | _prim_tmp_cultist06 | state Idle | completions 1 | active 1 | next clip 1259 | layers 1
I/DH2Native(28506): Actor clip completed | _prim_Monster | state Idle | completions 1 | active 1 | next clip 1258 | layers 1
I/DH2Native(28506): Actor clip completed | _prim_Monster02 | state Idle | completions 1 | active 1 | next clip 1259 | layers 1
I/DH2Native(28506): Actor clip completed | _prim_Monster05 | state Idle | completions 1 | active 1 | next clip 1258 | layers 1
I/DH2Native(28506): Blended character event | event 0x28 | clip 1040 | slot 0 | phase 1 | lag 45
I/DH2Native(28506): Player animation event | clip 1040 | name do_skill | sequence 0 | attack step 0 | kind 0 | lag 45 | scene before Step | Step 43 | position -1405.2300 19893.5391 636.4874
I/DH2Native(28506): Blended character event | event 0x27 | clip 1040 | slot 0 | phase 4 | lag 0
I/DH2Native(28506): Blended character event | event 0x25 | clip 1040 | slot 0 | phase 4 | lag 0
I/DH2Native(28506): Blended character event | event 0x23 | clip 1040 | slot 0 | phase 4 | lag 0
I/DH2Native(28506): Blended character event | event 0x24 | clip 1040 | slot 0 | phase 5 | lag 0
I/DH2Native(28506): Blended character event | event 0x26 | clip 1040 | slot 0 | phase 5 | lag 0
I/DH2Native(28506): Actor clip completed | _prim_tmp_cultist05 | state Idle | completions 2 | active 1 | next clip 1258 | layers 1
I/DH2Native(28506): Actor clip completed | _prim_tmp_cultist06 | state Idle | completions 2 | active 1 | next clip 1258 | layers 1
I/DH2Native(28506): Actor clip completed | _prim_Monster | state Idle | completions 2 | active 1 | next clip 1258 | layers 1
I/DH2Native(28506): Actor clip completed | _prim_Monster02 | state Idle | completions 2 | active 1 | next clip 1258 | layers 1
I/DH2Native(28506): Actor clip completed | _prim_Monster05 | state Idle | completions 2 | active 1 | next clip 1258 | layers 1
I/DH2Native(28506): Blended character event | event 0x28 | clip 1040 | slot 1 | phase 1 | lag 21
I/DH2Native(28506): Player animation event | clip 1040 | name do_skill | sequence 0 | attack step 0 | kind 0 | lag 21 | scene before Step | Step 70 | position -1405.2300 19893.5391 636.4874
D/ProfileInstaller(28506): Installing profile for com.example.dh2
I/DH2Native(28506): Blended character event | event 0x27 | clip 1040 | slot 1 | phase 4 | lag 0
I/DH2Native(28506): Blended character event | event 0x25 | clip 1040 | slot 1 | phase 4 | lag 0
I/DH2Native(28506): Blended character event | event 0x23 | clip 1040 | slot 1 | phase 4 | lag 0
I/DH2Native(28506): Blended character event | event 0x24 | clip 1040 | slot 1 | phase 5 | lag 0
I/DH2Native(28506): Blended character event | event 0x26 | clip 1040 | slot 1 | phase 5 | lag 0
I/DH2Native(28506): Blended character event | event 0x28 | clip 1040 | slot 0 | phase 1 | lag 13
I/DH2Native(28506): Player animation event | clip 1040 | name do_skill | sequence 0 | attack step 0 | kind 0 | lag 13 | scene before Step | Step 112 | position -1405.2300 19893.5391 636.4874
I/DH2Native(28506): Actor clip completed | _prim_tmp_cultist05 | state Idle | completions 3 | active 1 | next clip 1258 | layers 1
I/DH2Native(28506): Actor clip completed | _prim_tmp_cultist06 | state Idle | completions 3 | active 1 | next clip 1258 | layers 1
I/DH2Native(28506): Actor clip completed | _prim_Monster | state Idle | completions 3 | active 1 | next clip 1258 | layers 1
I/DH2Native(28506): Actor clip completed | _prim_Monster02 | state Idle | completions 3 | active 1 | next clip 1259 | layers 1
I/DH2Native(28506): Actor clip completed | _prim_Monster05 | state Idle | completions 3 | active 1 | next clip 1258 | layers 1
I/DH2Native(28506): Native actor frame | scene 4080 | Step 120 | actor 120 | source phase 5 | clip 1040 | ms 739 | replays 3 | body -14.0523 198.935 | contacts 0 0 | state 3 | body present 1 | timeline scale 1
I/DH2Native(28506): Blended character event | event 0x27 | clip 1040 | slot 0 | phase 4 | lag 0
I/DH2Native(28506): Blended character event | event 0x25 | clip 1040 | slot 0 | phase 4 | lag 0
I/DH2Native(28506): Blended character event | event 0x23 | clip 1040 | slot 0 | phase 4 | lag 0
I/DH2Native(28506): Blended character event | event 0x24 | clip 1040 | slot 0 | phase 5 | lag 0
I/DH2Native(28506): Blended character event | event 0x26 | clip 1040 | slot 0 | phase 5 | lag 0
I/DH2Native(28506): Actor clip completed | _prim_Monster_Ghost05 | state Idle | completions 1 | active 1 | next clip 706 | layers 1
I/DH2Native(28506): Actor clip completed | _prim_Monster_Ghost06 | state Idle | completions 1 | active 1 | next clip 706 | layers 1
I/DH2Native(28506): Blended character event | event 0x28 | clip 1040 | slot 1 | phase 1 | lag 17
I/DH2Native(28506): Player animation event | clip 1040 | name do_skill | sequence 0 | attack step 0 | kind 0 | lag 17 | scene before Step | Step 153 | position -1405.2300 19893.5391 636.4874
I/DH2Native(28506): Blended character event | event 0x24 | clip 1040 | slot 1 | phase 5 | lag 0
I/DH2Native(28506): Blended character event | event 0x26 | clip 1040 | slot 1 | phase 5 | lag 0
I/DH2Native(28506): Character animation selected | state 4 | flags 23c1 | sequence 271 | clip 1114 | actor state service
I/DH2Native(28506): Locomotion clip: Run | original selected clip 1114 | timeline speed 1.29999995 | authored restart
I/DH2Native(28506): Character state event | state 4 | event 1d | prior 3 | flags 23c1
I/DH2Native(28506): Player source state | previous 3 | current 4 | event 0xc351 | flags 23c1 | root 271 | clip 1114 | position -1405.2300 19893.5391 636.4874 | Step 161
I/DH2Native(28506): Actor clip completed | _prim_tmp_cultist05 | state Idle | completions 4 | active 1 | next clip 1258 | layers 1
I/DH2Native(28506): Actor clip completed | _prim_tmp_cultist06 | state Idle | completions 4 | active 1 | next clip 1258 | layers 1
I/DH2Native(28506): Actor clip completed | _prim_Monster | state Idle | completions 4 | active 1 | next clip 1258 | layers 1
I/DH2Native(28506): Actor clip completed | _prim_Monster02 | state Idle | completions 4 | active 1 | next clip 1258 | layers 1
I/DH2Native(28506): Actor clip completed | _prim_Monster05 | state Idle | completions 4 | active 1 | next clip 1259 | layers 1
I/DH2Native(28506): Blended character event | event 0x28 | clip 1114 | slot 0 | phase 1 | lag 5
I/DH2Native(28506): Player animation event | clip 1114 | name ev_step_left | sequence 0 | attack step 0 | kind 0 | lag 5 | scene before Step | Step 167 | position -1401.7928 19784.2051 636.4874
I/DH2Native(28506): Crypt trigger activated | GhostAmbush01 | count 1 | time 5588 | player AABB -1511.48 19627 485.818 -1284.08 19688.5 787.157 | authored placement
I/DH2Native(28506): Crypt script Wait | duration 250 | time 5614 | dt 26 | source check then update and return
I/DH2Native(28506): Player position -1399.4160 19554.9395 636.4874 | moved 15 | blocked 2
I/DH2Native(28506): Player facing | angle 0 | native updates 17
I/DH2Native(28506): Character state event | state 4 | event 3f | prior 0 | flags 23c1
I/DH2Native(28506): Blended character event | event 0x24 | clip 1114 | slot 0 | phase 5 | lag 0
I/DH2Native(28506): Blended character event | event 0x26 | clip 1114 | slot 0 | phase 5 | lag 0
I/DH2Native(28506): Character animation selected | state 3 | flags 2380 | sequence 262 | clip 1040 | actor state service
I/DH2Native(28506): Character state event | state 3 | event 1d | prior 4 | flags 2380
I/DH2Native(28506): Player source state | previous 4 | current 3 | event 0x3f | flags 2380 | root 262 | clip 1040 | position -1399.4160 19554.9395 636.4874 | Step 178
I/DH2Native(28506): Spawn visibility | _prim_Monster_SURPRISE_01 | visible 1 | enabled 1
I/DH2Native(28506): Spawn fade stub | _prim_Monster_SURPRISE_01 | raw argument 3000 | original bx lr
I/DH2Native(28506): Spawn source state | _prim_Monster_SURPRISE_01 | previous 0 | current 1 | flags 241 | sequence 213 | clip 714 | body 0
I/DH2Native(28506): Crypt script SpawnCharacter | _prim_Monster_SURPRISE_01 | script 17 | command 1 | time 5882 | result requested | synchronous original command service
I/DH2Native(28506): Crypt script Wait | duration 75 | time 5882 | dt 20 | source check then update and return
I/DH2Native(28506): Spawn visibility | _prim_Monster_SURPRISE_02 | visible 1 | enabled 1
I/DH2Native(28506): Spawn fade stub | _prim_Monster_SURPRISE_02 | raw argument 3000 | original bx lr
I/DH2Native(28506): Spawn source state | _prim_Monster_SURPRISE_02 | previous 0 | current 1 | flags 241 | sequence 213 | clip 714 | body 0
I/DH2Native(28506): Crypt script SpawnCharacter | _prim_Monster_SURPRISE_02 | script 17 | command 3 | time 5974 | result requested | synchronous original command service
I/DH2Native(28506): Crypt script completed | GhostAmbush01 | time 5974 | requests 2
I/DH2Native(28506): Actor clip completed | _prim_tmp_cultist03 | state Idle | completions 1 | active 1 | next clip 1194 | layers 1
I/DH2Native(28506): Actor clip completed | _prim_tmp_cultist08 | state Idle | completions 1 | active 1 | next clip 1195 | layers 1
I/DH2Native(28506): Blended character event | event 0x28 | clip 1040 | slot 1 | phase 1 | lag 4
I/DH2Native(28506): Player animation event | clip 1040 | name do_skill | sequence 0 | attack step 0 | kind 0 | lag 4 | scene before Step | Step 197 | position -1399.4160 19554.9395 636.4874
I/DH2Native(28506): Actor clip completed | _prim_tmp_cultist05 | state Idle | completions 5 | active 1 | next clip 1259 | layers 1
I/DH2Native(28506): Actor clip completed | _prim_tmp_cultist06 | state Idle | completions 5 | active 1 | next clip 1258 | layers 1
I/DH2Native(28506): Actor clip completed | _prim_Monster | state Idle | completions 5 | active 1 | next clip 1258 | layers 1
I/DH2Native(28506): Actor clip completed | _prim_Monster02 | state Idle | completions 5 | active 1 | next clip 1258 | layers 1
I/DH2Native(28506): Actor clip completed | _prim_Monster05 | state Idle | completions 5 | active 1 | next clip 1258 | layers 1
I/DH2Native(28506): Blended character event | event 0x27 | clip 1040 | slot 1 | phase 4 | lag 0
I/DH2Native(28506): Blended character event | event 0x25 | clip 1040 | slot 1 | phase 4 | lag 0
I/DH2Native(28506): Blended character event | event 0x23 | clip 1040 | slot 1 | phase 4 | lag 0
I/DH2Native(28506): Blended character event | event 0x24 | clip 1040 | slot 1 | phase 5 | lag 0
I/DH2Native(28506): Blended character event | event 0x26 | clip 1040 | slot 1 | phase 5 | lag 0
I/DH2Native(28506): Actor clip completed | _prim_Monster_SURPRISE_01 | state Spawn | completions 1 | active 0 | next clip 714 | layers 0
I/DH2Native(28506): Spawn body ready | _prim_Monster_SURPRISE_01 | creations 1 | radius 145.718735 | category 10 | mask d3f
I/DH2Native(28506): Spawn source state | _prim_Monster_SURPRISE_01 | previous 1 | current 3 | flags 2380 | sequence 210 | clip 706 | body 1
I/DH2Native(28506): Spawn source event | _prim_Monster_SURPRISE_01 | event 0x22 | current 3 | body 1
I/DH2Native(28506): Gated actor IdleCommonUpdate boundary | _prim_Monster_SURPRISE_01 | autonomous AI producer pending
I/DH2Native(28506): Actor clip completed | _prim_Monster_SURPRISE_02 | state Spawn | completions 1 | active 0 | next clip 714 | layers 0
I/DH2Native(28506): Spawn body ready | _prim_Monster_SURPRISE_02 | creations 1 | radius 145.718735 | category 10 | mask d3f
I/DH2Native(28506): Spawn source state | _prim_Monster_SURPRISE_02 | previous 1 | current 3 | flags 2380 | sequence 210 | clip 706 | body 1
I/DH2Native(28506): Spawn source event | _prim_Monster_SURPRISE_02 | event 0x22 | current 3 | body 1
I/DH2Native(28506): Gated actor IdleCommonUpdate boundary | _prim_Monster_SURPRISE_02 | autonomous AI producer pending
I/DH2Native(28506): Native actor frame | scene 7366 | Step 240 | actor 240 | source phase 5 | clip 1041 | ms 542 | replays 7 | body -13.9942 195.549 | contacts 0 0 | state 3 | body present 1 | timeline scale 1
I/DH2Native(28506): Actor clip completed | _prim_tmp_cultist05 | state Idle | completions 6 | active 1 | next clip 1258 | layers 1
I/DH2Native(28506): Actor clip completed | _prim_tmp_cultist06 | state Idle | completions 6 | active 1 | next clip 1258 | layers 1
I/DH2Native(28506): Actor clip completed | _prim_Monster | state Idle | completions 6 | active 1 | next clip 1259 | layers 1
I/DH2Native(28506): Actor clip completed | _prim_Monster02 | state Idle | completions 6 | active 1 | next clip 1258 | layers 1
I/DH2Native(28506): Actor clip completed | _prim_Monster05 | state Idle | completions 6 | active 1 | next clip 1258 | layers 1
I/DH2Native(28506): Blended character event | event 0x27 | clip 1041 | slot 0 | phase 4 | lag 0
I/DH2Native(28506): Blended character event | event 0x25 | clip 1041 | slot 0 | phase 4 | lag 0
I/DH2Native(28506): Blended character event | event 0x23 | clip 1041 | slot 0 | phase 4 | lag 0
I/DH2Native(28506): Blended character event | event 0x24 | clip 1041 | slot 0 | phase 5 | lag 0
I/DH2Native(28506): Blended character event | event 0x26 | clip 1041 | slot 0 | phase 5 | lag 0
I/DH2Native(28506): Actor clip completed | _prim_Monster_Ghost05 | state Idle | completions 2 | active 1 | next clip 706 | layers 1
I/DH2Native(28506): Actor clip completed | _prim_Monster_Ghost06 | state Idle | completions 2 | active 1 | next clip 706 | layers 1
I/DH2Native(28506): Actor clip completed | _prim_tmp_cultist01 | state Idle | completions 1 | active 1 | next clip 1194 | layers 1
I/DH2Native(28506): Actor clip completed | _prim_tmp_cultist07 | state Idle | completions 1 | active 1 | next clip 1194 | layers 1
I/DH2Native(28506): Actor clip completed | _prim_tmp_cultist05 | state Idle | completions 7 | active 1 | next clip 1259 | layers 1
I/DH2Native(28506): Actor clip completed | _prim_tmp_cultist06 | state Idle | completions 7 | active 1 | next clip 1258 | layers 1
I/DH2Native(28506): Actor clip completed | _prim_Monster | state Idle | completions 7 | active 1 | next clip 1258 | layers 1
I/DH2Native(28506): Actor clip completed | _prim_Monster02 | state Idle | completions 7 | active 1 | next clip 1258 | layers 1
I/DH2Native(28506): Actor clip completed | _prim_Monster05 | state Idle | completions 7 | active 1 | next clip 1258 | layers 1
I/DH2Native(28506): Player position -1399.4160 19554.9395 636.4874 | moved 15 | blocked 2
I/DH2Native(28506): Player facing | angle 0 | native updates 17
I/DH2Native(28506): Renderer: Android Emulator OpenGL ES Translator (Google SwiftShader)
I/DH2Native(28506): GLES: OpenGL ES 3.0 (OpenGL ES 3.0 SwiftShader 4.0.0.1)
I/DH2Native(28506): Enemy AI configured | automatic melee 0
I/DH2Native(28506): Mod asset loaded | worlds/crypt01.dwld | bytes 1048
I/DH2Native(28506): Class tables ready | classes 260 | bytes 34224 | cached base snapshots
I/DH2Native(28506): Native level catalogue | fast travel 33 | levels 51 | Crypt row 23 | ranges 8 10 / 45 47 / 74 76 | GSLevel ownership pending
I/DH2Native(28506): AI tables ready | configs 76 | factions 16 | automatic melee 0 | pursuit and full FSM pending
I/DH2Native(28506): Property rules ready | defaults row 0 | types row 1 | properties 224 | supplied sheets only
I/DH2Native(28506): Animation tables ready | sequences 785 | characters 80 | clip paths 1447 | bytes 72812
I/DH2Native(28506): Player attack track ready | clip 1111 | tracks 81 | unbound 0 | attack_mainhand ms -1
I/DH2Native(28506): Player attack track ready | clip 1063 | tracks 29 | unbound 0 | attack_mainhand ms -1
I/DH2Native(28506): Player attack track ready | clip 1040 | tracks 23 | unbound 0 | attack_mainhand ms -1
I/DH2Native(28506): Player attack track ready | clip 1041 | tracks 24 | unbound 0 | attack_mainhand ms -1
I/DH2Native(28506): Player attack track ready | clip 1126 | tracks 25 | unbound 0 | attack_mainhand ms -1
I/DH2Native(28506): Player attack track ready | clip 1114 | tracks 27 | unbound 0 | attack_mainhand ms -1
I/DH2Native(28506): Player attack track ready | clip 968 | tracks 25 | unbound 0 | attack_mainhand ms -1
I/DH2Native(28506): Player attack track ready | clip 956 | tracks 25 | unbound 0 | attack_mainhand ms 333
I/DH2Native(28506): Player attack track ready | clip 964 | tracks 25 | unbound 0 | attack_mainhand ms -1
I/DH2Native(28506): Player attack track ready | clip 970 | tracks 25 | unbound 0 | attack_mainhand ms -1
I/DH2Native(28506): Player attack track ready | clip 959 | tracks 25 | unbound 0 | attack_mainhand ms 899
I/DH2Native(28506): Player attack track ready | clip 965 | tracks 25 | unbound 0 | attack_mainhand ms -1
I/DH2Native(28506): Player attack track ready | clip 972 | tracks 25 | unbound 0 | attack_mainhand ms -1
I/DH2Native(28506): Player attack track ready | clip 962 | tracks 25 | unbound 0 | attack_mainhand ms 1533
I/DH2Native(28506): Player attack track ready | clip 966 | tracks 25 | unbound 0 | attack_mainhand ms -1
I/DH2Native(28506): Player attack track ready | clip 967 | tracks 26 | unbound 0 | attack_mainhand ms -1
I/DH2Native(28506): Player attack track ready | clip 955 | tracks 26 | unbound 0 | attack_mainhand ms 300
I/DH2Native(28506): Player attack track ready | clip 957 | tracks 27 | unbound 0 | attack_mainhand ms -1
I/DH2Native(28506): Player attack track ready | clip 969 | tracks 26 | unbound 0 | attack_mainhand ms -1
I/DH2Native(28506): Player attack track ready | clip 958 | tracks 26 | unbound 0 | attack_mainhand ms 899
I/DH2Native(28506): Player attack track ready | clip 960 | tracks 27 | unbound 0 | attack_mainhand ms -1
I/DH2Native(28506): Player attack track ready | clip 971 | tracks 26 | unbound 0 | attack_mainhand ms -1
I/DH2Native(28506): Player attack track ready | clip 961 | tracks 26 | unbound 0 | attack_mainhand ms 1500
I/DH2Native(28506): Player attack track ready | clip 963 | tracks 26 | unbound 0 | attack_mainhand ms -1
I/DH2Native(28506): Player attack track ready | clip 1025 | tracks 25 | unbound 0 | attack_mainhand ms -1
I/DH2Native(28506): Player attack track ready | clip 1074 | tracks 27 | unbound 0 | attack_mainhand ms -1
I/DH2Native(28506): Player attack track ready | clip 1110 | tracks 25 | unbound 0 | attack_mainhand ms -1
I/DH2Native(28506): Player attack track ready | clip 1071 | tracks 25 | unbound 0 | attack_mainhand ms -1
I/DH2Native(28506): Player attack track ready | clip 1076 | tracks 29 | unbound 0 | attack_mainhand ms -1
I/DH2Native(28506): Player attack track ready | clip 1109 | tracks 28 | unbound 0 | attack_mainhand ms -1
I/DH2Native(28506): Player attack track ready | clip 1026 | tracks 30 | unbound 0 | attack_mainhand ms -1
I/DH2Native(28506): Player attack track ready | clip 1029 | tracks 28 | unbound 0 | attack_mainhand ms -1
I/DH2Native(28506): Player attack track ready | clip 1030 | tracks 27 | unbound 0 | attack_mainhand ms -1
I/DH2Native(28506): Player attack track ready | clip 1031 | tracks 27 | unbound 0 | attack_mainhand ms -1
I/DH2Native(28506): Player attack track ready | clip 1032 | tracks 27 | unbound 0 | attack_mainhand ms -1
I/DH2Native(28506): Player attack track ready | clip 991 | tracks 27 | unbound 0 | attack_mainhand ms -1
I/DH2Native(28506): Player attack track ready | clip 996 | tracks 27 | unbound 0 | attack_mainhand ms -1
I/DH2Native(28506): Player death track ready | clip 1023 | tracks 27 | unbound 0 | attack_mainhand ms -1
I/DH2Native(28506): Player attack track ready | clip 992 | tracks 26 | unbound 0 | attack_mainhand ms -1
I/DH2Native(28506): Player attack track ready | clip 1028 | tracks 29 | unbound 0 | attack_mainhand ms -1
I/DH2Native(28506): Player attack track ready | clip 1027 | tracks 26 | unbound 0 | attack_mainhand ms -1
I/DH2Native(28506): Player attack track ready | clip 1091 | tracks 26 | unbound 0 | attack_mainhand ms -1
I/DH2Native(28506): Player attack track ready | clip 1093 | tracks 26 | unbound 0 | attack_mainhand ms -1
I/DH2Native(28506): Player attack track ready | clip 1043 | tracks 26 | unbound 0 | attack_mainhand ms -1
I/DH2Native(28506): Player attack track ready | clip 994 | tracks 26 | unbound 0 | attack_mainhand ms -1
I/DH2Native(28506): Player attack track ready | clip 1044 | tracks 25 | unbound 0 | attack_mainhand ms -1
I/DH2Native(28506): Player attack track ready | clip 1096 | tracks 14 | unbound 0 | attack_mainhand ms -1
I/DH2Native(28506): Player attack track ready | clip 1103 | tracks 26 | unbound 0 | attack_mainhand ms -1
I/DH2Native(28506): Player attack track ready | clip 1107 | tracks 25 | unbound 0 | attack_mainhand ms -1
I/DH2Native(28506): Player attack track ready | clip 1104 | tracks 27 | unbound 0 | attack_mainhand ms -1
I/DH2Native(28506): Player attack track ready | clip 1108 | tracks 27 | unbound 0 | attack_mainhand ms -1
I/DH2Native(28506): Player attack track ready | clip 1101 | tracks 26 | unbound 0 | attack_mainhand ms -1
I/DH2Native(28506): Player attack track ready | clip 1105 | tracks 25 | unbound 0 | attack_mainhand ms -1
I/DH2Native(28506): Player attack track ready | clip 1100 | tracks 26 | unbound 0 | attack_mainhand ms -1
I/DH2Native(28506): Player attack track ready | clip 1097 | tracks 25 | unbound 0 | attack_mainhand ms -1
I/DH2Native(28506): Player attack track ready | clip 1234 | tracks 25 | unbound 0 | attack_mainhand ms -1
I/DH2Native(28506): Player attack track ready | clip 1239 | tracks 25 | unbound 0 | attack_mainhand ms -1
I/DH2Native(28506): Player attack track ready | clip 1238 | tracks 25 | unbound 0 | attack_mainhand ms -1
I/DH2Native(28506): Player attack track ready | clip 1035 | tracks 23 | unbound 0 | attack_mainhand ms -1
I/DH2Native(28506): Player attack track ready | clip 1036 | tracks 23 | unbound 0 | attack_mainhand ms -1
I/DH2Native(28506): Player attack track ready | clip 986 | tracks 25 | unbound 0 | attack_mainhand ms -1
I/DH2Native(28506): Player attack track ready | clip 974 | tracks 25 | unbound 0 | attack_mainhand ms -1
I/DH2Native(28506): Player attack track ready | clip 976 | tracks 25 | unbound 0 | attack_mainhand ms -1
I/DH2Native(28506): Player attack track ready | clip 988 | tracks 25 | unbound 0 | attack_mainhand ms -1
I/DH2Native(28506): Player attack track ready | clip 978 | tracks 25 | unbound 0 | attack_mainhand ms -1
I/DH2Native(28506): Player attack track ready | clip 980 | tracks 25 | unbound 0 | attack_mainhand ms -1
I/DH2Native(28506): Player attack track ready | clip 990 | tracks 25 | unbound 0 | attack_mainhand ms -1
I/DH2Native(28506): Player attack track ready | clip 984 | tracks 25 | unbound 0 | attack_mainhand ms -1
I/DH2Native(28506): Player attack track ready | clip 985 | tracks 26 | unbound 0 | attack_mainhand ms -1
I/DH2Native(28506): Player attack track ready | clip 973 | tracks 25 | unbound 0 | attack_mainhand ms 333
I/DH2Native(28506): Player attack track ready | clip 975 | tracks 25 | unbound 0 | attack_mainhand ms -1
I/DH2Native(28506): Player attack track ready | clip 987 | tracks 25 | unbound 0 | attack_mainhand ms -1
I/DH2Native(28506): Player attack track ready | clip 977 | tracks 25 | unbound 0 | attack_mainhand ms 1066
I/DH2Native(28506): Player attack track ready | clip 979 | tracks 25 | unbound 0 | attack_mainhand ms -1
I/DH2Native(28506): Player attack track ready | clip 989 | tracks 25 | unbound 0 | attack_mainhand ms -1
I/DH2Native(28506): Player attack track ready | clip 981 | tracks 25 | unbound 0 | attack_mainhand ms 1799
I/DH2Native(28506): Player attack track ready | clip 983 | tracks 25 | unbound 0 | attack_mainhand ms -1
I/DH2Native(28506): Player attack track ready | clip 1233 | tracks 24 | unbound 0 | attack_mainhand ms -1
I/DH2Native(28506): Player attack track ready | clip 1037 | tracks 23 | unbound 0 | attack_mainhand ms -1
I/DH2Native(28506): Player attack track ready | clip 1038 | tracks 23 | unbound 0 | attack_mainhand ms -1
I/DH2Native(28506): Player attack track ready | clip 1016 | tracks 23 | unbound 0 | attack_mainhand ms -1
I/DH2Native(28506): Player attack track ready | clip 1000 | tracks 25 | unbound 0 | attack_mainhand ms 333
I/DH2Native(28506): Player attack track ready | clip 1011 | tracks 27 | unbound 0 | attack_mainhand ms -1
I/DH2Native(28506): Player attack track ready | clip 1018 | tracks 25 | unbound 0 | attack_mainhand ms -1
I/DH2Native(28506): Player attack track ready | clip 1003 | tracks 27 | unbound 0 | attack_mainhand ms -1
I/DH2Native(28506): Player attack track ready | clip 1012 | tracks 25 | unbound 0 | attack_mainhand ms -1
I/DH2Native(28506): Player attack track ready | clip 1020 | tracks 25 | unbound 0 | attack_mainhand ms -1
I/DH2Native(28506): Player attack track ready | clip 1006 | tracks 25 | unbound 0 | attack_mainhand ms 1566
I/DH2Native(28506): Player attack track ready | clip 1013 | tracks 25 | unbound 0 | attack_mainhand ms -1
I/DH2Native(28506): Player attack track ready | clip 1022 | tracks 25 | unbound 0 | attack_mainhand ms -1
I/DH2Native(28506): Player attack track ready | clip 1009 | tracks 25 | unbound 0 | attack_mainhand ms -1
I/DH2Native(28506): Player attack track ready | clip 1014 | tracks 25 | unbound 0 | attack_mainhand ms -1
I/DH2Native(28506): Player attack track ready | clip 1015 | tracks 25 | unbound 0 | attack_mainhand ms -1
I/DH2Native(28506): Player attack track ready | clip 999 | tracks 25 | unbound 0 | attack_mainhand ms 400
I/DH2Native(28506): Player attack track ready | clip 1001 | tracks 25 | unbound 0 | attack_mainhand ms -1
I/DH2Native(28506): Player attack track ready | clip 1017 | tracks 25 | unbound 0 | attack_mainhand ms -1
I/DH2Native(28506): Player attack track ready | clip 1002 | tracks 25 | unbound 0 | attack_mainhand ms 866
I/DH2Native(28506): Player attack track ready | clip 1004 | tracks 25 | unbound 0 | attack_mainhand ms -1
I/DH2Native(28506): Player attack track ready | clip 1019 | tracks 25 | unbound 0 | attack_mainhand ms -1
I/DH2Native(28506): Player attack track ready | clip 1005 | tracks 25 | unbound 0 | attack_mainhand ms 1500
I/DH2Native(28506): Player attack track ready | clip 1007 | tracks 25 | unbound 0 | attack_mainhand ms -1
I/DH2Native(28506): Player attack track ready | clip 1021 | tracks 25 | unbound 0 | attack_mainhand ms -1
I/DH2Native(28506): Player attack track ready | clip 1008 | tracks 25 | unbound 0 | attack_mainhand ms 2266
I/DH2Native(28506): Player attack track ready | clip 1010 | tracks 25 | unbound 0 | attack_mainhand ms -1
I/DH2Native(28506): Player attack track ready | clip 1147 | tracks 27 | unbound 2 | attack_mainhand ms -1
I/DH2Native(28506): Player attack track ready | clip 1133 | tracks 27 | unbound 2 | attack_mainhand ms 1633
I/DH2Native(28506): Player attack track ready | clip 1146 | tracks 25 | unbound 2 | attack_mainhand ms -1
I/DH2Native(28506): Player attack track ready | clip 1218 | tracks 27 | unbound 0 | attack_mainhand ms -1
I/DH2Native(28506): Player attack track ready | clip 1039 | tracks 25 | unbound 0 | attack_mainhand ms -1
I/DH2Native(28506): Player attack track ready | clip 1077 | tracks 18 | unbound 0 | attack_mainhand ms -1
I/DH2Native(28506): Player attack track ready | clip 1078 | tracks 18 | unbound 0 | attack_mainhand ms -1
I/DH2Native(28506): Player attack track ready | clip 1079 | tracks 20 | unbound 0 | attack_mainhand ms -1
I/DH2Native(28506): Player attack track ready | clip 1143 | tracks 24 | unbound 0 | attack_mainhand ms -1
I/DH2Native(28506): Player attack track ready | clip 1138 | tracks 0 | unbound 0 | attack_mainhand ms -1
I/DH2Native(28506): Player attack track ready | clip 1136 | tracks 24 | unbound 0 | attack_mainhand ms -1
I/DH2Native(28506): Player attack track ready | clip 1137 | tracks 24 | unbound 0 | attack_mainhand ms -1
I/DH2Native(28506): Base class snapshot | _prim_tmp_cultist01 | character Crypt_Skeleton | class 18 | level raw 256 | Max_HP raw 12160 | Max_MP raw 5632 | checksum 41ae0e800682474e | cached only
I/DH2Native(28506): Resolved properties | _prim_tmp_cultist01 | character Crypt_Skeleton | HP raw -1 | Max_HP raw 12160 | MP raw -1 | Max_MP raw 5632 | checksum 41ae0e800682474e | supplied sheets only
I/DH2Native(28506): Spawn vitals | _prim_tmp_cultist01 | character Crypt_Skeleton | HP raw 12160 | Max_HP raw 12160 | MP raw 5632 | Max_MP raw 5632 | first HP add raw 12160 | first MP add raw 5632 | second HP add raw 1 | second MP add raw 1 | checksum ee913bf1bab19e05 | passes 2
I/DH2Native(28506): Combat result probe | _prim_tmp_cultist01 | character Crypt_Skeleton | amount 2030 | dot element -1 | dot duration 0 | dot amount 0 | HP leech 0 | MP leech 0 | outcomes 0 | mask 2271925 | category -1 | element -1 | seed 11805120 | calls 9 | validation only
I/DH2Native(28506): Health probe | _prim_tmp_cultist01 | character Crypt_Skeleton | damage 256 | add -256 | before 12160 | after 11904 | kill 0 | armed 1 | cue 0 | lifecycle -1 | dead skip 0 | validation only
I/DH2Native(28506): Health probe | _prim_tmp_cultist01 | character Crypt_Skeleton | damage 16384 | add -16384 | before 12160 | after 0 | kill 1 | armed 1 | cue 0 | lifecycle 3 | dead skip 0 | validation only
I/DH2Native(28506): Original idle selected | skeleton.bdae | table 62 | sequence 596 | step 0 | clip 1194 | skeleton_idle_01.bdae | speed 1.0000 | actor _prim_tmp_cultist01
I/DH2Native(28506): Actor event track ready | skeleton.bdae | clip 1178 | groups 1 | attack_mainhand ms 100
I/DH2Native(28506): Actor event track ready | skeleton.bdae | clip 1179 | groups 0 | attack_mainhand ms -1
I/DH2Native(28506): Actor event track ready | skeleton.bdae | clip 1180 | groups 1 | attack_mainhand ms 100
I/DH2Native(28506): Actor event track ready | skeleton.bdae | clip 1181 | groups 0 | attack_mainhand ms -1
I/DH2Native(28506): Actor event track ready | skeleton.bdae | clip 1185 | groups 0 | attack_mainhand ms -1
I/DH2Native(28506): Actor event track ready | skeleton.bdae | clip 1194 | groups 0 | attack_mainhand ms -1
I/DH2Native(28506): Actor event track ready | skeleton.bdae | clip 1195 | groups 0 | attack_mainhand ms -1
I/DH2Native(28506): Actor event track ready | skeleton.bdae | clip 1197 | groups 0 | attack_mainhand ms -1
I/DH2Native(28506): Actor event track ready | skeleton.bdae | clip 1198 | groups 0 | attack_mainhand ms -1
I/DH2Native(28506): Actor event track ready | skeleton.bdae | clip 1204 | groups 0 | attack_mainhand ms -1
I/DH2Native(28506): Actor clip bank ready | skeleton.bdae | clips 10 | independent instance clocks
I/DH2Native(28506): Object resource skeleton.bdae | primitives 1 | tracks 23 | unbound 3 | unsupported 0 | removed helpers 2
I/DH2Native(28506): Base class snapshot | _prim_tmp_cultist03 | character Crypt_Skeleton | class 18 | level raw 256 | Max_HP raw 12160 | Max_MP raw 5632 | checksum 41ae0e800682474e | cached only
I/DH2Native(28506): Resolved properties | _prim_tmp_cultist03 | character Crypt_Skeleton | HP raw -1 | Max_HP raw 12160 | MP raw -1 | Max_MP raw 5632 | checksum 41ae0e800682474e | supplied sheets only
I/DH2Native(28506): Spawn vitals | _prim_tmp_cultist03 | character Crypt_Skeleton | HP raw 12160 | Max_HP raw 12160 | MP raw 5632 | Max_MP raw 5632 | first HP add raw 12160 | first MP add raw 5632 | second HP add raw 1 | second MP add raw 1 | checksum ee913bf1bab19e05 | passes 2
I/DH2Native(28506): Combat result probe | _prim_tmp_cultist03 | character Crypt_Skeleton | amount 2030 | dot element -1 | dot duration 0 | dot amount 0 | HP leech 0 | MP leech 0 | outcomes 0 | mask 2271925 | category -1 | element -1 | seed 11805120 | calls 9 | validation only
I/DH2Native(28506): Health probe | _prim_tmp_cultist03 | character Crypt_Skeleton | damage 256 | add -256 | before 12160 | after 11904 | kill 0 | armed 1 | cue 0 | lifecycle -1 | dead skip 0 | validation only
I/DH2Native(28506): Health probe | _prim_tmp_cultist03 | character Crypt_Skeleton | damage 16384 | add -16384 | before 12160 | after 0 | kill 1 | armed 1 | cue 0 | lifecycle 3 | dead skip 0 | validation only
I/DH2Native(28506): Original idle selected | skeleton.bdae | table 62 | sequence 596 | step 1 | clip 1195 | skeleton_idle_02.bdae | speed 1.0000 | actor _prim_tmp_cultist03
I/DH2Native(28506): Base class snapshot | _prim_tmp_cultist05 | character CryptSlime | class 18 | level raw 256 | Max_HP raw 12160 | Max_MP raw 5632 | checksum e0cad1d302226d0f | cached only
I/DH2Native(28506): Resolved properties | _prim_tmp_cultist05 | character CryptSlime | HP raw -1 | Max_HP raw 12160 | MP raw -1 | Max_MP raw 5632 | checksum e0cad1d302226d0f | supplied sheets only
I/DH2Native(28506): Spawn vitals | _prim_tmp_cultist05 | character CryptSlime | HP raw 12160 | Max_HP raw 12160 | MP raw 5632 | Max_MP raw 5632 | first HP add raw 12160 | first MP add raw 5632 | second HP add raw 1 | second MP add raw 1 | checksum a1f87e373eade438 | passes 2
I/DH2Native(28506): Combat result probe | _prim_tmp_cultist05 | character CryptSlime | amount 2036 | dot element -1 | dot duration 0 | dot amount 0 | HP leech 0 | MP leech 0 | outcomes 0 | mask 2271925 | category -1 | element -1 | seed 3406292 | calls 9 | validation only
I/DH2Native(28506): Health probe | _prim_tmp_cultist05 | character CryptSlime | damage 256 | add -256 | before 12160 | after 11904 | kill 0 | armed 1 | cue 0 | lifecycle -1 | dead skip 0 | validation only
I/DH2Native(28506): Health probe | _prim_tmp_cultist05 | character CryptSlime | damage 16384 | add -16384 | before 12160 | after 0 | kill 1 | armed 1 | cue 0 | lifecycle 3 | dead skip 0 | validation only
I/DH2Native(28506): Original idle selected | slime_green_v2.bdae | table 64 | sequence 613 | step 5 | clip 1259 | slime_idle_02.bdae | speed 1.0000 | actor _prim_tmp_cultist05
I/DH2Native(28506): Actor event track ready | slime_green_v2.bdae | clip 1246 | groups 1 | attack_mainhand ms 266
I/DH2Native(28506): Actor event track ready | slime_green_v2.bdae | clip 1247 | groups 0 | attack_mainhand ms -1
I/DH2Native(28506): Actor event track ready | slime_green_v2.bdae | clip 1248 | groups 1 | attack_mainhand ms 300
I/DH2Native(28506): Actor event track ready | slime_green_v2.bdae | clip 1249 | groups 0 | attack_mainhand ms -1
I/DH2Native(28506): Actor event track ready | slime_green_v2.bdae | clip 1251 | groups 0 | attack_mainhand ms -1
I/DH2Native(28506): Actor event track ready | slime_green_v2.bdae | clip 1258 | groups 0 | attack_mainhand ms -1
I/DH2Native(28506): Actor event track ready | slime_green_v2.bdae | clip 1259 | groups 0 | attack_mainhand ms -1
I/DH2Native(28506): Actor event track ready | slime_green_v2.bdae | clip 1261 | groups 0 | attack_mainhand ms -1
I/DH2Native(28506): Actor event track ready | slime_green_v2.bdae | clip 1262 | groups 0 | attack_mainhand ms -1
I/DH2Native(28506): Actor event track ready | slime_green_v2.bdae | clip 1268 | groups 0 | attack_mainhand ms -1
I/DH2Native(28506): Actor clip bank ready | slime_green_v2.bdae | clips 10 | independent instance clocks
I/DH2Native(28506): Object resource slime_green_v2.bdae | primitives 2 | tracks 12 | unbound 0 | unsupported 0 | removed helpers 0
I/DH2Native(28506): Base class snapshot | _prim_tmp_cultist06 | character CryptSlime | class 18 | level raw 256 | Max_HP raw 12160 | Max_MP raw 5632 | checksum e0cad1d302226d0f | cached only
I/DH2Native(28506): Resolved properties | _prim_tmp_cultist06 | character CryptSlime | HP raw -1 | Max_HP raw 12160 | MP raw -1 | Max_MP raw 5632 | checksum e0cad1d302226d0f | supplied sheets only
I/DH2Native(28506): Spawn vitals | _prim_tmp_cultist06 | character CryptSlime | HP raw 12160 | Max_HP raw 12160 | MP raw 5632 | Max_MP raw 5632 | first HP add raw 12160 | first MP add raw 5632 | second HP add raw 1 | second MP add raw 1 | checksum a1f87e373eade438 | passes 2
I/DH2Native(28506): Combat result probe | _prim_tmp_cultist06 | character CryptSlime | amount 2036 | dot element -1 | dot duration 0 | dot amount 0 | HP leech 0 | MP leech 0 | outcomes 0 | mask 2271925 | category -1 | element -1 | seed 3406292 | calls 9 | validation only
I/DH2Native(28506): Health probe | _prim_tmp_cultist06 | character CryptSlime | damage 256 | add -256 | before 12160 | after 11904 | kill 0 | armed 1 | cue 0 | lifecycle -1 | dead skip 0 | validation only
I/DH2Native(28506): Health probe | _prim_tmp_cultist06 | character CryptSlime | damage 16384 | add -16384 | before 12160 | after 0 | kill 1 | armed 1 | cue 0 | lifecycle 3 | dead skip 0 | validation only
I/DH2Native(28506): Original idle selected | slime_green_v2.bdae | table 64 | sequence 613 | step 5 | clip 1259 | slime_idle_02.bdae | speed 1.0000 | actor _prim_tmp_cultist06
I/DH2Native(28506): Base class snapshot | _prim_tmp_cultist07 | character Crypt_Skeleton | class 18 | level raw 256 | Max_HP raw 12160 | Max_MP raw 5632 | checksum 41ae0e800682474e | cached only
I/DH2Native(28506): Resolved properties | _prim_tmp_cultist07 | character Crypt_Skeleton | HP raw -1 | Max_HP raw 12160 | MP raw -1 | Max_MP raw 5632 | checksum 41ae0e800682474e | supplied sheets only
I/DH2Native(28506): Spawn vitals | _prim_tmp_cultist07 | character Crypt_Skeleton | HP raw 12160 | Max_HP raw 12160 | MP raw 5632 | Max_MP raw 5632 | first HP add raw 12160 | first MP add raw 5632 | second HP add raw 1 | second MP add raw 1 | checksum ee913bf1bab19e05 | passes 2
I/DH2Native(28506): Combat result probe | _prim_tmp_cultist07 | character Crypt_Skeleton | amount 2030 | dot element -1 | dot duration 0 | dot amount 0 | HP leech 0 | MP leech 0 | outcomes 0 | mask 2271925 | category -1 | element -1 | seed 11805120 | calls 9 | validation only
I/DH2Native(28506): Health probe | _prim_tmp_cultist07 | character Crypt_Skeleton | damage 256 | add -256 | before 12160 | after 11904 | kill 0 | armed 1 | cue 0 | lifecycle -1 | dead skip 0 | validation only
I/DH2Native(28506): Health probe | _prim_tmp_cultist07 | character Crypt_Skeleton | damage 16384 | add -16384 | before 12160 | after 0 | kill 1 | armed 1 | cue 0 | lifecycle 3 | dead skip 0 | validation only
I/DH2Native(28506): Original idle selected | skeleton.bdae | table 62 | sequence 596 | step 0 | clip 1194 | skeleton_idle_01.bdae | speed 1.0000 | actor _prim_tmp_cultist07
I/DH2Native(28506): Base class snapshot | _prim_tmp_cultist08 | character Crypt_Skeleton | class 18 | level raw 256 | Max_HP raw 12160 | Max_MP raw 5632 | checksum 41ae0e800682474e | cached only
I/DH2Native(28506): Resolved properties | _prim_tmp_cultist08 | character Crypt_Skeleton | HP raw -1 | Max_HP raw 12160 | MP raw -1 | Max_MP raw 5632 | checksum 41ae0e800682474e | supplied sheets only
I/DH2Native(28506): Spawn vitals | _prim_tmp_cultist08 | character Crypt_Skeleton | HP raw 12160 | Max_HP raw 12160 | MP raw 5632 | Max_MP raw 5632 | first HP add raw 12160 | first MP add raw 5632 | second HP add raw 1 | second MP add raw 1 | checksum ee913bf1bab19e05 | passes 2
I/DH2Native(28506): Combat result probe | _prim_tmp_cultist08 | character Crypt_Skeleton | amount 2030 | dot element -1 | dot duration 0 | dot amount 0 | HP leech 0 | MP leech 0 | outcomes 0 | mask 2271925 | category -1 | element -1 | seed 11805120 | calls 9 | validation only
I/DH2Native(28506): Health probe | _prim_tmp_cultist08 | character Crypt_Skeleton | damage 256 | add -256 | before 12160 | after 11904 | kill 0 | armed 1 | cue 0 | lifecycle -1 | dead skip 0 | validation only
I/DH2Native(28506): Health probe | _prim_tmp_cultist08 | character Crypt_Skeleton | damage 16384 | add -16384 | before 12160 | after 0 | kill 1 | armed 1 | cue 0 | lifecycle 3 | dead skip 0 | validation only
I/DH2Native(28506): Original idle selected | skeleton.bdae | table 62 | sequence 596 | step 1 | clip 1195 | skeleton_idle_02.bdae | speed 1.0000 | actor _prim_tmp_cultist08
I/DH2Native(28506): Object resource crypt_candles2_small.bdae | primitives 3 | tracks 5 | unbound 0 | unsupported 0 | removed helpers 1
I/DH2Native(28506): Object resource crypt_candlestand_big.bdae | primitives 4 | tracks 3 | unbound 0 | unsupported 0 | removed helpers 2
I/DH2Native(28506): Object resource crypt_candlestand.bdae | primitives 4 | tracks 7 | unbound 0 | unsupported 0 | removed helpers 2
I/DH2Native(28506): Object resource crypt_candle2.bdae | primitives 3 | tracks 3 | unbound 0 | unsupported 0 | removed helpers 1
I/DH2Native(28506): Object resource crypt_candle1_small.bdae | primitives 3 | tracks 3 | unbound 0 | unsupported 0 | removed helpers 1
I/DH2Native(28506): Object resource crypt_candles.bdae | primitives 3 | tracks 7 | unbound 0 | unsupported 0 | removed helpers 1
I/DH2Native(28506): Object resource swamp_caveentrance_effect.bdae | primitives 1 | tracks 0 | unbound 0 | unsupported 3 | removed helpers 0
I/DH2Native(28506): Object resource crypt_candle_big.bdae | primitives 3 | tracks 3 | unbound 0 | unsupported 0 | removed helpers 1
I/DH2Native(28506): Base class snapshot | _prim_Monster | character CryptSlime | class 18 | level raw 256 | Max_HP raw 12160 | Max_MP raw 5632 | checksum e0cad1d302226d0f | cached only
I/DH2Native(28506): Resolved properties | _prim_Monster | character CryptSlime | HP raw -1 | Max_HP raw 12160 | MP raw -1 | Max_MP raw 5632 | checksum e0cad1d302226d0f | supplied sheets only
I/DH2Native(28506): Spawn vitals | _prim_Monster | character CryptSlime | HP raw 12160 | Max_HP raw 12160 | MP raw 5632 | Max_MP raw 5632 | first HP add raw 12160 | first MP add raw 5632 | second HP add raw 1 | second MP add raw 1 | checksum a1f87e373eade438 | passes 2
I/DH2Native(28506): Combat result probe | _prim_Monster | character CryptSlime | amount 2036 | dot element -1 | dot duration 0 | dot amount 0 | HP leech 0 | MP leech 0 | outcomes 0 | mask 2271925 | category -1 | element -1 | seed 3406292 | calls 9 | validation only
I/DH2Native(28506): Health probe | _prim_Monster | character CryptSlime | damage 256 | add -256 | before 12160 | after 11904 | kill 0 | armed 1 | cue 0 | lifecycle -1 | dead skip 0 | validation only
I/DH2Native(28506): Health probe | _prim_Monster | character CryptSlime | damage 16384 | add -16384 | before 12160 | after 0 | kill 1 | armed 1 | cue 0 | lifecycle 3 | dead skip 0 | validation only
I/DH2Native(28506): Original idle selected | slime_green_v2.bdae | table 64 | sequence 613 | step 1 | clip 1258 | slime_idle.bdae | speed 1.0000 | actor _prim_Monster
I/DH2Native(28506): Base class snapshot | _prim_Monster02 | character CryptSlime_RE | class 18 | level raw 256 | Max_HP raw 12160 | Max_MP raw 5632 | checksum eb471073d49b2c44 | cached only
I/DH2Native(28506): Resolved properties | _prim_Monster02 | character CryptSlime_RE | HP raw -1 | Max_HP raw 12160 | MP raw -1 | Max_MP raw 5632 | checksum eb471073d49b2c44 | supplied sheets only
I/DH2Native(28506): Spawn vitals | _prim_Monster02 | character CryptSlime_RE | HP raw 12160 | Max_HP raw 12160 | MP raw 5632 | Max_MP raw 5632 | first HP add raw 12160 | first MP add raw 5632 | second HP add raw 1 | second MP add raw 1 | checksum 6eba0582f78691bb | passes 2
I/DH2Native(28506): Combat result probe | _prim_Monster02 | character CryptSlime_RE | amount 2135 | dot element -1 | dot duration 0 | dot amount 0 | HP leech 0 | MP leech 0 | outcomes 0 | mask 2271925 | category -1 | element -1 | seed 7440849 | calls 9 | validation only
I/DH2Native(28506): Health probe | _prim_Monster02 | character CryptSlime_RE | damage 256 | add -256 | before 12160 | after 11904 | kill 0 | armed 1 | cue 0 | lifecycle -1 | dead skip 0 | validation only
I/DH2Native(28506): Health probe | _prim_Monster02 | character CryptSlime_RE | damage 16384 | add -16384 | before 12160 | after 0 | kill 1 | armed 1 | cue 0 | lifecycle 3 | dead skip 0 | validation only
I/DH2Native(28506): Original idle selected | slime_green_v2.bdae | table 64 | sequence 613 | step 0 | clip 1258 | slime_idle.bdae | speed 1.0000 | actor _prim_Monster02
I/DH2Native(28506): Base class snapshot | _prim_Monster05 | character CryptSlime | class 18 | level raw 256 | Max_HP raw 12160 | Max_MP raw 5632 | checksum e0cad1d302226d0f | cached only
I/DH2Native(28506): Resolved properties | _prim_Monster05 | character CryptSlime | HP raw -1 | Max_HP raw 12160 | MP raw -1 | Max_MP raw 5632 | checksum e0cad1d302226d0f | supplied sheets only
I/DH2Native(28506): Spawn vitals | _prim_Monster05 | character CryptSlime | HP raw 12160 | Max_HP raw 12160 | MP raw 5632 | Max_MP raw 5632 | first HP add raw 12160 | first MP add raw 5632 | second HP add raw 1 | second MP add raw 1 | checksum a1f87e373eade438 | passes 2
I/DH2Native(28506): Combat result probe | _prim_Monster05 | character CryptSlime | amount 2036 | dot element -1 | dot duration 0 | dot amount 0 | HP leech 0 | MP leech 0 | outcomes 0 | mask 2271925 | category -1 | element -1 | seed 3406292 | calls 9 | validation only
I/DH2Native(28506): Health probe | _prim_Monster05 | character CryptSlime | damage 256 | add -256 | before 12160 | after 11904 | kill 0 | armed 1 | cue 0 | lifecycle -1 | dead skip 0 | validation only
I/DH2Native(28506): Health probe | _prim_Monster05 | character CryptSlime | damage 16384 | add -16384 | before 12160 | after 0 | kill 1 | armed 1 | cue 0 | lifecycle 3 | dead skip 0 | validation only
I/DH2Native(28506): Original idle selected | slime_green_v2.bdae | table 64 | sequence 613 | step 4 | clip 1258 | slime_idle.bdae | speed 1.0000 | actor _prim_Monster05
I/DH2Native(28506): Object resource crypt_candle1.bdae | primitives 3 | tracks 3 | unbound 0 | unsupported 0 | removed helpers 1
I/DH2Native(28506): Base class snapshot | _prim_Monster_Ghost05 | character Crypt_Ghost | class 18 | level raw 256 | Max_HP raw 12160 | Max_MP raw 5632 | checksum 37563d932af809fb | cached only
I/DH2Native(28506): Resolved properties | _prim_Monster_Ghost05 | character Crypt_Ghost | HP raw -1 | Max_HP raw 12160 | MP raw -1 | Max_MP raw 5632 | checksum 37563d932af809fb | supplied sheets only
I/DH2Native(28506): Spawn vitals | _prim_Monster_Ghost05 | character Crypt_Ghost | HP raw 12160 | Max_HP raw 12160 | MP raw 5632 | Max_MP raw 5632 | first HP add raw 12160 | first MP add raw 5632 | second HP add raw 1 | second MP add raw 1 | checksum e41199bf55080334 | passes 2
I/DH2Native(28506): Combat result probe | _prim_Monster_Ghost05 | character Crypt_Ghost | amount 2263 | dot element -1 | dot duration 0 | dot amount 0 | HP leech 0 | MP leech 0 | outcomes 0 | mask 2271925 | category -1 | element -1 | seed 3474079 | calls 9 | validation only
I/DH2Native(28506): Health probe | _prim_Monster_Ghost05 | character Crypt_Ghost | damage 256 | add -256 | before 12160 | after 11904 | kill 0 | armed 1 | cue 0 | lifecycle -1 | dead skip 0 | validation only
I/DH2Native(28506): Health probe | _prim_Monster_Ghost05 | character Crypt_Ghost | damage 16384 | add -16384 | before 12160 | after 0 | kill 1 | armed 1 | cue 0 | lifecycle 3 | dead skip 0 | validation only
I/DH2Native(28506): Original idle selected | ghost.bdae | table 24 | sequence 210 | step 0 | clip 706 | ghost_idle_01.bdae | speed 1.3000 | actor _prim_Monster_Ghost05
I/DH2Native(28506): Actor event track ready | ghost.bdae | clip 697 | groups 1 | attack_mainhand ms 999
I/DH2Native(28506): Actor event track ready | ghost.bdae | clip 700 | groups 0 | attack_mainhand ms -1
I/DH2Native(28506): Actor event track ready | ghost.bdae | clip 706 | groups 0 | attack_mainhand ms -1
I/DH2Native(28506): Actor event track ready | ghost.bdae | clip 707 | groups 0 | attack_mainhand ms -1
I/DH2Native(28506): Actor event track ready | ghost.bdae | clip 710 | groups 0 | attack_mainhand ms -1
I/DH2Native(28506): Actor event track ready | ghost.bdae | clip 714 | groups 0 | attack_mainhand ms -1
I/DH2Native(28506): Actor event track ready | ghost.bdae | clip 717 | groups 0 | attack_mainhand ms -1
I/DH2Native(28506): Actor clip bank ready | ghost.bdae | clips 7 | independent instance clocks
I/DH2Native(28506): Object resource ghost.bdae | primitives 2 | tracks 24 | unbound 0 | unsupported 0 | removed helpers 2
I/DH2Native(28506): Base class snapshot | _prim_Monster_Ghost06 | character Crypt_Ghost | class 18 | level raw 256 | Max_HP raw 12160 | Max_MP raw 5632 | checksum 37563d932af809fb | cached only
I/DH2Native(28506): Resolved properties | _prim_Monster_Ghost06 | character Crypt_Ghost | HP raw -1 | Max_HP raw 12160 | MP raw -1 | Max_MP raw 5632 | checksum 37563d932af809fb | supplied sheets only
I/DH2Native(28506): Spawn vitals | _prim_Monster_Ghost06 | character Crypt_Ghost | HP raw 12160 | Max_HP raw 12160 | MP raw 5632 | Max_MP raw 5632 | first HP add raw 12160 | first MP add raw 5632 | second HP add raw 1 | second MP add raw 1 | checksum e41199bf55080334 | passes 2
I/DH2Native(28506): Combat result probe | _prim_Monster_Ghost06 | character Crypt_Ghost | amount 2263 | dot element -1 | dot duration 0 | dot amount 0 | HP leech 0 | MP leech 0 | outcomes 0 | mask 2271925 | category -1 | element -1 | seed 3474079 | calls 9 | validation only
I/DH2Native(28506): Health probe | _prim_Monster_Ghost06 | character Crypt_Ghost | damage 256 | add -256 | before 12160 | after 11904 | kill 0 | armed 1 | cue 0 | lifecycle -1 | dead skip 0 | validation only
I/DH2Native(28506): Health probe | _prim_Monster_Ghost06 | character Crypt_Ghost | damage 16384 | add -16384 | before 12160 | after 0 | kill 1 | armed 1 | cue 0 | lifecycle 3 | dead skip 0 | validation only
I/DH2Native(28506): Original idle selected | ghost.bdae | table 24 | sequence 210 | step 0 | clip 706 | ghost_idle_01.bdae | speed 1.3000 | actor _prim_Monster_Ghost06
I/DH2Native(28506): Base class snapshot | _prim_Monster_SURPRISE_01 | character Crypt_Ghost | class 18 | level raw 256 | Max_HP raw 12160 | Max_MP raw 5632 | checksum 37563d932af809fb | cached only
I/DH2Native(28506): Resolved properties | _prim_Monster_SURPRISE_01 | character Crypt_Ghost | HP raw -1 | Max_HP raw 12160 | MP raw -1 | Max_MP raw 5632 | checksum 37563d932af809fb | supplied sheets only
I/DH2Native(28506): Spawn vitals | _prim_Monster_SURPRISE_01 | character Crypt_Ghost | HP raw 12160 | Max_HP raw 12160 | MP raw 5632 | Max_MP raw 5632 | first HP add raw 12160 | first MP add raw 5632 | second HP add raw 1 | second MP add raw 1 | checksum e41199bf55080334 | passes 2
I/DH2Native(28506): Combat result probe | _prim_Monster_SURPRISE_01 | character Crypt_Ghost | amount 2263 | dot element -1 | dot duration 0 | dot amount 0 | HP leech 0 | MP leech 0 | outcomes 0 | mask 2271925 | category -1 | element -1 | seed 3474079 | calls 9 | validation only
I/DH2Native(28506): Health probe | _prim_Monster_SURPRISE_01 | character Crypt_Ghost | damage 256 | add -256 | before 12160 | after 11904 | kill 0 | armed 1 | cue 0 | lifecycle -1 | dead skip 0 | validation only
I/DH2Native(28506): Health probe | _prim_Monster_SURPRISE_01 | character Crypt_Ghost | damage 16384 | add -16384 | before 12160 | after 0 | kill 1 | armed 1 | cue 0 | lifecycle 3 | dead skip 0 | validation only
I/DH2Native(28506): Original idle selected | ghost.bdae | table 24 | sequence 210 | step 0 | clip 706 | ghost_idle_01.bdae | speed 1.3000 | actor _prim_Monster_SURPRISE_01
I/DH2Native(28506): Base class snapshot | _prim_Monster_SURPRISE_02 | character Crypt_Ghost | class 18 | level raw 256 | Max_HP raw 12160 | Max_MP raw 5632 | checksum 37563d932af809fb | cached only
I/DH2Native(28506): Resolved properties | _prim_Monster_SURPRISE_02 | character Crypt_Ghost | HP raw -1 | Max_HP raw 12160 | MP raw -1 | Max_MP raw 5632 | checksum 37563d932af809fb | supplied sheets only
I/DH2Native(28506): Spawn vitals | _prim_Monster_SURPRISE_02 | character Crypt_Ghost | HP raw 12160 | Max_HP raw 12160 | MP raw 5632 | Max_MP raw 5632 | first HP add raw 12160 | first MP add raw 5632 | second HP add raw 1 | second MP add raw 1 | checksum e41199bf55080334 | passes 2
I/DH2Native(28506): Combat result probe | _prim_Monster_SURPRISE_02 | character Crypt_Ghost | amount 2263 | dot element -1 | dot duration 0 | dot amount 0 | HP leech 0 | MP leech 0 | outcomes 0 | mask 2271925 | category -1 | element -1 | seed 3474079 | calls 9 | validation only
I/DH2Native(28506): Health probe | _prim_Monster_SURPRISE_02 | character Crypt_Ghost | damage 256 | add -256 | before 12160 | after 11904 | kill 0 | armed 1 | cue 0 | lifecycle -1 | dead skip 0 | validation only
I/DH2Native(28506): Health probe | _prim_Monster_SURPRISE_02 | character Crypt_Ghost | damage 16384 | add -16384 | before 12160 | after 0 | kill 1 | armed 1 | cue 0 | lifecycle 3 | dead skip 0 | validation only
I/DH2Native(28506): Original idle selected | ghost.bdae | table 24 | sequence 210 | step 0 | clip 706 | ghost_idle_01.bdae | speed 1.3000 | actor _prim_Monster_SURPRISE_02
I/DH2Native(28506): 3D upload OK | 4 draws | 586 triangles | 2 textures
I/DH2Native(28506): 29 animation tracks | 0 skipped | Preview lighting. Drag to orbit. | nodes 35 | skipped nongeometry instances 1 | skin draws 4 | segments 2
I/DH2Native(28506): Combat actor restored | _prim_tmp_cultist01 | HP 12160 | dead 0 | combo 0 | state Idle | cursor 115.0004 | events 0 | aggro 0 0 | target -1 | AI attack 0
I/DH2Native(28506): Combat actor restored | _prim_tmp_cultist03 | HP 12160 | dead 0 | combo 0 | state Idle | cursor 3349.0004 | events 0 | aggro 0 0 | target -1 | AI attack 0
I/DH2Native(28506): Combat actor restored | _prim_tmp_cultist07 | HP 12160 | dead 0 | combo 0 | state Idle | cursor 115.0004 | events 0 | aggro 0 0 | target -1 | AI attack 0
I/DH2Native(28506): Combat actor restored | _prim_tmp_cultist08 | HP 12160 | dead 0 | combo 0 | state Idle | cursor 3349.0004 | events 0 | aggro 0 0 | target -1 | AI attack 0
I/DH2Native(28506): Combat actor restored | _prim_tmp_cultist05 | HP 12160 | dead 0 | combo 0 | state Idle | cursor 117.0004 | events 0 | aggro 0 0 | target -1 | AI attack 0
I/DH2Native(28506): Combat actor restored | _prim_tmp_cultist06 | HP 12160 | dead 0 | combo 0 | state Idle | cursor 117.0004 | events 0 | aggro 0 0 | target -1 | AI attack 0
I/DH2Native(28506): Combat actor restored | _prim_Monster | HP 12160 | dead 0 | combo 0 | state Idle | cursor 117.0004 | events 0 | aggro 0 0 | target -1 | AI attack 0
I/DH2Native(28506): Combat actor restored | _prim_Monster02 | HP 12160 | dead 0 | combo 0 | state Idle | cursor 117.0004 | events 0 | aggro 0 0 | target -1 | AI attack 0
I/DH2Native(28506): Combat actor restored | _prim_Monster05 | HP 12160 | dead 0 | combo 0 | state Idle | cursor 117.0004 | events 0 | aggro 0 0 | target -1 | AI attack 0
I/DH2Native(28506): Combat actor restored | _prim_Monster_Ghost05 | HP 12160 | dead 0 | combo 0 | state Idle | cursor 282.4000 | events 0 | aggro 0 0 | target -1 | AI attack 0
I/DH2Native(28506): Combat actor restored | _prim_Monster_Ghost06 | HP 12160 | dead 0 | combo 0 | state Idle | cursor 282.4000 | events 0 | aggro 0 0 | target -1 | AI attack 0
I/DH2Native(28506): Combat actor restored | _prim_Monster_SURPRISE_01 | HP 25600 | dead 0 | combo 0 | state Idle | cursor 2961.8000 | events 0 | aggro 0 0 | target -1 | AI attack 0
I/DH2Native(28506): Combat actor restored | _prim_Monster_SURPRISE_02 | HP 25600 | dead 0 | combo 0 | state Idle | cursor 2847.4000 | events 0 | aggro 0 0 | target -1 | AI attack 0
I/DH2Native(28506): Player properties | KnightPlayerBase | HP 42265 | MP 6976 | checksum 80406e3d6a338f9d | attempts 0 | attacking 0
I/DH2Native(28506): Prince blended bank ready | resources 116 | occurrences 158 | targets 83 | template 1111 | engine 0 | game clip 1111
I/DH2Native(28506): Blended character event | event 0x24 | clip 1111 | slot 0 | phase 5 | lag 0
I/DH2Native(28506): Blended character event | event 0x26 | clip 1111 | slot 0 | phase 5 | lag 0
I/DH2Native(28506): Character animation selected | state 3 | flags 2380 | sequence 262 | clip 1040 | actor state service
I/DH2Native(28506): Character state event | state 3 | event 1d | prior 3 | flags 2380
I/DH2Native(28506): Player source state | previous 3 | current 3 | event 0x0 | flags 2380 | root 262 | clip 1040 | position -1399.4160 19554.9395 636.4874 | Step 292
I/DH2Native(28506): Spawn body ready | _prim_Monster_SURPRISE_01 | creations 1 | radius 145.718735 | category 10 | mask d3f
I/DH2Native(28506): Gated character ready | _prim_Monster_SURPRISE_01 | source state 3 | presentation visible 1 | body 1 | Spawn sequence 213 | AI type 4 | restored 1
I/DH2Native(28506): Spawn body ready | _prim_Monster_SURPRISE_02 | creations 1 | radius 145.718735 | category 10 | mask d3f
I/DH2Native(28506): Gated character ready | _prim_Monster_SURPRISE_02 | source state 3 | presentation visible 1 | body 1 | Spawn sequence 213 | AI type 4 | restored 1
I/DH2Native(28506): Native actor ready | genuine bodies 83 | decor colliders 82 | radius 113.699577 | source bounds -1513.12 19524.2 -1285.72 19585.7 | flags 2380 | scene then Step then actor
I/DH2Native(28506): Native Level fields | ordinal 23 | hub 2 | random 1 | difficulty 0 | file 007_crypt_01.rule.xml | source ranges 8 10 / 45 47 / 74 76 | viewport owner; GSLevel stack pending
I/DH2Native(28506): CharAI constructor projections | characters 14 | native source-order registration records 14 | source Character associations 14 | active AIS initialization pending
I/DH2Native(28506): Native CharAI lifetime | fresh constructors 1 | retained owners 13 | graphics registry rebuilt
I/DH2Native(28506): Native managed host | Level 1 | difficulty 0 | property reads 1 | member writes 0 | offline embedded PlayerInfo; full profile/network pending
I/DH2Native(28506): Native monster initialization | _prim_Monster_SURPRISE_01 | Level 2048 | HP 25600 / 25600 | MP 23552 / 23552 | callbacks 1 | timers 2 | flags 183c | same VM published 1 | retained 1 | paused providers 2 | skills/post/final/frame pending
I/DH2Native(28506): Native monster VM owner | _prim_Monster_SURPRISE_01 | native handle 7d4215268320 | source active 7d4215268400 | source pending 7d4215268400
I/DH2Native(28506): Native monster timer retained | _prim_Monster_SURPRISE_01 | slot 0 | event 33 | duration 3000 | elapsed 0 | active 1 | paused 1
I/DH2Native(28506): Native monster timer retained | _prim_Monster_SURPRISE_01 | slot 1 | event 34 | duration 1000 | elapsed 0 | active 1 | paused 1
I/DH2Native(28506): Native monster initialization | _prim_Monster_SURPRISE_02 | Level 2048 | HP 25600 / 25600 | MP 23552 / 23552 | callbacks 1 | timers 2 | flags 183c | same VM published 1 | retained 1 | paused providers 2 | skills/post/final/frame pending
I/DH2Native(28506): Native monster VM owner | _prim_Monster_SURPRISE_02 | native handle 7d421526c3e0 | source active 7d421526c4c0 | source pending 7d421526c4c0
I/DH2Native(28506): Native monster timer retained | _prim_Monster_SURPRISE_02 | slot 0 | event 33 | duration 3000 | elapsed 0 | active 1 | paused 1
I/DH2Native(28506): Native monster timer retained | _prim_Monster_SURPRISE_02 | slot 1 | event 34 | duration 1000 | elapsed 0 | active 1 | paused 1
I/DH2Native(28506): Native Debug persistence | loaded 1 | switches 24 | read opens 1 | read closes 1 | saves 5 | write closes 5 | IO errors 0 | app-private real file
I/DH2Native(28506): Crypt script restored | activations 1 | requests 2 | ready 1 | running 0 | no Spawn replay
I/DH2Native(28506): Native Character list | characters 14 | owned nodes 14 | copied links 0 | full ObjectManager factory 0 | autonomous Ghost AI 0
I/DH2Native(28506): Objects ready | monsters 13 | decors 84 | resources 12 | instance draws 295 | triangles 6775 | character records 448 | model entries 116 | idle preview only
I/DH2Native(28506): Native floors ready | records 8 | graph nodes 335 | graph edges 838 | selector collision controls height
I/DH2Native(28506): Native floor links ready | neighbour relations 14 | validation references 998 | graph-node search ready
I/DH2Native(28506): Native graph route probe | floor pairs 64 | successful 64 | segments 1598 | state 5454073390c7d916 | endpoints and movement pending
I/DH2Native(28506): Native world route probe | floor pairs 64 | successful 64 | direct 0 | graph 64 | segments 2086 | state 3a3ab2a724cc383b | smoothing and movement pending
I/DH2Native(28506): Native FindPath probe | floor pairs 64 | successful 64 | owned 64 | segments 2086 | state 9356b419cae2bc57 | position controller pending
I/DH2Native(28506): Native floor motion probe | floor pairs 64 | position valid 64 | accepted 64 | direction valid 64 | state d60ad48039cc85c6 | controller and dynamic obstacles pending
I/DH2Native(28506): Native obstacle registry probe | floor pairs 64 | accepted 64 | registered 64 | relocated 56 | state 22a98dfc4102db51 | forces and controller pending
I/DH2Native(28506): Native avoidance probe | floors 8 | force contributions 16 | adjusted 8 | turn limited 8 | state 09d1d79d2612c945 | actor producers and controller pending
I/DH2Native(28506): Native actor producer probe | floors 8 | registered 8 | physical radius updates 8 | state 30c1f3ac1bf81145 | physical construction and controller pending
I/DH2Native(28506): Native heading control | player movement and melee facing use recovered source | UpdatePath rotation subobjects and genuine physics active
I/DH2Native(28506): World ready | rooms 8 | visual draws 101 | navigation triangles 314 | idle tracks 23 | walk tracks 27 | position -1399.4160 19554.9395 636.4874
I/DH2Native(28506): Prince blended inspection | frozen 0 | scene 0 | Step 0 | actor 0 | clip 1040 | ms 0 | body -13.9942 195.549 | pose 5f96fe6e2b6d998d
I/DH2Native(28506): Inspect object 0 | skeleton.bdae | _prim_tmp_cultist01 | room 0 | position -1234.4301 497.9790 596.7230
I/DH2Native(28506): Combat actor state | _prim_tmp_cultist01 | HP 12160 | MP 5632 | dead 0 | combo 0 | state Idle | target -1 | hits 0
I/DH2Native(28506): Combat target rejected | index 0 | target 78 | gated Character services pending
I/DH2Native(28506): worlds/crypt01.dwld: Crypt | 8 rooms | 13 monsters | 84 scenery objects
I/DH2Native(28506): 21612 triangles. Drag the movement control to walk.
I/DH2Native(28506): Gated actor combat services are pending
I/DH2Native(28506): Actor command applied | index 0 | state null | time -1 | Crypt | 8 rooms | 13 monsters | 84 scenery objects
I/DH2Native(28506): 21612 triangles. Drag the movement control to walk.
I/DH2Native(28506): Gated actor combat services are pending
I/DH2Native(28506): Surface resized to 1080 x 1867
I/DH2Native(28506): Native actor frame | scene 0 | Step 1 | actor 1 | source phase 5 | clip 1040 | ms 0 | replays 0 | body -13.9942 195.549 | contacts 0 0 | state 3 | body present 1 | timeline scale 1
I/DH2Native(28506): Model frame submitted at 1080 x 1867
I/DH2Native(28506): Surface resized to 1080 x 1824
I/DH2Native(28506): Model frame submitted at 1080 x 1824
I/DH2Native(28506): Blended character event | event 0x28 | clip 1040 | slot 1 | phase 1 | lag 7
I/DH2Native(28506): Player animation event | clip 1040 | name do_skill | sequence 0 | attack step 0 | kind 0 | lag 7 | scene before Step | Step 10 | position -1399.4160 19554.9395 636.4874
I/DH2Native(28506): Player position -1399.4160 19554.9395 636.4874 | moved 0 | blocked 0
I/DH2Native(28506): Player facing | angle 0 | native updates 17
I/DH2Native(28506): Renderer: Android Emulator OpenGL ES Translator (Google SwiftShader)
I/DH2Native(28506): GLES: OpenGL ES 3.0 (OpenGL ES 3.0 SwiftShader 4.0.0.1)
I/DH2Native(28506): Enemy AI configured | automatic melee 0
I/DH2Native(28506): Mod asset loaded | worlds/crypt01.dwld | bytes 1048
I/DH2Native(28506): Class tables ready | classes 260 | bytes 34224 | cached base snapshots
I/DH2Native(28506): Native level catalogue | fast travel 33 | levels 51 | Crypt row 23 | ranges 8 10 / 45 47 / 74 76 | GSLevel ownership pending
I/DH2Native(28506): AI tables ready | configs 76 | factions 16 | automatic melee 0 | pursuit and full FSM pending
I/DH2Native(28506): Property rules ready | defaults row 0 | types row 1 | properties 224 | supplied sheets only
I/DH2Native(28506): Animation tables ready | sequences 785 | characters 80 | clip paths 1447 | bytes 72812
I/DH2Native(28506): Player attack track ready | clip 1111 | tracks 81 | unbound 0 | attack_mainhand ms -1
I/DH2Native(28506): Player attack track ready | clip 1063 | tracks 29 | unbound 0 | attack_mainhand ms -1
I/DH2Native(28506): Player attack track ready | clip 1040 | tracks 23 | unbound 0 | attack_mainhand ms -1
I/DH2Native(28506): Player attack track ready | clip 1041 | tracks 24 | unbound 0 | attack_mainhand ms -1
I/DH2Native(28506): Player attack track ready | clip 1126 | tracks 25 | unbound 0 | attack_mainhand ms -1
I/DH2Native(28506): Player attack track ready | clip 1114 | tracks 27 | unbound 0 | attack_mainhand ms -1
I/DH2Native(28506): Player attack track ready | clip 968 | tracks 25 | unbound 0 | attack_mainhand ms -1
I/DH2Native(28506): Player attack track ready | clip 956 | tracks 25 | unbound 0 | attack_mainhand ms 333
I/DH2Native(28506): Player attack track ready | clip 964 | tracks 25 | unbound 0 | attack_mainhand ms -1
I/DH2Native(28506): Player attack track ready | clip 970 | tracks 25 | unbound 0 | attack_mainhand ms -1
I/DH2Native(28506): Player attack track ready | clip 959 | tracks 25 | unbound 0 | attack_mainhand ms 899
I/DH2Native(28506): Player attack track ready | clip 965 | tracks 25 | unbound 0 | attack_mainhand ms -1
I/DH2Native(28506): Player attack track ready | clip 972 | tracks 25 | unbound 0 | attack_mainhand ms -1
I/DH2Native(28506): Player attack track ready | clip 962 | tracks 25 | unbound 0 | attack_mainhand ms 1533
I/DH2Native(28506): Player attack track ready | clip 966 | tracks 25 | unbound 0 | attack_mainhand ms -1
I/DH2Native(28506): Player attack track ready | clip 967 | tracks 26 | unbound 0 | attack_mainhand ms -1
I/DH2Native(28506): Player attack track ready | clip 955 | tracks 26 | unbound 0 | attack_mainhand ms 300
I/DH2Native(28506): Player attack track ready | clip 957 | tracks 27 | unbound 0 | attack_mainhand ms -1
I/DH2Native(28506): Player attack track ready | clip 969 | tracks 26 | unbound 0 | attack_mainhand ms -1
I/DH2Native(28506): Player attack track ready | clip 958 | tracks 26 | unbound 0 | attack_mainhand ms 899
I/DH2Native(28506): Player attack track ready | clip 960 | tracks 27 | unbound 0 | attack_mainhand ms -1
I/DH2Native(28506): Player attack track ready | clip 971 | tracks 26 | unbound 0 | attack_mainhand ms -1
I/DH2Native(28506): Player attack track ready | clip 961 | tracks 26 | unbound 0 | attack_mainhand ms 1500
I/DH2Native(28506): Player attack track ready | clip 963 | tracks 26 | unbound 0 | attack_mainhand ms -1
I/DH2Native(28506): Player attack track ready | clip 1025 | tracks 25 | unbound 0 | attack_mainhand ms -1
I/DH2Native(28506): Player attack track ready | clip 1074 | tracks 27 | unbound 0 | attack_mainhand ms -1
I/DH2Native(28506): Player attack track ready | clip 1110 | tracks 25 | unbound 0 | attack_mainhand ms -1
I/DH2Native(28506): Player attack track ready | clip 1071 | tracks 25 | unbound 0 | attack_mainhand ms -1
I/DH2Native(28506): Player attack track ready | clip 1076 | tracks 29 | unbound 0 | attack_mainhand ms -1
I/DH2Native(28506): Player attack track ready | clip 1109 | tracks 28 | unbound 0 | attack_mainhand ms -1
I/DH2Native(28506): Player attack track ready | clip 1026 | tracks 30 | unbound 0 | attack_mainhand ms -1
I/DH2Native(28506): Player attack track ready | clip 1029 | tracks 28 | unbound 0 | attack_mainhand ms -1
I/DH2Native(28506): Player attack track ready | clip 1030 | tracks 27 | unbound 0 | attack_mainhand ms -1
I/DH2Native(28506): Player attack track ready | clip 1031 | tracks 27 | unbound 0 | attack_mainhand ms -1
I/DH2Native(28506): Player attack track ready | clip 1032 | tracks 27 | unbound 0 | attack_mainhand ms -1
I/DH2Native(28506): Player attack track ready | clip 991 | tracks 27 | unbound 0 | attack_mainhand ms -1
I/DH2Native(28506): Player attack track ready | clip 996 | tracks 27 | unbound 0 | attack_mainhand ms -1
I/DH2Native(28506): Player death track ready | clip 1023 | tracks 27 | unbound 0 | attack_mainhand ms -1
I/DH2Native(28506): Player attack track ready | clip 992 | tracks 26 | unbound 0 | attack_mainhand ms -1
I/DH2Native(28506): Player attack track ready | clip 1028 | tracks 29 | unbound 0 | attack_mainhand ms -1
I/DH2Native(28506): Player attack track ready | clip 1027 | tracks 26 | unbound 0 | attack_mainhand ms -1
I/DH2Native(28506): Player attack track ready | clip 1091 | tracks 26 | unbound 0 | attack_mainhand ms -1
I/DH2Native(28506): Player attack track ready | clip 1093 | tracks 26 | unbound 0 | attack_mainhand ms -1
I/DH2Native(28506): Player attack track ready | clip 1043 | tracks 26 | unbound 0 | attack_mainhand ms -1
I/DH2Native(28506): Player attack track ready | clip 994 | tracks 26 | unbound 0 | attack_mainhand ms -1
I/DH2Native(28506): Player attack track ready | clip 1044 | tracks 25 | unbound 0 | attack_mainhand ms -1
I/DH2Native(28506): Player attack track ready | clip 1096 | tracks 14 | unbound 0 | attack_mainhand ms -1
I/DH2Native(28506): Player attack track ready | clip 1103 | tracks 26 | unbound 0 | attack_mainhand ms -1
I/DH2Native(28506): Player attack track ready | clip 1107 | tracks 25 | unbound 0 | attack_mainhand ms -1
I/DH2Native(28506): Player attack track ready | clip 1104 | tracks 27 | unbound 0 | attack_mainhand ms -1
I/DH2Native(28506): Player attack track ready | clip 1108 | tracks 27 | unbound 0 | attack_mainhand ms -1
I/DH2Native(28506): Player attack track ready | clip 1101 | tracks 26 | unbound 0 | attack_mainhand ms -1
I/DH2Native(28506): Player attack track ready | clip 1105 | tracks 25 | unbound 0 | attack_mainhand ms -1
I/DH2Native(28506): Player attack track ready | clip 1100 | tracks 26 | unbound 0 | attack_mainhand ms -1
I/DH2Native(28506): Player attack track ready | clip 1097 | tracks 25 | unbound 0 | attack_mainhand ms -1
I/DH2Native(28506): Player attack track ready | clip 1234 | tracks 25 | unbound 0 | attack_mainhand ms -1
I/DH2Native(28506): Player attack track ready | clip 1239 | tracks 25 | unbound 0 | attack_mainhand ms -1
I/DH2Native(28506): Player attack track ready | clip 1238 | tracks 25 | unbound 0 | attack_mainhand ms -1
I/DH2Native(28506): Player attack track ready | clip 1035 | tracks 23 | unbound 0 | attack_mainhand ms -1
I/DH2Native(28506): Player attack track ready | clip 1036 | tracks 23 | unbound 0 | attack_mainhand ms -1
I/DH2Native(28506): Player attack track ready | clip 986 | tracks 25 | unbound 0 | attack_mainhand ms -1
I/DH2Native(28506): Player attack track ready | clip 974 | tracks 25 | unbound 0 | attack_mainhand ms -1
I/DH2Native(28506): Player attack track ready | clip 976 | tracks 25 | unbound 0 | attack_mainhand ms -1
I/DH2Native(28506): Player attack track ready | clip 988 | tracks 25 | unbound 0 | attack_mainhand ms -1
I/DH2Native(28506): Player attack track ready | clip 978 | tracks 25 | unbound 0 | attack_mainhand ms -1
I/DH2Native(28506): Player attack track ready | clip 980 | tracks 25 | unbound 0 | attack_mainhand ms -1
I/DH2Native(28506): Player attack track ready | clip 990 | tracks 25 | unbound 0 | attack_mainhand ms -1
I/DH2Native(28506): Player attack track ready | clip 984 | tracks 25 | unbound 0 | attack_mainhand ms -1
I/DH2Native(28506): Player attack track ready | clip 985 | tracks 26 | unbound 0 | attack_mainhand ms -1
I/DH2Native(28506): Player attack track ready | clip 973 | tracks 25 | unbound 0 | attack_mainhand ms 333
I/DH2Native(28506): Player attack track ready | clip 975 | tracks 25 | unbound 0 | attack_mainhand ms -1
I/DH2Native(28506): Player attack track ready | clip 987 | tracks 25 | unbound 0 | attack_mainhand ms -1
I/DH2Native(28506): Player attack track ready | clip 977 | tracks 25 | unbound 0 | attack_mainhand ms 1066
I/DH2Native(28506): Player attack track ready | clip 979 | tracks 25 | unbound 0 | attack_mainhand ms -1
I/DH2Native(28506): Player attack track ready | clip 989 | tracks 25 | unbound 0 | attack_mainhand ms -1
I/DH2Native(28506): Player attack track ready | clip 981 | tracks 25 | unbound 0 | attack_mainhand ms 1799
I/DH2Native(28506): Player attack track ready | clip 983 | tracks 25 | unbound 0 | attack_mainhand ms -1
I/DH2Native(28506): Player attack track ready | clip 1233 | tracks 24 | unbound 0 | attack_mainhand ms -1
I/DH2Native(28506): Player attack track ready | clip 1037 | tracks 23 | unbound 0 | attack_mainhand ms -1
I/DH2Native(28506): Player attack track ready | clip 1038 | tracks 23 | unbound 0 | attack_mainhand ms -1
I/DH2Native(28506): Player attack track ready | clip 1016 | tracks 23 | unbound 0 | attack_mainhand ms -1
I/DH2Native(28506): Player attack track ready | clip 1000 | tracks 25 | unbound 0 | attack_mainhand ms 333
I/DH2Native(28506): Player attack track ready | clip 1011 | tracks 27 | unbound 0 | attack_mainhand ms -1
I/DH2Native(28506): Player attack track ready | clip 1018 | tracks 25 | unbound 0 | attack_mainhand ms -1
I/DH2Native(28506): Player attack track ready | clip 1003 | tracks 27 | unbound 0 | attack_mainhand ms -1
I/DH2Native(28506): Player attack track ready | clip 1012 | tracks 25 | unbound 0 | attack_mainhand ms -1
I/DH2Native(28506): Player attack track ready | clip 1020 | tracks 25 | unbound 0 | attack_mainhand ms -1
I/DH2Native(28506): Player attack track ready | clip 1006 | tracks 25 | unbound 0 | attack_mainhand ms 1566
I/DH2Native(28506): Player attack track ready | clip 1013 | tracks 25 | unbound 0 | attack_mainhand ms -1
I/DH2Native(28506): Player attack track ready | clip 1022 | tracks 25 | unbound 0 | attack_mainhand ms -1
I/DH2Native(28506): Player attack track ready | clip 1009 | tracks 25 | unbound 0 | attack_mainhand ms -1
I/DH2Native(28506): Player attack track ready | clip 1014 | tracks 25 | unbound 0 | attack_mainhand ms -1
I/DH2Native(28506): Player attack track ready | clip 1015 | tracks 25 | unbound 0 | attack_mainhand ms -1
I/DH2Native(28506): Player attack track ready | clip 999 | tracks 25 | unbound 0 | attack_mainhand ms 400
I/DH2Native(28506): Player attack track ready | clip 1001 | tracks 25 | unbound 0 | attack_mainhand ms -1
I/DH2Native(28506): Player attack track ready | clip 1017 | tracks 25 | unbound 0 | attack_mainhand ms -1
I/DH2Native(28506): Player attack track ready | clip 1002 | tracks 25 | unbound 0 | attack_mainhand ms 866
I/DH2Native(28506): Player attack track ready | clip 1004 | tracks 25 | unbound 0 | attack_mainhand ms -1
I/DH2Native(28506): Player attack track ready | clip 1019 | tracks 25 | unbound 0 | attack_mainhand ms -1
I/DH2Native(28506): Player attack track ready | clip 1005 | tracks 25 | unbound 0 | attack_mainhand ms 1500
I/DH2Native(28506): Player attack track ready | clip 1007 | tracks 25 | unbound 0 | attack_mainhand ms -1
I/DH2Native(28506): Player attack track ready | clip 1021 | tracks 25 | unbound 0 | attack_mainhand ms -1
I/DH2Native(28506): Player attack track ready | clip 1008 | tracks 25 | unbound 0 | attack_mainhand ms 2266
I/DH2Native(28506): Player attack track ready | clip 1010 | tracks 25 | unbound 0 | attack_mainhand ms -1
I/DH2Native(28506): Player attack track ready | clip 1147 | tracks 27 | unbound 2 | attack_mainhand ms -1
I/DH2Native(28506): Player attack track ready | clip 1133 | tracks 27 | unbound 2 | attack_mainhand ms 1633
I/DH2Native(28506): Player attack track ready | clip 1146 | tracks 25 | unbound 2 | attack_mainhand ms -1
I/DH2Native(28506): Player attack track ready | clip 1218 | tracks 27 | unbound 0 | attack_mainhand ms -1
I/DH2Native(28506): Player attack track ready | clip 1039 | tracks 25 | unbound 0 | attack_mainhand ms -1
I/DH2Native(28506): Player attack track ready | clip 1077 | tracks 18 | unbound 0 | attack_mainhand ms -1
I/DH2Native(28506): Player attack track ready | clip 1078 | tracks 18 | unbound 0 | attack_mainhand ms -1
I/DH2Native(28506): Player attack track ready | clip 1079 | tracks 20 | unbound 0 | attack_mainhand ms -1
I/DH2Native(28506): Player attack track ready | clip 1143 | tracks 24 | unbound 0 | attack_mainhand ms -1
I/DH2Native(28506): Player attack track ready | clip 1138 | tracks 0 | unbound 0 | attack_mainhand ms -1
I/DH2Native(28506): Player attack track ready | clip 1136 | tracks 24 | unbound 0 | attack_mainhand ms -1
I/DH2Native(28506): Player attack track ready | clip 1137 | tracks 24 | unbound 0 | attack_mainhand ms -1
I/DH2Native(28506): Base class snapshot | _prim_tmp_cultist01 | character Crypt_Skeleton | class 18 | level raw 256 | Max_HP raw 12160 | Max_MP raw 5632 | checksum 41ae0e800682474e | cached only
I/DH2Native(28506): Resolved properties | _prim_tmp_cultist01 | character Crypt_Skeleton | HP raw -1 | Max_HP raw 12160 | MP raw -1 | Max_MP raw 5632 | checksum 41ae0e800682474e | supplied sheets only
I/DH2Native(28506): Spawn vitals | _prim_tmp_cultist01 | character Crypt_Skeleton | HP raw 12160 | Max_HP raw 12160 | MP raw 5632 | Max_MP raw 5632 | first HP add raw 12160 | first MP add raw 5632 | second HP add raw 1 | second MP add raw 1 | checksum ee913bf1bab19e05 | passes 2
I/DH2Native(28506): Combat result probe | _prim_tmp_cultist01 | character Crypt_Skeleton | amount 2030 | dot element -1 | dot duration 0 | dot amount 0 | HP leech 0 | MP leech 0 | outcomes 0 | mask 2271925 | category -1 | element -1 | seed 11805120 | calls 9 | validation only
I/DH2Native(28506): Health probe | _prim_tmp_cultist01 | character Crypt_Skeleton | damage 256 | add -256 | before 12160 | after 11904 | kill 0 | armed 1 | cue 0 | lifecycle -1 | dead skip 0 | validation only
I/DH2Native(28506): Health probe | _prim_tmp_cultist01 | character Crypt_Skeleton | damage 16384 | add -16384 | before 12160 | after 0 | kill 1 | armed 1 | cue 0 | lifecycle 3 | dead skip 0 | validation only
I/DH2Native(28506): Original idle selected | skeleton.bdae | table 62 | sequence 596 | step 0 | clip 1194 | skeleton_idle_01.bdae | speed 1.0000 | actor _prim_tmp_cultist01
I/DH2Native(28506): Actor event track ready | skeleton.bdae | clip 1178 | groups 1 | attack_mainhand ms 100
I/DH2Native(28506): Actor event track ready | skeleton.bdae | clip 1179 | groups 0 | attack_mainhand ms -1
I/DH2Native(28506): Actor event track ready | skeleton.bdae | clip 1180 | groups 1 | attack_mainhand ms 100
I/DH2Native(28506): Actor event track ready | skeleton.bdae | clip 1181 | groups 0 | attack_mainhand ms -1
I/DH2Native(28506): Actor event track ready | skeleton.bdae | clip 1185 | groups 0 | attack_mainhand ms -1
I/DH2Native(28506): Actor event track ready | skeleton.bdae | clip 1194 | groups 0 | attack_mainhand ms -1
I/DH2Native(28506): Actor event track ready | skeleton.bdae | clip 1195 | groups 0 | attack_mainhand ms -1
I/DH2Native(28506): Actor event track ready | skeleton.bdae | clip 1197 | groups 0 | attack_mainhand ms -1
I/DH2Native(28506): Actor event track ready | skeleton.bdae | clip 1198 | groups 0 | attack_mainhand ms -1
I/DH2Native(28506): Actor event track ready | skeleton.bdae | clip 1204 | groups 0 | attack_mainhand ms -1
I/DH2Native(28506): Actor clip bank ready | skeleton.bdae | clips 10 | independent instance clocks
I/DH2Native(28506): Object resource skeleton.bdae | primitives 1 | tracks 23 | unbound 3 | unsupported 0 | removed helpers 2
I/DH2Native(28506): Base class snapshot | _prim_tmp_cultist03 | character Crypt_Skeleton | class 18 | level raw 256 | Max_HP raw 12160 | Max_MP raw 5632 | checksum 41ae0e800682474e | cached only
I/DH2Native(28506): Resolved properties | _prim_tmp_cultist03 | character Crypt_Skeleton | HP raw -1 | Max_HP raw 12160 | MP raw -1 | Max_MP raw 5632 | checksum 41ae0e800682474e | supplied sheets only
I/DH2Native(28506): Spawn vitals | _prim_tmp_cultist03 | character Crypt_Skeleton | HP raw 12160 | Max_HP raw 12160 | MP raw 5632 | Max_MP raw 5632 | first HP add raw 12160 | first MP add raw 5632 | second HP add raw 1 | second MP add raw 1 | checksum ee913bf1bab19e05 | passes 2
I/DH2Native(28506): Combat result probe | _prim_tmp_cultist03 | character Crypt_Skeleton | amount 2030 | dot element -1 | dot duration 0 | dot amount 0 | HP leech 0 | MP leech 0 | outcomes 0 | mask 2271925 | category -1 | element -1 | seed 11805120 | calls 9 | validation only
I/DH2Native(28506): Health probe | _prim_tmp_cultist03 | character Crypt_Skeleton | damage 256 | add -256 | before 12160 | after 11904 | kill 0 | armed 1 | cue 0 | lifecycle -1 | dead skip 0 | validation only
I/DH2Native(28506): Health probe | _prim_tmp_cultist03 | character Crypt_Skeleton | damage 16384 | add -16384 | before 12160 | after 0 | kill 1 | armed 1 | cue 0 | lifecycle 3 | dead skip 0 | validation only
I/DH2Native(28506): Original idle selected | skeleton.bdae | table 62 | sequence 596 | step 1 | clip 1195 | skeleton_idle_02.bdae | speed 1.0000 | actor _prim_tmp_cultist03
I/DH2Native(28506): Base class snapshot | _prim_tmp_cultist05 | character CryptSlime | class 18 | level raw 256 | Max_HP raw 12160 | Max_MP raw 5632 | checksum e0cad1d302226d0f | cached only
I/DH2Native(28506): Resolved properties | _prim_tmp_cultist05 | character CryptSlime | HP raw -1 | Max_HP raw 12160 | MP raw -1 | Max_MP raw 5632 | checksum e0cad1d302226d0f | supplied sheets only
I/DH2Native(28506): Spawn vitals | _prim_tmp_cultist05 | character CryptSlime | HP raw 12160 | Max_HP raw 12160 | MP raw 5632 | Max_MP raw 5632 | first HP add raw 12160 | first MP add raw 5632 | second HP add raw 1 | second MP add raw 1 | checksum a1f87e373eade438 | passes 2
I/DH2Native(28506): Combat result probe | _prim_tmp_cultist05 | character CryptSlime | amount 2036 | dot element -1 | dot duration 0 | dot amount 0 | HP leech 0 | MP leech 0 | outcomes 0 | mask 2271925 | category -1 | element -1 | seed 3406292 | calls 9 | validation only
I/DH2Native(28506): Health probe | _prim_tmp_cultist05 | character CryptSlime | damage 256 | add -256 | before 12160 | after 11904 | kill 0 | armed 1 | cue 0 | lifecycle -1 | dead skip 0 | validation only
I/DH2Native(28506): Health probe | _prim_tmp_cultist05 | character CryptSlime | damage 16384 | add -16384 | before 12160 | after 0 | kill 1 | armed 1 | cue 0 | lifecycle 3 | dead skip 0 | validation only
I/DH2Native(28506): Original idle selected | slime_green_v2.bdae | table 64 | sequence 613 | step 5 | clip 1259 | slime_idle_02.bdae | speed 1.0000 | actor _prim_tmp_cultist05
I/DH2Native(28506): Actor event track ready | slime_green_v2.bdae | clip 1246 | groups 1 | attack_mainhand ms 266
I/DH2Native(28506): Actor event track ready | slime_green_v2.bdae | clip 1247 | groups 0 | attack_mainhand ms -1
I/DH2Native(28506): Actor event track ready | slime_green_v2.bdae | clip 1248 | groups 1 | attack_mainhand ms 300
I/DH2Native(28506): Actor event track ready | slime_green_v2.bdae | clip 1249 | groups 0 | attack_mainhand ms -1
I/DH2Native(28506): Actor event track ready | slime_green_v2.bdae | clip 1251 | groups 0 | attack_mainhand ms -1
I/DH2Native(28506): Actor event track ready | slime_green_v2.bdae | clip 1258 | groups 0 | attack_mainhand ms -1
I/DH2Native(28506): Actor event track ready | slime_green_v2.bdae | clip 1259 | groups 0 | attack_mainhand ms -1
I/DH2Native(28506): Actor event track ready | slime_green_v2.bdae | clip 1261 | groups 0 | attack_mainhand ms -1
I/DH2Native(28506): Actor event track ready | slime_green_v2.bdae | clip 1262 | groups 0 | attack_mainhand ms -1
I/DH2Native(28506): Actor event track ready | slime_green_v2.bdae | clip 1268 | groups 0 | attack_mainhand ms -1
I/DH2Native(28506): Actor clip bank ready | slime_green_v2.bdae | clips 10 | independent instance clocks
I/DH2Native(28506): Object resource slime_green_v2.bdae | primitives 2 | tracks 12 | unbound 0 | unsupported 0 | removed helpers 0
I/DH2Native(28506): Base class snapshot | _prim_tmp_cultist06 | character CryptSlime | class 18 | level raw 256 | Max_HP raw 12160 | Max_MP raw 5632 | checksum e0cad1d302226d0f | cached only
I/DH2Native(28506): Resolved properties | _prim_tmp_cultist06 | character CryptSlime | HP raw -1 | Max_HP raw 12160 | MP raw -1 | Max_MP raw 5632 | checksum e0cad1d302226d0f | supplied sheets only
I/DH2Native(28506): Spawn vitals | _prim_tmp_cultist06 | character CryptSlime | HP raw 12160 | Max_HP raw 12160 | MP raw 5632 | Max_MP raw 5632 | first HP add raw 12160 | first MP add raw 5632 | second HP add raw 1 | second MP add raw 1 | checksum a1f87e373eade438 | passes 2
I/DH2Native(28506): Combat result probe | _prim_tmp_cultist06 | character CryptSlime | amount 2036 | dot element -1 | dot duration 0 | dot amount 0 | HP leech 0 | MP leech 0 | outcomes 0 | mask 2271925 | category -1 | element -1 | seed 3406292 | calls 9 | validation only
I/DH2Native(28506): Health probe | _prim_tmp_cultist06 | character CryptSlime | damage 256 | add -256 | before 12160 | after 11904 | kill 0 | armed 1 | cue 0 | lifecycle -1 | dead skip 0 | validation only
I/DH2Native(28506): Health probe | _prim_tmp_cultist06 | character CryptSlime | damage 16384 | add -16384 | before 12160 | after 0 | kill 1 | armed 1 | cue 0 | lifecycle 3 | dead skip 0 | validation only
I/DH2Native(28506): Original idle selected | slime_green_v2.bdae | table 64 | sequence 613 | step 5 | clip 1259 | slime_idle_02.bdae | speed 1.0000 | actor _prim_tmp_cultist06
I/DH2Native(28506): Base class snapshot | _prim_tmp_cultist07 | character Crypt_Skeleton | class 18 | level raw 256 | Max_HP raw 12160 | Max_MP raw 5632 | checksum 41ae0e800682474e | cached only
I/DH2Native(28506): Resolved properties | _prim_tmp_cultist07 | character Crypt_Skeleton | HP raw -1 | Max_HP raw 12160 | MP raw -1 | Max_MP raw 5632 | checksum 41ae0e800682474e | supplied sheets only
I/DH2Native(28506): Spawn vitals | _prim_tmp_cultist07 | character Crypt_Skeleton | HP raw 12160 | Max_HP raw 12160 | MP raw 5632 | Max_MP raw 5632 | first HP add raw 12160 | first MP add raw 5632 | second HP add raw 1 | second MP add raw 1 | checksum ee913bf1bab19e05 | passes 2
I/DH2Native(28506): Combat result probe | _prim_tmp_cultist07 | character Crypt_Skeleton | amount 2030 | dot element -1 | dot duration 0 | dot amount 0 | HP leech 0 | MP leech 0 | outcomes 0 | mask 2271925 | category -1 | element -1 | seed 11805120 | calls 9 | validation only
I/DH2Native(28506): Health probe | _prim_tmp_cultist07 | character Crypt_Skeleton | damage 256 | add -256 | before 12160 | after 11904 | kill 0 | armed 1 | cue 0 | lifecycle -1 | dead skip 0 | validation only
I/DH2Native(28506): Health probe | _prim_tmp_cultist07 | character Crypt_Skeleton | damage 16384 | add -16384 | before 12160 | after 0 | kill 1 | armed 1 | cue 0 | lifecycle 3 | dead skip 0 | validation only
I/DH2Native(28506): Original idle selected | skeleton.bdae | table 62 | sequence 596 | step 0 | clip 1194 | skeleton_idle_01.bdae | speed 1.0000 | actor _prim_tmp_cultist07
I/DH2Native(28506): Base class snapshot | _prim_tmp_cultist08 | character Crypt_Skeleton | class 18 | level raw 256 | Max_HP raw 12160 | Max_MP raw 5632 | checksum 41ae0e800682474e | cached only
I/DH2Native(28506): Resolved properties | _prim_tmp_cultist08 | character Crypt_Skeleton | HP raw -1 | Max_HP raw 12160 | MP raw -1 | Max_MP raw 5632 | checksum 41ae0e800682474e | supplied sheets only
I/DH2Native(28506): Spawn vitals | _prim_tmp_cultist08 | character Crypt_Skeleton | HP raw 12160 | Max_HP raw 12160 | MP raw 5632 | Max_MP raw 5632 | first HP add raw 12160 | first MP add raw 5632 | second HP add raw 1 | second MP add raw 1 | checksum ee913bf1bab19e05 | passes 2
I/DH2Native(28506): Combat result probe | _prim_tmp_cultist08 | character Crypt_Skeleton | amount 2030 | dot element -1 | dot duration 0 | dot amount 0 | HP leech 0 | MP leech 0 | outcomes 0 | mask 2271925 | category -1 | element -1 | seed 11805120 | calls 9 | validation only
I/DH2Native(28506): Health probe | _prim_tmp_cultist08 | character Crypt_Skeleton | damage 256 | add -256 | before 12160 | after 11904 | kill 0 | armed 1 | cue 0 | lifecycle -1 | dead skip 0 | validation only
I/DH2Native(28506): Health probe | _prim_tmp_cultist08 | character Crypt_Skeleton | damage 16384 | add -16384 | before 12160 | after 0 | kill 1 | armed 1 | cue 0 | lifecycle 3 | dead skip 0 | validation only
I/DH2Native(28506): Original idle selected | skeleton.bdae | table 62 | sequence 596 | step 1 | clip 1195 | skeleton_idle_02.bdae | speed 1.0000 | actor _prim_tmp_cultist08
I/DH2Native(28506): Object resource crypt_candles2_small.bdae | primitives 3 | tracks 5 | unbound 0 | unsupported 0 | removed helpers 1
I/DH2Native(28506): Object resource crypt_candlestand_big.bdae | primitives 4 | tracks 3 | unbound 0 | unsupported 0 | removed helpers 2
I/DH2Native(28506): Object resource crypt_candlestand.bdae | primitives 4 | tracks 7 | unbound 0 | unsupported 0 | removed helpers 2
I/DH2Native(28506): Object resource crypt_candle2.bdae | primitives 3 | tracks 3 | unbound 0 | unsupported 0 | removed helpers 1
I/DH2Native(28506): Object resource crypt_candle1_small.bdae | primitives 3 | tracks 3 | unbound 0 | unsupported 0 | removed helpers 1
I/DH2Native(28506): Object resource crypt_candles.bdae | primitives 3 | tracks 7 | unbound 0 | unsupported 0 | removed helpers 1
I/DH2Native(28506): Object resource swamp_caveentrance_effect.bdae | primitives 1 | tracks 0 | unbound 0 | unsupported 3 | removed helpers 0
I/DH2Native(28506): Object resource crypt_candle_big.bdae | primitives 3 | tracks 3 | unbound 0 | unsupported 0 | removed helpers 1
I/DH2Native(28506): Base class snapshot | _prim_Monster | character CryptSlime | class 18 | level raw 256 | Max_HP raw 12160 | Max_MP raw 5632 | checksum e0cad1d302226d0f | cached only
I/DH2Native(28506): Resolved properties | _prim_Monster | character CryptSlime | HP raw -1 | Max_HP raw 12160 | MP raw -1 | Max_MP raw 5632 | checksum e0cad1d302226d0f | supplied sheets only
I/DH2Native(28506): Spawn vitals | _prim_Monster | character CryptSlime | HP raw 12160 | Max_HP raw 12160 | MP raw 5632 | Max_MP raw 5632 | first HP add raw 12160 | first MP add raw 5632 | second HP add raw 1 | second MP add raw 1 | checksum a1f87e373eade438 | passes 2
I/DH2Native(28506): Combat result probe | _prim_Monster | character CryptSlime | amount 2036 | dot element -1 | dot duration 0 | dot amount 0 | HP leech 0 | MP leech 0 | outcomes 0 | mask 2271925 | category -1 | element -1 | seed 3406292 | calls 9 | validation only
I/DH2Native(28506): Health probe | _prim_Monster | character CryptSlime | damage 256 | add -256 | before 12160 | after 11904 | kill 0 | armed 1 | cue 0 | lifecycle -1 | dead skip 0 | validation only
I/DH2Native(28506): Health probe | _prim_Monster | character CryptSlime | damage 16384 | add -16384 | before 12160 | after 0 | kill 1 | armed 1 | cue 0 | lifecycle 3 | dead skip 0 | validation only
I/DH2Native(28506): Original idle selected | slime_green_v2.bdae | table 64 | sequence 613 | step 1 | clip 1258 | slime_idle.bdae | speed 1.0000 | actor _prim_Monster
I/DH2Native(28506): Base class snapshot | _prim_Monster02 | character CryptSlime_RE | class 18 | level raw 256 | Max_HP raw 12160 | Max_MP raw 5632 | checksum eb471073d49b2c44 | cached only
I/DH2Native(28506): Resolved properties | _prim_Monster02 | character CryptSlime_RE | HP raw -1 | Max_HP raw 12160 | MP raw -1 | Max_MP raw 5632 | checksum eb471073d49b2c44 | supplied sheets only
I/DH2Native(28506): Spawn vitals | _prim_Monster02 | character CryptSlime_RE | HP raw 12160 | Max_HP raw 12160 | MP raw 5632 | Max_MP raw 5632 | first HP add raw 12160 | first MP add raw 5632 | second HP add raw 1 | second MP add raw 1 | checksum 6eba0582f78691bb | passes 2
I/DH2Native(28506): Combat result probe | _prim_Monster02 | character CryptSlime_RE | amount 2135 | dot element -1 | dot duration 0 | dot amount 0 | HP leech 0 | MP leech 0 | outcomes 0 | mask 2271925 | category -1 | element -1 | seed 7440849 | calls 9 | validation only
I/DH2Native(28506): Health probe | _prim_Monster02 | character CryptSlime_RE | damage 256 | add -256 | before 12160 | after 11904 | kill 0 | armed 1 | cue 0 | lifecycle -1 | dead skip 0 | validation only
I/DH2Native(28506): Health probe | _prim_Monster02 | character CryptSlime_RE | damage 16384 | add -16384 | before 12160 | after 0 | kill 1 | armed 1 | cue 0 | lifecycle 3 | dead skip 0 | validation only
I/DH2Native(28506): Original idle selected | slime_green_v2.bdae | table 64 | sequence 613 | step 0 | clip 1258 | slime_idle.bdae | speed 1.0000 | actor _prim_Monster02
I/DH2Native(28506): Base class snapshot | _prim_Monster05 | character CryptSlime | class 18 | level raw 256 | Max_HP raw 12160 | Max_MP raw 5632 | checksum e0cad1d302226d0f | cached only
I/DH2Native(28506): Resolved properties | _prim_Monster05 | character CryptSlime | HP raw -1 | Max_HP raw 12160 | MP raw -1 | Max_MP raw 5632 | checksum e0cad1d302226d0f | supplied sheets only
I/DH2Native(28506): Spawn vitals | _prim_Monster05 | character CryptSlime | HP raw 12160 | Max_HP raw 12160 | MP raw 5632 | Max_MP raw 5632 | first HP add raw 12160 | first MP add raw 5632 | second HP add raw 1 | second MP add raw 1 | checksum a1f87e373eade438 | passes 2
I/DH2Native(28506): Combat result probe | _prim_Monster05 | character CryptSlime | amount 2036 | dot element -1 | dot duration 0 | dot amount 0 | HP leech 0 | MP leech 0 | outcomes 0 | mask 2271925 | category -1 | element -1 | seed 3406292 | calls 9 | validation only
I/DH2Native(28506): Health probe | _prim_Monster05 | character CryptSlime | damage 256 | add -256 | before 12160 | after 11904 | kill 0 | armed 1 | cue 0 | lifecycle -1 | dead skip 0 | validation only
I/DH2Native(28506): Health probe | _prim_Monster05 | character CryptSlime | damage 16384 | add -16384 | before 12160 | after 0 | kill 1 | armed 1 | cue 0 | lifecycle 3 | dead skip 0 | validation only
I/DH2Native(28506): Original idle selected | slime_green_v2.bdae | table 64 | sequence 613 | step 4 | clip 1258 | slime_idle.bdae | speed 1.0000 | actor _prim_Monster05
I/DH2Native(28506): Object resource crypt_candle1.bdae | primitives 3 | tracks 3 | unbound 0 | unsupported 0 | removed helpers 1
I/DH2Native(28506): Base class snapshot | _prim_Monster_Ghost05 | character Crypt_Ghost | class 18 | level raw 256 | Max_HP raw 12160 | Max_MP raw 5632 | checksum 37563d932af809fb | cached only
I/DH2Native(28506): Resolved properties | _prim_Monster_Ghost05 | character Crypt_Ghost | HP raw -1 | Max_HP raw 12160 | MP raw -1 | Max_MP raw 5632 | checksum 37563d932af809fb | supplied sheets only
I/DH2Native(28506): Spawn vitals | _prim_Monster_Ghost05 | character Crypt_Ghost | HP raw 12160 | Max_HP raw 12160 | MP raw 5632 | Max_MP raw 5632 | first HP add raw 12160 | first MP add raw 5632 | second HP add raw 1 | second MP add raw 1 | checksum e41199bf55080334 | passes 2
I/DH2Native(28506): Combat result probe | _prim_Monster_Ghost05 | character Crypt_Ghost | amount 2263 | dot element -1 | dot duration 0 | dot amount 0 | HP leech 0 | MP leech 0 | outcomes 0 | mask 2271925 | category -1 | element -1 | seed 3474079 | calls 9 | validation only
I/DH2Native(28506): Health probe | _prim_Monster_Ghost05 | character Crypt_Ghost | damage 256 | add -256 | before 12160 | after 11904 | kill 0 | armed 1 | cue 0 | lifecycle -1 | dead skip 0 | validation only
I/DH2Native(28506): Health probe | _prim_Monster_Ghost05 | character Crypt_Ghost | damage 16384 | add -16384 | before 12160 | after 0 | kill 1 | armed 1 | cue 0 | lifecycle 3 | dead skip 0 | validation only
I/DH2Native(28506): Original idle selected | ghost.bdae | table 24 | sequence 210 | step 0 | clip 706 | ghost_idle_01.bdae | speed 1.3000 | actor _prim_Monster_Ghost05
I/DH2Native(28506): Actor event track ready | ghost.bdae | clip 697 | groups 1 | attack_mainhand ms 999
I/DH2Native(28506): Actor event track ready | ghost.bdae | clip 700 | groups 0 | attack_mainhand ms -1
I/DH2Native(28506): Actor event track ready | ghost.bdae | clip 706 | groups 0 | attack_mainhand ms -1
I/DH2Native(28506): Actor event track ready | ghost.bdae | clip 707 | groups 0 | attack_mainhand ms -1
I/DH2Native(28506): Actor event track ready | ghost.bdae | clip 710 | groups 0 | attack_mainhand ms -1
I/DH2Native(28506): Actor event track ready | ghost.bdae | clip 714 | groups 0 | attack_mainhand ms -1
I/DH2Native(28506): Actor event track ready | ghost.bdae | clip 717 | groups 0 | attack_mainhand ms -1
I/DH2Native(28506): Actor clip bank ready | ghost.bdae | clips 7 | independent instance clocks
I/DH2Native(28506): Object resource ghost.bdae | primitives 2 | tracks 24 | unbound 0 | unsupported 0 | removed helpers 2
I/DH2Native(28506): Base class snapshot | _prim_Monster_Ghost06 | character Crypt_Ghost | class 18 | level raw 256 | Max_HP raw 12160 | Max_MP raw 5632 | checksum 37563d932af809fb | cached only
I/DH2Native(28506): Resolved properties | _prim_Monster_Ghost06 | character Crypt_Ghost | HP raw -1 | Max_HP raw 12160 | MP raw -1 | Max_MP raw 5632 | checksum 37563d932af809fb | supplied sheets only
I/DH2Native(28506): Spawn vitals | _prim_Monster_Ghost06 | character Crypt_Ghost | HP raw 12160 | Max_HP raw 12160 | MP raw 5632 | Max_MP raw 5632 | first HP add raw 12160 | first MP add raw 5632 | second HP add raw 1 | second MP add raw 1 | checksum e41199bf55080334 | passes 2
I/DH2Native(28506): Combat result probe | _prim_Monster_Ghost06 | character Crypt_Ghost | amount 2263 | dot element -1 | dot duration 0 | dot amount 0 | HP leech 0 | MP leech 0 | outcomes 0 | mask 2271925 | category -1 | element -1 | seed 3474079 | calls 9 | validation only
I/DH2Native(28506): Health probe | _prim_Monster_Ghost06 | character Crypt_Ghost | damage 256 | add -256 | before 12160 | after 11904 | kill 0 | armed 1 | cue 0 | lifecycle -1 | dead skip 0 | validation only
I/DH2Native(28506): Health probe | _prim_Monster_Ghost06 | character Crypt_Ghost | damage 16384 | add -16384 | before 12160 | after 0 | kill 1 | armed 1 | cue 0 | lifecycle 3 | dead skip 0 | validation only
I/DH2Native(28506): Original idle selected | ghost.bdae | table 24 | sequence 210 | step 0 | clip 706 | ghost_idle_01.bdae | speed 1.3000 | actor _prim_Monster_Ghost06
I/DH2Native(28506): Base class snapshot | _prim_Monster_SURPRISE_01 | character Crypt_Ghost | class 18 | level raw 256 | Max_HP raw 12160 | Max_MP raw 5632 | checksum 37563d932af809fb | cached only
I/DH2Native(28506): Resolved properties | _prim_Monster_SURPRISE_01 | character Crypt_Ghost | HP raw -1 | Max_HP raw 12160 | MP raw -1 | Max_MP raw 5632 | checksum 37563d932af809fb | supplied sheets only
I/DH2Native(28506): Spawn vitals | _prim_Monster_SURPRISE_01 | character Crypt_Ghost | HP raw 12160 | Max_HP raw 12160 | MP raw 5632 | Max_MP raw 5632 | first HP add raw 12160 | first MP add raw 5632 | second HP add raw 1 | second MP add raw 1 | checksum e41199bf55080334 | passes 2
I/DH2Native(28506): Combat result probe | _prim_Monster_SURPRISE_01 | character Crypt_Ghost | amount 2263 | dot element -1 | dot duration 0 | dot amount 0 | HP leech 0 | MP leech 0 | outcomes 0 | mask 2271925 | category -1 | element -1 | seed 3474079 | calls 9 | validation only
I/DH2Native(28506): Health probe | _prim_Monster_SURPRISE_01 | character Crypt_Ghost | damage 256 | add -256 | before 12160 | after 11904 | kill 0 | armed 1 | cue 0 | lifecycle -1 | dead skip 0 | validation only
I/DH2Native(28506): Health probe | _prim_Monster_SURPRISE_01 | character Crypt_Ghost | damage 16384 | add -16384 | before 12160 | after 0 | kill 1 | armed 1 | cue 0 | lifecycle 3 | dead skip 0 | validation only
I/DH2Native(28506): Original idle selected | ghost.bdae | table 24 | sequence 210 | step 0 | clip 706 | ghost_idle_01.bdae | speed 1.3000 | actor _prim_Monster_SURPRISE_01
I/DH2Native(28506): Base class snapshot | _prim_Monster_SURPRISE_02 | character Crypt_Ghost | class 18 | level raw 256 | Max_HP raw 12160 | Max_MP raw 5632 | checksum 37563d932af809fb | cached only
I/DH2Native(28506): Resolved properties | _prim_Monster_SURPRISE_02 | character Crypt_Ghost | HP raw -1 | Max_HP raw 12160 | MP raw -1 | Max_MP raw 5632 | checksum 37563d932af809fb | supplied sheets only
I/DH2Native(28506): Spawn vitals | _prim_Monster_SURPRISE_02 | character Crypt_Ghost | HP raw 12160 | Max_HP raw 12160 | MP raw 5632 | Max_MP raw 5632 | first HP add raw 12160 | first MP add raw 5632 | second HP add raw 1 | second MP add raw 1 | checksum e41199bf55080334 | passes 2
I/DH2Native(28506): Combat result probe | _prim_Monster_SURPRISE_02 | character Crypt_Ghost | amount 2263 | dot element -1 | dot duration 0 | dot amount 0 | HP leech 0 | MP leech 0 | outcomes 0 | mask 2271925 | category -1 | element -1 | seed 3474079 | calls 9 | validation only
I/DH2Native(28506): Health probe | _prim_Monster_SURPRISE_02 | character Crypt_Ghost | damage 256 | add -256 | before 12160 | after 11904 | kill 0 | armed 1 | cue 0 | lifecycle -1 | dead skip 0 | validation only
I/DH2Native(28506): Health probe | _prim_Monster_SURPRISE_02 | character Crypt_Ghost | damage 16384 | add -16384 | before 12160 | after 0 | kill 1 | armed 1 | cue 0 | lifecycle 3 | dead skip 0 | validation only
I/DH2Native(28506): Original idle selected | ghost.bdae | table 24 | sequence 210 | step 0 | clip 706 | ghost_idle_01.bdae | speed 1.3000 | actor _prim_Monster_SURPRISE_02
I/DH2Native(28506): 3D upload OK | 4 draws | 586 triangles | 2 textures
I/DH2Native(28506): 29 animation tracks | 0 skipped | Preview lighting. Drag to orbit. | nodes 35 | skipped nongeometry instances 1 | skin draws 4 | segments 2
I/DH2Native(28506): Combat actor restored | _prim_tmp_cultist01 | HP 12160 | dead 0 | combo 0 | state Idle | cursor 689.0004 | events 0 | aggro 0 0 | target -1 | AI attack 0
I/DH2Native(28506): Combat actor restored | _prim_tmp_cultist03 | HP 12160 | dead 0 | combo 0 | state Idle | cursor 3923.0004 | events 0 | aggro 0 0 | target -1 | AI attack 0
I/DH2Native(28506): Combat actor restored | _prim_tmp_cultist07 | HP 12160 | dead 0 | combo 0 | state Idle | cursor 689.0004 | events 0 | aggro 0 0 | target -1 | AI attack 0
I/DH2Native(28506): Combat actor restored | _prim_tmp_cultist08 | HP 12160 | dead 0 | combo 0 | state Idle | cursor 3923.0004 | events 0 | aggro 0 0 | target -1 | AI attack 0
I/DH2Native(28506): Combat actor restored | _prim_tmp_cultist05 | HP 12160 | dead 0 | combo 0 | state Idle | cursor 691.0004 | events 0 | aggro 0 0 | target -1 | AI attack 0
I/DH2Native(28506): Combat actor restored | _prim_tmp_cultist06 | HP 12160 | dead 0 | combo 0 | state Idle | cursor 691.0004 | events 0 | aggro 0 0 | target -1 | AI attack 0
I/DH2Native(28506): Combat actor restored | _prim_Monster | HP 12160 | dead 0 | combo 0 | state Idle | cursor 691.0004 | events 0 | aggro 0 0 | target -1 | AI attack 0
I/DH2Native(28506): Combat actor restored | _prim_Monster02 | HP 12160 | dead 0 | combo 0 | state Idle | cursor 691.0004 | events 0 | aggro 0 0 | target -1 | AI attack 0
I/DH2Native(28506): Combat actor restored | _prim_Monster05 | HP 12160 | dead 0 | combo 0 | state Idle | cursor 691.0004 | events 0 | aggro 0 0 | target -1 | AI attack 0
I/DH2Native(28506): Combat actor restored | _prim_Monster_Ghost05 | HP 12160 | dead 0 | combo 0 | state Idle | cursor 1028.6000 | events 0 | aggro 0 0 | target -1 | AI attack 0
I/DH2Native(28506): Combat actor restored | _prim_Monster_Ghost06 | HP 12160 | dead 0 | combo 0 | state Idle | cursor 1028.6000 | events 0 | aggro 0 0 | target -1 | AI attack 0
I/DH2Native(28506): Combat actor restored | _prim_Monster_SURPRISE_01 | HP 25600 | dead 0 | combo 0 | state Idle | cursor 3708.0000 | events 0 | aggro 0 0 | target -1 | AI attack 0
I/DH2Native(28506): Combat actor restored | _prim_Monster_SURPRISE_02 | HP 25600 | dead 0 | combo 0 | state Idle | cursor 3593.6000 | events 0 | aggro 0 0 | target -1 | AI attack 0
I/DH2Native(28506): Player properties | KnightPlayerBase | HP 42265 | MP 6976 | checksum 80406e3d6a338f9d | attempts 0 | attacking 0
I/DH2Native(28506): Prince blended bank ready | resources 116 | occurrences 158 | targets 83 | template 1111 | engine 0 | game clip 1111
I/DH2Native(28506): Blended character event | event 0x24 | clip 1111 | slot 0 | phase 5 | lag 0
I/DH2Native(28506): Blended character event | event 0x26 | clip 1111 | slot 0 | phase 5 | lag 0
I/DH2Native(28506): Character animation selected | state 3 | flags 2380 | sequence 262 | clip 1040 | actor state service
I/DH2Native(28506): Character state event | state 3 | event 1d | prior 3 | flags 2380
I/DH2Native(28506): Player source state | previous 3 | current 3 | event 0x0 | flags 2380 | root 262 | clip 1040 | position -1399.4160 19554.9395 636.4874 | Step 11
I/DH2Native(28506): Spawn body ready | _prim_Monster_SURPRISE_01 | creations 1 | radius 145.718735 | category 10 | mask d3f
I/DH2Native(28506): Gated character ready | _prim_Monster_SURPRISE_01 | source state 3 | presentation visible 1 | body 1 | Spawn sequence 213 | AI type 4 | restored 1
I/DH2Native(28506): Spawn body ready | _prim_Monster_SURPRISE_02 | creations 1 | radius 145.718735 | category 10 | mask d3f
I/DH2Native(28506): Gated character ready | _prim_Monster_SURPRISE_02 | source state 3 | presentation visible 1 | body 1 | Spawn sequence 213 | AI type 4 | restored 1
I/DH2Native(28506): Native actor ready | genuine bodies 83 | decor colliders 82 | radius 113.699577 | source bounds -1513.12 19524.2 -1285.72 19585.7 | flags 2380 | scene then Step then actor
I/DH2Native(28506): Native Level fields | ordinal 23 | hub 2 | random 1 | difficulty 0 | file 007_crypt_01.rule.xml | source ranges 8 10 / 45 47 / 74 76 | viewport owner; GSLevel stack pending
I/DH2Native(28506): CharAI constructor projections | characters 14 | native source-order registration records 14 | source Character associations 14 | active AIS initialization pending
I/DH2Native(28506): Native CharAI lifetime | fresh constructors 1 | retained owners 13 | graphics registry rebuilt
I/DH2Native(28506): Native managed host | Level 1 | difficulty 0 | property reads 1 | member writes 0 | offline embedded PlayerInfo; full profile/network pending
I/DH2Native(28506): Native monster initialization | _prim_Monster_SURPRISE_01 | Level 2048 | HP 25600 / 25600 | MP 23552 / 23552 | callbacks 1 | timers 2 | flags 183c | same VM published 1 | retained 1 | paused providers 2 | skills/post/final/frame pending
I/DH2Native(28506): Native monster VM owner | _prim_Monster_SURPRISE_01 | native handle 7d4215268320 | source active 7d4215268400 | source pending 7d4215268400
I/DH2Native(28506): Native monster timer retained | _prim_Monster_SURPRISE_01 | slot 0 | event 33 | duration 3000 | elapsed 0 | active 1 | paused 1
I/DH2Native(28506): Native monster timer retained | _prim_Monster_SURPRISE_01 | slot 1 | event 34 | duration 1000 | elapsed 0 | active 1 | paused 1
I/DH2Native(28506): Native monster initialization | _prim_Monster_SURPRISE_02 | Level 2048 | HP 25600 / 25600 | MP 23552 / 23552 | callbacks 1 | timers 2 | flags 183c | same VM published 1 | retained 1 | paused providers 2 | skills/post/final/frame pending
I/DH2Native(28506): Native monster VM owner | _prim_Monster_SURPRISE_02 | native handle 7d421526c3e0 | source active 7d421526c4c0 | source pending 7d421526c4c0
I/DH2Native(28506): Native monster timer retained | _prim_Monster_SURPRISE_02 | slot 0 | event 33 | duration 3000 | elapsed 0 | active 1 | paused 1
I/DH2Native(28506): Native monster timer retained | _prim_Monster_SURPRISE_02 | slot 1 | event 34 | duration 1000 | elapsed 0 | active 1 | paused 1
I/DH2Native(28506): Native Debug persistence | loaded 1 | switches 24 | read opens 1 | read closes 1 | saves 5 | write closes 5 | IO errors 0 | app-private real file
I/DH2Native(28506): Crypt script restored | activations 1 | requests 2 | ready 1 | running 0 | no Spawn replay
I/DH2Native(28506): Native Character list | characters 14 | owned nodes 14 | copied links 0 | full ObjectManager factory 0 | autonomous Ghost AI 0
I/DH2Native(28506): Objects ready | monsters 13 | decors 84 | resources 12 | instance draws 295 | triangles 6775 | character records 448 | model entries 116 | idle preview only
I/DH2Native(28506): Native floors ready | records 8 | graph nodes 335 | graph edges 838 | selector collision controls height
I/DH2Native(28506): Native floor links ready | neighbour relations 14 | validation references 998 | graph-node search ready
I/DH2Native(28506): Native graph route probe | floor pairs 64 | successful 64 | segments 1598 | state 5454073390c7d916 | endpoints and movement pending
I/DH2Native(28506): Native world route probe | floor pairs 64 | successful 64 | direct 0 | graph 64 | segments 2086 | state 3a3ab2a724cc383b | smoothing and movement pending
I/DH2Native(28506): Native FindPath probe | floor pairs 64 | successful 64 | owned 64 | segments 2086 | state 9356b419cae2bc57 | position controller pending
I/DH2Native(28506): Native floor motion probe | floor pairs 64 | position valid 64 | accepted 64 | direction valid 64 | state d60ad48039cc85c6 | controller and dynamic obstacles pending
I/DH2Native(28506): Native obstacle registry probe | floor pairs 64 | accepted 64 | registered 64 | relocated 56 | state 22a98dfc4102db51 | forces and controller pending
I/DH2Native(28506): Native avoidance probe | floors 8 | force contributions 16 | adjusted 8 | turn limited 8 | state 09d1d79d2612c945 | actor producers and controller pending
I/DH2Native(28506): Native actor producer probe | floors 8 | registered 8 | physical radius updates 8 | state 30c1f3ac1bf81145 | physical construction and controller pending
I/DH2Native(28506): Native heading control | player movement and melee facing use recovered source | UpdatePath rotation subobjects and genuine physics active
I/DH2Native(28506): World ready | rooms 8 | visual draws 101 | navigation triangles 314 | idle tracks 23 | walk tracks 27 | position -1399.4160 19554.9395 636.4874
I/DH2Native(28506): Prince blended inspection | frozen 0 | scene 0 | Step 0 | actor 0 | clip 1040 | ms 0 | body -13.9942 195.549 | pose 5f96fe6e2b6d998d
I/DH2Native(28506): Inspect object 78 | ghost.bdae | _prim_Monster_SURPRISE_01 | room 7 | position -1670.3700 19941.8574 609.7270
I/DH2Native(28506): Combat actor state | _prim_Monster_SURPRISE_01 | HP 25600 | MP 23552 | dead 0 | combo 0 | state Idle | target -1 | hits 0
I/DH2Native(28506): Combat target rejected | index 78 | target 0 | gated Character services pending
I/DH2Native(28506): worlds/crypt01.dwld: Crypt | 8 rooms | 13 monsters | 84 scenery objects
I/DH2Native(28506): 21612 triangles. Drag the movement control to walk.
I/DH2Native(28506): Gated actor combat services are pending
I/DH2Native(28506): Actor command applied | index 78 | state null | time -1 | Crypt | 8 rooms | 13 monsters | 84 scenery objects
I/DH2Native(28506): 21612 triangles. Drag the movement control to walk.
I/DH2Native(28506): Gated actor combat services are pending
I/DH2Native(28506): Surface resized to 1080 x 1824
I/DH2Native(28506): Native actor frame | scene 0 | Step 1 | actor 1 | source phase 5 | clip 1040 | ms 0 | replays 0 | body -13.9942 195.549 | contacts 0 0 | state 3 | body present 1 | timeline scale 1
I/DH2Native(28506): Model frame submitted at 1080 x 1824
I/DH2Native(28506): Player position -1399.4160 19554.9395 636.4874 | moved 0 | blocked 0
I/DH2Native(28506): Player facing | angle 0 | native updates 17
I/DH2Native(28506): Renderer: Android Emulator OpenGL ES Translator (Google SwiftShader)
I/DH2Native(28506): GLES: OpenGL ES 3.0 (OpenGL ES 3.0 SwiftShader 4.0.0.1)
I/DH2Native(28506): Enemy AI configured | automatic melee 0
I/DH2Native(28506): Mod asset loaded | worlds/crypt01.dwld | bytes 1048
I/DH2Native(28506): Class tables ready | classes 260 | bytes 34224 | cached base snapshots
I/DH2Native(28506): Native level catalogue | fast travel 33 | levels 51 | Crypt row 23 | ranges 8 10 / 45 47 / 74 76 | GSLevel ownership pending
I/DH2Native(28506): AI tables ready | configs 76 | factions 16 | automatic melee 0 | pursuit and full FSM pending
I/DH2Native(28506): Property rules ready | defaults row 0 | types row 1 | properties 224 | supplied sheets only
I/DH2Native(28506): Animation tables ready | sequences 785 | characters 80 | clip paths 1447 | bytes 72812
I/DH2Native(28506): Player attack track ready | clip 1111 | tracks 81 | unbound 0 | attack_mainhand ms -1
I/DH2Native(28506): Player attack track ready | clip 1063 | tracks 29 | unbound 0 | attack_mainhand ms -1
I/DH2Native(28506): Player attack track ready | clip 1040 | tracks 23 | unbound 0 | attack_mainhand ms -1
I/DH2Native(28506): Player attack track ready | clip 1041 | tracks 24 | unbound 0 | attack_mainhand ms -1
I/DH2Native(28506): Player attack track ready | clip 1126 | tracks 25 | unbound 0 | attack_mainhand ms -1
I/DH2Native(28506): Player attack track ready | clip 1114 | tracks 27 | unbound 0 | attack_mainhand ms -1
I/DH2Native(28506): Player attack track ready | clip 968 | tracks 25 | unbound 0 | attack_mainhand ms -1
I/DH2Native(28506): Player attack track ready | clip 956 | tracks 25 | unbound 0 | attack_mainhand ms 333
I/DH2Native(28506): Player attack track ready | clip 964 | tracks 25 | unbound 0 | attack_mainhand ms -1
I/DH2Native(28506): Player attack track ready | clip 970 | tracks 25 | unbound 0 | attack_mainhand ms -1
I/DH2Native(28506): Player attack track ready | clip 959 | tracks 25 | unbound 0 | attack_mainhand ms 899
I/DH2Native(28506): Player attack track ready | clip 965 | tracks 25 | unbound 0 | attack_mainhand ms -1
I/DH2Native(28506): Player attack track ready | clip 972 | tracks 25 | unbound 0 | attack_mainhand ms -1
I/DH2Native(28506): Player attack track ready | clip 962 | tracks 25 | unbound 0 | attack_mainhand ms 1533
I/DH2Native(28506): Player attack track ready | clip 966 | tracks 25 | unbound 0 | attack_mainhand ms -1
I/DH2Native(28506): Player attack track ready | clip 967 | tracks 26 | unbound 0 | attack_mainhand ms -1
I/DH2Native(28506): Player attack track ready | clip 955 | tracks 26 | unbound 0 | attack_mainhand ms 300
I/DH2Native(28506): Player attack track ready | clip 957 | tracks 27 | unbound 0 | attack_mainhand ms -1
I/DH2Native(28506): Player attack track ready | clip 969 | tracks 26 | unbound 0 | attack_mainhand ms -1
I/DH2Native(28506): Player attack track ready | clip 958 | tracks 26 | unbound 0 | attack_mainhand ms 899
I/DH2Native(28506): Player attack track ready | clip 960 | tracks 27 | unbound 0 | attack_mainhand ms -1
I/DH2Native(28506): Player attack track ready | clip 971 | tracks 26 | unbound 0 | attack_mainhand ms -1
I/DH2Native(28506): Player attack track ready | clip 961 | tracks 26 | unbound 0 | attack_mainhand ms 1500
I/DH2Native(28506): Player attack track ready | clip 963 | tracks 26 | unbound 0 | attack_mainhand ms -1
I/DH2Native(28506): Player attack track ready | clip 1025 | tracks 25 | unbound 0 | attack_mainhand ms -1
I/DH2Native(28506): Player attack track ready | clip 1074 | tracks 27 | unbound 0 | attack_mainhand ms -1
I/DH2Native(28506): Player attack track ready | clip 1110 | tracks 25 | unbound 0 | attack_mainhand ms -1
I/DH2Native(28506): Player attack track ready | clip 1071 | tracks 25 | unbound 0 | attack_mainhand ms -1
I/DH2Native(28506): Player attack track ready | clip 1076 | tracks 29 | unbound 0 | attack_mainhand ms -1
I/DH2Native(28506): Player attack track ready | clip 1109 | tracks 28 | unbound 0 | attack_mainhand ms -1
I/DH2Native(28506): Player attack track ready | clip 1026 | tracks 30 | unbound 0 | attack_mainhand ms -1
I/DH2Native(28506): Player attack track ready | clip 1029 | tracks 28 | unbound 0 | attack_mainhand ms -1
I/DH2Native(28506): Player attack track ready | clip 1030 | tracks 27 | unbound 0 | attack_mainhand ms -1
I/DH2Native(28506): Player attack track ready | clip 1031 | tracks 27 | unbound 0 | attack_mainhand ms -1
I/DH2Native(28506): Player attack track ready | clip 1032 | tracks 27 | unbound 0 | attack_mainhand ms -1
I/DH2Native(28506): Player attack track ready | clip 991 | tracks 27 | unbound 0 | attack_mainhand ms -1
I/DH2Native(28506): Player attack track ready | clip 996 | tracks 27 | unbound 0 | attack_mainhand ms -1
I/DH2Native(28506): Player death track ready | clip 1023 | tracks 27 | unbound 0 | attack_mainhand ms -1
I/DH2Native(28506): Player attack track ready | clip 992 | tracks 26 | unbound 0 | attack_mainhand ms -1
I/DH2Native(28506): Player attack track ready | clip 1028 | tracks 29 | unbound 0 | attack_mainhand ms -1
I/DH2Native(28506): Player attack track ready | clip 1027 | tracks 26 | unbound 0 | attack_mainhand ms -1
I/DH2Native(28506): Player attack track ready | clip 1091 | tracks 26 | unbound 0 | attack_mainhand ms -1
I/DH2Native(28506): Player attack track ready | clip 1093 | tracks 26 | unbound 0 | attack_mainhand ms -1
I/DH2Native(28506): Player attack track ready | clip 1043 | tracks 26 | unbound 0 | attack_mainhand ms -1
I/DH2Native(28506): Player attack track ready | clip 994 | tracks 26 | unbound 0 | attack_mainhand ms -1
I/DH2Native(28506): Player attack track ready | clip 1044 | tracks 25 | unbound 0 | attack_mainhand ms -1
I/DH2Native(28506): Player attack track ready | clip 1096 | tracks 14 | unbound 0 | attack_mainhand ms -1
I/DH2Native(28506): Player attack track ready | clip 1103 | tracks 26 | unbound 0 | attack_mainhand ms -1
I/DH2Native(28506): Player attack track ready | clip 1107 | tracks 25 | unbound 0 | attack_mainhand ms -1
I/DH2Native(28506): Player attack track ready | clip 1104 | tracks 27 | unbound 0 | attack_mainhand ms -1
I/DH2Native(28506): Player attack track ready | clip 1108 | tracks 27 | unbound 0 | attack_mainhand ms -1
I/DH2Native(28506): Player attack track ready | clip 1101 | tracks 26 | unbound 0 | attack_mainhand ms -1
I/DH2Native(28506): Player attack track ready | clip 1105 | tracks 25 | unbound 0 | attack_mainhand ms -1
I/DH2Native(28506): Player attack track ready | clip 1100 | tracks 26 | unbound 0 | attack_mainhand ms -1
I/DH2Native(28506): Player attack track ready | clip 1097 | tracks 25 | unbound 0 | attack_mainhand ms -1
I/DH2Native(28506): Player attack track ready | clip 1234 | tracks 25 | unbound 0 | attack_mainhand ms -1
I/DH2Native(28506): Player attack track ready | clip 1239 | tracks 25 | unbound 0 | attack_mainhand ms -1
I/DH2Native(28506): Player attack track ready | clip 1238 | tracks 25 | unbound 0 | attack_mainhand ms -1
I/DH2Native(28506): Player attack track ready | clip 1035 | tracks 23 | unbound 0 | attack_mainhand ms -1
I/DH2Native(28506): Player attack track ready | clip 1036 | tracks 23 | unbound 0 | attack_mainhand ms -1
I/DH2Native(28506): Player attack track ready | clip 986 | tracks 25 | unbound 0 | attack_mainhand ms -1
I/DH2Native(28506): Player attack track ready | clip 974 | tracks 25 | unbound 0 | attack_mainhand ms -1
I/DH2Native(28506): Player attack track ready | clip 976 | tracks 25 | unbound 0 | attack_mainhand ms -1
I/DH2Native(28506): Player attack track ready | clip 988 | tracks 25 | unbound 0 | attack_mainhand ms -1
I/DH2Native(28506): Player attack track ready | clip 978 | tracks 25 | unbound 0 | attack_mainhand ms -1
I/DH2Native(28506): Player attack track ready | clip 980 | tracks 25 | unbound 0 | attack_mainhand ms -1
I/DH2Native(28506): Player attack track ready | clip 990 | tracks 25 | unbound 0 | attack_mainhand ms -1
I/DH2Native(28506): Player attack track ready | clip 984 | tracks 25 | unbound 0 | attack_mainhand ms -1
I/DH2Native(28506): Player attack track ready | clip 985 | tracks 26 | unbound 0 | attack_mainhand ms -1
I/DH2Native(28506): Player attack track ready | clip 973 | tracks 25 | unbound 0 | attack_mainhand ms 333
I/DH2Native(28506): Player attack track ready | clip 975 | tracks 25 | unbound 0 | attack_mainhand ms -1
I/DH2Native(28506): Player attack track ready | clip 987 | tracks 25 | unbound 0 | attack_mainhand ms -1
I/DH2Native(28506): Player attack track ready | clip 977 | tracks 25 | unbound 0 | attack_mainhand ms 1066
I/DH2Native(28506): Player attack track ready | clip 979 | tracks 25 | unbound 0 | attack_mainhand ms -1
I/DH2Native(28506): Player attack track ready | clip 989 | tracks 25 | unbound 0 | attack_mainhand ms -1
I/DH2Native(28506): Player attack track ready | clip 981 | tracks 25 | unbound 0 | attack_mainhand ms 1799
I/DH2Native(28506): Player attack track ready | clip 983 | tracks 25 | unbound 0 | attack_mainhand ms -1
I/DH2Native(28506): Player attack track ready | clip 1233 | tracks 24 | unbound 0 | attack_mainhand ms -1
I/DH2Native(28506): Player attack track ready | clip 1037 | tracks 23 | unbound 0 | attack_mainhand ms -1
I/DH2Native(28506): Player attack track ready | clip 1038 | tracks 23 | unbound 0 | attack_mainhand ms -1
I/DH2Native(28506): Player attack track ready | clip 1016 | tracks 23 | unbound 0 | attack_mainhand ms -1
I/DH2Native(28506): Player attack track ready | clip 1000 | tracks 25 | unbound 0 | attack_mainhand ms 333
I/DH2Native(28506): Player attack track ready | clip 1011 | tracks 27 | unbound 0 | attack_mainhand ms -1
I/DH2Native(28506): Player attack track ready | clip 1018 | tracks 25 | unbound 0 | attack_mainhand ms -1
I/DH2Native(28506): Player attack track ready | clip 1003 | tracks 27 | unbound 0 | attack_mainhand ms -1
I/DH2Native(28506): Player attack track ready | clip 1012 | tracks 25 | unbound 0 | attack_mainhand ms -1
I/DH2Native(28506): Player attack track ready | clip 1020 | tracks 25 | unbound 0 | attack_mainhand ms -1
I/DH2Native(28506): Player attack track ready | clip 1006 | tracks 25 | unbound 0 | attack_mainhand ms 1566
I/DH2Native(28506): Player attack track ready | clip 1013 | tracks 25 | unbound 0 | attack_mainhand ms -1
I/DH2Native(28506): Player attack track ready | clip 1022 | tracks 25 | unbound 0 | attack_mainhand ms -1
I/DH2Native(28506): Player attack track ready | clip 1009 | tracks 25 | unbound 0 | attack_mainhand ms -1
I/DH2Native(28506): Player attack track ready | clip 1014 | tracks 25 | unbound 0 | attack_mainhand ms -1
I/DH2Native(28506): Player attack track ready | clip 1015 | tracks 25 | unbound 0 | attack_mainhand ms -1
I/DH2Native(28506): Player attack track ready | clip 999 | tracks 25 | unbound 0 | attack_mainhand ms 400
I/DH2Native(28506): Player attack track ready | clip 1001 | tracks 25 | unbound 0 | attack_mainhand ms -1
I/DH2Native(28506): Player attack track ready | clip 1017 | tracks 25 | unbound 0 | attack_mainhand ms -1
I/DH2Native(28506): Player attack track ready | clip 1002 | tracks 25 | unbound 0 | attack_mainhand ms 866
I/DH2Native(28506): Player attack track ready | clip 1004 | tracks 25 | unbound 0 | attack_mainhand ms -1
I/DH2Native(28506): Player attack track ready | clip 1019 | tracks 25 | unbound 0 | attack_mainhand ms -1
I/DH2Native(28506): Player attack track ready | clip 1005 | tracks 25 | unbound 0 | attack_mainhand ms 1500
I/DH2Native(28506): Player attack track ready | clip 1007 | tracks 25 | unbound 0 | attack_mainhand ms -1
I/DH2Native(28506): Player attack track ready | clip 1021 | tracks 25 | unbound 0 | attack_mainhand ms -1
I/DH2Native(28506): Player attack track ready | clip 1008 | tracks 25 | unbound 0 | attack_mainhand ms 2266
I/DH2Native(28506): Player attack track ready | clip 1010 | tracks 25 | unbound 0 | attack_mainhand ms -1
I/DH2Native(28506): Player attack track ready | clip 1147 | tracks 27 | unbound 2 | attack_mainhand ms -1
I/DH2Native(28506): Player attack track ready | clip 1133 | tracks 27 | unbound 2 | attack_mainhand ms 1633
I/DH2Native(28506): Player attack track ready | clip 1146 | tracks 25 | unbound 2 | attack_mainhand ms -1
I/DH2Native(28506): Player attack track ready | clip 1218 | tracks 27 | unbound 0 | attack_mainhand ms -1
I/DH2Native(28506): Player attack track ready | clip 1039 | tracks 25 | unbound 0 | attack_mainhand ms -1
I/DH2Native(28506): Player attack track ready | clip 1077 | tracks 18 | unbound 0 | attack_mainhand ms -1
I/DH2Native(28506): Player attack track ready | clip 1078 | tracks 18 | unbound 0 | attack_mainhand ms -1
I/DH2Native(28506): Player attack track ready | clip 1079 | tracks 20 | unbound 0 | attack_mainhand ms -1
I/DH2Native(28506): Player attack track ready | clip 1143 | tracks 24 | unbound 0 | attack_mainhand ms -1
I/DH2Native(28506): Player attack track ready | clip 1138 | tracks 0 | unbound 0 | attack_mainhand ms -1
I/DH2Native(28506): Player attack track ready | clip 1136 | tracks 24 | unbound 0 | attack_mainhand ms -1
I/DH2Native(28506): Player attack track ready | clip 1137 | tracks 24 | unbound 0 | attack_mainhand ms -1
I/DH2Native(28506): Base class snapshot | _prim_tmp_cultist01 | character Crypt_Skeleton | class 18 | level raw 256 | Max_HP raw 12160 | Max_MP raw 5632 | checksum 41ae0e800682474e | cached only
I/DH2Native(28506): Resolved properties | _prim_tmp_cultist01 | character Crypt_Skeleton | HP raw -1 | Max_HP raw 12160 | MP raw -1 | Max_MP raw 5632 | checksum 41ae0e800682474e | supplied sheets only
I/DH2Native(28506): Spawn vitals | _prim_tmp_cultist01 | character Crypt_Skeleton | HP raw 12160 | Max_HP raw 12160 | MP raw 5632 | Max_MP raw 5632 | first HP add raw 12160 | first MP add raw 5632 | second HP add raw 1 | second MP add raw 1 | checksum ee913bf1bab19e05 | passes 2
I/DH2Native(28506): Combat result probe | _prim_tmp_cultist01 | character Crypt_Skeleton | amount 2030 | dot element -1 | dot duration 0 | dot amount 0 | HP leech 0 | MP leech 0 | outcomes 0 | mask 2271925 | category -1 | element -1 | seed 11805120 | calls 9 | validation only
I/DH2Native(28506): Health probe | _prim_tmp_cultist01 | character Crypt_Skeleton | damage 256 | add -256 | before 12160 | after 11904 | kill 0 | armed 1 | cue 0 | lifecycle -1 | dead skip 0 | validation only
I/DH2Native(28506): Health probe | _prim_tmp_cultist01 | character Crypt_Skeleton | damage 16384 | add -16384 | before 12160 | after 0 | kill 1 | armed 1 | cue 0 | lifecycle 3 | dead skip 0 | validation only
I/DH2Native(28506): Original idle selected | skeleton.bdae | table 62 | sequence 596 | step 0 | clip 1194 | skeleton_idle_01.bdae | speed 1.0000 | actor _prim_tmp_cultist01
I/DH2Native(28506): Actor event track ready | skeleton.bdae | clip 1178 | groups 1 | attack_mainhand ms 100
I/DH2Native(28506): Actor event track ready | skeleton.bdae | clip 1179 | groups 0 | attack_mainhand ms -1
I/DH2Native(28506): Actor event track ready | skeleton.bdae | clip 1180 | groups 1 | attack_mainhand ms 100
I/DH2Native(28506): Actor event track ready | skeleton.bdae | clip 1181 | groups 0 | attack_mainhand ms -1
I/DH2Native(28506): Actor event track ready | skeleton.bdae | clip 1185 | groups 0 | attack_mainhand ms -1
I/DH2Native(28506): Actor event track ready | skeleton.bdae | clip 1194 | groups 0 | attack_mainhand ms -1
I/DH2Native(28506): Actor event track ready | skeleton.bdae | clip 1195 | groups 0 | attack_mainhand ms -1
I/DH2Native(28506): Actor event track ready | skeleton.bdae | clip 1197 | groups 0 | attack_mainhand ms -1
I/DH2Native(28506): Actor event track ready | skeleton.bdae | clip 1198 | groups 0 | attack_mainhand ms -1
I/DH2Native(28506): Actor event track ready | skeleton.bdae | clip 1204 | groups 0 | attack_mainhand ms -1
I/DH2Native(28506): Actor clip bank ready | skeleton.bdae | clips 10 | independent instance clocks
I/DH2Native(28506): Object resource skeleton.bdae | primitives 1 | tracks 23 | unbound 3 | unsupported 0 | removed helpers 2
I/DH2Native(28506): Base class snapshot | _prim_tmp_cultist03 | character Crypt_Skeleton | class 18 | level raw 256 | Max_HP raw 12160 | Max_MP raw 5632 | checksum 41ae0e800682474e | cached only
I/DH2Native(28506): Resolved properties | _prim_tmp_cultist03 | character Crypt_Skeleton | HP raw -1 | Max_HP raw 12160 | MP raw -1 | Max_MP raw 5632 | checksum 41ae0e800682474e | supplied sheets only
I/DH2Native(28506): Spawn vitals | _prim_tmp_cultist03 | character Crypt_Skeleton | HP raw 12160 | Max_HP raw 12160 | MP raw 5632 | Max_MP raw 5632 | first HP add raw 12160 | first MP add raw 5632 | second HP add raw 1 | second MP add raw 1 | checksum ee913bf1bab19e05 | passes 2
I/DH2Native(28506): Combat result probe | _prim_tmp_cultist03 | character Crypt_Skeleton | amount 2030 | dot element -1 | dot duration 0 | dot amount 0 | HP leech 0 | MP leech 0 | outcomes 0 | mask 2271925 | category -1 | element -1 | seed 11805120 | calls 9 | validation only
I/DH2Native(28506): Health probe | _prim_tmp_cultist03 | character Crypt_Skeleton | damage 256 | add -256 | before 12160 | after 11904 | kill 0 | armed 1 | cue 0 | lifecycle -1 | dead skip 0 | validation only
I/DH2Native(28506): Health probe | _prim_tmp_cultist03 | character Crypt_Skeleton | damage 16384 | add -16384 | before 12160 | after 0 | kill 1 | armed 1 | cue 0 | lifecycle 3 | dead skip 0 | validation only
I/DH2Native(28506): Original idle selected | skeleton.bdae | table 62 | sequence 596 | step 1 | clip 1195 | skeleton_idle_02.bdae | speed 1.0000 | actor _prim_tmp_cultist03
I/DH2Native(28506): Base class snapshot | _prim_tmp_cultist05 | character CryptSlime | class 18 | level raw 256 | Max_HP raw 12160 | Max_MP raw 5632 | checksum e0cad1d302226d0f | cached only
I/DH2Native(28506): Resolved properties | _prim_tmp_cultist05 | character CryptSlime | HP raw -1 | Max_HP raw 12160 | MP raw -1 | Max_MP raw 5632 | checksum e0cad1d302226d0f | supplied sheets only
I/DH2Native(28506): Spawn vitals | _prim_tmp_cultist05 | character CryptSlime | HP raw 12160 | Max_HP raw 12160 | MP raw 5632 | Max_MP raw 5632 | first HP add raw 12160 | first MP add raw 5632 | second HP add raw 1 | second MP add raw 1 | checksum a1f87e373eade438 | passes 2
I/DH2Native(28506): Combat result probe | _prim_tmp_cultist05 | character CryptSlime | amount 2036 | dot element -1 | dot duration 0 | dot amount 0 | HP leech 0 | MP leech 0 | outcomes 0 | mask 2271925 | category -1 | element -1 | seed 3406292 | calls 9 | validation only
I/DH2Native(28506): Health probe | _prim_tmp_cultist05 | character CryptSlime | damage 256 | add -256 | before 12160 | after 11904 | kill 0 | armed 1 | cue 0 | lifecycle -1 | dead skip 0 | validation only
I/DH2Native(28506): Health probe | _prim_tmp_cultist05 | character CryptSlime | damage 16384 | add -16384 | before 12160 | after 0 | kill 1 | armed 1 | cue 0 | lifecycle 3 | dead skip 0 | validation only
I/DH2Native(28506): Original idle selected | slime_green_v2.bdae | table 64 | sequence 613 | step 5 | clip 1259 | slime_idle_02.bdae | speed 1.0000 | actor _prim_tmp_cultist05
I/DH2Native(28506): Actor event track ready | slime_green_v2.bdae | clip 1246 | groups 1 | attack_mainhand ms 266
I/DH2Native(28506): Actor event track ready | slime_green_v2.bdae | clip 1247 | groups 0 | attack_mainhand ms -1
I/DH2Native(28506): Actor event track ready | slime_green_v2.bdae | clip 1248 | groups 1 | attack_mainhand ms 300
I/DH2Native(28506): Actor event track ready | slime_green_v2.bdae | clip 1249 | groups 0 | attack_mainhand ms -1
I/DH2Native(28506): Actor event track ready | slime_green_v2.bdae | clip 1251 | groups 0 | attack_mainhand ms -1
I/DH2Native(28506): Actor event track ready | slime_green_v2.bdae | clip 1258 | groups 0 | attack_mainhand ms -1
I/DH2Native(28506): Actor event track ready | slime_green_v2.bdae | clip 1259 | groups 0 | attack_mainhand ms -1
I/DH2Native(28506): Actor event track ready | slime_green_v2.bdae | clip 1261 | groups 0 | attack_mainhand ms -1
I/DH2Native(28506): Actor event track ready | slime_green_v2.bdae | clip 1262 | groups 0 | attack_mainhand ms -1
I/DH2Native(28506): Actor event track ready | slime_green_v2.bdae | clip 1268 | groups 0 | attack_mainhand ms -1
I/DH2Native(28506): Actor clip bank ready | slime_green_v2.bdae | clips 10 | independent instance clocks
I/DH2Native(28506): Object resource slime_green_v2.bdae | primitives 2 | tracks 12 | unbound 0 | unsupported 0 | removed helpers 0
I/DH2Native(28506): Base class snapshot | _prim_tmp_cultist06 | character CryptSlime | class 18 | level raw 256 | Max_HP raw 12160 | Max_MP raw 5632 | checksum e0cad1d302226d0f | cached only
I/DH2Native(28506): Resolved properties | _prim_tmp_cultist06 | character CryptSlime | HP raw -1 | Max_HP raw 12160 | MP raw -1 | Max_MP raw 5632 | checksum e0cad1d302226d0f | supplied sheets only
I/DH2Native(28506): Spawn vitals | _prim_tmp_cultist06 | character CryptSlime | HP raw 12160 | Max_HP raw 12160 | MP raw 5632 | Max_MP raw 5632 | first HP add raw 12160 | first MP add raw 5632 | second HP add raw 1 | second MP add raw 1 | checksum a1f87e373eade438 | passes 2
I/DH2Native(28506): Combat result probe | _prim_tmp_cultist06 | character CryptSlime | amount 2036 | dot element -1 | dot duration 0 | dot amount 0 | HP leech 0 | MP leech 0 | outcomes 0 | mask 2271925 | category -1 | element -1 | seed 3406292 | calls 9 | validation only
I/DH2Native(28506): Health probe | _prim_tmp_cultist06 | character CryptSlime | damage 256 | add -256 | before 12160 | after 11904 | kill 0 | armed 1 | cue 0 | lifecycle -1 | dead skip 0 | validation only
I/DH2Native(28506): Health probe | _prim_tmp_cultist06 | character CryptSlime | damage 16384 | add -16384 | before 12160 | after 0 | kill 1 | armed 1 | cue 0 | lifecycle 3 | dead skip 0 | validation only
I/DH2Native(28506): Original idle selected | slime_green_v2.bdae | table 64 | sequence 613 | step 5 | clip 1259 | slime_idle_02.bdae | speed 1.0000 | actor _prim_tmp_cultist06
I/DH2Native(28506): Base class snapshot | _prim_tmp_cultist07 | character Crypt_Skeleton | class 18 | level raw 256 | Max_HP raw 12160 | Max_MP raw 5632 | checksum 41ae0e800682474e | cached only
I/DH2Native(28506): Resolved properties | _prim_tmp_cultist07 | character Crypt_Skeleton | HP raw -1 | Max_HP raw 12160 | MP raw -1 | Max_MP raw 5632 | checksum 41ae0e800682474e | supplied sheets only
I/DH2Native(28506): Spawn vitals | _prim_tmp_cultist07 | character Crypt_Skeleton | HP raw 12160 | Max_HP raw 12160 | MP raw 5632 | Max_MP raw 5632 | first HP add raw 12160 | first MP add raw 5632 | second HP add raw 1 | second MP add raw 1 | checksum ee913bf1bab19e05 | passes 2
I/DH2Native(28506): Combat result probe | _prim_tmp_cultist07 | character Crypt_Skeleton | amount 2030 | dot element -1 | dot duration 0 | dot amount 0 | HP leech 0 | MP leech 0 | outcomes 0 | mask 2271925 | category -1 | element -1 | seed 11805120 | calls 9 | validation only
I/DH2Native(28506): Health probe | _prim_tmp_cultist07 | character Crypt_Skeleton | damage 256 | add -256 | before 12160 | after 11904 | kill 0 | armed 1 | cue 0 | lifecycle -1 | dead skip 0 | validation only
I/DH2Native(28506): Health probe | _prim_tmp_cultist07 | character Crypt_Skeleton | damage 16384 | add -16384 | before 12160 | after 0 | kill 1 | armed 1 | cue 0 | lifecycle 3 | dead skip 0 | validation only
I/DH2Native(28506): Original idle selected | skeleton.bdae | table 62 | sequence 596 | step 0 | clip 1194 | skeleton_idle_01.bdae | speed 1.0000 | actor _prim_tmp_cultist07
I/DH2Native(28506): Base class snapshot | _prim_tmp_cultist08 | character Crypt_Skeleton | class 18 | level raw 256 | Max_HP raw 12160 | Max_MP raw 5632 | checksum 41ae0e800682474e | cached only
I/DH2Native(28506): Resolved properties | _prim_tmp_cultist08 | character Crypt_Skeleton | HP raw -1 | Max_HP raw 12160 | MP raw -1 | Max_MP raw 5632 | checksum 41ae0e800682474e | supplied sheets only
I/DH2Native(28506): Spawn vitals | _prim_tmp_cultist08 | character Crypt_Skeleton | HP raw 12160 | Max_HP raw 12160 | MP raw 5632 | Max_MP raw 5632 | first HP add raw 12160 | first MP add raw 5632 | second HP add raw 1 | second MP add raw 1 | checksum ee913bf1bab19e05 | passes 2
I/DH2Native(28506): Combat result probe | _prim_tmp_cultist08 | character Crypt_Skeleton | amount 2030 | dot element -1 | dot duration 0 | dot amount 0 | HP leech 0 | MP leech 0 | outcomes 0 | mask 2271925 | category -1 | element -1 | seed 11805120 | calls 9 | validation only
I/DH2Native(28506): Health probe | _prim_tmp_cultist08 | character Crypt_Skeleton | damage 256 | add -256 | before 12160 | after 11904 | kill 0 | armed 1 | cue 0 | lifecycle -1 | dead skip 0 | validation only
I/DH2Native(28506): Health probe | _prim_tmp_cultist08 | character Crypt_Skeleton | damage 16384 | add -16384 | before 12160 | after 0 | kill 1 | armed 1 | cue 0 | lifecycle 3 | dead skip 0 | validation only
I/DH2Native(28506): Original idle selected | skeleton.bdae | table 62 | sequence 596 | step 1 | clip 1195 | skeleton_idle_02.bdae | speed 1.0000 | actor _prim_tmp_cultist08
I/DH2Native(28506): Object resource crypt_candles2_small.bdae | primitives 3 | tracks 5 | unbound 0 | unsupported 0 | removed helpers 1
I/DH2Native(28506): Object resource crypt_candlestand_big.bdae | primitives 4 | tracks 3 | unbound 0 | unsupported 0 | removed helpers 2
I/DH2Native(28506): Object resource crypt_candlestand.bdae | primitives 4 | tracks 7 | unbound 0 | unsupported 0 | removed helpers 2
I/DH2Native(28506): Object resource crypt_candle2.bdae | primitives 3 | tracks 3 | unbound 0 | unsupported 0 | removed helpers 1
I/DH2Native(28506): Object resource crypt_candle1_small.bdae | primitives 3 | tracks 3 | unbound 0 | unsupported 0 | removed helpers 1
I/DH2Native(28506): Object resource crypt_candles.bdae | primitives 3 | tracks 7 | unbound 0 | unsupported 0 | removed helpers 1
I/DH2Native(28506): Object resource swamp_caveentrance_effect.bdae | primitives 1 | tracks 0 | unbound 0 | unsupported 3 | removed helpers 0
I/DH2Native(28506): Object resource crypt_candle_big.bdae | primitives 3 | tracks 3 | unbound 0 | unsupported 0 | removed helpers 1
I/DH2Native(28506): Base class snapshot | _prim_Monster | character CryptSlime | class 18 | level raw 256 | Max_HP raw 12160 | Max_MP raw 5632 | checksum e0cad1d302226d0f | cached only
I/DH2Native(28506): Resolved properties | _prim_Monster | character CryptSlime | HP raw -1 | Max_HP raw 12160 | MP raw -1 | Max_MP raw 5632 | checksum e0cad1d302226d0f | supplied sheets only
I/DH2Native(28506): Spawn vitals | _prim_Monster | character CryptSlime | HP raw 12160 | Max_HP raw 12160 | MP raw 5632 | Max_MP raw 5632 | first HP add raw 12160 | first MP add raw 5632 | second HP add raw 1 | second MP add raw 1 | checksum a1f87e373eade438 | passes 2
I/DH2Native(28506): Combat result probe | _prim_Monster | character CryptSlime | amount 2036 | dot element -1 | dot duration 0 | dot amount 0 | HP leech 0 | MP leech 0 | outcomes 0 | mask 2271925 | category -1 | element -1 | seed 3406292 | calls 9 | validation only
I/DH2Native(28506): Health probe | _prim_Monster | character CryptSlime | damage 256 | add -256 | before 12160 | after 11904 | kill 0 | armed 1 | cue 0 | lifecycle -1 | dead skip 0 | validation only
I/DH2Native(28506): Health probe | _prim_Monster | character CryptSlime | damage 16384 | add -16384 | before 12160 | after 0 | kill 1 | armed 1 | cue 0 | lifecycle 3 | dead skip 0 | validation only
I/DH2Native(28506): Original idle selected | slime_green_v2.bdae | table 64 | sequence 613 | step 1 | clip 1258 | slime_idle.bdae | speed 1.0000 | actor _prim_Monster
I/DH2Native(28506): Base class snapshot | _prim_Monster02 | character CryptSlime_RE | class 18 | level raw 256 | Max_HP raw 12160 | Max_MP raw 5632 | checksum eb471073d49b2c44 | cached only
I/DH2Native(28506): Resolved properties | _prim_Monster02 | character CryptSlime_RE | HP raw -1 | Max_HP raw 12160 | MP raw -1 | Max_MP raw 5632 | checksum eb471073d49b2c44 | supplied sheets only
I/DH2Native(28506): Spawn vitals | _prim_Monster02 | character CryptSlime_RE | HP raw 12160 | Max_HP raw 12160 | MP raw 5632 | Max_MP raw 5632 | first HP add raw 12160 | first MP add raw 5632 | second HP add raw 1 | second MP add raw 1 | checksum 6eba0582f78691bb | passes 2
I/DH2Native(28506): Combat result probe | _prim_Monster02 | character CryptSlime_RE | amount 2135 | dot element -1 | dot duration 0 | dot amount 0 | HP leech 0 | MP leech 0 | outcomes 0 | mask 2271925 | category -1 | element -1 | seed 7440849 | calls 9 | validation only
I/DH2Native(28506): Health probe | _prim_Monster02 | character CryptSlime_RE | damage 256 | add -256 | before 12160 | after 11904 | kill 0 | armed 1 | cue 0 | lifecycle -1 | dead skip 0 | validation only
I/DH2Native(28506): Health probe | _prim_Monster02 | character CryptSlime_RE | damage 16384 | add -16384 | before 12160 | after 0 | kill 1 | armed 1 | cue 0 | lifecycle 3 | dead skip 0 | validation only
I/DH2Native(28506): Original idle selected | slime_green_v2.bdae | table 64 | sequence 613 | step 0 | clip 1258 | slime_idle.bdae | speed 1.0000 | actor _prim_Monster02
I/DH2Native(28506): Base class snapshot | _prim_Monster05 | character CryptSlime | class 18 | level raw 256 | Max_HP raw 12160 | Max_MP raw 5632 | checksum e0cad1d302226d0f | cached only
I/DH2Native(28506): Resolved properties | _prim_Monster05 | character CryptSlime | HP raw -1 | Max_HP raw 12160 | MP raw -1 | Max_MP raw 5632 | checksum e0cad1d302226d0f | supplied sheets only
I/DH2Native(28506): Spawn vitals | _prim_Monster05 | character CryptSlime | HP raw 12160 | Max_HP raw 12160 | MP raw 5632 | Max_MP raw 5632 | first HP add raw 12160 | first MP add raw 5632 | second HP add raw 1 | second MP add raw 1 | checksum a1f87e373eade438 | passes 2
I/DH2Native(28506): Combat result probe | _prim_Monster05 | character CryptSlime | amount 2036 | dot element -1 | dot duration 0 | dot amount 0 | HP leech 0 | MP leech 0 | outcomes 0 | mask 2271925 | category -1 | element -1 | seed 3406292 | calls 9 | validation only
I/DH2Native(28506): Health probe | _prim_Monster05 | character CryptSlime | damage 256 | add -256 | before 12160 | after 11904 | kill 0 | armed 1 | cue 0 | lifecycle -1 | dead skip 0 | validation only
I/DH2Native(28506): Health probe | _prim_Monster05 | character CryptSlime | damage 16384 | add -16384 | before 12160 | after 0 | kill 1 | armed 1 | cue 0 | lifecycle 3 | dead skip 0 | validation only
I/DH2Native(28506): Original idle selected | slime_green_v2.bdae | table 64 | sequence 613 | step 4 | clip 1258 | slime_idle.bdae | speed 1.0000 | actor _prim_Monster05
I/DH2Native(28506): Object resource crypt_candle1.bdae | primitives 3 | tracks 3 | unbound 0 | unsupported 0 | removed helpers 1
I/DH2Native(28506): Base class snapshot | _prim_Monster_Ghost05 | character Crypt_Ghost | class 18 | level raw 256 | Max_HP raw 12160 | Max_MP raw 5632 | checksum 37563d932af809fb | cached only
I/DH2Native(28506): Resolved properties | _prim_Monster_Ghost05 | character Crypt_Ghost | HP raw -1 | Max_HP raw 12160 | MP raw -1 | Max_MP raw 5632 | checksum 37563d932af809fb | supplied sheets only
I/DH2Native(28506): Spawn vitals | _prim_Monster_Ghost05 | character Crypt_Ghost | HP raw 12160 | Max_HP raw 12160 | MP raw 5632 | Max_MP raw 5632 | first HP add raw 12160 | first MP add raw 5632 | second HP add raw 1 | second MP add raw 1 | checksum e41199bf55080334 | passes 2
I/DH2Native(28506): Combat result probe | _prim_Monster_Ghost05 | character Crypt_Ghost | amount 2263 | dot element -1 | dot duration 0 | dot amount 0 | HP leech 0 | MP leech 0 | outcomes 0 | mask 2271925 | category -1 | element -1 | seed 3474079 | calls 9 | validation only
I/DH2Native(28506): Health probe | _prim_Monster_Ghost05 | character Crypt_Ghost | damage 256 | add -256 | before 12160 | after 11904 | kill 0 | armed 1 | cue 0 | lifecycle -1 | dead skip 0 | validation only
I/DH2Native(28506): Health probe | _prim_Monster_Ghost05 | character Crypt_Ghost | damage 16384 | add -16384 | before 12160 | after 0 | kill 1 | armed 1 | cue 0 | lifecycle 3 | dead skip 0 | validation only
I/DH2Native(28506): Original idle selected | ghost.bdae | table 24 | sequence 210 | step 0 | clip 706 | ghost_idle_01.bdae | speed 1.3000 | actor _prim_Monster_Ghost05
I/DH2Native(28506): Actor event track ready | ghost.bdae | clip 697 | groups 1 | attack_mainhand ms 999
I/DH2Native(28506): Actor event track ready | ghost.bdae | clip 700 | groups 0 | attack_mainhand ms -1
I/DH2Native(28506): Actor event track ready | ghost.bdae | clip 706 | groups 0 | attack_mainhand ms -1
I/DH2Native(28506): Actor event track ready | ghost.bdae | clip 707 | groups 0 | attack_mainhand ms -1
I/DH2Native(28506): Actor event track ready | ghost.bdae | clip 710 | groups 0 | attack_mainhand ms -1
I/DH2Native(28506): Actor event track ready | ghost.bdae | clip 714 | groups 0 | attack_mainhand ms -1
I/DH2Native(28506): Actor event track ready | ghost.bdae | clip 717 | groups 0 | attack_mainhand ms -1
I/DH2Native(28506): Actor clip bank ready | ghost.bdae | clips 7 | independent instance clocks
I/DH2Native(28506): Object resource ghost.bdae | primitives 2 | tracks 24 | unbound 0 | unsupported 0 | removed helpers 2
I/DH2Native(28506): Base class snapshot | _prim_Monster_Ghost06 | character Crypt_Ghost | class 18 | level raw 256 | Max_HP raw 12160 | Max_MP raw 5632 | checksum 37563d932af809fb | cached only
I/DH2Native(28506): Resolved properties | _prim_Monster_Ghost06 | character Crypt_Ghost | HP raw -1 | Max_HP raw 12160 | MP raw -1 | Max_MP raw 5632 | checksum 37563d932af809fb | supplied sheets only
I/DH2Native(28506): Spawn vitals | _prim_Monster_Ghost06 | character Crypt_Ghost | HP raw 12160 | Max_HP raw 12160 | MP raw 5632 | Max_MP raw 5632 | first HP add raw 12160 | first MP add raw 5632 | second HP add raw 1 | second MP add raw 1 | checksum e41199bf55080334 | passes 2
I/DH2Native(28506): Combat result probe | _prim_Monster_Ghost06 | character Crypt_Ghost | amount 2263 | dot element -1 | dot duration 0 | dot amount 0 | HP leech 0 | MP leech 0 | outcomes 0 | mask 2271925 | category -1 | element -1 | seed 3474079 | calls 9 | validation only
I/DH2Native(28506): Health probe | _prim_Monster_Ghost06 | character Crypt_Ghost | damage 256 | add -256 | before 12160 | after 11904 | kill 0 | armed 1 | cue 0 | lifecycle -1 | dead skip 0 | validation only
I/DH2Native(28506): Health probe | _prim_Monster_Ghost06 | character Crypt_Ghost | damage 16384 | add -16384 | before 12160 | after 0 | kill 1 | armed 1 | cue 0 | lifecycle 3 | dead skip 0 | validation only
I/DH2Native(28506): Original idle selected | ghost.bdae | table 24 | sequence 210 | step 0 | clip 706 | ghost_idle_01.bdae | speed 1.3000 | actor _prim_Monster_Ghost06
I/DH2Native(28506): Base class snapshot | _prim_Monster_SURPRISE_01 | character Crypt_Ghost | class 18 | level raw 256 | Max_HP raw 12160 | Max_MP raw 5632 | checksum 37563d932af809fb | cached only
I/DH2Native(28506): Resolved properties | _prim_Monster_SURPRISE_01 | character Crypt_Ghost | HP raw -1 | Max_HP raw 12160 | MP raw -1 | Max_MP raw 5632 | checksum 37563d932af809fb | supplied sheets only
I/DH2Native(28506): Spawn vitals | _prim_Monster_SURPRISE_01 | character Crypt_Ghost | HP raw 12160 | Max_HP raw 12160 | MP raw 5632 | Max_MP raw 5632 | first HP add raw 12160 | first MP add raw 5632 | second HP add raw 1 | second MP add raw 1 | checksum e41199bf55080334 | passes 2
I/DH2Native(28506): Combat result probe | _prim_Monster_SURPRISE_01 | character Crypt_Ghost | amount 2263 | dot element -1 | dot duration 0 | dot amount 0 | HP leech 0 | MP leech 0 | outcomes 0 | mask 2271925 | category -1 | element -1 | seed 3474079 | calls 9 | validation only
I/DH2Native(28506): Health probe | _prim_Monster_SURPRISE_01 | character Crypt_Ghost | damage 256 | add -256 | before 12160 | after 11904 | kill 0 | armed 1 | cue 0 | lifecycle -1 | dead skip 0 | validation only
I/DH2Native(28506): Health probe | _prim_Monster_SURPRISE_01 | character Crypt_Ghost | damage 16384 | add -16384 | before 12160 | after 0 | kill 1 | armed 1 | cue 0 | lifecycle 3 | dead skip 0 | validation only
I/DH2Native(28506): Original idle selected | ghost.bdae | table 24 | sequence 210 | step 0 | clip 706 | ghost_idle_01.bdae | speed 1.3000 | actor _prim_Monster_SURPRISE_01
I/DH2Native(28506): Base class snapshot | _prim_Monster_SURPRISE_02 | character Crypt_Ghost | class 18 | level raw 256 | Max_HP raw 12160 | Max_MP raw 5632 | checksum 37563d932af809fb | cached only
I/DH2Native(28506): Resolved properties | _prim_Monster_SURPRISE_02 | character Crypt_Ghost | HP raw -1 | Max_HP raw 12160 | MP raw -1 | Max_MP raw 5632 | checksum 37563d932af809fb | supplied sheets only
I/DH2Native(28506): Spawn vitals | _prim_Monster_SURPRISE_02 | character Crypt_Ghost | HP raw 12160 | Max_HP raw 12160 | MP raw 5632 | Max_MP raw 5632 | first HP add raw 12160 | first MP add raw 5632 | second HP add raw 1 | second MP add raw 1 | checksum e41199bf55080334 | passes 2
I/DH2Native(28506): Combat result probe | _prim_Monster_SURPRISE_02 | character Crypt_Ghost | amount 2263 | dot element -1 | dot duration 0 | dot amount 0 | HP leech 0 | MP leech 0 | outcomes 0 | mask 2271925 | category -1 | element -1 | seed 3474079 | calls 9 | validation only
I/DH2Native(28506): Health probe | _prim_Monster_SURPRISE_02 | character Crypt_Ghost | damage 256 | add -256 | before 12160 | after 11904 | kill 0 | armed 1 | cue 0 | lifecycle -1 | dead skip 0 | validation only
I/DH2Native(28506): Health probe | _prim_Monster_SURPRISE_02 | character Crypt_Ghost | damage 16384 | add -16384 | before 12160 | after 0 | kill 1 | armed 1 | cue 0 | lifecycle 3 | dead skip 0 | validation only
I/DH2Native(28506): Original idle selected | ghost.bdae | table 24 | sequence 210 | step 0 | clip 706 | ghost_idle_01.bdae | speed 1.3000 | actor _prim_Monster_SURPRISE_02
I/DH2Native(28506): 3D upload OK | 4 draws | 586 triangles | 2 textures
I/DH2Native(28506): 29 animation tracks | 0 skipped | Preview lighting. Drag to orbit. | nodes 35 | skipped nongeometry instances 1 | skin draws 4 | segments 2
I/DH2Native(28506): Combat actor restored | _prim_tmp_cultist01 | HP 12160 | dead 0 | combo 0 | state Idle | cursor 1225.0004 | events 0 | aggro 0 0 | target -1 | AI attack 0
I/DH2Native(28506): Combat actor restored | _prim_tmp_cultist03 | HP 12160 | dead 0 | combo 0 | state Idle | cursor 4459.0004 | events 0 | aggro 0 0 | target -1 | AI attack 0
I/DH2Native(28506): Combat actor restored | _prim_tmp_cultist07 | HP 12160 | dead 0 | combo 0 | state Idle | cursor 1225.0004 | events 0 | aggro 0 0 | target -1 | AI attack 0
I/DH2Native(28506): Combat actor restored | _prim_tmp_cultist08 | HP 12160 | dead 0 | combo 0 | state Idle | cursor 4459.0004 | events 0 | aggro 0 0 | target -1 | AI attack 0
I/DH2Native(28506): Combat actor restored | _prim_tmp_cultist05 | HP 12160 | dead 0 | combo 0 | state Idle | cursor 1227.0004 | events 0 | aggro 0 0 | target -1 | AI attack 0
I/DH2Native(28506): Combat actor restored | _prim_tmp_cultist06 | HP 12160 | dead 0 | combo 0 | state Idle | cursor 1227.0004 | events 0 | aggro 0 0 | target -1 | AI attack 0
I/DH2Native(28506): Combat actor restored | _prim_Monster | HP 12160 | dead 0 | combo 0 | state Idle | cursor 1227.0004 | events 0 | aggro 0 0 | target -1 | AI attack 0
I/DH2Native(28506): Combat actor restored | _prim_Monster02 | HP 12160 | dead 0 | combo 0 | state Idle | cursor 1227.0004 | events 0 | aggro 0 0 | target -1 | AI attack 0
I/DH2Native(28506): Combat actor restored | _prim_Monster05 | HP 12160 | dead 0 | combo 0 | state Idle | cursor 1227.0004 | events 0 | aggro 0 0 | target -1 | AI attack 0
I/DH2Native(28506): Combat actor restored | _prim_Monster_Ghost05 | HP 12160 | dead 0 | combo 0 | state Idle | cursor 1725.4001 | events 0 | aggro 0 0 | target -1 | AI attack 0
I/DH2Native(28506): Combat actor restored | _prim_Monster_Ghost06 | HP 12160 | dead 0 | combo 0 | state Idle | cursor 1725.4001 | events 0 | aggro 0 0 | target -1 | AI attack 0
I/DH2Native(28506): Combat actor restored | _prim_Monster_SURPRISE_01 | HP 25600 | dead 0 | combo 0 | state Idle | cursor 4404.8000 | events 0 | aggro 0 0 | target -1 | AI attack 0
I/DH2Native(28506): Combat actor restored | _prim_Monster_SURPRISE_02 | HP 25600 | dead 0 | combo 0 | state Idle | cursor 4290.4000 | events 0 | aggro 0 0 | target -1 | AI attack 0
I/DH2Native(28506): Player properties | KnightPlayerBase | HP 42265 | MP 6976 | checksum 80406e3d6a338f9d | attempts 0 | attacking 0
I/DH2Native(28506): Prince blended bank ready | resources 116 | occurrences 158 | targets 83 | template 1111 | engine 0 | game clip 1111
I/DH2Native(28506): Blended character event | event 0x24 | clip 1111 | slot 0 | phase 5 | lag 0
I/DH2Native(28506): Blended character event | event 0x26 | clip 1111 | slot 0 | phase 5 | lag 0
I/DH2Native(28506): Character animation selected | state 3 | flags 2380 | sequence 262 | clip 1040 | actor state service
I/DH2Native(28506): Character state event | state 3 | event 1d | prior 3 | flags 2380
I/DH2Native(28506): Player source state | previous 3 | current 3 | event 0x0 | flags 2380 | root 262 | clip 1040 | position -1399.4160 19554.9395 636.4874 | Step 15
I/DH2Native(28506): Spawn body ready | _prim_Monster_SURPRISE_01 | creations 1 | radius 145.718735 | category 10 | mask d3f
I/DH2Native(28506): Gated character ready | _prim_Monster_SURPRISE_01 | source state 3 | presentation visible 1 | body 1 | Spawn sequence 213 | AI type 4 | restored 1
I/DH2Native(28506): Spawn body ready | _prim_Monster_SURPRISE_02 | creations 1 | radius 145.718735 | category 10 | mask d3f
I/DH2Native(28506): Gated character ready | _prim_Monster_SURPRISE_02 | source state 3 | presentation visible 1 | body 1 | Spawn sequence 213 | AI type 4 | restored 1
I/DH2Native(28506): Native actor ready | genuine bodies 83 | decor colliders 82 | radius 113.699577 | source bounds -1513.12 19524.2 -1285.72 19585.7 | flags 2380 | scene then Step then actor
I/DH2Native(28506): Native Level fields | ordinal 23 | hub 2 | random 1 | difficulty 0 | file 007_crypt_01.rule.xml | source ranges 8 10 / 45 47 / 74 76 | viewport owner; GSLevel stack pending
I/DH2Native(28506): CharAI constructor projections | characters 14 | native source-order registration records 14 | source Character associations 14 | active AIS initialization pending
I/DH2Native(28506): Native CharAI lifetime | fresh constructors 1 | retained owners 13 | graphics registry rebuilt
I/DH2Native(28506): Native managed host | Level 1 | difficulty 0 | property reads 1 | member writes 0 | offline embedded PlayerInfo; full profile/network pending
I/DH2Native(28506): Native monster initialization | _prim_Monster_SURPRISE_01 | Level 2048 | HP 25600 / 25600 | MP 23552 / 23552 | callbacks 1 | timers 2 | flags 183c | same VM published 1 | retained 1 | paused providers 2 | skills/post/final/frame pending
I/DH2Native(28506): Native monster VM owner | _prim_Monster_SURPRISE_01 | native handle 7d4215268320 | source active 7d4215268400 | source pending 7d4215268400
I/DH2Native(28506): Native monster timer retained | _prim_Monster_SURPRISE_01 | slot 0 | event 33 | duration 3000 | elapsed 0 | active 1 | paused 1
I/DH2Native(28506): Native monster timer retained | _prim_Monster_SURPRISE_01 | slot 1 | event 34 | duration 1000 | elapsed 0 | active 1 | paused 1
I/DH2Native(28506): Native monster initialization | _prim_Monster_SURPRISE_02 | Level 2048 | HP 25600 / 25600 | MP 23552 / 23552 | callbacks 1 | timers 2 | flags 183c | same VM published 1 | retained 1 | paused providers 2 | skills/post/final/frame pending
I/DH2Native(28506): Native monster VM owner | _prim_Monster_SURPRISE_02 | native handle 7d421526c3e0 | source active 7d421526c4c0 | source pending 7d421526c4c0
I/DH2Native(28506): Native monster timer retained | _prim_Monster_SURPRISE_02 | slot 0 | event 33 | duration 3000 | elapsed 0 | active 1 | paused 1
I/DH2Native(28506): Native monster timer retained | _prim_Monster_SURPRISE_02 | slot 1 | event 34 | duration 1000 | elapsed 0 | active 1 | paused 1
I/DH2Native(28506): Native Debug persistence | loaded 1 | switches 24 | read opens 1 | read closes 1 | saves 5 | write closes 5 | IO errors 0 | app-private real file
I/DH2Native(28506): Crypt script restored | activations 1 | requests 2 | ready 1 | running 0 | no Spawn replay
I/DH2Native(28506): Native Character list | characters 14 | owned nodes 14 | copied links 0 | full ObjectManager factory 0 | autonomous Ghost AI 0
I/DH2Native(28506): Objects ready | monsters 13 | decors 84 | resources 12 | instance draws 295 | triangles 6775 | character records 448 | model entries 116 | idle preview only
I/DH2Native(28506): Native floors ready | records 8 | graph nodes 335 | graph edges 838 | selector collision controls height
I/DH2Native(28506): Native floor links ready | neighbour relations 14 | validation references 998 | graph-node search ready
I/DH2Native(28506): Native graph route probe | floor pairs 64 | successful 64 | segments 1598 | state 5454073390c7d916 | endpoints and movement pending
I/DH2Native(28506): Native world route probe | floor pairs 64 | successful 64 | direct 0 | graph 64 | segments 2086 | state 3a3ab2a724cc383b | smoothing and movement pending
I/DH2Native(28506): Native FindPath probe | floor pairs 64 | successful 64 | owned 64 | segments 2086 | state 9356b419cae2bc57 | position controller pending
I/DH2Native(28506): Native floor motion probe | floor pairs 64 | position valid 64 | accepted 64 | direction valid 64 | state d60ad48039cc85c6 | controller and dynamic obstacles pending
I/DH2Native(28506): Native obstacle registry probe | floor pairs 64 | accepted 64 | registered 64 | relocated 56 | state 22a98dfc4102db51 | forces and controller pending
I/DH2Native(28506): Native avoidance probe | floors 8 | force contributions 16 | adjusted 8 | turn limited 8 | state 09d1d79d2612c945 | actor producers and controller pending
I/DH2Native(28506): Native actor producer probe | floors 8 | registered 8 | physical radius updates 8 | state 30c1f3ac1bf81145 | physical construction and controller pending
I/DH2Native(28506): Native heading control | player movement and melee facing use recovered source | UpdatePath rotation subobjects and genuine physics active
I/DH2Native(28506): World ready | rooms 8 | visual draws 101 | navigation triangles 314 | idle tracks 23 | walk tracks 27 | position -1399.4160 19554.9395 636.4874
I/DH2Native(28506): Prince blended inspection | frozen 0 | scene 0 | Step 0 | actor 0 | clip 1040 | ms 0 | body -13.9942 195.549 | pose 5f96fe6e2b6d998d
I/DH2Native(28506): Inspect object 79 | ghost.bdae | _prim_Monster_SURPRISE_02 | room 7 | position -1149.7000 19941.8574 609.7270
I/DH2Native(28506): Combat actor state | _prim_Monster_SURPRISE_02 | HP 25600 | MP 23552 | dead 0 | combo 0 | state Idle | target -1 | hits 0
I/DH2Native(28506): Combat target rejected | index 79 | target -2 | gated Character services pending
I/DH2Native(28506): worlds/crypt01.dwld: Crypt | 8 rooms | 13 monsters | 84 scenery objects
I/DH2Native(28506): 21612 triangles. Drag the movement control to walk.
I/DH2Native(28506): Gated actor combat services are pending
I/DH2Native(28506): Actor command applied | index 79 | state null | time -1 | Crypt | 8 rooms | 13 monsters | 84 scenery objects
I/DH2Native(28506): 21612 triangles. Drag the movement control to walk.
I/DH2Native(28506): Gated actor combat services are pending
I/DH2Native(28506): Surface resized to 1080 x 1824
I/DH2Native(28506): Native actor frame | scene 5 | Step 1 | actor 1 | source phase 5 | clip 1040 | ms 0 | replays 0 | body -13.9942 195.549 | contacts 0 0 | state 3 | body present 1 | timeline scale 1
I/DH2Native(28506): Model frame submitted at 1080 x 1824
I/DH2Native(28506): Player position -1399.4160 19554.9395 636.4874 | moved 0 | blocked 0
I/DH2Native(28506): Player facing | angle 0 | native updates 17
I/DH2Native(28506): Renderer: Android Emulator OpenGL ES Translator (Google SwiftShader)
I/DH2Native(28506): GLES: OpenGL ES 3.0 (OpenGL ES 3.0 SwiftShader 4.0.0.1)
I/DH2Native(28506): Enemy AI configured | automatic melee 0
I/DH2Native(28506): Mod asset loaded | worlds/crypt01.dwld | bytes 1048
I/DH2Native(28506): Class tables ready | classes 260 | bytes 34224 | cached base snapshots
I/DH2Native(28506): Native level catalogue | fast travel 33 | levels 51 | Crypt row 23 | ranges 8 10 / 45 47 / 74 76 | GSLevel ownership pending
I/DH2Native(28506): AI tables ready | configs 76 | factions 16 | automatic melee 0 | pursuit and full FSM pending
I/DH2Native(28506): Property rules ready | defaults row 0 | types row 1 | properties 224 | supplied sheets only
I/DH2Native(28506): Animation tables ready | sequences 785 | characters 80 | clip paths 1447 | bytes 72812
I/DH2Native(28506): Player attack track ready | clip 1111 | tracks 81 | unbound 0 | attack_mainhand ms -1
I/DH2Native(28506): Player attack track ready | clip 1063 | tracks 29 | unbound 0 | attack_mainhand ms -1
I/DH2Native(28506): Player attack track ready | clip 1040 | tracks 23 | unbound 0 | attack_mainhand ms -1
I/DH2Native(28506): Player attack track ready | clip 1041 | tracks 24 | unbound 0 | attack_mainhand ms -1
I/DH2Native(28506): Player attack track ready | clip 1126 | tracks 25 | unbound 0 | attack_mainhand ms -1
I/DH2Native(28506): Player attack track ready | clip 1114 | tracks 27 | unbound 0 | attack_mainhand ms -1
I/DH2Native(28506): Player attack track ready | clip 968 | tracks 25 | unbound 0 | attack_mainhand ms -1
I/DH2Native(28506): Player attack track ready | clip 956 | tracks 25 | unbound 0 | attack_mainhand ms 333
I/DH2Native(28506): Player attack track ready | clip 964 | tracks 25 | unbound 0 | attack_mainhand ms -1
I/DH2Native(28506): Player attack track ready | clip 970 | tracks 25 | unbound 0 | attack_mainhand ms -1
I/DH2Native(28506): Player attack track ready | clip 959 | tracks 25 | unbound 0 | attack_mainhand ms 899
I/DH2Native(28506): Player attack track ready | clip 965 | tracks 25 | unbound 0 | attack_mainhand ms -1
I/DH2Native(28506): Player attack track ready | clip 972 | tracks 25 | unbound 0 | attack_mainhand ms -1
I/DH2Native(28506): Player attack track ready | clip 962 | tracks 25 | unbound 0 | attack_mainhand ms 1533
I/DH2Native(28506): Player attack track ready | clip 966 | tracks 25 | unbound 0 | attack_mainhand ms -1
I/DH2Native(28506): Player attack track ready | clip 967 | tracks 26 | unbound 0 | attack_mainhand ms -1
I/DH2Native(28506): Player attack track ready | clip 955 | tracks 26 | unbound 0 | attack_mainhand ms 300
I/DH2Native(28506): Player attack track ready | clip 957 | tracks 27 | unbound 0 | attack_mainhand ms -1
I/DH2Native(28506): Player attack track ready | clip 969 | tracks 26 | unbound 0 | attack_mainhand ms -1
I/DH2Native(28506): Player attack track ready | clip 958 | tracks 26 | unbound 0 | attack_mainhand ms 899
I/DH2Native(28506): Player attack track ready | clip 960 | tracks 27 | unbound 0 | attack_mainhand ms -1
I/DH2Native(28506): Player attack track ready | clip 971 | tracks 26 | unbound 0 | attack_mainhand ms -1
I/DH2Native(28506): Player attack track ready | clip 961 | tracks 26 | unbound 0 | attack_mainhand ms 1500
I/DH2Native(28506): Player attack track ready | clip 963 | tracks 26 | unbound 0 | attack_mainhand ms -1
I/DH2Native(28506): Player attack track ready | clip 1025 | tracks 25 | unbound 0 | attack_mainhand ms -1
I/DH2Native(28506): Player attack track ready | clip 1074 | tracks 27 | unbound 0 | attack_mainhand ms -1
I/DH2Native(28506): Player attack track ready | clip 1110 | tracks 25 | unbound 0 | attack_mainhand ms -1
I/DH2Native(28506): Player attack track ready | clip 1071 | tracks 25 | unbound 0 | attack_mainhand ms -1
I/DH2Native(28506): Player attack track ready | clip 1076 | tracks 29 | unbound 0 | attack_mainhand ms -1
I/DH2Native(28506): Player attack track ready | clip 1109 | tracks 28 | unbound 0 | attack_mainhand ms -1
I/DH2Native(28506): Player attack track ready | clip 1026 | tracks 30 | unbound 0 | attack_mainhand ms -1
I/DH2Native(28506): Player attack track ready | clip 1029 | tracks 28 | unbound 0 | attack_mainhand ms -1
I/DH2Native(28506): Player attack track ready | clip 1030 | tracks 27 | unbound 0 | attack_mainhand ms -1
I/DH2Native(28506): Player attack track ready | clip 1031 | tracks 27 | unbound 0 | attack_mainhand ms -1
I/DH2Native(28506): Player attack track ready | clip 1032 | tracks 27 | unbound 0 | attack_mainhand ms -1
I/DH2Native(28506): Player attack track ready | clip 991 | tracks 27 | unbound 0 | attack_mainhand ms -1
I/DH2Native(28506): Player attack track ready | clip 996 | tracks 27 | unbound 0 | attack_mainhand ms -1
I/DH2Native(28506): Player death track ready | clip 1023 | tracks 27 | unbound 0 | attack_mainhand ms -1
I/DH2Native(28506): Player attack track ready | clip 992 | tracks 26 | unbound 0 | attack_mainhand ms -1
I/DH2Native(28506): Player attack track ready | clip 1028 | tracks 29 | unbound 0 | attack_mainhand ms -1
I/DH2Native(28506): Player attack track ready | clip 1027 | tracks 26 | unbound 0 | attack_mainhand ms -1
I/DH2Native(28506): Player attack track ready | clip 1091 | tracks 26 | unbound 0 | attack_mainhand ms -1
I/DH2Native(28506): Player attack track ready | clip 1093 | tracks 26 | unbound 0 | attack_mainhand ms -1
I/DH2Native(28506): Player attack track ready | clip 1043 | tracks 26 | unbound 0 | attack_mainhand ms -1
I/DH2Native(28506): Player attack track ready | clip 994 | tracks 26 | unbound 0 | attack_mainhand ms -1
I/DH2Native(28506): Player attack track ready | clip 1044 | tracks 25 | unbound 0 | attack_mainhand ms -1
I/DH2Native(28506): Player attack track ready | clip 1096 | tracks 14 | unbound 0 | attack_mainhand ms -1
I/DH2Native(28506): Player attack track ready | clip 1103 | tracks 26 | unbound 0 | attack_mainhand ms -1
I/DH2Native(28506): Player attack track ready | clip 1107 | tracks 25 | unbound 0 | attack_mainhand ms -1
I/DH2Native(28506): Player attack track ready | clip 1104 | tracks 27 | unbound 0 | attack_mainhand ms -1
I/DH2Native(28506): Player attack track ready | clip 1108 | tracks 27 | unbound 0 | attack_mainhand ms -1
I/DH2Native(28506): Player attack track ready | clip 1101 | tracks 26 | unbound 0 | attack_mainhand ms -1
I/DH2Native(28506): Player attack track ready | clip 1105 | tracks 25 | unbound 0 | attack_mainhand ms -1
I/DH2Native(28506): Player attack track ready | clip 1100 | tracks 26 | unbound 0 | attack_mainhand ms -1
I/DH2Native(28506): Player attack track ready | clip 1097 | tracks 25 | unbound 0 | attack_mainhand ms -1
I/DH2Native(28506): Player attack track ready | clip 1234 | tracks 25 | unbound 0 | attack_mainhand ms -1
I/DH2Native(28506): Player attack track ready | clip 1239 | tracks 25 | unbound 0 | attack_mainhand ms -1
I/DH2Native(28506): Player attack track ready | clip 1238 | tracks 25 | unbound 0 | attack_mainhand ms -1
I/DH2Native(28506): Player attack track ready | clip 1035 | tracks 23 | unbound 0 | attack_mainhand ms -1
I/DH2Native(28506): Player attack track ready | clip 1036 | tracks 23 | unbound 0 | attack_mainhand ms -1
I/DH2Native(28506): Player attack track ready | clip 986 | tracks 25 | unbound 0 | attack_mainhand ms -1
I/DH2Native(28506): Player attack track ready | clip 974 | tracks 25 | unbound 0 | attack_mainhand ms -1
I/DH2Native(28506): Player attack track ready | clip 976 | tracks 25 | unbound 0 | attack_mainhand ms -1
I/DH2Native(28506): Player attack track ready | clip 988 | tracks 25 | unbound 0 | attack_mainhand ms -1
I/DH2Native(28506): Player attack track ready | clip 978 | tracks 25 | unbound 0 | attack_mainhand ms -1
I/DH2Native(28506): Player attack track ready | clip 980 | tracks 25 | unbound 0 | attack_mainhand ms -1
I/DH2Native(28506): Player attack track ready | clip 990 | tracks 25 | unbound 0 | attack_mainhand ms -1
I/DH2Native(28506): Player attack track ready | clip 984 | tracks 25 | unbound 0 | attack_mainhand ms -1
I/DH2Native(28506): Player attack track ready | clip 985 | tracks 26 | unbound 0 | attack_mainhand ms -1
I/DH2Native(28506): Player attack track ready | clip 973 | tracks 25 | unbound 0 | attack_mainhand ms 333
I/DH2Native(28506): Player attack track ready | clip 975 | tracks 25 | unbound 0 | attack_mainhand ms -1
I/DH2Native(28506): Player attack track ready | clip 987 | tracks 25 | unbound 0 | attack_mainhand ms -1
I/DH2Native(28506): Player attack track ready | clip 977 | tracks 25 | unbound 0 | attack_mainhand ms 1066
I/DH2Native(28506): Player attack track ready | clip 979 | tracks 25 | unbound 0 | attack_mainhand ms -1
I/DH2Native(28506): Player attack track ready | clip 989 | tracks 25 | unbound 0 | attack_mainhand ms -1
I/DH2Native(28506): Player attack track ready | clip 981 | tracks 25 | unbound 0 | attack_mainhand ms 1799
I/DH2Native(28506): Player attack track ready | clip 983 | tracks 25 | unbound 0 | attack_mainhand ms -1
I/DH2Native(28506): Player attack track ready | clip 1233 | tracks 24 | unbound 0 | attack_mainhand ms -1
I/DH2Native(28506): Player attack track ready | clip 1037 | tracks 23 | unbound 0 | attack_mainhand ms -1
I/DH2Native(28506): Player attack track ready | clip 1038 | tracks 23 | unbound 0 | attack_mainhand ms -1
I/DH2Native(28506): Player attack track ready | clip 1016 | tracks 23 | unbound 0 | attack_mainhand ms -1
I/DH2Native(28506): Player attack track ready | clip 1000 | tracks 25 | unbound 0 | attack_mainhand ms 333
I/DH2Native(28506): Player attack track ready | clip 1011 | tracks 27 | unbound 0 | attack_mainhand ms -1
I/DH2Native(28506): Player attack track ready | clip 1018 | tracks 25 | unbound 0 | attack_mainhand ms -1
I/DH2Native(28506): Player attack track ready | clip 1003 | tracks 27 | unbound 0 | attack_mainhand ms -1
I/DH2Native(28506): Player attack track ready | clip 1012 | tracks 25 | unbound 0 | attack_mainhand ms -1
I/DH2Native(28506): Player attack track ready | clip 1020 | tracks 25 | unbound 0 | attack_mainhand ms -1
I/DH2Native(28506): Player attack track ready | clip 1006 | tracks 25 | unbound 0 | attack_mainhand ms 1566
I/DH2Native(28506): Player attack track ready | clip 1013 | tracks 25 | unbound 0 | attack_mainhand ms -1
I/DH2Native(28506): Player attack track ready | clip 1022 | tracks 25 | unbound 0 | attack_mainhand ms -1
I/DH2Native(28506): Player attack track ready | clip 1009 | tracks 25 | unbound 0 | attack_mainhand ms -1
I/DH2Native(28506): Player attack track ready | clip 1014 | tracks 25 | unbound 0 | attack_mainhand ms -1
I/DH2Native(28506): Player attack track ready | clip 1015 | tracks 25 | unbound 0 | attack_mainhand ms -1
I/DH2Native(28506): Player attack track ready | clip 999 | tracks 25 | unbound 0 | attack_mainhand ms 400
I/DH2Native(28506): Player attack track ready | clip 1001 | tracks 25 | unbound 0 | attack_mainhand ms -1
I/DH2Native(28506): Player attack track ready | clip 1017 | tracks 25 | unbound 0 | attack_mainhand ms -1
I/DH2Native(28506): Player attack track ready | clip 1002 | tracks 25 | unbound 0 | attack_mainhand ms 866
I/DH2Native(28506): Player attack track ready | clip 1004 | tracks 25 | unbound 0 | attack_mainhand ms -1
I/DH2Native(28506): Player attack track ready | clip 1019 | tracks 25 | unbound 0 | attack_mainhand ms -1
I/DH2Native(28506): Player attack track ready | clip 1005 | tracks 25 | unbound 0 | attack_mainhand ms 1500
I/DH2Native(28506): Player attack track ready | clip 1007 | tracks 25 | unbound 0 | attack_mainhand ms -1
I/DH2Native(28506): Player attack track ready | clip 1021 | tracks 25 | unbound 0 | attack_mainhand ms -1
I/DH2Native(28506): Player attack track ready | clip 1008 | tracks 25 | unbound 0 | attack_mainhand ms 2266
I/DH2Native(28506): Player attack track ready | clip 1010 | tracks 25 | unbound 0 | attack_mainhand ms -1
I/DH2Native(28506): Player attack track ready | clip 1147 | tracks 27 | unbound 2 | attack_mainhand ms -1
I/DH2Native(28506): Player attack track ready | clip 1133 | tracks 27 | unbound 2 | attack_mainhand ms 1633
I/DH2Native(28506): Player attack track ready | clip 1146 | tracks 25 | unbound 2 | attack_mainhand ms -1
I/DH2Native(28506): Player attack track ready | clip 1218 | tracks 27 | unbound 0 | attack_mainhand ms -1
I/DH2Native(28506): Player attack track ready | clip 1039 | tracks 25 | unbound 0 | attack_mainhand ms -1
I/DH2Native(28506): Player attack track ready | clip 1077 | tracks 18 | unbound 0 | attack_mainhand ms -1
I/DH2Native(28506): Player attack track ready | clip 1078 | tracks 18 | unbound 0 | attack_mainhand ms -1
I/DH2Native(28506): Player attack track ready | clip 1079 | tracks 20 | unbound 0 | attack_mainhand ms -1
I/DH2Native(28506): Player attack track ready | clip 1143 | tracks 24 | unbound 0 | attack_mainhand ms -1
I/DH2Native(28506): Player attack track ready | clip 1138 | tracks 0 | unbound 0 | attack_mainhand ms -1
I/DH2Native(28506): Player attack track ready | clip 1136 | tracks 24 | unbound 0 | attack_mainhand ms -1
I/DH2Native(28506): Player attack track ready | clip 1137 | tracks 24 | unbound 0 | attack_mainhand ms -1
I/DH2Native(28506): Base class snapshot | _prim_tmp_cultist01 | character Crypt_Skeleton | class 18 | level raw 256 | Max_HP raw 12160 | Max_MP raw 5632 | checksum 41ae0e800682474e | cached only
I/DH2Native(28506): Resolved properties | _prim_tmp_cultist01 | character Crypt_Skeleton | HP raw -1 | Max_HP raw 12160 | MP raw -1 | Max_MP raw 5632 | checksum 41ae0e800682474e | supplied sheets only
I/DH2Native(28506): Spawn vitals | _prim_tmp_cultist01 | character Crypt_Skeleton | HP raw 12160 | Max_HP raw 12160 | MP raw 5632 | Max_MP raw 5632 | first HP add raw 12160 | first MP add raw 5632 | second HP add raw 1 | second MP add raw 1 | checksum ee913bf1bab19e05 | passes 2
I/DH2Native(28506): Combat result probe | _prim_tmp_cultist01 | character Crypt_Skeleton | amount 2030 | dot element -1 | dot duration 0 | dot amount 0 | HP leech 0 | MP leech 0 | outcomes 0 | mask 2271925 | category -1 | element -1 | seed 11805120 | calls 9 | validation only
I/DH2Native(28506): Health probe | _prim_tmp_cultist01 | character Crypt_Skeleton | damage 256 | add -256 | before 12160 | after 11904 | kill 0 | armed 1 | cue 0 | lifecycle -1 | dead skip 0 | validation only
I/DH2Native(28506): Health probe | _prim_tmp_cultist01 | character Crypt_Skeleton | damage 16384 | add -16384 | before 12160 | after 0 | kill 1 | armed 1 | cue 0 | lifecycle 3 | dead skip 0 | validation only
I/DH2Native(28506): Original idle selected | skeleton.bdae | table 62 | sequence 596 | step 0 | clip 1194 | skeleton_idle_01.bdae | speed 1.0000 | actor _prim_tmp_cultist01
I/DH2Native(28506): Actor event track ready | skeleton.bdae | clip 1178 | groups 1 | attack_mainhand ms 100
I/DH2Native(28506): Actor event track ready | skeleton.bdae | clip 1179 | groups 0 | attack_mainhand ms -1
I/DH2Native(28506): Actor event track ready | skeleton.bdae | clip 1180 | groups 1 | attack_mainhand ms 100
I/DH2Native(28506): Actor event track ready | skeleton.bdae | clip 1181 | groups 0 | attack_mainhand ms -1
I/DH2Native(28506): Actor event track ready | skeleton.bdae | clip 1185 | groups 0 | attack_mainhand ms -1
I/DH2Native(28506): Actor event track ready | skeleton.bdae | clip 1194 | groups 0 | attack_mainhand ms -1
I/DH2Native(28506): Actor event track ready | skeleton.bdae | clip 1195 | groups 0 | attack_mainhand ms -1
I/DH2Native(28506): Actor event track ready | skeleton.bdae | clip 1197 | groups 0 | attack_mainhand ms -1
I/DH2Native(28506): Actor event track ready | skeleton.bdae | clip 1198 | groups 0 | attack_mainhand ms -1
I/DH2Native(28506): Actor event track ready | skeleton.bdae | clip 1204 | groups 0 | attack_mainhand ms -1
I/DH2Native(28506): Actor clip bank ready | skeleton.bdae | clips 10 | independent instance clocks
I/DH2Native(28506): Object resource skeleton.bdae | primitives 1 | tracks 23 | unbound 3 | unsupported 0 | removed helpers 2
I/DH2Native(28506): Base class snapshot | _prim_tmp_cultist03 | character Crypt_Skeleton | class 18 | level raw 256 | Max_HP raw 12160 | Max_MP raw 5632 | checksum 41ae0e800682474e | cached only
I/DH2Native(28506): Resolved properties | _prim_tmp_cultist03 | character Crypt_Skeleton | HP raw -1 | Max_HP raw 12160 | MP raw -1 | Max_MP raw 5632 | checksum 41ae0e800682474e | supplied sheets only
I/DH2Native(28506): Spawn vitals | _prim_tmp_cultist03 | character Crypt_Skeleton | HP raw 12160 | Max_HP raw 12160 | MP raw 5632 | Max_MP raw 5632 | first HP add raw 12160 | first MP add raw 5632 | second HP add raw 1 | second MP add raw 1 | checksum ee913bf1bab19e05 | passes 2
I/DH2Native(28506): Combat result probe | _prim_tmp_cultist03 | character Crypt_Skeleton | amount 2030 | dot element -1 | dot duration 0 | dot amount 0 | HP leech 0 | MP leech 0 | outcomes 0 | mask 2271925 | category -1 | element -1 | seed 11805120 | calls 9 | validation only
I/DH2Native(28506): Health probe | _prim_tmp_cultist03 | character Crypt_Skeleton | damage 256 | add -256 | before 12160 | after 11904 | kill 0 | armed 1 | cue 0 | lifecycle -1 | dead skip 0 | validation only
I/DH2Native(28506): Health probe | _prim_tmp_cultist03 | character Crypt_Skeleton | damage 16384 | add -16384 | before 12160 | after 0 | kill 1 | armed 1 | cue 0 | lifecycle 3 | dead skip 0 | validation only
I/DH2Native(28506): Original idle selected | skeleton.bdae | table 62 | sequence 596 | step 1 | clip 1195 | skeleton_idle_02.bdae | speed 1.0000 | actor _prim_tmp_cultist03
I/DH2Native(28506): Base class snapshot | _prim_tmp_cultist05 | character CryptSlime | class 18 | level raw 256 | Max_HP raw 12160 | Max_MP raw 5632 | checksum e0cad1d302226d0f | cached only
I/DH2Native(28506): Resolved properties | _prim_tmp_cultist05 | character CryptSlime | HP raw -1 | Max_HP raw 12160 | MP raw -1 | Max_MP raw 5632 | checksum e0cad1d302226d0f | supplied sheets only
I/DH2Native(28506): Spawn vitals | _prim_tmp_cultist05 | character CryptSlime | HP raw 12160 | Max_HP raw 12160 | MP raw 5632 | Max_MP raw 5632 | first HP add raw 12160 | first MP add raw 5632 | second HP add raw 1 | second MP add raw 1 | checksum a1f87e373eade438 | passes 2
I/DH2Native(28506): Combat result probe | _prim_tmp_cultist05 | character CryptSlime | amount 2036 | dot element -1 | dot duration 0 | dot amount 0 | HP leech 0 | MP leech 0 | outcomes 0 | mask 2271925 | category -1 | element -1 | seed 3406292 | calls 9 | validation only
I/DH2Native(28506): Health probe | _prim_tmp_cultist05 | character CryptSlime | damage 256 | add -256 | before 12160 | after 11904 | kill 0 | armed 1 | cue 0 | lifecycle -1 | dead skip 0 | validation only
I/DH2Native(28506): Health probe | _prim_tmp_cultist05 | character CryptSlime | damage 16384 | add -16384 | before 12160 | after 0 | kill 1 | armed 1 | cue 0 | lifecycle 3 | dead skip 0 | validation only
I/DH2Native(28506): Original idle selected | slime_green_v2.bdae | table 64 | sequence 613 | step 5 | clip 1259 | slime_idle_02.bdae | speed 1.0000 | actor _prim_tmp_cultist05
I/DH2Native(28506): Actor event track ready | slime_green_v2.bdae | clip 1246 | groups 1 | attack_mainhand ms 266
I/DH2Native(28506): Actor event track ready | slime_green_v2.bdae | clip 1247 | groups 0 | attack_mainhand ms -1
I/DH2Native(28506): Actor event track ready | slime_green_v2.bdae | clip 1248 | groups 1 | attack_mainhand ms 300
I/DH2Native(28506): Actor event track ready | slime_green_v2.bdae | clip 1249 | groups 0 | attack_mainhand ms -1
I/DH2Native(28506): Actor event track ready | slime_green_v2.bdae | clip 1251 | groups 0 | attack_mainhand ms -1
I/DH2Native(28506): Actor event track ready | slime_green_v2.bdae | clip 1258 | groups 0 | attack_mainhand ms -1
I/DH2Native(28506): Actor event track ready | slime_green_v2.bdae | clip 1259 | groups 0 | attack_mainhand ms -1
I/DH2Native(28506): Actor event track ready | slime_green_v2.bdae | clip 1261 | groups 0 | attack_mainhand ms -1
I/DH2Native(28506): Actor event track ready | slime_green_v2.bdae | clip 1262 | groups 0 | attack_mainhand ms -1
I/DH2Native(28506): Actor event track ready | slime_green_v2.bdae | clip 1268 | groups 0 | attack_mainhand ms -1
I/DH2Native(28506): Actor clip bank ready | slime_green_v2.bdae | clips 10 | independent instance clocks
I/DH2Native(28506): Object resource slime_green_v2.bdae | primitives 2 | tracks 12 | unbound 0 | unsupported 0 | removed helpers 0
I/DH2Native(28506): Base class snapshot | _prim_tmp_cultist06 | character CryptSlime | class 18 | level raw 256 | Max_HP raw 12160 | Max_MP raw 5632 | checksum e0cad1d302226d0f | cached only
I/DH2Native(28506): Resolved properties | _prim_tmp_cultist06 | character CryptSlime | HP raw -1 | Max_HP raw 12160 | MP raw -1 | Max_MP raw 5632 | checksum e0cad1d302226d0f | supplied sheets only
I/DH2Native(28506): Spawn vitals | _prim_tmp_cultist06 | character CryptSlime | HP raw 12160 | Max_HP raw 12160 | MP raw 5632 | Max_MP raw 5632 | first HP add raw 12160 | first MP add raw 5632 | second HP add raw 1 | second MP add raw 1 | checksum a1f87e373eade438 | passes 2
I/DH2Native(28506): Combat result probe | _prim_tmp_cultist06 | character CryptSlime | amount 2036 | dot element -1 | dot duration 0 | dot amount 0 | HP leech 0 | MP leech 0 | outcomes 0 | mask 2271925 | category -1 | element -1 | seed 3406292 | calls 9 | validation only
I/DH2Native(28506): Health probe | _prim_tmp_cultist06 | character CryptSlime | damage 256 | add -256 | before 12160 | after 11904 | kill 0 | armed 1 | cue 0 | lifecycle -1 | dead skip 0 | validation only
I/DH2Native(28506): Health probe | _prim_tmp_cultist06 | character CryptSlime | damage 16384 | add -16384 | before 12160 | after 0 | kill 1 | armed 1 | cue 0 | lifecycle 3 | dead skip 0 | validation only
I/DH2Native(28506): Original idle selected | slime_green_v2.bdae | table 64 | sequence 613 | step 5 | clip 1259 | slime_idle_02.bdae | speed 1.0000 | actor _prim_tmp_cultist06
I/DH2Native(28506): Base class snapshot | _prim_tmp_cultist07 | character Crypt_Skeleton | class 18 | level raw 256 | Max_HP raw 12160 | Max_MP raw 5632 | checksum 41ae0e800682474e | cached only
I/DH2Native(28506): Resolved properties | _prim_tmp_cultist07 | character Crypt_Skeleton | HP raw -1 | Max_HP raw 12160 | MP raw -1 | Max_MP raw 5632 | checksum 41ae0e800682474e | supplied sheets only
I/DH2Native(28506): Spawn vitals | _prim_tmp_cultist07 | character Crypt_Skeleton | HP raw 12160 | Max_HP raw 12160 | MP raw 5632 | Max_MP raw 5632 | first HP add raw 12160 | first MP add raw 5632 | second HP add raw 1 | second MP add raw 1 | checksum ee913bf1bab19e05 | passes 2
I/DH2Native(28506): Combat result probe | _prim_tmp_cultist07 | character Crypt_Skeleton | amount 2030 | dot element -1 | dot duration 0 | dot amount 0 | HP leech 0 | MP leech 0 | outcomes 0 | mask 2271925 | category -1 | element -1 | seed 11805120 | calls 9 | validation only
I/DH2Native(28506): Health probe | _prim_tmp_cultist07 | character Crypt_Skeleton | damage 256 | add -256 | before 12160 | after 11904 | kill 0 | armed 1 | cue 0 | lifecycle -1 | dead skip 0 | validation only
I/DH2Native(28506): Health probe | _prim_tmp_cultist07 | character Crypt_Skeleton | damage 16384 | add -16384 | before 12160 | after 0 | kill 1 | armed 1 | cue 0 | lifecycle 3 | dead skip 0 | validation only
I/DH2Native(28506): Original idle selected | skeleton.bdae | table 62 | sequence 596 | step 0 | clip 1194 | skeleton_idle_01.bdae | speed 1.0000 | actor _prim_tmp_cultist07
I/DH2Native(28506): Base class snapshot | _prim_tmp_cultist08 | character Crypt_Skeleton | class 18 | level raw 256 | Max_HP raw 12160 | Max_MP raw 5632 | checksum 41ae0e800682474e | cached only
I/DH2Native(28506): Resolved properties | _prim_tmp_cultist08 | character Crypt_Skeleton | HP raw -1 | Max_HP raw 12160 | MP raw -1 | Max_MP raw 5632 | checksum 41ae0e800682474e | supplied sheets only
I/DH2Native(28506): Spawn vitals | _prim_tmp_cultist08 | character Crypt_Skeleton | HP raw 12160 | Max_HP raw 12160 | MP raw 5632 | Max_MP raw 5632 | first HP add raw 12160 | first MP add raw 5632 | second HP add raw 1 | second MP add raw 1 | checksum ee913bf1bab19e05 | passes 2
I/DH2Native(28506): Combat result probe | _prim_tmp_cultist08 | character Crypt_Skeleton | amount 2030 | dot element -1 | dot duration 0 | dot amount 0 | HP leech 0 | MP leech 0 | outcomes 0 | mask 2271925 | category -1 | element -1 | seed 11805120 | calls 9 | validation only
I/DH2Native(28506): Health probe | _prim_tmp_cultist08 | character Crypt_Skeleton | damage 256 | add -256 | before 12160 | after 11904 | kill 0 | armed 1 | cue 0 | lifecycle -1 | dead skip 0 | validation only
I/DH2Native(28506): Health probe | _prim_tmp_cultist08 | character Crypt_Skeleton | damage 16384 | add -16384 | before 12160 | after 0 | kill 1 | armed 1 | cue 0 | lifecycle 3 | dead skip 0 | validation only
I/DH2Native(28506): Original idle selected | skeleton.bdae | table 62 | sequence 596 | step 1 | clip 1195 | skeleton_idle_02.bdae | speed 1.0000 | actor _prim_tmp_cultist08
I/DH2Native(28506): Object resource crypt_candles2_small.bdae | primitives 3 | tracks 5 | unbound 0 | unsupported 0 | removed helpers 1
I/DH2Native(28506): Object resource crypt_candlestand_big.bdae | primitives 4 | tracks 3 | unbound 0 | unsupported 0 | removed helpers 2
I/DH2Native(28506): Object resource crypt_candlestand.bdae | primitives 4 | tracks 7 | unbound 0 | unsupported 0 | removed helpers 2
I/DH2Native(28506): Object resource crypt_candle2.bdae | primitives 3 | tracks 3 | unbound 0 | unsupported 0 | removed helpers 1
I/DH2Native(28506): Object resource crypt_candle1_small.bdae | primitives 3 | tracks 3 | unbound 0 | unsupported 0 | removed helpers 1
I/DH2Native(28506): Object resource crypt_candles.bdae | primitives 3 | tracks 7 | unbound 0 | unsupported 0 | removed helpers 1
I/DH2Native(28506): Object resource swamp_caveentrance_effect.bdae | primitives 1 | tracks 0 | unbound 0 | unsupported 3 | removed helpers 0
I/DH2Native(28506): Object resource crypt_candle_big.bdae | primitives 3 | tracks 3 | unbound 0 | unsupported 0 | removed helpers 1
I/DH2Native(28506): Base class snapshot | _prim_Monster | character CryptSlime | class 18 | level raw 256 | Max_HP raw 12160 | Max_MP raw 5632 | checksum e0cad1d302226d0f | cached only
I/DH2Native(28506): Resolved properties | _prim_Monster | character CryptSlime | HP raw -1 | Max_HP raw 12160 | MP raw -1 | Max_MP raw 5632 | checksum e0cad1d302226d0f | supplied sheets only
I/DH2Native(28506): Spawn vitals | _prim_Monster | character CryptSlime | HP raw 12160 | Max_HP raw 12160 | MP raw 5632 | Max_MP raw 5632 | first HP add raw 12160 | first MP add raw 5632 | second HP add raw 1 | second MP add raw 1 | checksum a1f87e373eade438 | passes 2
I/DH2Native(28506): Combat result probe | _prim_Monster | character CryptSlime | amount 2036 | dot element -1 | dot duration 0 | dot amount 0 | HP leech 0 | MP leech 0 | outcomes 0 | mask 2271925 | category -1 | element -1 | seed 3406292 | calls 9 | validation only
I/DH2Native(28506): Health probe | _prim_Monster | character CryptSlime | damage 256 | add -256 | before 12160 | after 11904 | kill 0 | armed 1 | cue 0 | lifecycle -1 | dead skip 0 | validation only
I/DH2Native(28506): Health probe | _prim_Monster | character CryptSlime | damage 16384 | add -16384 | before 12160 | after 0 | kill 1 | armed 1 | cue 0 | lifecycle 3 | dead skip 0 | validation only
I/DH2Native(28506): Original idle selected | slime_green_v2.bdae | table 64 | sequence 613 | step 1 | clip 1258 | slime_idle.bdae | speed 1.0000 | actor _prim_Monster
I/DH2Native(28506): Base class snapshot | _prim_Monster02 | character CryptSlime_RE | class 18 | level raw 256 | Max_HP raw 12160 | Max_MP raw 5632 | checksum eb471073d49b2c44 | cached only
I/DH2Native(28506): Resolved properties | _prim_Monster02 | character CryptSlime_RE | HP raw -1 | Max_HP raw 12160 | MP raw -1 | Max_MP raw 5632 | checksum eb471073d49b2c44 | supplied sheets only
I/DH2Native(28506): Spawn vitals | _prim_Monster02 | character CryptSlime_RE | HP raw 12160 | Max_HP raw 12160 | MP raw 5632 | Max_MP raw 5632 | first HP add raw 12160 | first MP add raw 5632 | second HP add raw 1 | second MP add raw 1 | checksum 6eba0582f78691bb | passes 2
I/DH2Native(28506): Combat result probe | _prim_Monster02 | character CryptSlime_RE | amount 2135 | dot element -1 | dot duration 0 | dot amount 0 | HP leech 0 | MP leech 0 | outcomes 0 | mask 2271925 | category -1 | element -1 | seed 7440849 | calls 9 | validation only
I/DH2Native(28506): Health probe | _prim_Monster02 | character CryptSlime_RE | damage 256 | add -256 | before 12160 | after 11904 | kill 0 | armed 1 | cue 0 | lifecycle -1 | dead skip 0 | validation only
I/DH2Native(28506): Health probe | _prim_Monster02 | character CryptSlime_RE | damage 16384 | add -16384 | before 12160 | after 0 | kill 1 | armed 1 | cue 0 | lifecycle 3 | dead skip 0 | validation only
I/DH2Native(28506): Original idle selected | slime_green_v2.bdae | table 64 | sequence 613 | step 0 | clip 1258 | slime_idle.bdae | speed 1.0000 | actor _prim_Monster02
I/DH2Native(28506): Base class snapshot | _prim_Monster05 | character CryptSlime | class 18 | level raw 256 | Max_HP raw 12160 | Max_MP raw 5632 | checksum e0cad1d302226d0f | cached only
I/DH2Native(28506): Resolved properties | _prim_Monster05 | character CryptSlime | HP raw -1 | Max_HP raw 12160 | MP raw -1 | Max_MP raw 5632 | checksum e0cad1d302226d0f | supplied sheets only
I/DH2Native(28506): Spawn vitals | _prim_Monster05 | character CryptSlime | HP raw 12160 | Max_HP raw 12160 | MP raw 5632 | Max_MP raw 5632 | first HP add raw 12160 | first MP add raw 5632 | second HP add raw 1 | second MP add raw 1 | checksum a1f87e373eade438 | passes 2
I/DH2Native(28506): Combat result probe | _prim_Monster05 | character CryptSlime | amount 2036 | dot element -1 | dot duration 0 | dot amount 0 | HP leech 0 | MP leech 0 | outcomes 0 | mask 2271925 | category -1 | element -1 | seed 3406292 | calls 9 | validation only
I/DH2Native(28506): Health probe | _prim_Monster05 | character CryptSlime | damage 256 | add -256 | before 12160 | after 11904 | kill 0 | armed 1 | cue 0 | lifecycle -1 | dead skip 0 | validation only
I/DH2Native(28506): Health probe | _prim_Monster05 | character CryptSlime | damage 16384 | add -16384 | before 12160 | after 0 | kill 1 | armed 1 | cue 0 | lifecycle 3 | dead skip 0 | validation only
I/DH2Native(28506): Original idle selected | slime_green_v2.bdae | table 64 | sequence 613 | step 4 | clip 1258 | slime_idle.bdae | speed 1.0000 | actor _prim_Monster05
I/DH2Native(28506): Object resource crypt_candle1.bdae | primitives 3 | tracks 3 | unbound 0 | unsupported 0 | removed helpers 1
I/DH2Native(28506): Base class snapshot | _prim_Monster_Ghost05 | character Crypt_Ghost | class 18 | level raw 256 | Max_HP raw 12160 | Max_MP raw 5632 | checksum 37563d932af809fb | cached only
I/DH2Native(28506): Resolved properties | _prim_Monster_Ghost05 | character Crypt_Ghost | HP raw -1 | Max_HP raw 12160 | MP raw -1 | Max_MP raw 5632 | checksum 37563d932af809fb | supplied sheets only
I/DH2Native(28506): Spawn vitals | _prim_Monster_Ghost05 | character Crypt_Ghost | HP raw 12160 | Max_HP raw 12160 | MP raw 5632 | Max_MP raw 5632 | first HP add raw 12160 | first MP add raw 5632 | second HP add raw 1 | second MP add raw 1 | checksum e41199bf55080334 | passes 2
I/DH2Native(28506): Combat result probe | _prim_Monster_Ghost05 | character Crypt_Ghost | amount 2263 | dot element -1 | dot duration 0 | dot amount 0 | HP leech 0 | MP leech 0 | outcomes 0 | mask 2271925 | category -1 | element -1 | seed 3474079 | calls 9 | validation only
I/DH2Native(28506): Health probe | _prim_Monster_Ghost05 | character Crypt_Ghost | damage 256 | add -256 | before 12160 | after 11904 | kill 0 | armed 1 | cue 0 | lifecycle -1 | dead skip 0 | validation only
I/DH2Native(28506): Health probe | _prim_Monster_Ghost05 | character Crypt_Ghost | damage 16384 | add -16384 | before 12160 | after 0 | kill 1 | armed 1 | cue 0 | lifecycle 3 | dead skip 0 | validation only
I/DH2Native(28506): Original idle selected | ghost.bdae | table 24 | sequence 210 | step 0 | clip 706 | ghost_idle_01.bdae | speed 1.3000 | actor _prim_Monster_Ghost05
I/DH2Native(28506): Actor event track ready | ghost.bdae | clip 697 | groups 1 | attack_mainhand ms 999
I/DH2Native(28506): Actor event track ready | ghost.bdae | clip 700 | groups 0 | attack_mainhand ms -1
I/DH2Native(28506): Actor event track ready | ghost.bdae | clip 706 | groups 0 | attack_mainhand ms -1
I/DH2Native(28506): Actor event track ready | ghost.bdae | clip 707 | groups 0 | attack_mainhand ms -1
I/DH2Native(28506): Actor event track ready | ghost.bdae | clip 710 | groups 0 | attack_mainhand ms -1
I/DH2Native(28506): Actor event track ready | ghost.bdae | clip 714 | groups 0 | attack_mainhand ms -1
I/DH2Native(28506): Actor event track ready | ghost.bdae | clip 717 | groups 0 | attack_mainhand ms -1
I/DH2Native(28506): Actor clip bank ready | ghost.bdae | clips 7 | independent instance clocks
I/DH2Native(28506): Object resource ghost.bdae | primitives 2 | tracks 24 | unbound 0 | unsupported 0 | removed helpers 2
I/DH2Native(28506): Base class snapshot | _prim_Monster_Ghost06 | character Crypt_Ghost | class 18 | level raw 256 | Max_HP raw 12160 | Max_MP raw 5632 | checksum 37563d932af809fb | cached only
I/DH2Native(28506): Resolved properties | _prim_Monster_Ghost06 | character Crypt_Ghost | HP raw -1 | Max_HP raw 12160 | MP raw -1 | Max_MP raw 5632 | checksum 37563d932af809fb | supplied sheets only
I/DH2Native(28506): Spawn vitals | _prim_Monster_Ghost06 | character Crypt_Ghost | HP raw 12160 | Max_HP raw 12160 | MP raw 5632 | Max_MP raw 5632 | first HP add raw 12160 | first MP add raw 5632 | second HP add raw 1 | second MP add raw 1 | checksum e41199bf55080334 | passes 2
I/DH2Native(28506): Combat result probe | _prim_Monster_Ghost06 | character Crypt_Ghost | amount 2263 | dot element -1 | dot duration 0 | dot amount 0 | HP leech 0 | MP leech 0 | outcomes 0 | mask 2271925 | category -1 | element -1 | seed 3474079 | calls 9 | validation only
I/DH2Native(28506): Health probe | _prim_Monster_Ghost06 | character Crypt_Ghost | damage 256 | add -256 | before 12160 | after 11904 | kill 0 | armed 1 | cue 0 | lifecycle -1 | dead skip 0 | validation only
I/DH2Native(28506): Health probe | _prim_Monster_Ghost06 | character Crypt_Ghost | damage 16384 | add -16384 | before 12160 | after 0 | kill 1 | armed 1 | cue 0 | lifecycle 3 | dead skip 0 | validation only
I/DH2Native(28506): Original idle selected | ghost.bdae | table 24 | sequence 210 | step 0 | clip 706 | ghost_idle_01.bdae | speed 1.3000 | actor _prim_Monster_Ghost06
I/DH2Native(28506): Base class snapshot | _prim_Monster_SURPRISE_01 | character Crypt_Ghost | class 18 | level raw 256 | Max_HP raw 12160 | Max_MP raw 5632 | checksum 37563d932af809fb | cached only
I/DH2Native(28506): Resolved properties | _prim_Monster_SURPRISE_01 | character Crypt_Ghost | HP raw -1 | Max_HP raw 12160 | MP raw -1 | Max_MP raw 5632 | checksum 37563d932af809fb | supplied sheets only
I/DH2Native(28506): Spawn vitals | _prim_Monster_SURPRISE_01 | character Crypt_Ghost | HP raw 12160 | Max_HP raw 12160 | MP raw 5632 | Max_MP raw 5632 | first HP add raw 12160 | first MP add raw 5632 | second HP add raw 1 | second MP add raw 1 | checksum e41199bf55080334 | passes 2
I/DH2Native(28506): Combat result probe | _prim_Monster_SURPRISE_01 | character Crypt_Ghost | amount 2263 | dot element -1 | dot duration 0 | dot amount 0 | HP leech 0 | MP leech 0 | outcomes 0 | mask 2271925 | category -1 | element -1 | seed 3474079 | calls 9 | validation only
I/DH2Native(28506): Health probe | _prim_Monster_SURPRISE_01 | character Crypt_Ghost | damage 256 | add -256 | before 12160 | after 11904 | kill 0 | armed 1 | cue 0 | lifecycle -1 | dead skip 0 | validation only
I/DH2Native(28506): Health probe | _prim_Monster_SURPRISE_01 | character Crypt_Ghost | damage 16384 | add -16384 | before 12160 | after 0 | kill 1 | armed 1 | cue 0 | lifecycle 3 | dead skip 0 | validation only
I/DH2Native(28506): Original idle selected | ghost.bdae | table 24 | sequence 210 | step 0 | clip 706 | ghost_idle_01.bdae | speed 1.3000 | actor _prim_Monster_SURPRISE_01
I/DH2Native(28506): Base class snapshot | _prim_Monster_SURPRISE_02 | character Crypt_Ghost | class 18 | level raw 256 | Max_HP raw 12160 | Max_MP raw 5632 | checksum 37563d932af809fb | cached only
I/DH2Native(28506): Resolved properties | _prim_Monster_SURPRISE_02 | character Crypt_Ghost | HP raw -1 | Max_HP raw 12160 | MP raw -1 | Max_MP raw 5632 | checksum 37563d932af809fb | supplied sheets only
I/DH2Native(28506): Spawn vitals | _prim_Monster_SURPRISE_02 | character Crypt_Ghost | HP raw 12160 | Max_HP raw 12160 | MP raw 5632 | Max_MP raw 5632 | first HP add raw 12160 | first MP add raw 5632 | second HP add raw 1 | second MP add raw 1 | checksum e41199bf55080334 | passes 2
I/DH2Native(28506): Combat result probe | _prim_Monster_SURPRISE_02 | character Crypt_Ghost | amount 2263 | dot element -1 | dot duration 0 | dot amount 0 | HP leech 0 | MP leech 0 | outcomes 0 | mask 2271925 | category -1 | element -1 | seed 3474079 | calls 9 | validation only
I/DH2Native(28506): Health probe | _prim_Monster_SURPRISE_02 | character Crypt_Ghost | damage 256 | add -256 | before 12160 | after 11904 | kill 0 | armed 1 | cue 0 | lifecycle -1 | dead skip 0 | validation only
I/DH2Native(28506): Health probe | _prim_Monster_SURPRISE_02 | character Crypt_Ghost | damage 16384 | add -16384 | before 12160 | after 0 | kill 1 | armed 1 | cue 0 | lifecycle 3 | dead skip 0 | validation only
I/DH2Native(28506): Original idle selected | ghost.bdae | table 24 | sequence 210 | step 0 | clip 706 | ghost_idle_01.bdae | speed 1.3000 | actor _prim_Monster_SURPRISE_02
I/DH2Native(28506): 3D upload OK | 4 draws | 586 triangles | 2 textures
I/DH2Native(28506): 29 animation tracks | 0 skipped | Preview lighting. Drag to orbit. | nodes 35 | skipped nongeometry instances 1 | skin draws 4 | segments 2
I/DH2Native(28506): Combat actor restored | _prim_tmp_cultist01 | HP 12160 | dead 0 | combo 0 | state Idle | cursor 1230.0004 | events 0 | aggro 0 0 | target -1 | AI attack 0
I/DH2Native(28506): Combat actor restored | _prim_tmp_cultist03 | HP 12160 | dead 0 | combo 0 | state Idle | cursor 4464.0004 | events 0 | aggro 0 0 | target -1 | AI attack 0
I/DH2Native(28506): Combat actor restored | _prim_tmp_cultist07 | HP 12160 | dead 0 | combo 0 | state Idle | cursor 1230.0004 | events 0 | aggro 0 0 | target -1 | AI attack 0
I/DH2Native(28506): Combat actor restored | _prim_tmp_cultist08 | HP 12160 | dead 0 | combo 0 | state Idle | cursor 4464.0004 | events 0 | aggro 0 0 | target -1 | AI attack 0
I/DH2Native(28506): Combat actor restored | _prim_tmp_cultist05 | HP 12160 | dead 0 | combo 0 | state Idle | cursor 1232.0004 | events 0 | aggro 0 0 | target -1 | AI attack 0
I/DH2Native(28506): Combat actor restored | _prim_tmp_cultist06 | HP 12160 | dead 0 | combo 0 | state Idle | cursor 1232.0004 | events 0 | aggro 0 0 | target -1 | AI attack 0
I/DH2Native(28506): Combat actor restored | _prim_Monster | HP 12160 | dead 0 | combo 0 | state Idle | cursor 1232.0004 | events 0 | aggro 0 0 | target -1 | AI attack 0
I/DH2Native(28506): Combat actor restored | _prim_Monster02 | HP 12160 | dead 0 | combo 0 | state Idle | cursor 1232.0004 | events 0 | aggro 0 0 | target -1 | AI attack 0
I/DH2Native(28506): Combat actor restored | _prim_Monster05 | HP 12160 | dead 0 | combo 0 | state Idle | cursor 1232.0004 | events 0 | aggro 0 0 | target -1 | AI attack 0
I/DH2Native(28506): Combat actor restored | _prim_Monster_Ghost05 | HP 12160 | dead 0 | combo 0 | state Idle | cursor 1731.9001 | events 0 | aggro 0 0 | target -1 | AI attack 0
I/DH2Native(28506): Combat actor restored | _prim_Monster_Ghost06 | HP 12160 | dead 0 | combo 0 | state Idle | cursor 1731.9001 | events 0 | aggro 0 0 | target -1 | AI attack 0
I/DH2Native(28506): Combat actor restored | _prim_Monster_SURPRISE_01 | HP 25600 | dead 0 | combo 0 | state Idle | cursor 4411.3000 | events 0 | aggro 0 0 | target -1 | AI attack 0
I/DH2Native(28506): Combat actor restored | _prim_Monster_SURPRISE_02 | HP 25600 | dead 0 | combo 0 | state Idle | cursor 4296.9000 | events 0 | aggro 0 0 | target -1 | AI attack 0
I/DH2Native(28506): Player properties | KnightPlayerBase | HP 42265 | MP 6976 | checksum 80406e3d6a338f9d | attempts 0 | attacking 0
I/DH2Native(28506): Prince blended bank ready | resources 116 | occurrences 158 | targets 83 | template 1111 | engine 0 | game clip 1111
I/DH2Native(28506): Blended character event | event 0x24 | clip 1111 | slot 0 | phase 5 | lag 0
I/DH2Native(28506): Blended character event | event 0x26 | clip 1111 | slot 0 | phase 5 | lag 0
I/DH2Native(28506): Character animation selected | state 3 | flags 2380 | sequence 262 | clip 1040 | actor state service
I/DH2Native(28506): Character state event | state 3 | event 1d | prior 3 | flags 2380
I/DH2Native(28506): Player source state | previous 3 | current 3 | event 0x0 | flags 2380 | root 262 | clip 1040 | position -1399.4160 19554.9395 636.4874 | Step 1
I/DH2Native(28506): Spawn body ready | _prim_Monster_SURPRISE_01 | creations 1 | radius 145.718735 | category 10 | mask d3f
I/DH2Native(28506): Gated character ready | _prim_Monster_SURPRISE_01 | source state 3 | presentation visible 1 | body 1 | Spawn sequence 213 | AI type 4 | restored 1
I/DH2Native(28506): Spawn body ready | _prim_Monster_SURPRISE_02 | creations 1 | radius 145.718735 | category 10 | mask d3f
I/DH2Native(28506): Gated character ready | _prim_Monster_SURPRISE_02 | source state 3 | presentation visible 1 | body 1 | Spawn sequence 213 | AI type 4 | restored 1
I/DH2Native(28506): Native actor ready | genuine bodies 83 | decor colliders 82 | radius 113.699577 | source bounds -1513.12 19524.2 -1285.72 19585.7 | flags 2380 | scene then Step then actor
I/DH2Native(28506): Native Level fields | ordinal 23 | hub 2 | random 1 | difficulty 0 | file 007_crypt_01.rule.xml | source ranges 8 10 / 45 47 / 74 76 | viewport owner; GSLevel stack pending
I/DH2Native(28506): CharAI constructor projections | characters 14 | native source-order registration records 14 | source Character associations 14 | active AIS initialization pending
I/DH2Native(28506): Native CharAI lifetime | fresh constructors 1 | retained owners 13 | graphics registry rebuilt
I/DH2Native(28506): Native managed host | Level 1 | difficulty 0 | property reads 1 | member writes 0 | offline embedded PlayerInfo; full profile/network pending
I/DH2Native(28506): Native monster initialization | _prim_Monster_SURPRISE_01 | Level 2048 | HP 25600 / 25600 | MP 23552 / 23552 | callbacks 1 | timers 2 | flags 183c | same VM published 1 | retained 1 | paused providers 2 | skills/post/final/frame pending
I/DH2Native(28506): Native monster VM owner | _prim_Monster_SURPRISE_01 | native handle 7d4215268320 | source active 7d4215268400 | source pending 7d4215268400
I/DH2Native(28506): Native monster timer retained | _prim_Monster_SURPRISE_01 | slot 0 | event 33 | duration 3000 | elapsed 0 | active 1 | paused 1
I/DH2Native(28506): Native monster timer retained | _prim_Monster_SURPRISE_01 | slot 1 | event 34 | duration 1000 | elapsed 0 | active 1 | paused 1
I/DH2Native(28506): Native monster initialization | _prim_Monster_SURPRISE_02 | Level 2048 | HP 25600 / 25600 | MP 23552 / 23552 | callbacks 1 | timers 2 | flags 183c | same VM published 1 | retained 1 | paused providers 2 | skills/post/final/frame pending
I/DH2Native(28506): Native monster VM owner | _prim_Monster_SURPRISE_02 | native handle 7d421526c3e0 | source active 7d421526c4c0 | source pending 7d421526c4c0
I/DH2Native(28506): Native monster timer retained | _prim_Monster_SURPRISE_02 | slot 0 | event 33 | duration 3000 | elapsed 0 | active 1 | paused 1
I/DH2Native(28506): Native monster timer retained | _prim_Monster_SURPRISE_02 | slot 1 | event 34 | duration 1000 | elapsed 0 | active 1 | paused 1
I/DH2Native(28506): Native Debug persistence | loaded 1 | switches 24 | read opens 1 | read closes 1 | saves 5 | write closes 5 | IO errors 0 | app-private real file
I/DH2Native(28506): Crypt script restored | activations 1 | requests 2 | ready 1 | running 0 | no Spawn replay
I/DH2Native(28506): Native Character list | characters 14 | owned nodes 14 | copied links 0 | full ObjectManager factory 0 | autonomous Ghost AI 0
I/DH2Native(28506): Objects ready | monsters 13 | decors 84 | resources 12 | instance draws 295 | triangles 6775 | character records 448 | model entries 116 | idle preview only
I/DH2Native(28506): Native floors ready | records 8 | graph nodes 335 | graph edges 838 | selector collision controls height
I/DH2Native(28506): Native floor links ready | neighbour relations 14 | validation references 998 | graph-node search ready
I/DH2Native(28506): Native graph route probe | floor pairs 64 | successful 64 | segments 1598 | state 5454073390c7d916 | endpoints and movement pending
I/DH2Native(28506): Native world route probe | floor pairs 64 | successful 64 | direct 0 | graph 64 | segments 2086 | state 3a3ab2a724cc383b | smoothing and movement pending
I/DH2Native(28506): Native FindPath probe | floor pairs 64 | successful 64 | owned 64 | segments 2086 | state 9356b419cae2bc57 | position controller pending
I/DH2Native(28506): Native floor motion probe | floor pairs 64 | position valid 64 | accepted 64 | direction valid 64 | state d60ad48039cc85c6 | controller and dynamic obstacles pending
I/DH2Native(28506): Native obstacle registry probe | floor pairs 64 | accepted 64 | registered 64 | relocated 56 | state 22a98dfc4102db51 | forces and controller pending
I/DH2Native(28506): Native avoidance probe | floors 8 | force contributions 16 | adjusted 8 | turn limited 8 | state 09d1d79d2612c945 | actor producers and controller pending
I/DH2Native(28506): Native actor producer probe | floors 8 | registered 8 | physical radius updates 8 | state 30c1f3ac1bf81145 | physical construction and controller pending
I/DH2Native(28506): Native heading control | player movement and melee facing use recovered source | UpdatePath rotation subobjects and genuine physics active
I/DH2Native(28506): World ready | rooms 8 | visual draws 101 | navigation triangles 314 | idle tracks 23 | walk tracks 27 | position -1399.4160 19554.9395 636.4874
I/DH2Native(28506): Prince blended inspection | frozen 0 | scene 0 | Step 0 | actor 0 | clip 1040 | ms 0 | body -13.9942 195.549 | pose 5f96fe6e2b6d998d
I/DH2Native(28506): worlds/crypt01.dwld: Crypt | 8 rooms | 13 monsters | 84 scenery objects
I/DH2Native(28506): 21612 triangles. Drag the movement control to walk.
I/DH2Native(28506): Actor command applied | index -1 | state null | time -1 | Crypt | 8 rooms | 13 monsters | 84 scenery objects
I/DH2Native(28506): 21612 triangles. Drag the movement control to walk.
I/DH2Native(28506): Surface resized to 1080 x 1824
I/DH2Native(28506): Native actor frame | scene 0 | Step 1 | actor 1 | source phase 5 | clip 1040 | ms 0 | replays 0 | body -13.9942 195.549 | contacts 0 0 | state 3 | body present 1 | timeline scale 1
I/DH2Native(28506): Model frame submitted at 1080 x 1824
I/DH2Native(28506): Surface resized to 1080 x 1867
I/DH2Native(28506): Actor clip completed | _prim_tmp_cultist05 | state Idle | completions 8 | active 1 | next clip 1258 | layers 1
I/DH2Native(28506): Actor clip completed | _prim_tmp_cultist06 | state Idle | completions 8 | active 1 | next clip 1258 | layers 1
I/DH2Native(28506): Actor clip completed | _prim_Monster | state Idle | completions 8 | active 1 | next clip 1258 | layers 1
I/DH2Native(28506): Actor clip completed | _prim_Monster02 | state Idle | completions 8 | active 1 | next clip 1258 | layers 1
I/DH2Native(28506): Actor clip completed | _prim_Monster05 | state Idle | completions 8 | active 1 | next clip 1258 | layers 1
I/DH2Native(28506): Model frame submitted at 1080 x 1867
I/DH2Native(28506): Debug native monster damage | _prim_Monster_SURPRISE_01 | raw damage 256 | HP before 25600 | after 25344 | actual HitFor health kernel; shell fixture
I/DH2Native(28506): Debug Character hit command applied | Nonlethal source health change applied
I/DH2Native(28506): Blended character event | event 0x28 | clip 1040 | slot 1 | phase 1 | lag 13
I/DH2Native(28506): Player animation event | clip 1040 | name do_skill | sequence 0 | attack step 0 | kind 0 | lag 13 | scene before Step | Step 14 | position -1399.4160 19554.9395 636.4874
I/DH2Native(28506): Mod asset loaded | worlds/crypt01.dwld | bytes 1048
I/DH2Native(28506): Class tables ready | classes 260 | bytes 34224 | cached base snapshots
I/DH2Native(28506): Native level catalogue | fast travel 33 | levels 51 | Crypt row 23 | ranges 8 10 / 45 47 / 74 76 | GSLevel ownership pending
I/DH2Native(28506): AI tables ready | configs 76 | factions 16 | automatic melee 0 | pursuit and full FSM pending
I/DH2Native(28506): Property rules ready | defaults row 0 | types row 1 | properties 224 | supplied sheets only
I/DH2Native(28506): Animation tables ready | sequences 785 | characters 80 | clip paths 1447 | bytes 72812
I/DH2Native(28506): Player attack track ready | clip 1111 | tracks 81 | unbound 0 | attack_mainhand ms -1
I/DH2Native(28506): Player attack track ready | clip 1063 | tracks 29 | unbound 0 | attack_mainhand ms -1
I/DH2Native(28506): Player attack track ready | clip 1040 | tracks 23 | unbound 0 | attack_mainhand ms -1
I/DH2Native(28506): Player attack track ready | clip 1041 | tracks 24 | unbound 0 | attack_mainhand ms -1
I/DH2Native(28506): Player attack track ready | clip 1126 | tracks 25 | unbound 0 | attack_mainhand ms -1
I/DH2Native(28506): Player attack track ready | clip 1114 | tracks 27 | unbound 0 | attack_mainhand ms -1
I/DH2Native(28506): Player attack track ready | clip 968 | tracks 25 | unbound 0 | attack_mainhand ms -1
I/DH2Native(28506): Player attack track ready | clip 956 | tracks 25 | unbound 0 | attack_mainhand ms 333
I/DH2Native(28506): Player attack track ready | clip 964 | tracks 25 | unbound 0 | attack_mainhand ms -1
I/DH2Native(28506): Player attack track ready | clip 970 | tracks 25 | unbound 0 | attack_mainhand ms -1
I/DH2Native(28506): Player attack track ready | clip 959 | tracks 25 | unbound 0 | attack_mainhand ms 899
I/DH2Native(28506): Player attack track ready | clip 965 | tracks 25 | unbound 0 | attack_mainhand ms -1
I/DH2Native(28506): Player attack track ready | clip 972 | tracks 25 | unbound 0 | attack_mainhand ms -1
I/DH2Native(28506): Player attack track ready | clip 962 | tracks 25 | unbound 0 | attack_mainhand ms 1533
I/DH2Native(28506): Player attack track ready | clip 966 | tracks 25 | unbound 0 | attack_mainhand ms -1
I/DH2Native(28506): Player attack track ready | clip 967 | tracks 26 | unbound 0 | attack_mainhand ms -1
I/DH2Native(28506): Player attack track ready | clip 955 | tracks 26 | unbound 0 | attack_mainhand ms 300
I/DH2Native(28506): Player attack track ready | clip 957 | tracks 27 | unbound 0 | attack_mainhand ms -1
I/DH2Native(28506): Player attack track ready | clip 969 | tracks 26 | unbound 0 | attack_mainhand ms -1
I/DH2Native(28506): Player attack track ready | clip 958 | tracks 26 | unbound 0 | attack_mainhand ms 899
I/DH2Native(28506): Player attack track ready | clip 960 | tracks 27 | unbound 0 | attack_mainhand ms -1
I/DH2Native(28506): Player attack track ready | clip 971 | tracks 26 | unbound 0 | attack_mainhand ms -1
I/DH2Native(28506): Player attack track ready | clip 961 | tracks 26 | unbound 0 | attack_mainhand ms 1500
I/DH2Native(28506): Player attack track ready | clip 963 | tracks 26 | unbound 0 | attack_mainhand ms -1
I/DH2Native(28506): Player attack track ready | clip 1025 | tracks 25 | unbound 0 | attack_mainhand ms -1
I/DH2Native(28506): Player attack track ready | clip 1074 | tracks 27 | unbound 0 | attack_mainhand ms -1
I/DH2Native(28506): Player attack track ready | clip 1110 | tracks 25 | unbound 0 | attack_mainhand ms -1
I/DH2Native(28506): Player attack track ready | clip 1071 | tracks 25 | unbound 0 | attack_mainhand ms -1
I/DH2Native(28506): Player attack track ready | clip 1076 | tracks 29 | unbound 0 | attack_mainhand ms -1
I/DH2Native(28506): Player attack track ready | clip 1109 | tracks 28 | unbound 0 | attack_mainhand ms -1
I/DH2Native(28506): Player attack track ready | clip 1026 | tracks 30 | unbound 0 | attack_mainhand ms -1
I/DH2Native(28506): Player attack track ready | clip 1029 | tracks 28 | unbound 0 | attack_mainhand ms -1
I/DH2Native(28506): Player attack track ready | clip 1030 | tracks 27 | unbound 0 | attack_mainhand ms -1
I/DH2Native(28506): Player attack track ready | clip 1031 | tracks 27 | unbound 0 | attack_mainhand ms -1
I/DH2Native(28506): Player attack track ready | clip 1032 | tracks 27 | unbound 0 | attack_mainhand ms -1
I/DH2Native(28506): Player attack track ready | clip 991 | tracks 27 | unbound 0 | attack_mainhand ms -1
I/DH2Native(28506): Player attack track ready | clip 996 | tracks 27 | unbound 0 | attack_mainhand ms -1
I/DH2Native(28506): Player death track ready | clip 1023 | tracks 27 | unbound 0 | attack_mainhand ms -1
I/DH2Native(28506): Player attack track ready | clip 992 | tracks 26 | unbound 0 | attack_mainhand ms -1
I/DH2Native(28506): Player attack track ready | clip 1028 | tracks 29 | unbound 0 | attack_mainhand ms -1
I/DH2Native(28506): Player attack track ready | clip 1027 | tracks 26 | unbound 0 | attack_mainhand ms -1
I/DH2Native(28506): Player attack track ready | clip 1091 | tracks 26 | unbound 0 | attack_mainhand ms -1
I/DH2Native(28506): Player attack track ready | clip 1093 | tracks 26 | unbound 0 | attack_mainhand ms -1
I/DH2Native(28506): Player attack track ready | clip 1043 | tracks 26 | unbound 0 | attack_mainhand ms -1
I/DH2Native(28506): Player attack track ready | clip 994 | tracks 26 | unbound 0 | attack_mainhand ms -1
I/DH2Native(28506): Player attack track ready | clip 1044 | tracks 25 | unbound 0 | attack_mainhand ms -1
I/DH2Native(28506): Player attack track ready | clip 1096 | tracks 14 | unbound 0 | attack_mainhand ms -1
I/DH2Native(28506): Player attack track ready | clip 1103 | tracks 26 | unbound 0 | attack_mainhand ms -1
I/DH2Native(28506): Player attack track ready | clip 1107 | tracks 25 | unbound 0 | attack_mainhand ms -1
I/DH2Native(28506): Player attack track ready | clip 1104 | tracks 27 | unbound 0 | attack_mainhand ms -1
I/DH2Native(28506): Player attack track ready | clip 1108 | tracks 27 | unbound 0 | attack_mainhand ms -1
I/DH2Native(28506): Player attack track ready | clip 1101 | tracks 26 | unbound 0 | attack_mainhand ms -1
I/DH2Native(28506): Player attack track ready | clip 1105 | tracks 25 | unbound 0 | attack_mainhand ms -1
I/DH2Native(28506): Player attack track ready | clip 1100 | tracks 26 | unbound 0 | attack_mainhand ms -1
I/DH2Native(28506): Player attack track ready | clip 1097 | tracks 25 | unbound 0 | attack_mainhand ms -1
I/DH2Native(28506): Player attack track ready | clip 1234 | tracks 25 | unbound 0 | attack_mainhand ms -1
I/DH2Native(28506): Player attack track ready | clip 1239 | tracks 25 | unbound 0 | attack_mainhand ms -1
I/DH2Native(28506): Player attack track ready | clip 1238 | tracks 25 | unbound 0 | attack_mainhand ms -1
I/DH2Native(28506): Player attack track ready | clip 1035 | tracks 23 | unbound 0 | attack_mainhand ms -1
I/DH2Native(28506): Player attack track ready | clip 1036 | tracks 23 | unbound 0 | attack_mainhand ms -1
I/DH2Native(28506): Player attack track ready | clip 986 | tracks 25 | unbound 0 | attack_mainhand ms -1
I/DH2Native(28506): Player attack track ready | clip 974 | tracks 25 | unbound 0 | attack_mainhand ms -1
I/DH2Native(28506): Player attack track ready | clip 976 | tracks 25 | unbound 0 | attack_mainhand ms -1
I/DH2Native(28506): Player attack track ready | clip 988 | tracks 25 | unbound 0 | attack_mainhand ms -1
I/DH2Native(28506): Player attack track ready | clip 978 | tracks 25 | unbound 0 | attack_mainhand ms -1
I/DH2Native(28506): Player attack track ready | clip 980 | tracks 25 | unbound 0 | attack_mainhand ms -1
I/DH2Native(28506): Player attack track ready | clip 990 | tracks 25 | unbound 0 | attack_mainhand ms -1
I/DH2Native(28506): Player attack track ready | clip 984 | tracks 25 | unbound 0 | attack_mainhand ms -1
I/DH2Native(28506): Player attack track ready | clip 985 | tracks 26 | unbound 0 | attack_mainhand ms -1
I/DH2Native(28506): Player attack track ready | clip 973 | tracks 25 | unbound 0 | attack_mainhand ms 333
I/DH2Native(28506): Player attack track ready | clip 975 | tracks 25 | unbound 0 | attack_mainhand ms -1
I/DH2Native(28506): Player attack track ready | clip 987 | tracks 25 | unbound 0 | attack_mainhand ms -1
I/DH2Native(28506): Player attack track ready | clip 977 | tracks 25 | unbound 0 | attack_mainhand ms 1066
I/DH2Native(28506): Player attack track ready | clip 979 | tracks 25 | unbound 0 | attack_mainhand ms -1
I/DH2Native(28506): Player attack track ready | clip 989 | tracks 25 | unbound 0 | attack_mainhand ms -1
I/DH2Native(28506): Player attack track ready | clip 981 | tracks 25 | unbound 0 | attack_mainhand ms 1799
I/DH2Native(28506): Player attack track ready | clip 983 | tracks 25 | unbound 0 | attack_mainhand ms -1
I/DH2Native(28506): Player attack track ready | clip 1233 | tracks 24 | unbound 0 | attack_mainhand ms -1
I/DH2Native(28506): Player attack track ready | clip 1037 | tracks 23 | unbound 0 | attack_mainhand ms -1
I/DH2Native(28506): Player attack track ready | clip 1038 | tracks 23 | unbound 0 | attack_mainhand ms -1
I/DH2Native(28506): Player attack track ready | clip 1016 | tracks 23 | unbound 0 | attack_mainhand ms -1
I/DH2Native(28506): Player attack track ready | clip 1000 | tracks 25 | unbound 0 | attack_mainhand ms 333
I/DH2Native(28506): Player attack track ready | clip 1011 | tracks 27 | unbound 0 | attack_mainhand ms -1
I/DH2Native(28506): Player attack track ready | clip 1018 | tracks 25 | unbound 0 | attack_mainhand ms -1
I/DH2Native(28506): Player attack track ready | clip 1003 | tracks 27 | unbound 0 | attack_mainhand ms -1
I/DH2Native(28506): Player attack track ready | clip 1012 | tracks 25 | unbound 0 | attack_mainhand ms -1
I/DH2Native(28506): Player attack track ready | clip 1020 | tracks 25 | unbound 0 | attack_mainhand ms -1
I/DH2Native(28506): Player attack track ready | clip 1006 | tracks 25 | unbound 0 | attack_mainhand ms 1566
I/DH2Native(28506): Player attack track ready | clip 1013 | tracks 25 | unbound 0 | attack_mainhand ms -1
I/DH2Native(28506): Player attack track ready | clip 1022 | tracks 25 | unbound 0 | attack_mainhand ms -1
I/DH2Native(28506): Player attack track ready | clip 1009 | tracks 25 | unbound 0 | attack_mainhand ms -1
I/DH2Native(28506): Player attack track ready | clip 1014 | tracks 25 | unbound 0 | attack_mainhand ms -1
I/DH2Native(28506): Player attack track ready | clip 1015 | tracks 25 | unbound 0 | attack_mainhand ms -1
I/DH2Native(28506): Player attack track ready | clip 999 | tracks 25 | unbound 0 | attack_mainhand ms 400
I/DH2Native(28506): Player attack track ready | clip 1001 | tracks 25 | unbound 0 | attack_mainhand ms -1
I/DH2Native(28506): Player attack track ready | clip 1017 | tracks 25 | unbound 0 | attack_mainhand ms -1
I/DH2Native(28506): Player attack track ready | clip 1002 | tracks 25 | unbound 0 | attack_mainhand ms 866
I/DH2Native(28506): Player attack track ready | clip 1004 | tracks 25 | unbound 0 | attack_mainhand ms -1
I/DH2Native(28506): Player attack track ready | clip 1019 | tracks 25 | unbound 0 | attack_mainhand ms -1
I/DH2Native(28506): Player attack track ready | clip 1005 | tracks 25 | unbound 0 | attack_mainhand ms 1500
I/DH2Native(28506): Player attack track ready | clip 1007 | tracks 25 | unbound 0 | attack_mainhand ms -1
I/DH2Native(28506): Player attack track ready | clip 1021 | tracks 25 | unbound 0 | attack_mainhand ms -1
I/DH2Native(28506): Player attack track ready | clip 1008 | tracks 25 | unbound 0 | attack_mainhand ms 2266
I/DH2Native(28506): Player attack track ready | clip 1010 | tracks 25 | unbound 0 | attack_mainhand ms -1
I/DH2Native(28506): Player attack track ready | clip 1147 | tracks 27 | unbound 2 | attack_mainhand ms -1
I/DH2Native(28506): Player attack track ready | clip 1133 | tracks 27 | unbound 2 | attack_mainhand ms 1633
I/DH2Native(28506): Player attack track ready | clip 1146 | tracks 25 | unbound 2 | attack_mainhand ms -1
I/DH2Native(28506): Player attack track ready | clip 1218 | tracks 27 | unbound 0 | attack_mainhand ms -1
I/DH2Native(28506): Player attack track ready | clip 1039 | tracks 25 | unbound 0 | attack_mainhand ms -1
I/DH2Native(28506): Player attack track ready | clip 1077 | tracks 18 | unbound 0 | attack_mainhand ms -1
I/DH2Native(28506): Player attack track ready | clip 1078 | tracks 18 | unbound 0 | attack_mainhand ms -1
I/DH2Native(28506): Player attack track ready | clip 1079 | tracks 20 | unbound 0 | attack_mainhand ms -1
I/DH2Native(28506): Player attack track ready | clip 1143 | tracks 24 | unbound 0 | attack_mainhand ms -1
I/DH2Native(28506): Player attack track ready | clip 1138 | tracks 0 | unbound 0 | attack_mainhand ms -1
I/DH2Native(28506): Player attack track ready | clip 1136 | tracks 24 | unbound 0 | attack_mainhand ms -1
I/DH2Native(28506): Player attack track ready | clip 1137 | tracks 24 | unbound 0 | attack_mainhand ms -1
I/DH2Native(28506): Base class snapshot | _prim_tmp_cultist01 | character Crypt_Skeleton | class 18 | level raw 256 | Max_HP raw 12160 | Max_MP raw 5632 | checksum 41ae0e800682474e | cached only
I/DH2Native(28506): Resolved properties | _prim_tmp_cultist01 | character Crypt_Skeleton | HP raw -1 | Max_HP raw 12160 | MP raw -1 | Max_MP raw 5632 | checksum 41ae0e800682474e | supplied sheets only
I/DH2Native(28506): Spawn vitals | _prim_tmp_cultist01 | character Crypt_Skeleton | HP raw 12160 | Max_HP raw 12160 | MP raw 5632 | Max_MP raw 5632 | first HP add raw 12160 | first MP add raw 5632 | second HP add raw 1 | second MP add raw 1 | checksum ee913bf1bab19e05 | passes 2
I/DH2Native(28506): Combat result probe | _prim_tmp_cultist01 | character Crypt_Skeleton | amount 2030 | dot element -1 | dot duration 0 | dot amount 0 | HP leech 0 | MP leech 0 | outcomes 0 | mask 2271925 | category -1 | element -1 | seed 11805120 | calls 9 | validation only
I/DH2Native(28506): Health probe | _prim_tmp_cultist01 | character Crypt_Skeleton | damage 256 | add -256 | before 12160 | after 11904 | kill 0 | armed 1 | cue 0 | lifecycle -1 | dead skip 0 | validation only
I/DH2Native(28506): Health probe | _prim_tmp_cultist01 | character Crypt_Skeleton | damage 16384 | add -16384 | before 12160 | after 0 | kill 1 | armed 1 | cue 0 | lifecycle 3 | dead skip 0 | validation only
I/DH2Native(28506): Original idle selected | skeleton.bdae | table 62 | sequence 596 | step 0 | clip 1194 | skeleton_idle_01.bdae | speed 1.0000 | actor _prim_tmp_cultist01
I/DH2Native(28506): Actor event track ready | skeleton.bdae | clip 1178 | groups 1 | attack_mainhand ms 100
I/DH2Native(28506): Actor event track ready | skeleton.bdae | clip 1179 | groups 0 | attack_mainhand ms -1
I/DH2Native(28506): Actor event track ready | skeleton.bdae | clip 1180 | groups 1 | attack_mainhand ms 100
I/DH2Native(28506): Actor event track ready | skeleton.bdae | clip 1181 | groups 0 | attack_mainhand ms -1
I/DH2Native(28506): Actor event track ready | skeleton.bdae | clip 1185 | groups 0 | attack_mainhand ms -1
I/DH2Native(28506): Actor event track ready | skeleton.bdae | clip 1194 | groups 0 | attack_mainhand ms -1
I/DH2Native(28506): Actor event track ready | skeleton.bdae | clip 1195 | groups 0 | attack_mainhand ms -1
I/DH2Native(28506): Actor event track ready | skeleton.bdae | clip 1197 | groups 0 | attack_mainhand ms -1
I/DH2Native(28506): Actor event track ready | skeleton.bdae | clip 1198 | groups 0 | attack_mainhand ms -1
I/DH2Native(28506): Actor event track ready | skeleton.bdae | clip 1204 | groups 0 | attack_mainhand ms -1
I/DH2Native(28506): Actor clip bank ready | skeleton.bdae | clips 10 | independent instance clocks
I/DH2Native(28506): Object resource skeleton.bdae | primitives 1 | tracks 23 | unbound 3 | unsupported 0 | removed helpers 2
I/DH2Native(28506): Base class snapshot | _prim_tmp_cultist03 | character Crypt_Skeleton | class 18 | level raw 256 | Max_HP raw 12160 | Max_MP raw 5632 | checksum 41ae0e800682474e | cached only
I/DH2Native(28506): Resolved properties | _prim_tmp_cultist03 | character Crypt_Skeleton | HP raw -1 | Max_HP raw 12160 | MP raw -1 | Max_MP raw 5632 | checksum 41ae0e800682474e | supplied sheets only
I/DH2Native(28506): Spawn vitals | _prim_tmp_cultist03 | character Crypt_Skeleton | HP raw 12160 | Max_HP raw 12160 | MP raw 5632 | Max_MP raw 5632 | first HP add raw 12160 | first MP add raw 5632 | second HP add raw 1 | second MP add raw 1 | checksum ee913bf1bab19e05 | passes 2
I/DH2Native(28506): Combat result probe | _prim_tmp_cultist03 | character Crypt_Skeleton | amount 2030 | dot element -1 | dot duration 0 | dot amount 0 | HP leech 0 | MP leech 0 | outcomes 0 | mask 2271925 | category -1 | element -1 | seed 11805120 | calls 9 | validation only
I/DH2Native(28506): Health probe | _prim_tmp_cultist03 | character Crypt_Skeleton | damage 256 | add -256 | before 12160 | after 11904 | kill 0 | armed 1 | cue 0 | lifecycle -1 | dead skip 0 | validation only
I/DH2Native(28506): Health probe | _prim_tmp_cultist03 | character Crypt_Skeleton | damage 16384 | add -16384 | before 12160 | after 0 | kill 1 | armed 1 | cue 0 | lifecycle 3 | dead skip 0 | validation only
I/DH2Native(28506): Original idle selected | skeleton.bdae | table 62 | sequence 596 | step 1 | clip 1195 | skeleton_idle_02.bdae | speed 1.0000 | actor _prim_tmp_cultist03
I/DH2Native(28506): Base class snapshot | _prim_tmp_cultist05 | character CryptSlime | class 18 | level raw 256 | Max_HP raw 12160 | Max_MP raw 5632 | checksum e0cad1d302226d0f | cached only
I/DH2Native(28506): Resolved properties | _prim_tmp_cultist05 | character CryptSlime | HP raw -1 | Max_HP raw 12160 | MP raw -1 | Max_MP raw 5632 | checksum e0cad1d302226d0f | supplied sheets only
I/DH2Native(28506): Spawn vitals | _prim_tmp_cultist05 | character CryptSlime | HP raw 12160 | Max_HP raw 12160 | MP raw 5632 | Max_MP raw 5632 | first HP add raw 12160 | first MP add raw 5632 | second HP add raw 1 | second MP add raw 1 | checksum a1f87e373eade438 | passes 2
I/DH2Native(28506): Combat result probe | _prim_tmp_cultist05 | character CryptSlime | amount 2036 | dot element -1 | dot duration 0 | dot amount 0 | HP leech 0 | MP leech 0 | outcomes 0 | mask 2271925 | category -1 | element -1 | seed 3406292 | calls 9 | validation only
I/DH2Native(28506): Health probe | _prim_tmp_cultist05 | character CryptSlime | damage 256 | add -256 | before 12160 | after 11904 | kill 0 | armed 1 | cue 0 | lifecycle -1 | dead skip 0 | validation only
I/DH2Native(28506): Health probe | _prim_tmp_cultist05 | character CryptSlime | damage 16384 | add -16384 | before 12160 | after 0 | kill 1 | armed 1 | cue 0 | lifecycle 3 | dead skip 0 | validation only
I/DH2Native(28506): Original idle selected | slime_green_v2.bdae | table 64 | sequence 613 | step 5 | clip 1259 | slime_idle_02.bdae | speed 1.0000 | actor _prim_tmp_cultist05
I/DH2Native(28506): Actor event track ready | slime_green_v2.bdae | clip 1246 | groups 1 | attack_mainhand ms 266
I/DH2Native(28506): Actor event track ready | slime_green_v2.bdae | clip 1247 | groups 0 | attack_mainhand ms -1
I/DH2Native(28506): Actor event track ready | slime_green_v2.bdae | clip 1248 | groups 1 | attack_mainhand ms 300
I/DH2Native(28506): Actor event track ready | slime_green_v2.bdae | clip 1249 | groups 0 | attack_mainhand ms -1
I/DH2Native(28506): Actor event track ready | slime_green_v2.bdae | clip 1251 | groups 0 | attack_mainhand ms -1
I/DH2Native(28506): Actor event track ready | slime_green_v2.bdae | clip 1258 | groups 0 | attack_mainhand ms -1
I/DH2Native(28506): Actor event track ready | slime_green_v2.bdae | clip 1259 | groups 0 | attack_mainhand ms -1
I/DH2Native(28506): Actor event track ready | slime_green_v2.bdae | clip 1261 | groups 0 | attack_mainhand ms -1
I/DH2Native(28506): Actor event track ready | slime_green_v2.bdae | clip 1262 | groups 0 | attack_mainhand ms -1
I/DH2Native(28506): Actor event track ready | slime_green_v2.bdae | clip 1268 | groups 0 | attack_mainhand ms -1
I/DH2Native(28506): Actor clip bank ready | slime_green_v2.bdae | clips 10 | independent instance clocks
I/DH2Native(28506): Object resource slime_green_v2.bdae | primitives 2 | tracks 12 | unbound 0 | unsupported 0 | removed helpers 0
I/DH2Native(28506): Base class snapshot | _prim_tmp_cultist06 | character CryptSlime | class 18 | level raw 256 | Max_HP raw 12160 | Max_MP raw 5632 | checksum e0cad1d302226d0f | cached only
I/DH2Native(28506): Resolved properties | _prim_tmp_cultist06 | character CryptSlime | HP raw -1 | Max_HP raw 12160 | MP raw -1 | Max_MP raw 5632 | checksum e0cad1d302226d0f | supplied sheets only
I/DH2Native(28506): Spawn vitals | _prim_tmp_cultist06 | character CryptSlime | HP raw 12160 | Max_HP raw 12160 | MP raw 5632 | Max_MP raw 5632 | first HP add raw 12160 | first MP add raw 5632 | second HP add raw 1 | second MP add raw 1 | checksum a1f87e373eade438 | passes 2
I/DH2Native(28506): Combat result probe | _prim_tmp_cultist06 | character CryptSlime | amount 2036 | dot element -1 | dot duration 0 | dot amount 0 | HP leech 0 | MP leech 0 | outcomes 0 | mask 2271925 | category -1 | element -1 | seed 3406292 | calls 9 | validation only
I/DH2Native(28506): Health probe | _prim_tmp_cultist06 | character CryptSlime | damage 256 | add -256 | before 12160 | after 11904 | kill 0 | armed 1 | cue 0 | lifecycle -1 | dead skip 0 | validation only
I/DH2Native(28506): Health probe | _prim_tmp_cultist06 | character CryptSlime | damage 16384 | add -16384 | before 12160 | after 0 | kill 1 | armed 1 | cue 0 | lifecycle 3 | dead skip 0 | validation only
I/DH2Native(28506): Original idle selected | slime_green_v2.bdae | table 64 | sequence 613 | step 5 | clip 1259 | slime_idle_02.bdae | speed 1.0000 | actor _prim_tmp_cultist06
I/DH2Native(28506): Base class snapshot | _prim_tmp_cultist07 | character Crypt_Skeleton | class 18 | level raw 256 | Max_HP raw 12160 | Max_MP raw 5632 | checksum 41ae0e800682474e | cached only
I/DH2Native(28506): Resolved properties | _prim_tmp_cultist07 | character Crypt_Skeleton | HP raw -1 | Max_HP raw 12160 | MP raw -1 | Max_MP raw 5632 | checksum 41ae0e800682474e | supplied sheets only
I/DH2Native(28506): Spawn vitals | _prim_tmp_cultist07 | character Crypt_Skeleton | HP raw 12160 | Max_HP raw 12160 | MP raw 5632 | Max_MP raw 5632 | first HP add raw 12160 | first MP add raw 5632 | second HP add raw 1 | second MP add raw 1 | checksum ee913bf1bab19e05 | passes 2
I/DH2Native(28506): Combat result probe | _prim_tmp_cultist07 | character Crypt_Skeleton | amount 2030 | dot element -1 | dot duration 0 | dot amount 0 | HP leech 0 | MP leech 0 | outcomes 0 | mask 2271925 | category -1 | element -1 | seed 11805120 | calls 9 | validation only
I/DH2Native(28506): Health probe | _prim_tmp_cultist07 | character Crypt_Skeleton | damage 256 | add -256 | before 12160 | after 11904 | kill 0 | armed 1 | cue 0 | lifecycle -1 | dead skip 0 | validation only
I/DH2Native(28506): Health probe | _prim_tmp_cultist07 | character Crypt_Skeleton | damage 16384 | add -16384 | before 12160 | after 0 | kill 1 | armed 1 | cue 0 | lifecycle 3 | dead skip 0 | validation only
I/DH2Native(28506): Original idle selected | skeleton.bdae | table 62 | sequence 596 | step 0 | clip 1194 | skeleton_idle_01.bdae | speed 1.0000 | actor _prim_tmp_cultist07
I/DH2Native(28506): Base class snapshot | _prim_tmp_cultist08 | character Crypt_Skeleton | class 18 | level raw 256 | Max_HP raw 12160 | Max_MP raw 5632 | checksum 41ae0e800682474e | cached only
I/DH2Native(28506): Resolved properties | _prim_tmp_cultist08 | character Crypt_Skeleton | HP raw -1 | Max_HP raw 12160 | MP raw -1 | Max_MP raw 5632 | checksum 41ae0e800682474e | supplied sheets only
I/DH2Native(28506): Spawn vitals | _prim_tmp_cultist08 | character Crypt_Skeleton | HP raw 12160 | Max_HP raw 12160 | MP raw 5632 | Max_MP raw 5632 | first HP add raw 12160 | first MP add raw 5632 | second HP add raw 1 | second MP add raw 1 | checksum ee913bf1bab19e05 | passes 2
I/DH2Native(28506): Combat result probe | _prim_tmp_cultist08 | character Crypt_Skeleton | amount 2030 | dot element -1 | dot duration 0 | dot amount 0 | HP leech 0 | MP leech 0 | outcomes 0 | mask 2271925 | category -1 | element -1 | seed 11805120 | calls 9 | validation only
I/DH2Native(28506): Health probe | _prim_tmp_cultist08 | character Crypt_Skeleton | damage 256 | add -256 | before 12160 | after 11904 | kill 0 | armed 1 | cue 0 | lifecycle -1 | dead skip 0 | validation only
I/DH2Native(28506): Health probe | _prim_tmp_cultist08 | character Crypt_Skeleton | damage 16384 | add -16384 | before 12160 | after 0 | kill 1 | armed 1 | cue 0 | lifecycle 3 | dead skip 0 | validation only
I/DH2Native(28506): Original idle selected | skeleton.bdae | table 62 | sequence 596 | step 1 | clip 1195 | skeleton_idle_02.bdae | speed 1.0000 | actor _prim_tmp_cultist08
I/DH2Native(28506): Object resource crypt_candles2_small.bdae | primitives 3 | tracks 5 | unbound 0 | unsupported 0 | removed helpers 1
I/DH2Native(28506): Object resource crypt_candlestand_big.bdae | primitives 4 | tracks 3 | unbound 0 | unsupported 0 | removed helpers 2
I/DH2Native(28506): Object resource crypt_candlestand.bdae | primitives 4 | tracks 7 | unbound 0 | unsupported 0 | removed helpers 2
I/DH2Native(28506): Object resource crypt_candle2.bdae | primitives 3 | tracks 3 | unbound 0 | unsupported 0 | removed helpers 1
I/DH2Native(28506): Object resource crypt_candle1_small.bdae | primitives 3 | tracks 3 | unbound 0 | unsupported 0 | removed helpers 1
I/DH2Native(28506): Object resource crypt_candles.bdae | primitives 3 | tracks 7 | unbound 0 | unsupported 0 | removed helpers 1
I/DH2Native(28506): Object resource swamp_caveentrance_effect.bdae | primitives 1 | tracks 0 | unbound 0 | unsupported 3 | removed helpers 0
I/DH2Native(28506): Object resource crypt_candle_big.bdae | primitives 3 | tracks 3 | unbound 0 | unsupported 0 | removed helpers 1
I/DH2Native(28506): Base class snapshot | _prim_Monster | character CryptSlime | class 18 | level raw 256 | Max_HP raw 12160 | Max_MP raw 5632 | checksum e0cad1d302226d0f | cached only
I/DH2Native(28506): Resolved properties | _prim_Monster | character CryptSlime | HP raw -1 | Max_HP raw 12160 | MP raw -1 | Max_MP raw 5632 | checksum e0cad1d302226d0f | supplied sheets only
I/DH2Native(28506): Spawn vitals | _prim_Monster | character CryptSlime | HP raw 12160 | Max_HP raw 12160 | MP raw 5632 | Max_MP raw 5632 | first HP add raw 12160 | first MP add raw 5632 | second HP add raw 1 | second MP add raw 1 | checksum a1f87e373eade438 | passes 2
I/DH2Native(28506): Combat result probe | _prim_Monster | character CryptSlime | amount 2036 | dot element -1 | dot duration 0 | dot amount 0 | HP leech 0 | MP leech 0 | outcomes 0 | mask 2271925 | category -1 | element -1 | seed 3406292 | calls 9 | validation only
I/DH2Native(28506): Health probe | _prim_Monster | character CryptSlime | damage 256 | add -256 | before 12160 | after 11904 | kill 0 | armed 1 | cue 0 | lifecycle -1 | dead skip 0 | validation only
I/DH2Native(28506): Health probe | _prim_Monster | character CryptSlime | damage 16384 | add -16384 | before 12160 | after 0 | kill 1 | armed 1 | cue 0 | lifecycle 3 | dead skip 0 | validation only
I/DH2Native(28506): Original idle selected | slime_green_v2.bdae | table 64 | sequence 613 | step 1 | clip 1258 | slime_idle.bdae | speed 1.0000 | actor _prim_Monster
I/DH2Native(28506): Base class snapshot | _prim_Monster02 | character CryptSlime_RE | class 18 | level raw 256 | Max_HP raw 12160 | Max_MP raw 5632 | checksum eb471073d49b2c44 | cached only
I/DH2Native(28506): Resolved properties | _prim_Monster02 | character CryptSlime_RE | HP raw -1 | Max_HP raw 12160 | MP raw -1 | Max_MP raw 5632 | checksum eb471073d49b2c44 | supplied sheets only
I/DH2Native(28506): Spawn vitals | _prim_Monster02 | character CryptSlime_RE | HP raw 12160 | Max_HP raw 12160 | MP raw 5632 | Max_MP raw 5632 | first HP add raw 12160 | first MP add raw 5632 | second HP add raw 1 | second MP add raw 1 | checksum 6eba0582f78691bb | passes 2
I/DH2Native(28506): Combat result probe | _prim_Monster02 | character CryptSlime_RE | amount 2135 | dot element -1 | dot duration 0 | dot amount 0 | HP leech 0 | MP leech 0 | outcomes 0 | mask 2271925 | category -1 | element -1 | seed 7440849 | calls 9 | validation only
I/DH2Native(28506): Health probe | _prim_Monster02 | character CryptSlime_RE | damage 256 | add -256 | before 12160 | after 11904 | kill 0 | armed 1 | cue 0 | lifecycle -1 | dead skip 0 | validation only
I/DH2Native(28506): Health probe | _prim_Monster02 | character CryptSlime_RE | damage 16384 | add -16384 | before 12160 | after 0 | kill 1 | armed 1 | cue 0 | lifecycle 3 | dead skip 0 | validation only
I/DH2Native(28506): Original idle selected | slime_green_v2.bdae | table 64 | sequence 613 | step 0 | clip 1258 | slime_idle.bdae | speed 1.0000 | actor _prim_Monster02
I/DH2Native(28506): Base class snapshot | _prim_Monster05 | character CryptSlime | class 18 | level raw 256 | Max_HP raw 12160 | Max_MP raw 5632 | checksum e0cad1d302226d0f | cached only
I/DH2Native(28506): Resolved properties | _prim_Monster05 | character CryptSlime | HP raw -1 | Max_HP raw 12160 | MP raw -1 | Max_MP raw 5632 | checksum e0cad1d302226d0f | supplied sheets only
I/DH2Native(28506): Spawn vitals | _prim_Monster05 | character CryptSlime | HP raw 12160 | Max_HP raw 12160 | MP raw 5632 | Max_MP raw 5632 | first HP add raw 12160 | first MP add raw 5632 | second HP add raw 1 | second MP add raw 1 | checksum a1f87e373eade438 | passes 2
I/DH2Native(28506): Combat result probe | _prim_Monster05 | character CryptSlime | amount 2036 | dot element -1 | dot duration 0 | dot amount 0 | HP leech 0 | MP leech 0 | outcomes 0 | mask 2271925 | category -1 | element -1 | seed 3406292 | calls 9 | validation only
I/DH2Native(28506): Health probe | _prim_Monster05 | character CryptSlime | damage 256 | add -256 | before 12160 | after 11904 | kill 0 | armed 1 | cue 0 | lifecycle -1 | dead skip 0 | validation only
I/DH2Native(28506): Health probe | _prim_Monster05 | character CryptSlime | damage 16384 | add -16384 | before 12160 | after 0 | kill 1 | armed 1 | cue 0 | lifecycle 3 | dead skip 0 | validation only
I/DH2Native(28506): Original idle selected | slime_green_v2.bdae | table 64 | sequence 613 | step 4 | clip 1258 | slime_idle.bdae | speed 1.0000 | actor _prim_Monster05
I/DH2Native(28506): Object resource crypt_candle1.bdae | primitives 3 | tracks 3 | unbound 0 | unsupported 0 | removed helpers 1
I/DH2Native(28506): Base class snapshot | _prim_Monster_Ghost05 | character Crypt_Ghost | class 18 | level raw 256 | Max_HP raw 12160 | Max_MP raw 5632 | checksum 37563d932af809fb | cached only
I/DH2Native(28506): Resolved properties | _prim_Monster_Ghost05 | character Crypt_Ghost | HP raw -1 | Max_HP raw 12160 | MP raw -1 | Max_MP raw 5632 | checksum 37563d932af809fb | supplied sheets only
I/DH2Native(28506): Spawn vitals | _prim_Monster_Ghost05 | character Crypt_Ghost | HP raw 12160 | Max_HP raw 12160 | MP raw 5632 | Max_MP raw 5632 | first HP add raw 12160 | first MP add raw 5632 | second HP add raw 1 | second MP add raw 1 | checksum e41199bf55080334 | passes 2
I/DH2Native(28506): Combat result probe | _prim_Monster_Ghost05 | character Crypt_Ghost | amount 2263 | dot element -1 | dot duration 0 | dot amount 0 | HP leech 0 | MP leech 0 | outcomes 0 | mask 2271925 | category -1 | element -1 | seed 3474079 | calls 9 | validation only
I/DH2Native(28506): Health probe | _prim_Monster_Ghost05 | character Crypt_Ghost | damage 256 | add -256 | before 12160 | after 11904 | kill 0 | armed 1 | cue 0 | lifecycle -1 | dead skip 0 | validation only
I/DH2Native(28506): Health probe | _prim_Monster_Ghost05 | character Crypt_Ghost | damage 16384 | add -16384 | before 12160 | after 0 | kill 1 | armed 1 | cue 0 | lifecycle 3 | dead skip 0 | validation only
I/DH2Native(28506): Original idle selected | ghost.bdae | table 24 | sequence 210 | step 0 | clip 706 | ghost_idle_01.bdae | speed 1.3000 | actor _prim_Monster_Ghost05
I/DH2Native(28506): Actor event track ready | ghost.bdae | clip 697 | groups 1 | attack_mainhand ms 999
I/DH2Native(28506): Actor event track ready | ghost.bdae | clip 700 | groups 0 | attack_mainhand ms -1
I/DH2Native(28506): Actor event track ready | ghost.bdae | clip 706 | groups 0 | attack_mainhand ms -1
I/DH2Native(28506): Actor event track ready | ghost.bdae | clip 707 | groups 0 | attack_mainhand ms -1
I/DH2Native(28506): Actor event track ready | ghost.bdae | clip 710 | groups 0 | attack_mainhand ms -1
I/DH2Native(28506): Actor event track ready | ghost.bdae | clip 714 | groups 0 | attack_mainhand ms -1
I/DH2Native(28506): Actor event track ready | ghost.bdae | clip 717 | groups 0 | attack_mainhand ms -1
I/DH2Native(28506): Actor clip bank ready | ghost.bdae | clips 7 | independent instance clocks
I/DH2Native(28506): Object resource ghost.bdae | primitives 2 | tracks 24 | unbound 0 | unsupported 0 | removed helpers 2
I/DH2Native(28506): Base class snapshot | _prim_Monster_Ghost06 | character Crypt_Ghost | class 18 | level raw 256 | Max_HP raw 12160 | Max_MP raw 5632 | checksum 37563d932af809fb | cached only
I/DH2Native(28506): Resolved properties | _prim_Monster_Ghost06 | character Crypt_Ghost | HP raw -1 | Max_HP raw 12160 | MP raw -1 | Max_MP raw 5632 | checksum 37563d932af809fb | supplied sheets only
I/DH2Native(28506): Spawn vitals | _prim_Monster_Ghost06 | character Crypt_Ghost | HP raw 12160 | Max_HP raw 12160 | MP raw 5632 | Max_MP raw 5632 | first HP add raw 12160 | first MP add raw 5632 | second HP add raw 1 | second MP add raw 1 | checksum e41199bf55080334 | passes 2
I/DH2Native(28506): Combat result probe | _prim_Monster_Ghost06 | character Crypt_Ghost | amount 2263 | dot element -1 | dot duration 0 | dot amount 0 | HP leech 0 | MP leech 0 | outcomes 0 | mask 2271925 | category -1 | element -1 | seed 3474079 | calls 9 | validation only
I/DH2Native(28506): Health probe | _prim_Monster_Ghost06 | character Crypt_Ghost | damage 256 | add -256 | before 12160 | after 11904 | kill 0 | armed 1 | cue 0 | lifecycle -1 | dead skip 0 | validation only
I/DH2Native(28506): Health probe | _prim_Monster_Ghost06 | character Crypt_Ghost | damage 16384 | add -16384 | before 12160 | after 0 | kill 1 | armed 1 | cue 0 | lifecycle 3 | dead skip 0 | validation only
I/DH2Native(28506): Original idle selected | ghost.bdae | table 24 | sequence 210 | step 0 | clip 706 | ghost_idle_01.bdae | speed 1.3000 | actor _prim_Monster_Ghost06
I/DH2Native(28506): Base class snapshot | _prim_Monster_SURPRISE_01 | character Crypt_Ghost | class 18 | level raw 256 | Max_HP raw 12160 | Max_MP raw 5632 | checksum 37563d932af809fb | cached only
I/DH2Native(28506): Resolved properties | _prim_Monster_SURPRISE_01 | character Crypt_Ghost | HP raw -1 | Max_HP raw 12160 | MP raw -1 | Max_MP raw 5632 | checksum 37563d932af809fb | supplied sheets only
I/DH2Native(28506): Spawn vitals | _prim_Monster_SURPRISE_01 | character Crypt_Ghost | HP raw 12160 | Max_HP raw 12160 | MP raw 5632 | Max_MP raw 5632 | first HP add raw 12160 | first MP add raw 5632 | second HP add raw 1 | second MP add raw 1 | checksum e41199bf55080334 | passes 2
I/DH2Native(28506): Combat result probe | _prim_Monster_SURPRISE_01 | character Crypt_Ghost | amount 2263 | dot element -1 | dot duration 0 | dot amount 0 | HP leech 0 | MP leech 0 | outcomes 0 | mask 2271925 | category -1 | element -1 | seed 3474079 | calls 9 | validation only
I/DH2Native(28506): Health probe | _prim_Monster_SURPRISE_01 | character Crypt_Ghost | damage 256 | add -256 | before 12160 | after 11904 | kill 0 | armed 1 | cue 0 | lifecycle -1 | dead skip 0 | validation only
I/DH2Native(28506): Health probe | _prim_Monster_SURPRISE_01 | character Crypt_Ghost | damage 16384 | add -16384 | before 12160 | after 0 | kill 1 | armed 1 | cue 0 | lifecycle 3 | dead skip 0 | validation only
I/DH2Native(28506): Original idle selected | ghost.bdae | table 24 | sequence 210 | step 0 | clip 706 | ghost_idle_01.bdae | speed 1.3000 | actor _prim_Monster_SURPRISE_01
I/DH2Native(28506): Base class snapshot | _prim_Monster_SURPRISE_02 | character Crypt_Ghost | class 18 | level raw 256 | Max_HP raw 12160 | Max_MP raw 5632 | checksum 37563d932af809fb | cached only
I/DH2Native(28506): Resolved properties | _prim_Monster_SURPRISE_02 | character Crypt_Ghost | HP raw -1 | Max_HP raw 12160 | MP raw -1 | Max_MP raw 5632 | checksum 37563d932af809fb | supplied sheets only
I/DH2Native(28506): Spawn vitals | _prim_Monster_SURPRISE_02 | character Crypt_Ghost | HP raw 12160 | Max_HP raw 12160 | MP raw 5632 | Max_MP raw 5632 | first HP add raw 12160 | first MP add raw 5632 | second HP add raw 1 | second MP add raw 1 | checksum e41199bf55080334 | passes 2
I/DH2Native(28506): Combat result probe | _prim_Monster_SURPRISE_02 | character Crypt_Ghost | amount 2263 | dot element -1 | dot duration 0 | dot amount 0 | HP leech 0 | MP leech 0 | outcomes 0 | mask 2271925 | category -1 | element -1 | seed 3474079 | calls 9 | validation only
I/DH2Native(28506): Health probe | _prim_Monster_SURPRISE_02 | character Crypt_Ghost | damage 256 | add -256 | before 12160 | after 11904 | kill 0 | armed 1 | cue 0 | lifecycle -1 | dead skip 0 | validation only
I/DH2Native(28506): Health probe | _prim_Monster_SURPRISE_02 | character Crypt_Ghost | damage 16384 | add -16384 | before 12160 | after 0 | kill 1 | armed 1 | cue 0 | lifecycle 3 | dead skip 0 | validation only
I/DH2Native(28506): Original idle selected | ghost.bdae | table 24 | sequence 210 | step 0 | clip 706 | ghost_idle_01.bdae | speed 1.3000 | actor _prim_Monster_SURPRISE_02
I/DH2Native(28506): 3D upload OK | 4 draws | 586 triangles | 2 textures
I/DH2Native(28506): 29 animation tracks | 0 skipped | Preview lighting. Drag to orbit. | nodes 35 | skipped nongeometry instances 1 | skin draws 4 | segments 2
I/DH2Native(28506): Combat actor restored | _prim_tmp_cultist01 | HP 12160 | dead 0 | combo 0 | state Idle | cursor 2116.0005 | events 0 | aggro 0 0 | target -1 | AI attack 0
I/DH2Native(28506): Combat actor restored | _prim_tmp_cultist03 | HP 12160 | dead 0 | combo 0 | state Idle | cursor 5350.0005 | events 0 | aggro 0 0 | target -1 | AI attack 0
I/DH2Native(28506): Combat actor restored | _prim_tmp_cultist07 | HP 12160 | dead 0 | combo 0 | state Idle | cursor 2116.0005 | events 0 | aggro 0 0 | target -1 | AI attack 0
I/DH2Native(28506): Combat actor restored | _prim_tmp_cultist08 | HP 12160 | dead 0 | combo 0 | state Idle | cursor 5350.0005 | events 0 | aggro 0 0 | target -1 | AI attack 0
I/DH2Native(28506): Combat actor restored | _prim_tmp_cultist05 | HP 12160 | dead 0 | combo 0 | state Idle | cursor 785.0005 | events 0 | aggro 0 0 | target -1 | AI attack 0
I/DH2Native(28506): Combat actor restored | _prim_tmp_cultist06 | HP 12160 | dead 0 | combo 0 | state Idle | cursor 785.0005 | events 0 | aggro 0 0 | target -1 | AI attack 0
I/DH2Native(28506): Combat actor restored | _prim_Monster | HP 12160 | dead 0 | combo 0 | state Idle | cursor 785.0005 | events 0 | aggro 0 0 | target -1 | AI attack 0
I/DH2Native(28506): Combat actor restored | _prim_Monster02 | HP 12160 | dead 0 | combo 0 | state Idle | cursor 785.0005 | events 0 | aggro 0 0 | target -1 | AI attack 0
I/DH2Native(28506): Combat actor restored | _prim_Monster05 | HP 12160 | dead 0 | combo 0 | state Idle | cursor 785.0005 | events 0 | aggro 0 0 | target -1 | AI attack 0
I/DH2Native(28506): Combat actor restored | _prim_Monster_Ghost05 | HP 12160 | dead 0 | combo 0 | state Idle | cursor 2883.7001 | events 0 | aggro 0 0 | target -1 | AI attack 0
I/DH2Native(28506): Combat actor restored | _prim_Monster_Ghost06 | HP 12160 | dead 0 | combo 0 | state Idle | cursor 2883.7001 | events 0 | aggro 0 0 | target -1 | AI attack 0
I/DH2Native(28506): Combat actor restored | _prim_Monster_SURPRISE_01 | HP 25344 | dead 0 | combo 0 | state Idle | cursor 5563.1000 | events 0 | aggro 0 0 | target -1 | AI attack 0
I/DH2Native(28506): Combat actor restored | _prim_Monster_SURPRISE_02 | HP 25600 | dead 0 | combo 0 | state Idle | cursor 5448.7000 | events 0 | aggro 0 0 | target -1 | AI attack 0
I/DH2Native(28506): Player properties | KnightPlayerBase | HP 42265 | MP 6976 | checksum 80406e3d6a338f9d | attempts 0 | attacking 0
I/DH2Native(28506): Prince blended bank ready | resources 116 | occurrences 158 | targets 83 | template 1111 | engine 0 | game clip 1111
I/DH2Native(28506): Blended character event | event 0x24 | clip 1111 | slot 0 | phase 5 | lag 0
I/DH2Native(28506): Blended character event | event 0x26 | clip 1111 | slot 0 | phase 5 | lag 0
I/DH2Native(28506): Character animation selected | state 3 | flags 2380 | sequence 262 | clip 1041 | actor state service
I/DH2Native(28506): Character state event | state 3 | event 1d | prior 3 | flags 2380
I/DH2Native(28506): Player source state | previous 3 | current 3 | event 0x0 | flags 2380 | root 262 | clip 1041 | position -1399.4160 19554.9395 636.4874 | Step 27
I/DH2Native(28506): Spawn body ready | _prim_Monster_SURPRISE_01 | creations 1 | radius 145.718735 | category 10 | mask d3f
I/DH2Native(28506): Gated character ready | _prim_Monster_SURPRISE_01 | source state 3 | presentation visible 1 | body 1 | Spawn sequence 213 | AI type 4 | restored 1
I/DH2Native(28506): Spawn body ready | _prim_Monster_SURPRISE_02 | creations 1 | radius 145.718735 | category 10 | mask d3f
I/DH2Native(28506): Gated character ready | _prim_Monster_SURPRISE_02 | source state 3 | presentation visible 1 | body 1 | Spawn sequence 213 | AI type 4 | restored 1
I/DH2Native(28506): Native actor ready | genuine bodies 83 | decor colliders 82 | radius 113.699577 | source bounds -1513.12 19524.2 -1285.72 19585.7 | flags 2380 | scene then Step then actor
I/DH2Native(28506): Native Level fields | ordinal 23 | hub 2 | random 1 | difficulty 0 | file 007_crypt_01.rule.xml | source ranges 8 10 / 45 47 / 74 76 | viewport owner; GSLevel stack pending
I/DH2Native(28506): CharAI constructor projections | characters 14 | native source-order registration records 14 | source Character associations 14 | active AIS initialization pending
I/DH2Native(28506): Native CharAI lifetime | fresh constructors 1 | retained owners 13 | graphics registry rebuilt
I/DH2Native(28506): Native managed host | Level 1 | difficulty 0 | property reads 1 | member writes 0 | offline embedded PlayerInfo; full profile/network pending
I/DH2Native(28506): Native monster initialization | _prim_Monster_SURPRISE_01 | Level 2048 | HP 25344 / 25600 | MP 23552 / 23552 | callbacks 1 | timers 2 | flags 183c | same VM published 1 | retained 1 | paused providers 2 | skills/post/final/frame pending
I/DH2Native(28506): Native monster VM owner | _prim_Monster_SURPRISE_01 | native handle 7d4215268320 | source active 7d4215268400 | source pending 7d4215268400
I/DH2Native(28506): Native monster timer retained | _prim_Monster_SURPRISE_01 | slot 0 | event 33 | duration 3000 | elapsed 0 | active 1 | paused 1
I/DH2Native(28506): Native monster timer retained | _prim_Monster_SURPRISE_01 | slot 1 | event 34 | duration 1000 | elapsed 0 | active 1 | paused 1
I/DH2Native(28506): Native monster initialization | _prim_Monster_SURPRISE_02 | Level 2048 | HP 25600 / 25600 | MP 23552 / 23552 | callbacks 1 | timers 2 | flags 183c | same VM published 1 | retained 1 | paused providers 2 | skills/post/final/frame pending
I/DH2Native(28506): Native monster VM owner | _prim_Monster_SURPRISE_02 | native handle 7d421526c3e0 | source active 7d421526c4c0 | source pending 7d421526c4c0
I/DH2Native(28506): Native monster timer retained | _prim_Monster_SURPRISE_02 | slot 0 | event 33 | duration 3000 | elapsed 0 | active 1 | paused 1
I/DH2Native(28506): Native monster timer retained | _prim_Monster_SURPRISE_02 | slot 1 | event 34 | duration 1000 | elapsed 0 | active 1 | paused 1
I/DH2Native(28506): Native Debug persistence | loaded 1 | switches 24 | read opens 1 | read closes 1 | saves 5 | write closes 5 | IO errors 0 | app-private real file
I/DH2Native(28506): Crypt script restored | activations 1 | requests 2 | ready 1 | running 0 | no Spawn replay
I/DH2Native(28506): Native Character list | characters 14 | owned nodes 14 | copied links 0 | full ObjectManager factory 0 | autonomous Ghost AI 0
I/DH2Native(28506): Objects ready | monsters 13 | decors 84 | resources 12 | instance draws 295 | triangles 6775 | character records 448 | model entries 116 | idle preview only
I/DH2Native(28506): Native floors ready | records 8 | graph nodes 335 | graph edges 838 | selector collision controls height
I/DH2Native(28506): Native floor links ready | neighbour relations 14 | validation references 998 | graph-node search ready
I/DH2Native(28506): Native graph route probe | floor pairs 64 | successful 64 | segments 1598 | state 5454073390c7d916 | endpoints and movement pending
I/DH2Native(28506): Native world route probe | floor pairs 64 | successful 64 | direct 0 | graph 64 | segments 2086 | state 3a3ab2a724cc383b | smoothing and movement pending
I/DH2Native(28506): Native FindPath probe | floor pairs 64 | successful 64 | owned 64 | segments 2086 | state 9356b419cae2bc57 | position controller pending
I/DH2Native(28506): Native floor motion probe | floor pairs 64 | position valid 64 | accepted 64 | direction valid 64 | state d60ad48039cc85c6 | controller and dynamic obstacles pending
I/DH2Native(28506): Native obstacle registry probe | floor pairs 64 | accepted 64 | registered 64 | relocated 56 | state 22a98dfc4102db51 | forces and controller pending
I/DH2Native(28506): Native avoidance probe | floors 8 | force contributions 16 | adjusted 8 | turn limited 8 | state 09d1d79d2612c945 | actor producers and controller pending
I/DH2Native(28506): Native actor producer probe | floors 8 | registered 8 | physical radius updates 8 | state 30c1f3ac1bf81145 | physical construction and controller pending
I/DH2Native(28506): Native heading control | player movement and melee facing use recovered source | UpdatePath rotation subobjects and genuine physics active
I/DH2Native(28506): World ready | rooms 8 | visual draws 101 | navigation triangles 314 | idle tracks 23 | walk tracks 27 | position -1399.4160 19554.9395 636.4874
I/DH2Native(28506): World reload command applied | Crypt | 8 rooms | 13 monsters | 84 scenery objects
I/DH2Native(28506): 21612 triangles. Drag the movement control to walk.
I/DH2Native(28506): Native actor frame | scene 87 | Step 1 | actor 1 | source phase 5 | clip 1041 | ms 0 | replays 0 | body -13.9942 195.549 | contacts 0 0 | state 3 | body present 1 | timeline scale 1
I/DH2Native(28506): Model frame submitted at 1080 x 1867
I/DH2Native(28506): Actor clip completed | _prim_Monster_SURPRISE_01 | state Idle | completions 1 | active 1 | next clip 706 | layers 1
I/DH2Native(28506): Actor clip completed | _prim_Monster_SURPRISE_02 | state Idle | completions 1 | active 1 | next clip 706 | layers 1
I/DH2Native(28506): Player position -1399.4160 19554.9395 636.4874 | moved 0 | blocked 0
I/DH2Native(28506): Player facing | angle 0 | native updates 17
D/WindowOnBackDispatcher(28506): setTopOnBackInvokedCallback (unwrapped): null
D/ViewRootImpl(28506): Skipping stats log for color mode
D/AutofillManager(28506): Fill dialog is enabled:false, hints=[]
D/WindowOnBackDispatcher(28506): setTopOnBackInvokedCallback (unwrapped): android.app.Activity$$ExternalSyntheticLambda0@4ebb458
D/VRI[MainActivity](28506): WindowInsets changed: 2424x1080 statusBars:[0,137,0,0] navigationBars:[0,0,0,63] mandatorySystemGestures:[0,137,0,84] 
I/Surface (28506): Creating surface for consumer unnamed-28506-2 with slotExpansion=1 for 64 slots
I/Surface (28506): Creating surface for consumer VRI[MainActivity]#2(BLAST Consumer)2 with slotExpansion=1 for 64 slots
I/Surface (28506): Creating surface for consumer unnamed-28506-3 with slotExpansion=1 for 64 slots
I/Surface (28506): Creating surface for consumer 2b5fe96 SurfaceView[com.example.dh2/com.example.dh2.MainActivity]#3(BLAST Consumer)3 with slotExpansion=1 for 64 slots
W/libc    (28506): Access denied finding property "vendor.mesa.virtgpu.kumquat"
D/WindowOnBackDispatcher(28506): setOnBackInvokedCallbackInfo: android.app.Activity$$ExternalSyntheticLambda0@4ebb458
I/DH2Native(28506): Renderer: Android Emulator OpenGL ES Translator (Google SwiftShader)
I/DH2Native(28506): GLES: OpenGL ES 3.0 (OpenGL ES 3.0 SwiftShader 4.0.0.1)
I/DH2Native(28506): Enemy AI configured | automatic melee 0
I/DH2Native(28506): Mod asset loaded | worlds/crypt01.dwld | bytes 1048
I/DH2Native(28506): Class tables ready | classes 260 | bytes 34224 | cached base snapshots
I/DH2Native(28506): Native level catalogue | fast travel 33 | levels 51 | Crypt row 23 | ranges 8 10 / 45 47 / 74 76 | GSLevel ownership pending
I/DH2Native(28506): AI tables ready | configs 76 | factions 16 | automatic melee 0 | pursuit and full FSM pending
I/DH2Native(28506): Property rules ready | defaults row 0 | types row 1 | properties 224 | supplied sheets only
I/DH2Native(28506): Animation tables ready | sequences 785 | characters 80 | clip paths 1447 | bytes 72812
I/DH2Native(28506): Player attack track ready | clip 1111 | tracks 81 | unbound 0 | attack_mainhand ms -1
I/DH2Native(28506): Player attack track ready | clip 1063 | tracks 29 | unbound 0 | attack_mainhand ms -1
I/DH2Native(28506): Player attack track ready | clip 1040 | tracks 23 | unbound 0 | attack_mainhand ms -1
I/DH2Native(28506): Player attack track ready | clip 1041 | tracks 24 | unbound 0 | attack_mainhand ms -1
I/DH2Native(28506): Player attack track ready | clip 1126 | tracks 25 | unbound 0 | attack_mainhand ms -1
I/DH2Native(28506): Player attack track ready | clip 1114 | tracks 27 | unbound 0 | attack_mainhand ms -1
I/DH2Native(28506): Player attack track ready | clip 968 | tracks 25 | unbound 0 | attack_mainhand ms -1
I/DH2Native(28506): Player attack track ready | clip 956 | tracks 25 | unbound 0 | attack_mainhand ms 333
I/DH2Native(28506): Player attack track ready | clip 964 | tracks 25 | unbound 0 | attack_mainhand ms -1
I/DH2Native(28506): Player attack track ready | clip 970 | tracks 25 | unbound 0 | attack_mainhand ms -1
I/DH2Native(28506): Player attack track ready | clip 959 | tracks 25 | unbound 0 | attack_mainhand ms 899
I/DH2Native(28506): Player attack track ready | clip 965 | tracks 25 | unbound 0 | attack_mainhand ms -1
I/DH2Native(28506): Player attack track ready | clip 972 | tracks 25 | unbound 0 | attack_mainhand ms -1
I/DH2Native(28506): Player attack track ready | clip 962 | tracks 25 | unbound 0 | attack_mainhand ms 1533
I/DH2Native(28506): Player attack track ready | clip 966 | tracks 25 | unbound 0 | attack_mainhand ms -1
I/DH2Native(28506): Player attack track ready | clip 967 | tracks 26 | unbound 0 | attack_mainhand ms -1
I/DH2Native(28506): Player attack track ready | clip 955 | tracks 26 | unbound 0 | attack_mainhand ms 300
I/DH2Native(28506): Player attack track ready | clip 957 | tracks 27 | unbound 0 | attack_mainhand ms -1
I/DH2Native(28506): Player attack track ready | clip 969 | tracks 26 | unbound 0 | attack_mainhand ms -1
I/DH2Native(28506): Player attack track ready | clip 958 | tracks 26 | unbound 0 | attack_mainhand ms 899
I/DH2Native(28506): Player attack track ready | clip 960 | tracks 27 | unbound 0 | attack_mainhand ms -1
I/DH2Native(28506): Player attack track ready | clip 971 | tracks 26 | unbound 0 | attack_mainhand ms -1
I/DH2Native(28506): Player attack track ready | clip 961 | tracks 26 | unbound 0 | attack_mainhand ms 1500
I/DH2Native(28506): Player attack track ready | clip 963 | tracks 26 | unbound 0 | attack_mainhand ms -1
I/DH2Native(28506): Player attack track ready | clip 1025 | tracks 25 | unbound 0 | attack_mainhand ms -1
I/DH2Native(28506): Player attack track ready | clip 1074 | tracks 27 | unbound 0 | attack_mainhand ms -1
I/DH2Native(28506): Player attack track ready | clip 1110 | tracks 25 | unbound 0 | attack_mainhand ms -1
I/DH2Native(28506): Player attack track ready | clip 1071 | tracks 25 | unbound 0 | attack_mainhand ms -1
I/DH2Native(28506): Player attack track ready | clip 1076 | tracks 29 | unbound 0 | attack_mainhand ms -1
I/DH2Native(28506): Player attack track ready | clip 1109 | tracks 28 | unbound 0 | attack_mainhand ms -1
I/DH2Native(28506): Player attack track ready | clip 1026 | tracks 30 | unbound 0 | attack_mainhand ms -1
I/DH2Native(28506): Player attack track ready | clip 1029 | tracks 28 | unbound 0 | attack_mainhand ms -1
I/DH2Native(28506): Player attack track ready | clip 1030 | tracks 27 | unbound 0 | attack_mainhand ms -1
I/DH2Native(28506): Player attack track ready | clip 1031 | tracks 27 | unbound 0 | attack_mainhand ms -1
I/DH2Native(28506): Player attack track ready | clip 1032 | tracks 27 | unbound 0 | attack_mainhand ms -1
I/DH2Native(28506): Player attack track ready | clip 991 | tracks 27 | unbound 0 | attack_mainhand ms -1
I/DH2Native(28506): Player attack track ready | clip 996 | tracks 27 | unbound 0 | attack_mainhand ms -1
I/DH2Native(28506): Player death track ready | clip 1023 | tracks 27 | unbound 0 | attack_mainhand ms -1
I/DH2Native(28506): Player attack track ready | clip 992 | tracks 26 | unbound 0 | attack_mainhand ms -1
I/DH2Native(28506): Player attack track ready | clip 1028 | tracks 29 | unbound 0 | attack_mainhand ms -1
I/DH2Native(28506): Player attack track ready | clip 1027 | tracks 26 | unbound 0 | attack_mainhand ms -1
I/DH2Native(28506): Player attack track ready | clip 1091 | tracks 26 | unbound 0 | attack_mainhand ms -1
I/DH2Native(28506): Player attack track ready | clip 1093 | tracks 26 | unbound 0 | attack_mainhand ms -1
I/DH2Native(28506): Player attack track ready | clip 1043 | tracks 26 | unbound 0 | attack_mainhand ms -1
I/DH2Native(28506): Player attack track ready | clip 994 | tracks 26 | unbound 0 | attack_mainhand ms -1
I/DH2Native(28506): Player attack track ready | clip 1044 | tracks 25 | unbound 0 | attack_mainhand ms -1
I/DH2Native(28506): Player attack track ready | clip 1096 | tracks 14 | unbound 0 | attack_mainhand ms -1
I/DH2Native(28506): Player attack track ready | clip 1103 | tracks 26 | unbound 0 | attack_mainhand ms -1
I/DH2Native(28506): Player attack track ready | clip 1107 | tracks 25 | unbound 0 | attack_mainhand ms -1
I/DH2Native(28506): Player attack track ready | clip 1104 | tracks 27 | unbound 0 | attack_mainhand ms -1
I/DH2Native(28506): Player attack track ready | clip 1108 | tracks 27 | unbound 0 | attack_mainhand ms -1
I/DH2Native(28506): Player attack track ready | clip 1101 | tracks 26 | unbound 0 | attack_mainhand ms -1
I/DH2Native(28506): Player attack track ready | clip 1105 | tracks 25 | unbound 0 | attack_mainhand ms -1
I/DH2Native(28506): Player attack track ready | clip 1100 | tracks 26 | unbound 0 | attack_mainhand ms -1
I/DH2Native(28506): Player attack track ready | clip 1097 | tracks 25 | unbound 0 | attack_mainhand ms -1
I/DH2Native(28506): Player attack track ready | clip 1234 | tracks 25 | unbound 0 | attack_mainhand ms -1
I/DH2Native(28506): Player attack track ready | clip 1239 | tracks 25 | unbound 0 | attack_mainhand ms -1
I/DH2Native(28506): Player attack track ready | clip 1238 | tracks 25 | unbound 0 | attack_mainhand ms -1
I/DH2Native(28506): Player attack track ready | clip 1035 | tracks 23 | unbound 0 | attack_mainhand ms -1
I/DH2Native(28506): Player attack track ready | clip 1036 | tracks 23 | unbound 0 | attack_mainhand ms -1
I/DH2Native(28506): Player attack track ready | clip 986 | tracks 25 | unbound 0 | attack_mainhand ms -1
I/DH2Native(28506): Player attack track ready | clip 974 | tracks 25 | unbound 0 | attack_mainhand ms -1
I/DH2Native(28506): Player attack track ready | clip 976 | tracks 25 | unbound 0 | attack_mainhand ms -1
I/DH2Native(28506): Player attack track ready | clip 988 | tracks 25 | unbound 0 | attack_mainhand ms -1
I/DH2Native(28506): Player attack track ready | clip 978 | tracks 25 | unbound 0 | attack_mainhand ms -1
I/DH2Native(28506): Player attack track ready | clip 980 | tracks 25 | unbound 0 | attack_mainhand ms -1
I/DH2Native(28506): Player attack track ready | clip 990 | tracks 25 | unbound 0 | attack_mainhand ms -1
I/DH2Native(28506): Player attack track ready | clip 984 | tracks 25 | unbound 0 | attack_mainhand ms -1
I/DH2Native(28506): Player attack track ready | clip 985 | tracks 26 | unbound 0 | attack_mainhand ms -1
I/DH2Native(28506): Player attack track ready | clip 973 | tracks 25 | unbound 0 | attack_mainhand ms 333
I/DH2Native(28506): Player attack track ready | clip 975 | tracks 25 | unbound 0 | attack_mainhand ms -1
I/DH2Native(28506): Player attack track ready | clip 987 | tracks 25 | unbound 0 | attack_mainhand ms -1
I/DH2Native(28506): Player attack track ready | clip 977 | tracks 25 | unbound 0 | attack_mainhand ms 1066
I/DH2Native(28506): Player attack track ready | clip 979 | tracks 25 | unbound 0 | attack_mainhand ms -1
I/DH2Native(28506): Player attack track ready | clip 989 | tracks 25 | unbound 0 | attack_mainhand ms -1
I/DH2Native(28506): Player attack track ready | clip 981 | tracks 25 | unbound 0 | attack_mainhand ms 1799
I/DH2Native(28506): Player attack track ready | clip 983 | tracks 25 | unbound 0 | attack_mainhand ms -1
I/DH2Native(28506): Player attack track ready | clip 1233 | tracks 24 | unbound 0 | attack_mainhand ms -1
I/DH2Native(28506): Player attack track ready | clip 1037 | tracks 23 | unbound 0 | attack_mainhand ms -1
I/DH2Native(28506): Player attack track ready | clip 1038 | tracks 23 | unbound 0 | attack_mainhand ms -1
I/DH2Native(28506): Player attack track ready | clip 1016 | tracks 23 | unbound 0 | attack_mainhand ms -1
I/DH2Native(28506): Player attack track ready | clip 1000 | tracks 25 | unbound 0 | attack_mainhand ms 333
I/DH2Native(28506): Player attack track ready | clip 1011 | tracks 27 | unbound 0 | attack_mainhand ms -1
I/DH2Native(28506): Player attack track ready | clip 1018 | tracks 25 | unbound 0 | attack_mainhand ms -1
I/DH2Native(28506): Player attack track ready | clip 1003 | tracks 27 | unbound 0 | attack_mainhand ms -1
I/DH2Native(28506): Player attack track ready | clip 1012 | tracks 25 | unbound 0 | attack_mainhand ms -1
I/DH2Native(28506): Player attack track ready | clip 1020 | tracks 25 | unbound 0 | attack_mainhand ms -1
I/DH2Native(28506): Player attack track ready | clip 1006 | tracks 25 | unbound 0 | attack_mainhand ms 1566
I/DH2Native(28506): Player attack track ready | clip 1013 | tracks 25 | unbound 0 | attack_mainhand ms -1
I/DH2Native(28506): Player attack track ready | clip 1022 | tracks 25 | unbound 0 | attack_mainhand ms -1
I/DH2Native(28506): Player attack track ready | clip 1009 | tracks 25 | unbound 0 | attack_mainhand ms -1
I/DH2Native(28506): Player attack track ready | clip 1014 | tracks 25 | unbound 0 | attack_mainhand ms -1
I/DH2Native(28506): Player attack track ready | clip 1015 | tracks 25 | unbound 0 | attack_mainhand ms -1
I/DH2Native(28506): Player attack track ready | clip 999 | tracks 25 | unbound 0 | attack_mainhand ms 400
I/DH2Native(28506): Player attack track ready | clip 1001 | tracks 25 | unbound 0 | attack_mainhand ms -1
I/DH2Native(28506): Player attack track ready | clip 1017 | tracks 25 | unbound 0 | attack_mainhand ms -1
I/DH2Native(28506): Player attack track ready | clip 1002 | tracks 25 | unbound 0 | attack_mainhand ms 866
I/DH2Native(28506): Player attack track ready | clip 1004 | tracks 25 | unbound 0 | attack_mainhand ms -1
I/DH2Native(28506): Player attack track ready | clip 1019 | tracks 25 | unbound 0 | attack_mainhand ms -1
I/DH2Native(28506): Player attack track ready | clip 1005 | tracks 25 | unbound 0 | attack_mainhand ms 1500
I/DH2Native(28506): Player attack track ready | clip 1007 | tracks 25 | unbound 0 | attack_mainhand ms -1
I/DH2Native(28506): Player attack track ready | clip 1021 | tracks 25 | unbound 0 | attack_mainhand ms -1
I/DH2Native(28506): Player attack track ready | clip 1008 | tracks 25 | unbound 0 | attack_mainhand ms 2266
I/DH2Native(28506): Player attack track ready | clip 1010 | tracks 25 | unbound 0 | attack_mainhand ms -1
I/DH2Native(28506): Player attack track ready | clip 1147 | tracks 27 | unbound 2 | attack_mainhand ms -1
I/DH2Native(28506): Player attack track ready | clip 1133 | tracks 27 | unbound 2 | attack_mainhand ms 1633
I/DH2Native(28506): Player attack track ready | clip 1146 | tracks 25 | unbound 2 | attack_mainhand ms -1
I/DH2Native(28506): Player attack track ready | clip 1218 | tracks 27 | unbound 0 | attack_mainhand ms -1
I/DH2Native(28506): Player attack track ready | clip 1039 | tracks 25 | unbound 0 | attack_mainhand ms -1
I/DH2Native(28506): Player attack track ready | clip 1077 | tracks 18 | unbound 0 | attack_mainhand ms -1
I/DH2Native(28506): Player attack track ready | clip 1078 | tracks 18 | unbound 0 | attack_mainhand ms -1
I/DH2Native(28506): Player attack track ready | clip 1079 | tracks 20 | unbound 0 | attack_mainhand ms -1
I/DH2Native(28506): Player attack track ready | clip 1143 | tracks 24 | unbound 0 | attack_mainhand ms -1
I/DH2Native(28506): Player attack track ready | clip 1138 | tracks 0 | unbound 0 | attack_mainhand ms -1
I/DH2Native(28506): Player attack track ready | clip 1136 | tracks 24 | unbound 0 | attack_mainhand ms -1
I/DH2Native(28506): Player attack track ready | clip 1137 | tracks 24 | unbound 0 | attack_mainhand ms -1
I/DH2Native(28506): Base class snapshot | _prim_tmp_cultist01 | character Crypt_Skeleton | class 18 | level raw 256 | Max_HP raw 12160 | Max_MP raw 5632 | checksum 41ae0e800682474e | cached only
I/DH2Native(28506): Resolved properties | _prim_tmp_cultist01 | character Crypt_Skeleton | HP raw -1 | Max_HP raw 12160 | MP raw -1 | Max_MP raw 5632 | checksum 41ae0e800682474e | supplied sheets only
I/DH2Native(28506): Spawn vitals | _prim_tmp_cultist01 | character Crypt_Skeleton | HP raw 12160 | Max_HP raw 12160 | MP raw 5632 | Max_MP raw 5632 | first HP add raw 12160 | first MP add raw 5632 | second HP add raw 1 | second MP add raw 1 | checksum ee913bf1bab19e05 | passes 2
I/DH2Native(28506): Combat result probe | _prim_tmp_cultist01 | character Crypt_Skeleton | amount 2030 | dot element -1 | dot duration 0 | dot amount 0 | HP leech 0 | MP leech 0 | outcomes 0 | mask 2271925 | category -1 | element -1 | seed 11805120 | calls 9 | validation only
I/DH2Native(28506): Health probe | _prim_tmp_cultist01 | character Crypt_Skeleton | damage 256 | add -256 | before 12160 | after 11904 | kill 0 | armed 1 | cue 0 | lifecycle -1 | dead skip 0 | validation only
I/DH2Native(28506): Health probe | _prim_tmp_cultist01 | character Crypt_Skeleton | damage 16384 | add -16384 | before 12160 | after 0 | kill 1 | armed 1 | cue 0 | lifecycle 3 | dead skip 0 | validation only
I/DH2Native(28506): Original idle selected | skeleton.bdae | table 62 | sequence 596 | step 0 | clip 1194 | skeleton_idle_01.bdae | speed 1.0000 | actor _prim_tmp_cultist01
I/DH2Native(28506): Actor event track ready | skeleton.bdae | clip 1178 | groups 1 | attack_mainhand ms 100
I/DH2Native(28506): Actor event track ready | skeleton.bdae | clip 1179 | groups 0 | attack_mainhand ms -1
I/DH2Native(28506): Actor event track ready | skeleton.bdae | clip 1180 | groups 1 | attack_mainhand ms 100
I/DH2Native(28506): Actor event track ready | skeleton.bdae | clip 1181 | groups 0 | attack_mainhand ms -1
I/DH2Native(28506): Actor event track ready | skeleton.bdae | clip 1185 | groups 0 | attack_mainhand ms -1
I/DH2Native(28506): Actor event track ready | skeleton.bdae | clip 1194 | groups 0 | attack_mainhand ms -1
I/DH2Native(28506): Actor event track ready | skeleton.bdae | clip 1195 | groups 0 | attack_mainhand ms -1
I/DH2Native(28506): Actor event track ready | skeleton.bdae | clip 1197 | groups 0 | attack_mainhand ms -1
I/DH2Native(28506): Actor event track ready | skeleton.bdae | clip 1198 | groups 0 | attack_mainhand ms -1
I/DH2Native(28506): Actor event track ready | skeleton.bdae | clip 1204 | groups 0 | attack_mainhand ms -1
I/DH2Native(28506): Actor clip bank ready | skeleton.bdae | clips 10 | independent instance clocks
I/DH2Native(28506): Object resource skeleton.bdae | primitives 1 | tracks 23 | unbound 3 | unsupported 0 | removed helpers 2
I/DH2Native(28506): Base class snapshot | _prim_tmp_cultist03 | character Crypt_Skeleton | class 18 | level raw 256 | Max_HP raw 12160 | Max_MP raw 5632 | checksum 41ae0e800682474e | cached only
I/DH2Native(28506): Resolved properties | _prim_tmp_cultist03 | character Crypt_Skeleton | HP raw -1 | Max_HP raw 12160 | MP raw -1 | Max_MP raw 5632 | checksum 41ae0e800682474e | supplied sheets only
I/DH2Native(28506): Spawn vitals | _prim_tmp_cultist03 | character Crypt_Skeleton | HP raw 12160 | Max_HP raw 12160 | MP raw 5632 | Max_MP raw 5632 | first HP add raw 12160 | first MP add raw 5632 | second HP add raw 1 | second MP add raw 1 | checksum ee913bf1bab19e05 | passes 2
I/DH2Native(28506): Combat result probe | _prim_tmp_cultist03 | character Crypt_Skeleton | amount 2030 | dot element -1 | dot duration 0 | dot amount 0 | HP leech 0 | MP leech 0 | outcomes 0 | mask 2271925 | category -1 | element -1 | seed 11805120 | calls 9 | validation only
I/DH2Native(28506): Health probe | _prim_tmp_cultist03 | character Crypt_Skeleton | damage 256 | add -256 | before 12160 | after 11904 | kill 0 | armed 1 | cue 0 | lifecycle -1 | dead skip 0 | validation only
I/DH2Native(28506): Health probe | _prim_tmp_cultist03 | character Crypt_Skeleton | damage 16384 | add -16384 | before 12160 | after 0 | kill 1 | armed 1 | cue 0 | lifecycle 3 | dead skip 0 | validation only
I/DH2Native(28506): Original idle selected | skeleton.bdae | table 62 | sequence 596 | step 1 | clip 1195 | skeleton_idle_02.bdae | speed 1.0000 | actor _prim_tmp_cultist03
I/DH2Native(28506): Base class snapshot | _prim_tmp_cultist05 | character CryptSlime | class 18 | level raw 256 | Max_HP raw 12160 | Max_MP raw 5632 | checksum e0cad1d302226d0f | cached only
I/DH2Native(28506): Resolved properties | _prim_tmp_cultist05 | character CryptSlime | HP raw -1 | Max_HP raw 12160 | MP raw -1 | Max_MP raw 5632 | checksum e0cad1d302226d0f | supplied sheets only
I/DH2Native(28506): Spawn vitals | _prim_tmp_cultist05 | character CryptSlime | HP raw 12160 | Max_HP raw 12160 | MP raw 5632 | Max_MP raw 5632 | first HP add raw 12160 | first MP add raw 5632 | second HP add raw 1 | second MP add raw 1 | checksum a1f87e373eade438 | passes 2
I/DH2Native(28506): Combat result probe | _prim_tmp_cultist05 | character CryptSlime | amount 2036 | dot element -1 | dot duration 0 | dot amount 0 | HP leech 0 | MP leech 0 | outcomes 0 | mask 2271925 | category -1 | element -1 | seed 3406292 | calls 9 | validation only
I/DH2Native(28506): Health probe | _prim_tmp_cultist05 | character CryptSlime | damage 256 | add -256 | before 12160 | after 11904 | kill 0 | armed 1 | cue 0 | lifecycle -1 | dead skip 0 | validation only
I/DH2Native(28506): Health probe | _prim_tmp_cultist05 | character CryptSlime | damage 16384 | add -16384 | before 12160 | after 0 | kill 1 | armed 1 | cue 0 | lifecycle 3 | dead skip 0 | validation only
I/DH2Native(28506): Original idle selected | slime_green_v2.bdae | table 64 | sequence 613 | step 5 | clip 1259 | slime_idle_02.bdae | speed 1.0000 | actor _prim_tmp_cultist05
I/DH2Native(28506): Actor event track ready | slime_green_v2.bdae | clip 1246 | groups 1 | attack_mainhand ms 266
I/DH2Native(28506): Actor event track ready | slime_green_v2.bdae | clip 1247 | groups 0 | attack_mainhand ms -1
I/DH2Native(28506): Actor event track ready | slime_green_v2.bdae | clip 1248 | groups 1 | attack_mainhand ms 300
I/DH2Native(28506): Actor event track ready | slime_green_v2.bdae | clip 1249 | groups 0 | attack_mainhand ms -1
I/DH2Native(28506): Actor event track ready | slime_green_v2.bdae | clip 1251 | groups 0 | attack_mainhand ms -1
I/DH2Native(28506): Actor event track ready | slime_green_v2.bdae | clip 1258 | groups 0 | attack_mainhand ms -1
I/DH2Native(28506): Actor event track ready | slime_green_v2.bdae | clip 1259 | groups 0 | attack_mainhand ms -1
I/DH2Native(28506): Actor event track ready | slime_green_v2.bdae | clip 1261 | groups 0 | attack_mainhand ms -1
I/DH2Native(28506): Actor event track ready | slime_green_v2.bdae | clip 1262 | groups 0 | attack_mainhand ms -1
I/DH2Native(28506): Actor event track ready | slime_green_v2.bdae | clip 1268 | groups 0 | attack_mainhand ms -1
I/DH2Native(28506): Actor clip bank ready | slime_green_v2.bdae | clips 10 | independent instance clocks
I/DH2Native(28506): Object resource slime_green_v2.bdae | primitives 2 | tracks 12 | unbound 0 | unsupported 0 | removed helpers 0
I/DH2Native(28506): Base class snapshot | _prim_tmp_cultist06 | character CryptSlime | class 18 | level raw 256 | Max_HP raw 12160 | Max_MP raw 5632 | checksum e0cad1d302226d0f | cached only
I/DH2Native(28506): Resolved properties | _prim_tmp_cultist06 | character CryptSlime | HP raw -1 | Max_HP raw 12160 | MP raw -1 | Max_MP raw 5632 | checksum e0cad1d302226d0f | supplied sheets only
I/DH2Native(28506): Spawn vitals | _prim_tmp_cultist06 | character CryptSlime | HP raw 12160 | Max_HP raw 12160 | MP raw 5632 | Max_MP raw 5632 | first HP add raw 12160 | first MP add raw 5632 | second HP add raw 1 | second MP add raw 1 | checksum a1f87e373eade438 | passes 2
I/DH2Native(28506): Combat result probe | _prim_tmp_cultist06 | character CryptSlime | amount 2036 | dot element -1 | dot duration 0 | dot amount 0 | HP leech 0 | MP leech 0 | outcomes 0 | mask 2271925 | category -1 | element -1 | seed 3406292 | calls 9 | validation only
I/DH2Native(28506): Health probe | _prim_tmp_cultist06 | character CryptSlime | damage 256 | add -256 | before 12160 | after 11904 | kill 0 | armed 1 | cue 0 | lifecycle -1 | dead skip 0 | validation only
I/DH2Native(28506): Health probe | _prim_tmp_cultist06 | character CryptSlime | damage 16384 | add -16384 | before 12160 | after 0 | kill 1 | armed 1 | cue 0 | lifecycle 3 | dead skip 0 | validation only
I/DH2Native(28506): Original idle selected | slime_green_v2.bdae | table 64 | sequence 613 | step 5 | clip 1259 | slime_idle_02.bdae | speed 1.0000 | actor _prim_tmp_cultist06
I/DH2Native(28506): Base class snapshot | _prim_tmp_cultist07 | character Crypt_Skeleton | class 18 | level raw 256 | Max_HP raw 12160 | Max_MP raw 5632 | checksum 41ae0e800682474e | cached only
I/DH2Native(28506): Resolved properties | _prim_tmp_cultist07 | character Crypt_Skeleton | HP raw -1 | Max_HP raw 12160 | MP raw -1 | Max_MP raw 5632 | checksum 41ae0e800682474e | supplied sheets only
I/DH2Native(28506): Spawn vitals | _prim_tmp_cultist07 | character Crypt_Skeleton | HP raw 12160 | Max_HP raw 12160 | MP raw 5632 | Max_MP raw 5632 | first HP add raw 12160 | first MP add raw 5632 | second HP add raw 1 | second MP add raw 1 | checksum ee913bf1bab19e05 | passes 2
I/DH2Native(28506): Combat result probe | _prim_tmp_cultist07 | character Crypt_Skeleton | amount 2030 | dot element -1 | dot duration 0 | dot amount 0 | HP leech 0 | MP leech 0 | outcomes 0 | mask 2271925 | category -1 | element -1 | seed 11805120 | calls 9 | validation only
I/DH2Native(28506): Health probe | _prim_tmp_cultist07 | character Crypt_Skeleton | damage 256 | add -256 | before 12160 | after 11904 | kill 0 | armed 1 | cue 0 | lifecycle -1 | dead skip 0 | validation only
I/DH2Native(28506): Health probe | _prim_tmp_cultist07 | character Crypt_Skeleton | damage 16384 | add -16384 | before 12160 | after 0 | kill 1 | armed 1 | cue 0 | lifecycle 3 | dead skip 0 | validation only
I/DH2Native(28506): Original idle selected | skeleton.bdae | table 62 | sequence 596 | step 0 | clip 1194 | skeleton_idle_01.bdae | speed 1.0000 | actor _prim_tmp_cultist07
I/DH2Native(28506): Base class snapshot | _prim_tmp_cultist08 | character Crypt_Skeleton | class 18 | level raw 256 | Max_HP raw 12160 | Max_MP raw 5632 | checksum 41ae0e800682474e | cached only
I/DH2Native(28506): Resolved properties | _prim_tmp_cultist08 | character Crypt_Skeleton | HP raw -1 | Max_HP raw 12160 | MP raw -1 | Max_MP raw 5632 | checksum 41ae0e800682474e | supplied sheets only
I/DH2Native(28506): Spawn vitals | _prim_tmp_cultist08 | character Crypt_Skeleton | HP raw 12160 | Max_HP raw 12160 | MP raw 5632 | Max_MP raw 5632 | first HP add raw 12160 | first MP add raw 5632 | second HP add raw 1 | second MP add raw 1 | checksum ee913bf1bab19e05 | passes 2
I/DH2Native(28506): Combat result probe | _prim_tmp_cultist08 | character Crypt_Skeleton | amount 2030 | dot element -1 | dot duration 0 | dot amount 0 | HP leech 0 | MP leech 0 | outcomes 0 | mask 2271925 | category -1 | element -1 | seed 11805120 | calls 9 | validation only
I/DH2Native(28506): Health probe | _prim_tmp_cultist08 | character Crypt_Skeleton | damage 256 | add -256 | before 12160 | after 11904 | kill 0 | armed 1 | cue 0 | lifecycle -1 | dead skip 0 | validation only
I/DH2Native(28506): Health probe | _prim_tmp_cultist08 | character Crypt_Skeleton | damage 16384 | add -16384 | before 12160 | after 0 | kill 1 | armed 1 | cue 0 | lifecycle 3 | dead skip 0 | validation only
I/DH2Native(28506): Original idle selected | skeleton.bdae | table 62 | sequence 596 | step 1 | clip 1195 | skeleton_idle_02.bdae | speed 1.0000 | actor _prim_tmp_cultist08
I/DH2Native(28506): Object resource crypt_candles2_small.bdae | primitives 3 | tracks 5 | unbound 0 | unsupported 0 | removed helpers 1
I/DH2Native(28506): Object resource crypt_candlestand_big.bdae | primitives 4 | tracks 3 | unbound 0 | unsupported 0 | removed helpers 2
I/DH2Native(28506): Object resource crypt_candlestand.bdae | primitives 4 | tracks 7 | unbound 0 | unsupported 0 | removed helpers 2
I/DH2Native(28506): Object resource crypt_candle2.bdae | primitives 3 | tracks 3 | unbound 0 | unsupported 0 | removed helpers 1
I/DH2Native(28506): Object resource crypt_candle1_small.bdae | primitives 3 | tracks 3 | unbound 0 | unsupported 0 | removed helpers 1
I/DH2Native(28506): Object resource crypt_candles.bdae | primitives 3 | tracks 7 | unbound 0 | unsupported 0 | removed helpers 1
I/DH2Native(28506): Object resource swamp_caveentrance_effect.bdae | primitives 1 | tracks 0 | unbound 0 | unsupported 3 | removed helpers 0
I/DH2Native(28506): Object resource crypt_candle_big.bdae | primitives 3 | tracks 3 | unbound 0 | unsupported 0 | removed helpers 1
I/DH2Native(28506): Base class snapshot | _prim_Monster | character CryptSlime | class 18 | level raw 256 | Max_HP raw 12160 | Max_MP raw 5632 | checksum e0cad1d302226d0f | cached only
I/DH2Native(28506): Resolved properties | _prim_Monster | character CryptSlime | HP raw -1 | Max_HP raw 12160 | MP raw -1 | Max_MP raw 5632 | checksum e0cad1d302226d0f | supplied sheets only
I/DH2Native(28506): Spawn vitals | _prim_Monster | character CryptSlime | HP raw 12160 | Max_HP raw 12160 | MP raw 5632 | Max_MP raw 5632 | first HP add raw 12160 | first MP add raw 5632 | second HP add raw 1 | second MP add raw 1 | checksum a1f87e373eade438 | passes 2
I/DH2Native(28506): Combat result probe | _prim_Monster | character CryptSlime | amount 2036 | dot element -1 | dot duration 0 | dot amount 0 | HP leech 0 | MP leech 0 | outcomes 0 | mask 2271925 | category -1 | element -1 | seed 3406292 | calls 9 | validation only
I/DH2Native(28506): Health probe | _prim_Monster | character CryptSlime | damage 256 | add -256 | before 12160 | after 11904 | kill 0 | armed 1 | cue 0 | lifecycle -1 | dead skip 0 | validation only
I/DH2Native(28506): Health probe | _prim_Monster | character CryptSlime | damage 16384 | add -16384 | before 12160 | after 0 | kill 1 | armed 1 | cue 0 | lifecycle 3 | dead skip 0 | validation only
I/DH2Native(28506): Original idle selected | slime_green_v2.bdae | table 64 | sequence 613 | step 1 | clip 1258 | slime_idle.bdae | speed 1.0000 | actor _prim_Monster
I/DH2Native(28506): Base class snapshot | _prim_Monster02 | character CryptSlime_RE | class 18 | level raw 256 | Max_HP raw 12160 | Max_MP raw 5632 | checksum eb471073d49b2c44 | cached only
I/DH2Native(28506): Resolved properties | _prim_Monster02 | character CryptSlime_RE | HP raw -1 | Max_HP raw 12160 | MP raw -1 | Max_MP raw 5632 | checksum eb471073d49b2c44 | supplied sheets only
I/DH2Native(28506): Spawn vitals | _prim_Monster02 | character CryptSlime_RE | HP raw 12160 | Max_HP raw 12160 | MP raw 5632 | Max_MP raw 5632 | first HP add raw 12160 | first MP add raw 5632 | second HP add raw 1 | second MP add raw 1 | checksum 6eba0582f78691bb | passes 2
I/DH2Native(28506): Combat result probe | _prim_Monster02 | character CryptSlime_RE | amount 2135 | dot element -1 | dot duration 0 | dot amount 0 | HP leech 0 | MP leech 0 | outcomes 0 | mask 2271925 | category -1 | element -1 | seed 7440849 | calls 9 | validation only
I/DH2Native(28506): Health probe | _prim_Monster02 | character CryptSlime_RE | damage 256 | add -256 | before 12160 | after 11904 | kill 0 | armed 1 | cue 0 | lifecycle -1 | dead skip 0 | validation only
I/DH2Native(28506): Health probe | _prim_Monster02 | character CryptSlime_RE | damage 16384 | add -16384 | before 12160 | after 0 | kill 1 | armed 1 | cue 0 | lifecycle 3 | dead skip 0 | validation only
I/DH2Native(28506): Original idle selected | slime_green_v2.bdae | table 64 | sequence 613 | step 0 | clip 1258 | slime_idle.bdae | speed 1.0000 | actor _prim_Monster02
I/DH2Native(28506): Base class snapshot | _prim_Monster05 | character CryptSlime | class 18 | level raw 256 | Max_HP raw 12160 | Max_MP raw 5632 | checksum e0cad1d302226d0f | cached only
I/DH2Native(28506): Resolved properties | _prim_Monster05 | character CryptSlime | HP raw -1 | Max_HP raw 12160 | MP raw -1 | Max_MP raw 5632 | checksum e0cad1d302226d0f | supplied sheets only
I/DH2Native(28506): Spawn vitals | _prim_Monster05 | character CryptSlime | HP raw 12160 | Max_HP raw 12160 | MP raw 5632 | Max_MP raw 5632 | first HP add raw 12160 | first MP add raw 5632 | second HP add raw 1 | second MP add raw 1 | checksum a1f87e373eade438 | passes 2
I/DH2Native(28506): Combat result probe | _prim_Monster05 | character CryptSlime | amount 2036 | dot element -1 | dot duration 0 | dot amount 0 | HP leech 0 | MP leech 0 | outcomes 0 | mask 2271925 | category -1 | element -1 | seed 3406292 | calls 9 | validation only
I/DH2Native(28506): Health probe | _prim_Monster05 | character CryptSlime | damage 256 | add -256 | before 12160 | after 11904 | kill 0 | armed 1 | cue 0 | lifecycle -1 | dead skip 0 | validation only
I/DH2Native(28506): Health probe | _prim_Monster05 | character CryptSlime | damage 16384 | add -16384 | before 12160 | after 0 | kill 1 | armed 1 | cue 0 | lifecycle 3 | dead skip 0 | validation only
I/DH2Native(28506): Original idle selected | slime_green_v2.bdae | table 64 | sequence 613 | step 4 | clip 1258 | slime_idle.bdae | speed 1.0000 | actor _prim_Monster05
I/DH2Native(28506): Object resource crypt_candle1.bdae | primitives 3 | tracks 3 | unbound 0 | unsupported 0 | removed helpers 1
I/DH2Native(28506): Base class snapshot | _prim_Monster_Ghost05 | character Crypt_Ghost | class 18 | level raw 256 | Max_HP raw 12160 | Max_MP raw 5632 | checksum 37563d932af809fb | cached only
I/DH2Native(28506): Resolved properties | _prim_Monster_Ghost05 | character Crypt_Ghost | HP raw -1 | Max_HP raw 12160 | MP raw -1 | Max_MP raw 5632 | checksum 37563d932af809fb | supplied sheets only
I/DH2Native(28506): Spawn vitals | _prim_Monster_Ghost05 | character Crypt_Ghost | HP raw 12160 | Max_HP raw 12160 | MP raw 5632 | Max_MP raw 5632 | first HP add raw 12160 | first MP add raw 5632 | second HP add raw 1 | second MP add raw 1 | checksum e41199bf55080334 | passes 2
I/DH2Native(28506): Combat result probe | _prim_Monster_Ghost05 | character Crypt_Ghost | amount 2263 | dot element -1 | dot duration 0 | dot amount 0 | HP leech 0 | MP leech 0 | outcomes 0 | mask 2271925 | category -1 | element -1 | seed 3474079 | calls 9 | validation only
I/DH2Native(28506): Health probe | _prim_Monster_Ghost05 | character Crypt_Ghost | damage 256 | add -256 | before 12160 | after 11904 | kill 0 | armed 1 | cue 0 | lifecycle -1 | dead skip 0 | validation only
I/DH2Native(28506): Health probe | _prim_Monster_Ghost05 | character Crypt_Ghost | damage 16384 | add -16384 | before 12160 | after 0 | kill 1 | armed 1 | cue 0 | lifecycle 3 | dead skip 0 | validation only
I/DH2Native(28506): Original idle selected | ghost.bdae | table 24 | sequence 210 | step 0 | clip 706 | ghost_idle_01.bdae | speed 1.3000 | actor _prim_Monster_Ghost05
I/DH2Native(28506): Actor event track ready | ghost.bdae | clip 697 | groups 1 | attack_mainhand ms 999
I/DH2Native(28506): Actor event track ready | ghost.bdae | clip 700 | groups 0 | attack_mainhand ms -1
I/DH2Native(28506): Actor event track ready | ghost.bdae | clip 706 | groups 0 | attack_mainhand ms -1
I/DH2Native(28506): Actor event track ready | ghost.bdae | clip 707 | groups 0 | attack_mainhand ms -1
I/DH2Native(28506): Actor event track ready | ghost.bdae | clip 710 | groups 0 | attack_mainhand ms -1
I/DH2Native(28506): Actor event track ready | ghost.bdae | clip 714 | groups 0 | attack_mainhand ms -1
I/DH2Native(28506): Actor event track ready | ghost.bdae | clip 717 | groups 0 | attack_mainhand ms -1
I/DH2Native(28506): Actor clip bank ready | ghost.bdae | clips 7 | independent instance clocks
I/DH2Native(28506): Object resource ghost.bdae | primitives 2 | tracks 24 | unbound 0 | unsupported 0 | removed helpers 2
I/DH2Native(28506): Base class snapshot | _prim_Monster_Ghost06 | character Crypt_Ghost | class 18 | level raw 256 | Max_HP raw 12160 | Max_MP raw 5632 | checksum 37563d932af809fb | cached only
I/DH2Native(28506): Resolved properties | _prim_Monster_Ghost06 | character Crypt_Ghost | HP raw -1 | Max_HP raw 12160 | MP raw -1 | Max_MP raw 5632 | checksum 37563d932af809fb | supplied sheets only
I/DH2Native(28506): Spawn vitals | _prim_Monster_Ghost06 | character Crypt_Ghost | HP raw 12160 | Max_HP raw 12160 | MP raw 5632 | Max_MP raw 5632 | first HP add raw 12160 | first MP add raw 5632 | second HP add raw 1 | second MP add raw 1 | checksum e41199bf55080334 | passes 2
I/DH2Native(28506): Combat result probe | _prim_Monster_Ghost06 | character Crypt_Ghost | amount 2263 | dot element -1 | dot duration 0 | dot amount 0 | HP leech 0 | MP leech 0 | outcomes 0 | mask 2271925 | category -1 | element -1 | seed 3474079 | calls 9 | validation only
I/DH2Native(28506): Health probe | _prim_Monster_Ghost06 | character Crypt_Ghost | damage 256 | add -256 | before 12160 | after 11904 | kill 0 | armed 1 | cue 0 | lifecycle -1 | dead skip 0 | validation only
I/DH2Native(28506): Health probe | _prim_Monster_Ghost06 | character Crypt_Ghost | damage 16384 | add -16384 | before 12160 | after 0 | kill 1 | armed 1 | cue 0 | lifecycle 3 | dead skip 0 | validation only
I/DH2Native(28506): Original idle selected | ghost.bdae | table 24 | sequence 210 | step 0 | clip 706 | ghost_idle_01.bdae | speed 1.3000 | actor _prim_Monster_Ghost06
I/DH2Native(28506): Base class snapshot | _prim_Monster_SURPRISE_01 | character Crypt_Ghost | class 18 | level raw 256 | Max_HP raw 12160 | Max_MP raw 5632 | checksum 37563d932af809fb | cached only
I/DH2Native(28506): Resolved properties | _prim_Monster_SURPRISE_01 | character Crypt_Ghost | HP raw -1 | Max_HP raw 12160 | MP raw -1 | Max_MP raw 5632 | checksum 37563d932af809fb | supplied sheets only
I/DH2Native(28506): Spawn vitals | _prim_Monster_SURPRISE_01 | character Crypt_Ghost | HP raw 12160 | Max_HP raw 12160 | MP raw 5632 | Max_MP raw 5632 | first HP add raw 12160 | first MP add raw 5632 | second HP add raw 1 | second MP add raw 1 | checksum e41199bf55080334 | passes 2
I/DH2Native(28506): Combat result probe | _prim_Monster_SURPRISE_01 | character Crypt_Ghost | amount 2263 | dot element -1 | dot duration 0 | dot amount 0 | HP leech 0 | MP leech 0 | outcomes 0 | mask 2271925 | category -1 | element -1 | seed 3474079 | calls 9 | validation only
I/DH2Native(28506): Health probe | _prim_Monster_SURPRISE_01 | character Crypt_Ghost | damage 256 | add -256 | before 12160 | after 11904 | kill 0 | armed 1 | cue 0 | lifecycle -1 | dead skip 0 | validation only
I/DH2Native(28506): Health probe | _prim_Monster_SURPRISE_01 | character Crypt_Ghost | damage 16384 | add -16384 | before 12160 | after 0 | kill 1 | armed 1 | cue 0 | lifecycle 3 | dead skip 0 | validation only
I/DH2Native(28506): Original idle selected | ghost.bdae | table 24 | sequence 210 | step 0 | clip 706 | ghost_idle_01.bdae | speed 1.3000 | actor _prim_Monster_SURPRISE_01
I/DH2Native(28506): Base class snapshot | _prim_Monster_SURPRISE_02 | character Crypt_Ghost | class 18 | level raw 256 | Max_HP raw 12160 | Max_MP raw 5632 | checksum 37563d932af809fb | cached only
I/DH2Native(28506): Resolved properties | _prim_Monster_SURPRISE_02 | character Crypt_Ghost | HP raw -1 | Max_HP raw 12160 | MP raw -1 | Max_MP raw 5632 | checksum 37563d932af809fb | supplied sheets only
I/DH2Native(28506): Spawn vitals | _prim_Monster_SURPRISE_02 | character Crypt_Ghost | HP raw 12160 | Max_HP raw 12160 | MP raw 5632 | Max_MP raw 5632 | first HP add raw 12160 | first MP add raw 5632 | second HP add raw 1 | second MP add raw 1 | checksum e41199bf55080334 | passes 2
I/DH2Native(28506): Combat result probe | _prim_Monster_SURPRISE_02 | character Crypt_Ghost | amount 2263 | dot element -1 | dot duration 0 | dot amount 0 | HP leech 0 | MP leech 0 | outcomes 0 | mask 2271925 | category -1 | element -1 | seed 3474079 | calls 9 | validation only
I/DH2Native(28506): Health probe | _prim_Monster_SURPRISE_02 | character Crypt_Ghost | damage 256 | add -256 | before 12160 | after 11904 | kill 0 | armed 1 | cue 0 | lifecycle -1 | dead skip 0 | validation only
I/DH2Native(28506): Health probe | _prim_Monster_SURPRISE_02 | character Crypt_Ghost | damage 16384 | add -16384 | before 12160 | after 0 | kill 1 | armed 1 | cue 0 | lifecycle 3 | dead skip 0 | validation only
I/DH2Native(28506): Original idle selected | ghost.bdae | table 24 | sequence 210 | step 0 | clip 706 | ghost_idle_01.bdae | speed 1.3000 | actor _prim_Monster_SURPRISE_02
I/DH2Native(28506): 3D upload OK | 4 draws | 586 triangles | 2 textures
I/DH2Native(28506): 29 animation tracks | 0 skipped | Preview lighting. Drag to orbit. | nodes 35 | skipped nongeometry instances 1 | skin draws 4 | segments 2
I/DH2Native(28506): Combat actor restored | _prim_tmp_cultist01 | HP 12160 | dead 0 | combo 0 | state Idle | cursor 2561.0005 | events 0 | aggro 0 0 | target -1 | AI attack 0
I/DH2Native(28506): Combat actor restored | _prim_tmp_cultist03 | HP 12160 | dead 0 | combo 0 | state Idle | cursor 5795.0005 | events 0 | aggro 0 0 | target -1 | AI attack 0
I/DH2Native(28506): Combat actor restored | _prim_tmp_cultist07 | HP 12160 | dead 0 | combo 0 | state Idle | cursor 2561.0005 | events 0 | aggro 0 0 | target -1 | AI attack 0
I/DH2Native(28506): Combat actor restored | _prim_tmp_cultist08 | HP 12160 | dead 0 | combo 0 | state Idle | cursor 5795.0005 | events 0 | aggro 0 0 | target -1 | AI attack 0
I/DH2Native(28506): Combat actor restored | _prim_tmp_cultist05 | HP 12160 | dead 0 | combo 0 | state Idle | cursor 1230.0005 | events 0 | aggro 0 0 | target -1 | AI attack 0
I/DH2Native(28506): Combat actor restored | _prim_tmp_cultist06 | HP 12160 | dead 0 | combo 0 | state Idle | cursor 1230.0005 | events 0 | aggro 0 0 | target -1 | AI attack 0
I/DH2Native(28506): Combat actor restored | _prim_Monster | HP 12160 | dead 0 | combo 0 | state Idle | cursor 1230.0005 | events 0 | aggro 0 0 | target -1 | AI attack 0
I/DH2Native(28506): Combat actor restored | _prim_Monster02 | HP 12160 | dead 0 | combo 0 | state Idle | cursor 1230.0005 | events 0 | aggro 0 0 | target -1 | AI attack 0
I/DH2Native(28506): Combat actor restored | _prim_Monster05 | HP 12160 | dead 0 | combo 0 | state Idle | cursor 1230.0005 | events 0 | aggro 0 0 | target -1 | AI attack 0
I/DH2Native(28506): Combat actor restored | _prim_Monster_Ghost05 | HP 12160 | dead 0 | combo 0 | state Idle | cursor 3462.2001 | events 0 | aggro 0 0 | target -1 | AI attack 0
I/DH2Native(28506): Combat actor restored | _prim_Monster_Ghost06 | HP 12160 | dead 0 | combo 0 | state Idle | cursor 3462.2001 | events 0 | aggro 0 0 | target -1 | AI attack 0
I/DH2Native(28506): Combat actor restored | _prim_Monster_SURPRISE_01 | HP 25344 | dead 0 | combo 0 | state Idle | cursor 141.6001 | events 0 | aggro 0 0 | target -1 | AI attack 0
I/DH2Native(28506): Combat actor restored | _prim_Monster_SURPRISE_02 | HP 25600 | dead 0 | combo 0 | state Idle | cursor 27.2001 | events 0 | aggro 0 0 | target -1 | AI attack 0
I/DH2Native(28506): Player properties | KnightPlayerBase | HP 42265 | MP 6976 | checksum 80406e3d6a338f9d | attempts 0 | attacking 0
I/DH2Native(28506): Prince blended bank ready | resources 116 | occurrences 158 | targets 83 | template 1111 | engine 0 | game clip 1111
I/DH2Native(28506): Blended character event | event 0x24 | clip 1111 | slot 0 | phase 5 | lag 0
I/DH2Native(28506): Blended character event | event 0x26 | clip 1111 | slot 0 | phase 5 | lag 0
I/DH2Native(28506): Character animation selected | state 3 | flags 2380 | sequence 262 | clip 1040 | actor state service
I/DH2Native(28506): Character state event | state 3 | event 1d | prior 3 | flags 2380
I/DH2Native(28506): Player source state | previous 3 | current 3 | event 0x0 | flags 2380 | root 262 | clip 1040 | position -1399.4160 19554.9395 636.4874 | Step 12
I/DH2Native(28506): Spawn body ready | _prim_Monster_SURPRISE_01 | creations 1 | radius 145.718735 | category 10 | mask d3f
I/DH2Native(28506): Gated character ready | _prim_Monster_SURPRISE_01 | source state 3 | presentation visible 1 | body 1 | Spawn sequence 213 | AI type 4 | restored 1
I/DH2Native(28506): Spawn body ready | _prim_Monster_SURPRISE_02 | creations 1 | radius 145.718735 | category 10 | mask d3f
I/DH2Native(28506): Gated character ready | _prim_Monster_SURPRISE_02 | source state 3 | presentation visible 1 | body 1 | Spawn sequence 213 | AI type 4 | restored 1
I/DH2Native(28506): Native actor ready | genuine bodies 83 | decor colliders 82 | radius 113.699577 | source bounds -1513.12 19524.2 -1285.72 19585.7 | flags 2380 | scene then Step then actor
I/DH2Native(28506): Native Level fields | ordinal 23 | hub 2 | random 1 | difficulty 0 | file 007_crypt_01.rule.xml | source ranges 8 10 / 45 47 / 74 76 | viewport owner; GSLevel stack pending
I/DH2Native(28506): CharAI constructor projections | characters 14 | native source-order registration records 14 | source Character associations 14 | active AIS initialization pending
I/DH2Native(28506): Native CharAI lifetime | fresh constructors 1 | retained owners 13 | graphics registry rebuilt
I/DH2Native(28506): Native managed host | Level 1 | difficulty 0 | property reads 1 | member writes 0 | offline embedded PlayerInfo; full profile/network pending
I/DH2Native(28506): Native monster initialization | _prim_Monster_SURPRISE_01 | Level 2048 | HP 25344 / 25600 | MP 23552 / 23552 | callbacks 1 | timers 2 | flags 183c | same VM published 1 | retained 1 | paused providers 2 | skills/post/final/frame pending
I/DH2Native(28506): Native monster VM owner | _prim_Monster_SURPRISE_01 | native handle 7d4215268320 | source active 7d4215268400 | source pending 7d4215268400
I/DH2Native(28506): Native monster timer retained | _prim_Monster_SURPRISE_01 | slot 0 | event 33 | duration 3000 | elapsed 0 | active 1 | paused 1
I/DH2Native(28506): Native monster timer retained | _prim_Monster_SURPRISE_01 | slot 1 | event 34 | duration 1000 | elapsed 0 | active 1 | paused 1
I/DH2Native(28506): Native monster initialization | _prim_Monster_SURPRISE_02 | Level 2048 | HP 25600 / 25600 | MP 23552 / 23552 | callbacks 1 | timers 2 | flags 183c | same VM published 1 | retained 1 | paused providers 2 | skills/post/final/frame pending
I/DH2Native(28506): Native monster VM owner | _prim_Monster_SURPRISE_02 | native handle 7d421526c3e0 | source active 7d421526c4c0 | source pending 7d421526c4c0
I/DH2Native(28506): Native monster timer retained | _prim_Monster_SURPRISE_02 | slot 0 | event 33 | duration 3000 | elapsed 0 | active 1 | paused 1
I/DH2Native(28506): Native monster timer retained | _prim_Monster_SURPRISE_02 | slot 1 | event 34 | duration 1000 | elapsed 0 | active 1 | paused 1
I/DH2Native(28506): Native Debug persistence | loaded 1 | switches 24 | read opens 1 | read closes 1 | saves 5 | write closes 5 | IO errors 0 | app-private real file
I/DH2Native(28506): Crypt script restored | activations 1 | requests 2 | ready 1 | running 0 | no Spawn replay
I/DH2Native(28506): Native Character list | characters 14 | owned nodes 14 | copied links 0 | full ObjectManager factory 0 | autonomous Ghost AI 0
I/DH2Native(28506): Objects ready | monsters 13 | decors 84 | resources 12 | instance draws 295 | triangles 6775 | character records 448 | model entries 116 | idle preview only
I/DH2Native(28506): Native floors ready | records 8 | graph nodes 335 | graph edges 838 | selector collision controls height
I/DH2Native(28506): Native floor links ready | neighbour relations 14 | validation references 998 | graph-node search ready
I/DH2Native(28506): Native graph route probe | floor pairs 64 | successful 64 | segments 1598 | state 5454073390c7d916 | endpoints and movement pending
I/DH2Native(28506): Native world route probe | floor pairs 64 | successful 64 | direct 0 | graph 64 | segments 2086 | state 3a3ab2a724cc383b | smoothing and movement pending
I/DH2Native(28506): Native FindPath probe | floor pairs 64 | successful 64 | owned 64 | segments 2086 | state 9356b419cae2bc57 | position controller pending
I/DH2Native(28506): Native floor motion probe | floor pairs 64 | position valid 64 | accepted 64 | direction valid 64 | state d60ad48039cc85c6 | controller and dynamic obstacles pending
I/DH2Native(28506): Native obstacle registry probe | floor pairs 64 | accepted 64 | registered 64 | relocated 56 | state 22a98dfc4102db51 | forces and controller pending
I/DH2Native(28506): Native avoidance probe | floors 8 | force contributions 16 | adjusted 8 | turn limited 8 | state 09d1d79d2612c945 | actor producers and controller pending
I/DH2Native(28506): Native actor producer probe | floors 8 | registered 8 | physical radius updates 8 | state 30c1f3ac1bf81145 | physical construction and controller pending
I/DH2Native(28506): Native heading control | player movement and melee facing use recovered source | UpdatePath rotation subobjects and genuine physics active
I/DH2Native(28506): World ready | rooms 8 | visual draws 101 | navigation triangles 314 | idle tracks 23 | walk tracks 27 | position -1399.4160 19554.9395 636.4874
I/DH2Native(28506): Prince blended inspection | frozen 0 | scene 0 | Step 0 | actor 0 | clip 1040 | ms 0 | body -13.9942 195.549 | pose 5f96fe6e2b6d998d
I/DH2Native(28506): worlds/crypt01.dwld: Crypt | 8 rooms | 13 monsters | 84 scenery objects
I/DH2Native(28506): 21612 triangles. Drag the movement control to walk.
I/DH2Native(28506): Surface resized to 2424 x 614
I/DH2Native(28506): Native actor frame | scene 0 | Step 1 | actor 1 | source phase 5 | clip 1040 | ms 0 | replays 0 | body -13.9942 195.549 | contacts 0 0 | state 3 | body present 1 | timeline scale 1
I/DH2Native(28506): Model frame submitted at 2424 x 614
E/BLASTBufferQueue(28506): [2b5fe96 SurfaceView[com.example.dh2/com.example.dh2.MainActivity]#3](f:0,a:0) rejecting buffer:active_size=2424x528, requested_size=2424x528 buffer{size=2424x614 transform=0}
I/DH2Native(28506): Surface resized to 2424 x 528
I/DH2Native(28506): Actor clip completed | _prim_tmp_cultist05 | state Idle | completions 9 | active 1 | next clip 1258 | layers 1
I/DH2Native(28506): Actor clip completed | _prim_tmp_cultist06 | state Idle | completions 9 | active 1 | next clip 1259 | layers 1
I/DH2Native(28506): Actor clip completed | _prim_Monster | state Idle | completions 9 | active 1 | next clip 1259 | layers 1
I/DH2Native(28506): Actor clip completed | _prim_Monster02 | state Idle | completions 9 | active 1 | next clip 1258 | layers 1
I/DH2Native(28506): Actor clip completed | _prim_Monster05 | state Idle | completions 9 | active 1 | next clip 1259 | layers 1
I/DH2Native(28506): Model frame submitted at 2424 x 528
D/InsetsController(28506): hide(ime())
I/ImeTracker(28506): com.example.dh2:0c080b8e: onCancelled at PHASE_CLIENT_ALREADY_HIDDEN
I/DH2Native(28506): Actor clip completed | _prim_tmp_cultist08 | state Idle | completions 2 | active 1 | next clip 1195 | layers 1
I/DH2Native(28506): Blended character event | event 0x28 | clip 1040 | slot 1 | phase 1 | lag 6
I/DH2Native(28506): Player animation event | clip 1040 | name do_skill | sequence 0 | attack step 0 | kind 0 | lag 6 | scene before Step | Step 14 | position -1399.4160 19554.9395 636.4874