address,declared_size,range_size,section,mode,end_inferred,class_group,assembly_file,aliases,counts
225588,8,8,.text,arm,False,global-functions,global-functions-3d6ca95892b3-001.asm,"[{""name"": ""_Z22posix_vm_get_page_sizev"", ""demangled"": ""posix_vm_get_page_size()""}]","{""instruction_bytes"": 8, ""instructions"": 2}"
225596,168,168,.text,arm,False,global-functions,global-functions-3d6ca95892b3-001.asm,"[{""name"": ""JNI_OnLoad"", ""demangled"": ""JNI_OnLoad""}]","{""instruction_bytes"": 168, ""instructions"": 42}"
225764,328,328,.text,arm,False,global-functions,global-functions-3d6ca95892b3-001.asm,"[{""name"": ""_Z20hook_import_functionPKcS0_Ph"", ""demangled"": ""hook_import_function(char const*, char const*, unsigned char*)""}]","{""instruction_bytes"": 328, ""instructions"": 82}"
226092,2264,2264,.text,arm,False,global-functions,global-functions-3d6ca95892b3-001.asm,"[{""name"": ""_Z17my_glShaderSourcejiPKPKcPKi"", ""demangled"": ""my_glShaderSource(unsigned int, int, char const* const*, int const*)""}]","{""instruction_bytes"": 2256, ""instructions"": 564, ""undecoded_bytes"": 8}"
228356,220,220,.text,arm,False,global-functions,global-functions-3d6ca95892b3-001.asm,"[{""name"": ""_Z14my_glGetStringj"", ""demangled"": ""my_glGetString(unsigned int)""}]","{""instruction_bytes"": 212, ""instructions"": 53, ""undecoded_bytes"": 8}"
228576,172,172,.text,arm,False,global-functions,global-functions-3d6ca95892b3-001.asm,"[{""name"": ""_Z18ChangePagePropertymj"", ""demangled"": ""ChangePageProperty(unsigned long, unsigned int)""}]","{""instruction_bytes"": 172, ""instructions"": 43}"
228748,320,320,.text,arm,False,global-functions,global-functions-3d6ca95892b3-001.asm,"[{""name"": ""_Z11SafeMemReadmjPc"", ""demangled"": ""SafeMemRead(unsigned long, unsigned int, char*)""}]","{""instruction_bytes"": 316, ""instructions"": 79, ""undecoded_bytes"": 4}"
229068,320,320,.text,arm,False,global-functions,global-functions-3d6ca95892b3-001.asm,"[{""name"": ""_Z12SafeMemWritemjPc"", ""demangled"": ""SafeMemWrite(unsigned long, unsigned int, char*)""}]","{""instruction_bytes"": 316, ""instructions"": 79, ""undecoded_bytes"": 4}"
229388,464,464,.text,arm,False,global-functions,global-functions-3d6ca95892b3-001.asm,"[{""name"": ""_Z11PatchOpcodePKcm"", ""demangled"": ""PatchOpcode(char const*, unsigned long)""}]","{""instruction_bytes"": 460, ""instructions"": 115, ""undecoded_bytes"": 4}"
229852,288,288,.text,arm,False,global-functions,global-functions-3d6ca95892b3-001.asm,"[{""name"": ""_Z15DecompressPVRTCjijiiiPKv"", ""demangled"": ""DecompressPVRTC(unsigned int, int, unsigned int, int, int, int, void const*)""}]","{""instruction_bytes"": 288, ""instructions"": 72}"
230140,956,956,.text,arm,False,global-functions,global-functions-3d6ca95892b3-001.asm,"[{""name"": ""_Z15my_glTexImage2DjiiiiijjPKv"", ""demangled"": ""my_glTexImage2D(unsigned int, int, int, int, int, int, unsigned int, unsigned int, void const*)""}]","{""instruction_bytes"": 948, ""instructions"": 237, ""undecoded_bytes"": 8}"
231096,232,232,.text,arm,False,global-functions,global-functions-3d6ca95892b3-001.asm,"[{""name"": ""_Z14DecompressS3TCjijiiiPKv"", ""demangled"": ""DecompressS3TC(unsigned int, int, unsigned int, int, int, int, void const*)""}]","{""instruction_bytes"": 232, ""instructions"": 58}"
231328,184,184,.text,arm,False,global-functions,global-functions-3d6ca95892b3-001.asm,"[{""name"": ""_Z13DecompressATCjijiiiPKv"", ""demangled"": ""DecompressATC(unsigned int, int, unsigned int, int, int, int, void const*)""}]","{""instruction_bytes"": 184, ""instructions"": 46}"
231512,140,140,.text,arm,False,global-functions,global-functions-3d6ca95892b3-001.asm,"[{""name"": ""_Z13DecompressETCjijiiiPKv"", ""demangled"": ""DecompressETC(unsigned int, int, unsigned int, int, int, int, void const*)""}]","{""instruction_bytes"": 140, ""instructions"": 35}"
231652,592,592,.text,arm,False,global-functions,global-functions-3d6ca95892b3-001.asm,"[{""name"": ""_Z25my_glCompressedTexImage2DjijiiiiPKv"", ""demangled"": ""my_glCompressedTexImage2D(unsigned int, int, unsigned int, int, int, int, int, void const*)""}]","{""instruction_bytes"": 592, ""instructions"": 148}"
232244,92,92,.text,arm,False,global-functions,global-functions-3d6ca95892b3-001.asm,"[{""name"": ""_Z25convertRGBA8888ToRGBA4444PKhiPh"", ""demangled"": ""convertRGBA8888ToRGBA4444(unsigned char const*, int, unsigned char*)""}]","{""instruction_bytes"": 92, ""instructions"": 23}"
232336,80,80,.text,arm,False,global-functions,global-functions-3d6ca95892b3-001.asm,"[{""name"": ""_Z21convertRGB888ToRGB565PKhiPh"", ""demangled"": ""convertRGB888ToRGB565(unsigned char const*, int, unsigned char*)""}]","{""instruction_bytes"": 80, ""instructions"": 20}"
232416,28,28,.text,arm,False,global-functions,global-functions-3d6ca95892b3-001.asm,"[{""name"": ""_Z13my_glViewportiiii"", ""demangled"": ""my_glViewport(int, int, int, int)""}]","{""instruction_bytes"": 28, ""instructions"": 7}"
232444,28,28,.text,arm,False,global-functions,global-functions-3d6ca95892b3-001.asm,"[{""name"": ""_Z12my_glScissoriiii"", ""demangled"": ""my_glScissor(int, int, int, int)""}]","{""instruction_bytes"": 28, ""instructions"": 7}"
232472,268,268,.text,arm,False,global-functions,global-functions-3d6ca95892b3-001.asm,"[{""name"": ""_Z19IsLowMemoryPlatformv"", ""demangled"": ""IsLowMemoryPlatform()""}]","{""instruction_bytes"": 268, ""instructions"": 67}"
232740,404,404,.text,arm,False,"std::basic_string<char, std::char_traits<char>, std::allocator<char> >",std_basic_string_char_std_char_traits_char_std_allocator_char-b2da984242ec-001.asm,"[{""name"": ""_ZNSs10_M_replaceEPcS_PKcS1_b"", ""demangled"": ""std::basic_string<char, std::char_traits<char>, std::allocator<char> >::_M_replace(char*, char*, char const*, char const*, bool)""}]","{""instruction_bytes"": 404, ""instructions"": 101}"
233144,1032,1032,.text,arm,False,"std::basic_string<char, std::char_traits<char>, std::allocator<char> >",std_basic_string_char_std_char_traits_char_std_allocator_char-b2da984242ec-001.asm,"[{""name"": ""_ZNSs9_M_insertEPcPKcS1_b"", ""demangled"": ""std::basic_string<char, std::char_traits<char>, std::allocator<char> >::_M_insert(char*, char const*, char const*, bool)""}]","{""instruction_bytes"": 1032, ""instructions"": 258}"
234176,740,740,.text,arm,False,global-functions,global-functions-3d6ca95892b3-001.asm,"[{""name"": ""hook_export_function"", ""demangled"": ""hook_export_function""}]","{""instruction_bytes"": 728, ""instructions"": 182, ""undecoded_bytes"": 12}"
234916,236,236,.text,arm,False,global-functions,global-functions-3d6ca95892b3-001.asm,"[{""name"": ""storm_nativeSetPhone"", ""demangled"": ""storm_nativeSetPhone""}]","{""instruction_bytes"": 236, ""instructions"": 59}"
235152,196,196,.text,arm,False,global-functions,global-functions-3d6ca95892b3-001.asm,"[{""name"": ""storm_nativeResize"", ""demangled"": ""storm_nativeResize""}]","{""instruction_bytes"": 196, ""instructions"": 49}"
235348,148,148,.text,arm,False,global-functions,global-functions-3d6ca95892b3-001.asm,"[{""name"": ""storm_nativeGetWidth"", ""demangled"": ""storm_nativeGetWidth""}]","{""instruction_bytes"": 148, ""instructions"": 37}"
235496,132,132,.text,arm,False,global-functions,global-functions-3d6ca95892b3-001.asm,"[{""name"": ""is_func_hooked"", ""demangled"": ""is_func_hooked""}]","{""instruction_bytes"": 132, ""instructions"": 33}"
235628,104,104,.text,arm,False,global-functions,global-functions-3d6ca95892b3-001.asm,"[{""name"": ""add_hooked_info"", ""demangled"": ""add_hooked_info""}]","{""instruction_bytes"": 104, ""instructions"": 26}"
235732,356,356,.text,arm,False,global-functions,global-functions-3d6ca95892b3-001.asm,"[{""name"": ""find_file_path_from_fd"", ""demangled"": ""find_file_path_from_fd""}]","{""instruction_bytes"": 356, ""instructions"": 89}"
236088,8,8,.text,arm,False,global-functions,global-functions-3d6ca95892b3-001.asm,"[{""name"": ""get_id"", ""demangled"": ""get_id""}]","{""instruction_bytes"": 8, ""instructions"": 2}"
236096,72,72,.text,arm,False,global-functions,global-functions-3d6ca95892b3-001.asm,"[{""name"": ""to_hex"", ""demangled"": ""to_hex""}]","{""instruction_bytes"": 72, ""instructions"": 18}"
236168,292,292,.text,arm,False,global-functions,global-functions-3d6ca95892b3-001.asm,"[{""name"": ""array_to_string"", ""demangled"": ""array_to_string""}]","{""instruction_bytes"": 288, ""instructions"": 72, ""undecoded_bytes"": 4}"
236460,156,156,.text,arm,False,global-functions,global-functions-3d6ca95892b3-001.asm,"[{""name"": ""build_hook_info_list"", ""demangled"": ""build_hook_info_list""}]","{""instruction_bytes"": 156, ""instructions"": 39}"
238444,624,624,.text,arm,False,global-functions,global-functions-3d6ca95892b3-001.asm,"[{""name"": ""find_name"", ""demangled"": ""find_name""}]","{""instruction_bytes"": 616, ""instructions"": 154, ""undecoded_bytes"": 8}"
239968,236,236,.text,arm,False,global-functions,global-functions-3d6ca95892b3-001.asm,"[{""name"": ""find_libbase"", ""demangled"": ""find_libbase""}]","{""instruction_bytes"": 236, ""instructions"": 59}"
240552,48,48,.text,arm,False,global-functions,global-functions-3d6ca95892b3-001.asm,"[{""name"": ""hook_cacheflush"", ""demangled"": ""hook_cacheflush""}]","{""instruction_bytes"": 48, ""instructions"": 12}"
240600,396,396,.text,arm,False,global-functions,global-functions-3d6ca95892b3-001.asm,"[{""name"": ""hook_direct"", ""demangled"": ""hook_direct""}]","{""instruction_bytes"": 396, ""instructions"": 99}"
240996,956,956,.text,arm,False,global-functions,global-functions-3d6ca95892b3-001.asm,"[{""name"": ""hook"", ""demangled"": ""hook""}]","{""instruction_bytes"": 956, ""instructions"": 239}"
241952,264,264,.text,arm,False,global-functions,global-functions-3d6ca95892b3-001.asm,"[{""name"": ""hook_precall"", ""demangled"": ""hook_precall""}]","{""instruction_bytes"": 264, ""instructions"": 66}"
242216,264,264,.text,arm,False,global-functions,global-functions-3d6ca95892b3-001.asm,"[{""name"": ""hook_postcall"", ""demangled"": ""hook_postcall""}]","{""instruction_bytes"": 264, ""instructions"": 66}"
242480,104,104,.text,arm,False,global-functions,global-functions-3d6ca95892b3-001.asm,"[{""name"": ""unhook"", ""demangled"": ""unhook""}]","{""instruction_bytes"": 100, ""instructions"": 25, ""undecoded_bytes"": 4}"
242584,2984,2984,.text,arm,False,global-functions,global-functions-3d6ca95892b3-001.asm,"[{""name"": ""_Z19PVRTDecompressPVRTCPKviiiPh"", ""demangled"": ""PVRTDecompressPVRTC(void const*, int, int, int, unsigned char*)""}]","{""instruction_bytes"": 2984, ""instructions"": 746}"
245568,40,40,.text,arm,False,global-functions,global-functions-3d6ca95892b3-001.asm,"[{""name"": ""_Z22util_number_is_power_2j"", ""demangled"": ""util_number_is_power_2(unsigned int)""}]","{""instruction_bytes"": 40, ""instructions"": 10}"
245608,196,196,.text,arm,False,global-functions,global-functions-3d6ca95892b3-001.asm,"[{""name"": ""_Z11modifyPixeliiiiimi"", ""demangled"": ""modifyPixel(int, int, int, int, int, unsigned long, int)""}]","{""instruction_bytes"": 196, ""instructions"": 49}"
245804,1756,1756,.text,arm,False,global-functions,global-functions-3d6ca95892b3-001.asm,"[{""name"": ""_Z20ETCTextureDecompressPKvRKiS2_S0_S2_"", ""demangled"": ""ETCTextureDecompress(void const*, int const&, int const&, void const*, int const&)""}]","{""instruction_bytes"": 1756, ""instructions"": 439}"
247560,392,392,.text,arm,False,global-functions,global-functions-3d6ca95892b3-001.asm,"[{""name"": ""_Z17PVRTDecompressETCPKvRKjS2_PvRKi"", ""demangled"": ""PVRTDecompressETC(void const*, unsigned int const&, unsigned int const&, void*, int const&)""}]","{""instruction_bytes"": 392, ""instructions"": 98}"
248508,324,324,.text,arm,False,global-functions,global-functions-3d6ca95892b3-001.asm,"[{""name"": ""_Z20PVRTTextureLoadTiledPhjjPKhjjjb"", ""demangled"": ""PVRTTextureLoadTiled(unsigned char*, unsigned int, unsigned int, unsigned char const*, unsigned int, unsigned int, unsigned int, bool)""}]","{""instruction_bytes"": 316, ""instructions"": 79, ""undecoded_bytes"": 8}"
248832,88,88,.text,arm,False,global-functions,global-functions-3d6ca95892b3-001.asm,"[{""name"": ""_Z20PVRTTextureDeTwiddleRjS_j"", ""demangled"": ""PVRTTextureDeTwiddle(unsigned int&, unsigned int&, unsigned int)""}]","{""instruction_bytes"": 88, ""instructions"": 22}"
248920,376,376,.text,arm,False,global-functions,global-functions-3d6ca95892b3-001.asm,"[{""name"": ""_Z18PVRTTextureTwiddleRjjj"", ""demangled"": ""PVRTTextureTwiddle(unsigned int&, unsigned int, unsigned int)""}]","{""instruction_bytes"": 376, ""instructions"": 94}"
249296,208,208,.text,arm,False,global-functions,global-functions-3d6ca95892b3-001.asm,"[{""name"": ""_Z17PVRTTextureCreatejjjjjb"", ""demangled"": ""PVRTTextureCreate(unsigned int, unsigned int, unsigned int, unsigned int, unsigned int, bool)""}]","{""instruction_bytes"": 208, ""instructions"": 52}"
249504,16,16,.text,arm,False,global-functions,global-functions-3d6ca95892b3-001.asm,"[{""name"": ""_Z8PackRGBAhhhh"", ""demangled"": ""PackRGBA(unsigned char, unsigned char, unsigned char, unsigned char)""}]","{""instruction_bytes"": 16, ""instructions"": 4}"
249520,1008,1008,.text,arm,False,global-functions,global-functions-3d6ca95892b3-001.asm,"[{""name"": ""_Z19DecompressBlockDXT1mmmPKhPm"", ""demangled"": ""DecompressBlockDXT1(unsigned long, unsigned long, unsigned long, unsigned char const*, unsigned long*)""}]","{""instruction_bytes"": 1008, ""instructions"": 252}"
250528,176,176,.text,arm,False,global-functions,global-functions-3d6ca95892b3-001.asm,"[{""name"": ""_Z24BlockDecompressImageDXT1mmPKhPm"", ""demangled"": ""BlockDecompressImageDXT1(unsigned long, unsigned long, unsigned char const*, unsigned long*)""}]","{""instruction_bytes"": 176, ""instructions"": 44}"
250704,856,856,.text,arm,False,global-functions,global-functions-3d6ca95892b3-001.asm,"[{""name"": ""_Z19DecompressBlockDXT5mmmPKhPm"", ""demangled"": ""DecompressBlockDXT5(unsigned long, unsigned long, unsigned long, unsigned char const*, unsigned long*)""}]","{""instruction_bytes"": 856, ""instructions"": 214}"
251560,176,176,.text,arm,False,global-functions,global-functions-3d6ca95892b3-001.asm,"[{""name"": ""_Z24BlockDecompressImageDXT5mmPKhPm"", ""demangled"": ""BlockDecompressImageDXT5(unsigned long, unsigned long, unsigned char const*, unsigned long*)""}]","{""instruction_bytes"": 176, ""instructions"": 44}"
251736,176,176,.text,arm,False,global-functions,global-functions-3d6ca95892b3-001.asm,"[{""name"": ""_Z24BlockDecompressImageDXT3mmPKhPm"", ""demangled"": ""BlockDecompressImageDXT3(unsigned long, unsigned long, unsigned char const*, unsigned long*)""}]","{""instruction_bytes"": 176, ""instructions"": 44}"
251912,312,312,.text,arm,False,global-functions,global-functions-3d6ca95892b3-001.asm,"[{""name"": ""_Z19DecompressBlockDXT3mmmPKhPm"", ""demangled"": ""DecompressBlockDXT3(unsigned long, unsigned long, unsigned long, unsigned char const*, unsigned long*)""}]","{""instruction_bytes"": 312, ""instructions"": 78}"
252224,1256,1256,.text,arm,False,global-functions,global-functions-3d6ca95892b3-001.asm,"[{""name"": ""_Z27DecompressBlockDXT1InternalPKhPmmS0_"", ""demangled"": ""DecompressBlockDXT1Internal(unsigned char const*, unsigned long*, unsigned long, unsigned char const*)""}]","{""instruction_bytes"": 1256, ""instructions"": 314}"
253480,64,64,.text,arm,False,global-functions,global-functions-3d6ca95892b3-001.asm,"[{""name"": ""_Z14Color1555To888tPm"", ""demangled"": ""Color1555To888(unsigned short, unsigned long*)""}]","{""instruction_bytes"": 64, ""instructions"": 16}"
253544,52,52,.text,arm,False,global-functions,global-functions-3d6ca95892b3-001.asm,"[{""name"": ""_Z13Color565To888tPm"", ""demangled"": ""Color565To888(unsigned short, unsigned long*)""}]","{""instruction_bytes"": 52, ""instructions"": 13}"
253596,256,256,.text,arm,False,global-functions,global-functions-3d6ca95892b3-001.asm,"[{""name"": ""_Z9GetColorsttPm"", ""demangled"": ""GetColors(unsigned short, unsigned short, unsigned long*)""}]","{""instruction_bytes"": 256, ""instructions"": 64}"
253852,1164,1164,.text,arm,False,global-functions,global-functions-3d6ca95892b3-001.asm,"[{""name"": ""_Z15DecompressATITCPKhPmmmj"", ""demangled"": ""DecompressATITC(unsigned char const*, unsigned long*, unsigned long, unsigned long, unsigned int)""}]","{""instruction_bytes"": 1164, ""instructions"": 291}"
255016,340,340,.text,arm,False,ExplicitBlock,ExplicitBlock-7c8c2ef524ff-001.asm,"[{""name"": ""_ZNK13ExplicitBlock3GetEPm"", ""demangled"": ""ExplicitBlock::Get(unsigned long*) const""}]","{""instruction_bytes"": 340, ""instructions"": 85}"
255356,340,340,.text,arm,False,InterporatedBlock,InterporatedBlock-9e74de657b00-001.asm,"[{""name"": ""_ZNK17InterporatedBlock3GetEPm"", ""demangled"": ""InterporatedBlock::Get(unsigned long*) const""}]","{""instruction_bytes"": 340, ""instructions"": 85}"
255696,352,352,.text,arm,False,ColorBlock,ColorBlock-726ca006465e-001.asm,"[{""name"": ""_ZNK10ColorBlock3GetEPm"", ""demangled"": ""ColorBlock::Get(unsigned long*) const""}]","{""instruction_bytes"": 352, ""instructions"": 88}"
256048,292,292,.text,arm,False,ExplicitAlphaBlock,ExplicitAlphaBlock-f556a4cb3379-001.asm,"[{""name"": ""_ZNK18ExplicitAlphaBlock3GetEPm"", ""demangled"": ""ExplicitAlphaBlock::Get(unsigned long*) const""}]","{""instruction_bytes"": 292, ""instructions"": 73}"
256340,372,372,.text,arm,False,InterporatedAlphaBlock,InterporatedAlphaBlock-1b215faabaa4-001.asm,"[{""name"": ""_ZNK22InterporatedAlphaBlock3GetEPm"", ""demangled"": ""InterporatedAlphaBlock::Get(unsigned long*) const""}]","{""instruction_bytes"": 372, ""instructions"": 93}"
256712,432,432,.text,arm,False,InterporatedAlphaBlock,InterporatedAlphaBlock-1b215faabaa4-001.asm,"[{""name"": ""_ZNK22InterporatedAlphaBlock22GetCompressedAlphaRampEPh"", ""demangled"": ""InterporatedAlphaBlock::GetCompressedAlphaRamp(unsigned char*) const""}]","{""instruction_bytes"": 432, ""instructions"": 108}"
257144,132,132,.text,arm,False,rg_etc1::etc1_block,rg_etc1_etc1_block-3d1dae92d0fd-001.asm,"[{""name"": ""_ZN7rg_etc110etc1_block11pack_color5ERKNS_13color_quad_u8Ebj"", ""demangled"": ""rg_etc1::etc1_block::pack_color5(rg_etc1::color_quad_u8 const&, bool, unsigned int)""}]","{""instruction_bytes"": 132, ""instructions"": 33}"
257276,124,124,.text,arm,False,rg_etc1::etc1_block,rg_etc1_etc1_block-3d1dae92d0fd-001.asm,"[{""name"": ""_ZN7rg_etc110etc1_block11pack_color5Ejjjbj"", ""demangled"": ""rg_etc1::etc1_block::pack_color5(unsigned int, unsigned int, unsigned int, bool, unsigned int)""}]","{""instruction_bytes"": 124, ""instructions"": 31}"
257400,80,80,.text,arm,False,rg_etc1::etc1_block,rg_etc1_etc1_block-3d1dae92d0fd-001.asm,"[{""name"": ""_ZN7rg_etc110etc1_block13unpack_color5Etbj"", ""demangled"": ""rg_etc1::etc1_block::unpack_color5(unsigned short, bool, unsigned int)""}]","{""instruction_bytes"": 80, ""instructions"": 20}"
257480,84,84,.text,arm,False,rg_etc1::etc1_block,rg_etc1_etc1_block-3d1dae92d0fd-001.asm,"[{""name"": ""_ZN7rg_etc110etc1_block13unpack_color5ERjS1_S1_tb"", ""demangled"": ""rg_etc1::etc1_block::unpack_color5(unsigned int&, unsigned int&, unsigned int&, unsigned short, bool)""}]","{""instruction_bytes"": 84, ""instructions"": 21}"
257564,240,240,.text,arm,False,rg_etc1::etc1_block,rg_etc1_etc1_block-3d1dae92d0fd-001.asm,"[{""name"": ""_ZN7rg_etc110etc1_block13unpack_color5ERNS_13color_quad_u8Ettbj"", ""demangled"": ""rg_etc1::etc1_block::unpack_color5(rg_etc1::color_quad_u8&, unsigned short, unsigned short, bool, unsigned int)""}]","{""instruction_bytes"": 240, ""instructions"": 60}"
257804,76,76,.text,arm,False,rg_etc1::etc1_block,rg_etc1_etc1_block-3d1dae92d0fd-001.asm,"[{""name"": ""_ZN7rg_etc110etc1_block13unpack_delta3ERiS1_S1_t"", ""demangled"": ""rg_etc1::etc1_block::unpack_delta3(int&, int&, int&, unsigned short)""}]","{""instruction_bytes"": 76, ""instructions"": 19}"
257880,132,132,.text,arm,False,rg_etc1::etc1_block,rg_etc1_etc1_block-3d1dae92d0fd-001.asm,"[{""name"": ""_ZN7rg_etc110etc1_block13unpack_color5ERjS1_S1_ttbj"", ""demangled"": ""rg_etc1::etc1_block::unpack_color5(unsigned int&, unsigned int&, unsigned int&, unsigned short, unsigned short, bool, unsigned int)""}]","{""instruction_bytes"": 132, ""instructions"": 33}"
258012,44,44,.text,arm,False,rg_etc1::etc1_block,rg_etc1_etc1_block-3d1dae92d0fd-001.asm,"[{""name"": ""_ZN7rg_etc110etc1_block11pack_delta3Eiii"", ""demangled"": ""rg_etc1::etc1_block::pack_delta3(int, int, int)""}]","{""instruction_bytes"": 44, ""instructions"": 11}"
258056,132,132,.text,arm,False,rg_etc1::etc1_block,rg_etc1_etc1_block-3d1dae92d0fd-001.asm,"[{""name"": ""_ZN7rg_etc110etc1_block11pack_color4ERKNS_13color_quad_u8Ebj"", ""demangled"": ""rg_etc1::etc1_block::pack_color4(rg_etc1::color_quad_u8 const&, bool, unsigned int)""}]","{""instruction_bytes"": 132, ""instructions"": 33}"
258188,124,124,.text,arm,False,rg_etc1::etc1_block,rg_etc1_etc1_block-3d1dae92d0fd-001.asm,"[{""name"": ""_ZN7rg_etc110etc1_block11pack_color4Ejjjbj"", ""demangled"": ""rg_etc1::etc1_block::pack_color4(unsigned int, unsigned int, unsigned int, bool, unsigned int)""}]","{""instruction_bytes"": 124, ""instructions"": 31}"
258312,64,64,.text,arm,False,rg_etc1::etc1_block,rg_etc1_etc1_block-3d1dae92d0fd-001.asm,"[{""name"": ""_ZN7rg_etc110etc1_block13unpack_color4Etbj"", ""demangled"": ""rg_etc1::etc1_block::unpack_color4(unsigned short, bool, unsigned int)""}]","{""instruction_bytes"": 64, ""instructions"": 16}"
258376,68,68,.text,arm,False,rg_etc1::etc1_block,rg_etc1_etc1_block-3d1dae92d0fd-001.asm,"[{""name"": ""_ZN7rg_etc110etc1_block13unpack_color4ERjS1_S1_tb"", ""demangled"": ""rg_etc1::etc1_block::unpack_color4(unsigned int&, unsigned int&, unsigned int&, unsigned short, bool)""}]","{""instruction_bytes"": 68, ""instructions"": 17}"
258444,396,396,.text,arm,False,rg_etc1::etc1_block,rg_etc1_etc1_block-3d1dae92d0fd-001.asm,"[{""name"": ""_ZN7rg_etc110etc1_block24get_diff_subblock_colorsEPNS_13color_quad_u8Etj"", ""demangled"": ""rg_etc1::etc1_block::get_diff_subblock_colors(rg_etc1::color_quad_u8*, unsigned short, unsigned int)""}]","{""instruction_bytes"": 396, ""instructions"": 99}"
258840,564,564,.text,arm,False,rg_etc1::etc1_block,rg_etc1_etc1_block-3d1dae92d0fd-001.asm,"[{""name"": ""_ZN7rg_etc110etc1_block24get_diff_subblock_colorsEPNS_13color_quad_u8Ettj"", ""demangled"": ""rg_etc1::etc1_block::get_diff_subblock_colors(rg_etc1::color_quad_u8*, unsigned short, unsigned short, unsigned int)""}]","{""instruction_bytes"": 564, ""instructions"": 141}"
259404,396,396,.text,arm,False,rg_etc1::etc1_block,rg_etc1_etc1_block-3d1dae92d0fd-001.asm,"[{""name"": ""_ZN7rg_etc110etc1_block23get_abs_subblock_colorsEPNS_13color_quad_u8Etj"", ""demangled"": ""rg_etc1::etc1_block::get_abs_subblock_colors(rg_etc1::color_quad_u8*, unsigned short, unsigned int)""}]","{""instruction_bytes"": 396, ""instructions"": 99}"
259800,2176,2176,.text,arm,False,rg_etc1,rg_etc1-4f508f79cf8e-001.asm,"[{""name"": ""_ZN7rg_etc117unpack_etc1_blockEPKvPjb"", ""demangled"": ""rg_etc1::unpack_etc1_block(void const*, unsigned int*, bool)""}]","{""instruction_bytes"": 2176, ""instructions"": 544}"
261976,1572,1572,.text,arm,False,rg_etc1::etc1_optimizer,rg_etc1_etc1_optimizer-e95703a9309d-001.asm,"[{""name"": ""_ZN7rg_etc114etc1_optimizer7computeEv"", ""demangled"": ""rg_etc1::etc1_optimizer::compute()""}]","{""instruction_bytes"": 1572, ""instructions"": 393}"
263548,1216,1216,.text,arm,False,rg_etc1::etc1_optimizer,rg_etc1_etc1_optimizer-e95703a9309d-001.asm,"[{""name"": ""_ZN7rg_etc114etc1_optimizer17evaluate_solutionERKNS_25etc1_solution_coordinatesERNS0_18potential_solutionEPS4_"", ""demangled"": ""rg_etc1::etc1_optimizer::evaluate_solution(rg_etc1::etc1_solution_coordinates const&, rg_etc1::etc1_optimizer::potential_solution&, rg_etc1::etc1_optimizer::potential_solution*)""}]","{""instruction_bytes"": 1216, ""instructions"": 304}"
264764,2356,2356,.text,arm,False,rg_etc1::etc1_optimizer,rg_etc1_etc1_optimizer-e95703a9309d-001.asm,"[{""name"": ""_ZN7rg_etc114etc1_optimizer22evaluate_solution_fastERKNS_25etc1_solution_coordinatesERNS0_18potential_solutionEPS4_"", ""demangled"": ""rg_etc1::etc1_optimizer::evaluate_solution_fast(rg_etc1::etc1_solution_coordinates const&, rg_etc1::etc1_optimizer::potential_solution&, rg_etc1::etc1_optimizer::potential_solution*)""}]","{""instruction_bytes"": 2356, ""instructions"": 589}"
267120,584,584,.text,arm,False,rg_etc1::etc1_optimizer,rg_etc1_etc1_optimizer-e95703a9309d-001.asm,"[{""name"": ""_ZN7rg_etc114etc1_optimizer4initERKNS0_6paramsERNS0_7resultsE"", ""demangled"": ""rg_etc1::etc1_optimizer::init(rg_etc1::etc1_optimizer::params const&, rg_etc1::etc1_optimizer::results&)""}]","{""instruction_bytes"": 584, ""instructions"": 146}"
267704,1348,1348,.text,arm,False,unsigned int* rg_etc1,unsigned_int_rg_etc1-5b3971f50314-001.asm,"[{""name"": ""_ZN7rg_etc119indirect_radix_sortIjtEEPT_jS2_S2_PKT0_jjb"", ""demangled"": ""unsigned int* rg_etc1::indirect_radix_sort<unsigned int, unsigned short>(unsigned int, unsigned int*, unsigned int*, unsigned short const*, unsigned int, unsigned int, bool)""}]","{""instruction_bytes"": 1348, ""instructions"": 337}"
269052,1724,1724,.text,arm,False,rg_etc1,rg_etc1-4f508f79cf8e-001.asm,"[{""name"": ""_ZN7rg_etc120pack_etc1_block_initEv"", ""demangled"": ""rg_etc1::pack_etc1_block_init()""}]","{""instruction_bytes"": 1724, ""instructions"": 431}"
270776,4584,4584,.text,arm,False,rg_etc1,rg_etc1-4f508f79cf8e-001.asm,"[{""name"": ""_ZN7rg_etc115pack_etc1_blockEPvPKjRNS_16etc1_pack_paramsE"", ""demangled"": ""rg_etc1::pack_etc1_block(void*, unsigned int const*, rg_etc1::etc1_pack_params&)""}]","{""instruction_bytes"": 4576, ""instructions"": 1144, ""undecoded_bytes"": 8}"
275360,440,440,.text,arm,False,global-functions,global-functions-3d6ca95892b3-001.asm,"[{""name"": ""_Z14DecompressETC1PhS_ii"", ""demangled"": ""DecompressETC1(unsigned char*, unsigned char*, int, int)""}]","{""instruction_bytes"": 440, ""instructions"": 110}"
275800,64,64,.text,arm,False,"std::vector<tagINLINEHOOKINFO*, std::allocator<tagINLINEHOOKINFO*> >",std_vector_tagINLINEHOOKINFO_std_allocator_tagINLINEHOOKINFO-e36109e804f9-001.asm,"[{""name"": ""_ZNSt6vectorIP17tagINLINEHOOKINFOSaIS1_EED2Ev"", ""demangled"": ""std::vector<tagINLINEHOOKINFO*, std::allocator<tagINLINEHOOKINFO*> >::~vector()""}]","{""instruction_bytes"": 64, ""instructions"": 16}"
275864,440,440,.text,arm,False,global-functions,global-functions-3d6ca95892b3-001.asm,"[{""name"": ""_Z10InlineHookPvPFvP7pt_regsE"", ""demangled"": ""InlineHook(void*, void (*)(pt_regs*))""}]","{""instruction_bytes"": 436, ""instructions"": 109, ""undecoded_bytes"": 4}"
276304,228,228,.text,arm,False,global-functions,global-functions-3d6ca95892b3-001.asm,"[{""name"": ""_Z12UnInlineHookPv"", ""demangled"": ""UnInlineHook(void*)""}]","{""instruction_bytes"": 228, ""instructions"": 57}"
276532,96,96,.text,arm,False,global-functions,global-functions-3d6ca95892b3-001.asm,"[{""name"": ""_Z12RegisterHookP7pt_regs"", ""demangled"": ""RegisterHook(pt_regs*)""}]","{""instruction_bytes"": 92, ""instructions"": 23, ""undecoded_bytes"": 4}"
276628,352,352,.text,arm,False,global-functions,global-functions-3d6ca95892b3-001.asm,"[{""name"": ""_Z20hook_inline_functionPKcib"", ""demangled"": ""hook_inline_function(char const*, int, bool)""}]","{""instruction_bytes"": 344, ""instructions"": 86, ""undecoded_bytes"": 8}"
276980,456,456,.text,arm,False,"std::vector<tagINLINEHOOKINFO*, std::allocator<tagINLINEHOOKINFO*> >",std_vector_tagINLINEHOOKINFO_std_allocator_tagINLINEHOOKINFO-e36109e804f9-001.asm,"[{""name"": ""_ZNSt6vectorIP17tagINLINEHOOKINFOSaIS1_EE18_M_insert_overflowEPS1_RKS1_RKSt11__true_typejb"", ""demangled"": ""std::vector<tagINLINEHOOKINFO*, std::allocator<tagINLINEHOOKINFO*> >::_M_insert_overflow(tagINLINEHOOKINFO**, tagINLINEHOOKINFO* const&, std::__true_type const&, unsigned int, bool)""}]","{""instruction_bytes"": 456, ""instructions"": 114}"
277436,216,216,.text,arm,False,global-functions,global-functions-3d6ca95892b3-001.asm,"[{""name"": ""ChangePageProperty"", ""demangled"": ""ChangePageProperty""}]","{""instruction_bytes"": 216, ""instructions"": 54}"
277652,468,468,.text,arm,False,global-functions,global-functions-3d6ca95892b3-001.asm,"[{""name"": ""GetModuleBaseAddr"", ""demangled"": ""GetModuleBaseAddr""}]","{""instruction_bytes"": 468, ""instructions"": 117}"
278120,272,272,.text,arm,False,global-functions,global-functions-3d6ca95892b3-001.asm,"[{""name"": ""InitArmHookInfo"", ""demangled"": ""InitArmHookInfo""}]","{""instruction_bytes"": 268, ""instructions"": 67, ""undecoded_bytes"": 4}"
278392,1020,1020,.text,arm,False,global-functions,global-functions-3d6ca95892b3-001.asm,"[{""name"": ""InitThumbHookInfo"", ""demangled"": ""InitThumbHookInfo""}]","{""instruction_bytes"": 1012, ""instructions"": 253, ""undecoded_bytes"": 8}"
279412,400,400,.text,arm,False,global-functions,global-functions-3d6ca95892b3-001.asm,"[{""name"": ""BuildStub"", ""demangled"": ""BuildStub""}]","{""instruction_bytes"": 400, ""instructions"": 100}"
279812,400,400,.text,arm,False,global-functions,global-functions-3d6ca95892b3-001.asm,"[{""name"": ""BuildStubThumb"", ""demangled"": ""BuildStubThumb""}]","{""instruction_bytes"": 400, ""instructions"": 100}"
280212,100,100,.text,arm,False,global-functions,global-functions-3d6ca95892b3-001.asm,"[{""name"": ""BuildArmJumpCode"", ""demangled"": ""BuildArmJumpCode""}]","{""instruction_bytes"": 100, ""instructions"": 25}"
280312,144,144,.text,arm,False,global-functions,global-functions-3d6ca95892b3-001.asm,"[{""name"": ""BuildThumbJumpCode"", ""demangled"": ""BuildThumbJumpCode""}]","{""instruction_bytes"": 144, ""instructions"": 36}"
280456,468,468,.text,arm,False,global-functions,global-functions-3d6ca95892b3-001.asm,"[{""name"": ""BuildOldFunction"", ""demangled"": ""BuildOldFunction""}]","{""instruction_bytes"": 468, ""instructions"": 117}"
280924,596,596,.text,arm,False,global-functions,global-functions-3d6ca95892b3-001.asm,"[{""name"": ""BuildOldFunctionThumb"", ""demangled"": ""BuildOldFunctionThumb""}]","{""instruction_bytes"": 596, ""instructions"": 149}"
281520,220,220,.text,arm,False,global-functions,global-functions-3d6ca95892b3-001.asm,"[{""name"": ""RebuildHookTarget"", ""demangled"": ""RebuildHookTarget""}]","{""instruction_bytes"": 220, ""instructions"": 55}"
281740,260,260,.text,arm,False,global-functions,global-functions-3d6ca95892b3-001.asm,"[{""name"": ""RebuildHookTargetThumb"", ""demangled"": ""RebuildHookTargetThumb""}]","{""instruction_bytes"": 260, ""instructions"": 65}"
282000,280,280,.text,arm,False,global-functions,global-functions-3d6ca95892b3-001.asm,"[{""name"": ""HookArm"", ""demangled"": ""HookArm""}]","{""instruction_bytes"": 280, ""instructions"": 70}"
282280,280,280,.text,arm,False,global-functions,global-functions-3d6ca95892b3-001.asm,"[{""name"": ""HookThumb"", ""demangled"": ""HookThumb""}]","{""instruction_bytes"": 280, ""instructions"": 70}"
282560,472,472,.text,arm,False,global-functions,global-functions-3d6ca95892b3-001.asm,"[{""name"": ""lengthFixThumb32"", ""demangled"": ""lengthFixThumb32""}]","{""instruction_bytes"": 420, ""instructions"": 105, ""undecoded_bytes"": 52}"
283032,44,44,.text,arm,False,global-functions,global-functions-3d6ca95892b3-001.asm,"[{""name"": ""lengthFixArm32"", ""demangled"": ""lengthFixArm32""}]","{""instruction_bytes"": 44, ""instructions"": 11}"
283460,192,192,.text,arm,False,global-functions,global-functions-3d6ca95892b3-001.asm,"[{""name"": ""lengthFixThumb16"", ""demangled"": ""lengthFixThumb16""}]","{""instruction_bytes"": 192, ""instructions"": 48}"
283652,140,140,.text,arm,False,global-functions,global-functions-3d6ca95892b3-001.asm,"[{""name"": ""isThumb32"", ""demangled"": ""isThumb32""}]","{""instruction_bytes"": 140, ""instructions"": 35}"
283792,36,36,.text,arm,False,global-functions,global-functions-3d6ca95892b3-001.asm,"[{""name"": ""isTargetAddrInBackup"", ""demangled"": ""isTargetAddrInBackup""}]","{""instruction_bytes"": 36, ""instructions"": 9}"
283828,592,592,.text,arm,False,global-functions,global-functions-3d6ca95892b3-001.asm,"[{""name"": ""fixPCOpcodeArm"", ""demangled"": ""fixPCOpcodeArm""}]","{""instruction_bytes"": 580, ""instructions"": 145, ""undecoded_bytes"": 12}"
284420,1656,1656,.text,arm,False,global-functions,global-functions-3d6ca95892b3-001.asm,"[{""name"": ""fixPCOpcodeArm32"", ""demangled"": ""fixPCOpcodeArm32""}]","{""instruction_bytes"": 1652, ""instructions"": 413, ""undecoded_bytes"": 4}"
286076,1096,1096,.text,arm,False,global-functions,global-functions-3d6ca95892b3-001.asm,"[{""name"": ""fixPCOpcodeThumb"", ""demangled"": ""fixPCOpcodeThumb""}]","{""instruction_bytes"": 1080, ""instructions"": 270, ""undecoded_bytes"": 16}"
287172,2392,2392,.text,arm,False,global-functions,global-functions-3d6ca95892b3-001.asm,"[{""name"": ""fixPCOpcodeThumb32"", ""demangled"": ""fixPCOpcodeThumb32""}]","{""instruction_bytes"": 2392, ""instructions"": 598}"
289564,1732,1732,.text,arm,False,global-functions,global-functions-3d6ca95892b3-001.asm,"[{""name"": ""fixPCOpcodeThumb16"", ""demangled"": ""fixPCOpcodeThumb16""}]","{""instruction_bytes"": 1732, ""instructions"": 433}"
291296,22,22,.text,thumb,False,global-functions,global-functions-3d6ca95892b3-001.asm,"[{""name"": ""getopt"", ""demangled"": ""getopt""}]","{""instruction_bytes"": 22, ""instructions"": 9}"
292884,26,26,.text,thumb,False,global-functions,global-functions-3d6ca95892b3-001.asm,"[{""name"": ""getopt_long"", ""demangled"": ""getopt_long""}]","{""instruction_bytes"": 26, ""instructions"": 9}"
292910,26,26,.text,thumb,False,global-functions,global-functions-3d6ca95892b3-001.asm,"[{""name"": ""getopt_long_only"", ""demangled"": ""getopt_long_only""}]","{""instruction_bytes"": 26, ""instructions"": 9}"
293708,7516,7516,.text,thumb,False,global-functions,global-functions-3d6ca95892b3-001.asm,"[{""name"": ""glcpp_lex"", ""demangled"": ""glcpp_lex""}]","{""instruction_bytes"": 7506, ""instructions"": 2856, ""undecoded_bytes"": 10}"
301364,116,116,.text,thumb,False,global-functions,global-functions-3d6ca95892b3-001.asm,"[{""name"": ""glcpp__create_buffer"", ""demangled"": ""glcpp__create_buffer""}]","{""instruction_bytes"": 116, ""instructions"": 52}"
301672,98,98,.text,thumb,False,global-functions,global-functions-3d6ca95892b3-001.asm,"[{""name"": ""glcpp_restart"", ""demangled"": ""glcpp_restart""}]","{""instruction_bytes"": 98, ""instructions"": 40}"
301848,106,106,.text,thumb,False,global-functions,global-functions-3d6ca95892b3-001.asm,"[{""name"": ""glcpp__switch_to_buffer"", ""demangled"": ""glcpp__switch_to_buffer""}]","{""instruction_bytes"": 106, ""instructions"": 45}"
301954,4,4,.text,thumb,False,global-functions,global-functions-3d6ca95892b3-001.asm,"[{""name"": ""glcpp_alloc"", ""demangled"": ""glcpp_alloc""}]","{""instruction_bytes"": 4, ""instructions"": 1}"
301958,56,56,.text,thumb,False,global-functions,global-functions-3d6ca95892b3-001.asm,"[{""name"": ""glcpp__delete_buffer"", ""demangled"": ""glcpp__delete_buffer""}]","{""instruction_bytes"": 56, ""instructions"": 23}"
302014,4,4,.text,thumb,False,global-functions,global-functions-3d6ca95892b3-001.asm,"[{""name"": ""glcpp_free"", ""demangled"": ""glcpp_free""}]","{""instruction_bytes"": 4, ""instructions"": 1}"
302018,76,76,.text,thumb,False,global-functions,global-functions-3d6ca95892b3-001.asm,"[{""name"": ""glcpp__flush_buffer"", ""demangled"": ""glcpp__flush_buffer""}]","{""instruction_bytes"": 76, ""instructions"": 32}"
302094,98,98,.text,thumb,False,global-functions,global-functions-3d6ca95892b3-001.asm,"[{""name"": ""glcpp_push_buffer_state"", ""demangled"": ""glcpp_push_buffer_state""}]","{""instruction_bytes"": 98, ""instructions"": 42}"
302192,80,80,.text,thumb,False,global-functions,global-functions-3d6ca95892b3-001.asm,"[{""name"": ""glcpp_pop_buffer_state"", ""demangled"": ""glcpp_pop_buffer_state""}]","{""instruction_bytes"": 80, ""instructions"": 35}"
302272,140,140,.text,thumb,False,global-functions,global-functions-3d6ca95892b3-001.asm,"[{""name"": ""glcpp__scan_buffer"", ""demangled"": ""glcpp__scan_buffer""}]","{""instruction_bytes"": 140, ""instructions"": 59}"
302412,26,26,.text,thumb,False,global-functions,global-functions-3d6ca95892b3-001.asm,"[{""name"": ""glcpp__scan_string"", ""demangled"": ""glcpp__scan_string""}]","{""instruction_bytes"": 26, ""instructions"": 10}"
302440,164,164,.text,thumb,False,global-functions,global-functions-3d6ca95892b3-001.asm,"[{""name"": ""glcpp__scan_bytes"", ""demangled"": ""glcpp__scan_bytes""}]","{""instruction_bytes"": 164, ""instructions"": 75}"
302604,4,4,.text,thumb,False,global-functions,global-functions-3d6ca95892b3-001.asm,"[{""name"": ""glcpp_get_extra"", ""demangled"": ""glcpp_get_extra""}]","{""instruction_bytes"": 4, ""instructions"": 2}"
302608,20,20,.text,thumb,False,global-functions,global-functions-3d6ca95892b3-001.asm,"[{""name"": ""glcpp_get_lineno"", ""demangled"": ""glcpp_get_lineno""}]","{""instruction_bytes"": 20, ""instructions"": 9}"
302628,20,20,.text,thumb,False,global-functions,global-functions-3d6ca95892b3-001.asm,"[{""name"": ""glcpp_get_column"", ""demangled"": ""glcpp_get_column""}]","{""instruction_bytes"": 20, ""instructions"": 9}"
302648,4,4,.text,thumb,False,global-functions,global-functions-3d6ca95892b3-001.asm,"[{""name"": ""glcpp_get_in"", ""demangled"": ""glcpp_get_in""}]","{""instruction_bytes"": 4, ""instructions"": 2}"
302652,4,4,.text,thumb,False,global-functions,global-functions-3d6ca95892b3-001.asm,"[{""name"": ""glcpp_get_out"", ""demangled"": ""glcpp_get_out""}]","{""instruction_bytes"": 4, ""instructions"": 2}"
302656,4,4,.text,thumb,False,global-functions,global-functions-3d6ca95892b3-001.asm,"[{""name"": ""glcpp_get_leng"", ""demangled"": ""glcpp_get_leng""}]","{""instruction_bytes"": 4, ""instructions"": 2}"
302660,4,4,.text,thumb,False,global-functions,global-functions-3d6ca95892b3-001.asm,"[{""name"": ""glcpp_get_text"", ""demangled"": ""glcpp_get_text""}]","{""instruction_bytes"": 4, ""instructions"": 2}"
302664,4,4,.text,thumb,False,global-functions,global-functions-3d6ca95892b3-001.asm,"[{""name"": ""glcpp_set_extra"", ""demangled"": ""glcpp_set_extra""}]","{""instruction_bytes"": 4, ""instructions"": 2}"
302668,68,68,.text,thumb,False,global-functions,global-functions-3d6ca95892b3-001.asm,"[{""name"": ""glcpp_set_lineno"", ""demangled"": ""glcpp_set_lineno""}]","{""instruction_bytes"": 68, ""instructions"": 32}"
302736,68,68,.text,thumb,False,global-functions,global-functions-3d6ca95892b3-001.asm,"[{""name"": ""glcpp_set_column"", ""demangled"": ""glcpp_set_column""}]","{""instruction_bytes"": 68, ""instructions"": 32}"
302804,4,4,.text,thumb,False,global-functions,global-functions-3d6ca95892b3-001.asm,"[{""name"": ""glcpp_set_in"", ""demangled"": ""glcpp_set_in""}]","{""instruction_bytes"": 4, ""instructions"": 2}"
302808,4,4,.text,thumb,False,global-functions,global-functions-3d6ca95892b3-001.asm,"[{""name"": ""glcpp_set_out"", ""demangled"": ""glcpp_set_out""}]","{""instruction_bytes"": 4, ""instructions"": 2}"
302812,4,4,.text,thumb,False,global-functions,global-functions-3d6ca95892b3-001.asm,"[{""name"": ""glcpp_get_debug"", ""demangled"": ""glcpp_get_debug""}]","{""instruction_bytes"": 4, ""instructions"": 2}"
302816,4,4,.text,thumb,False,global-functions,global-functions-3d6ca95892b3-001.asm,"[{""name"": ""glcpp_set_debug"", ""demangled"": ""glcpp_set_debug""}]","{""instruction_bytes"": 4, ""instructions"": 2}"
302820,4,4,.text,thumb,False,global-functions,global-functions-3d6ca95892b3-001.asm,"[{""name"": ""glcpp_get_lval"", ""demangled"": ""glcpp_get_lval""}]","{""instruction_bytes"": 4, ""instructions"": 2}"
302824,4,4,.text,thumb,False,global-functions,global-functions-3d6ca95892b3-001.asm,"[{""name"": ""glcpp_set_lval"", ""demangled"": ""glcpp_set_lval""}]","{""instruction_bytes"": 4, ""instructions"": 2}"
302828,4,4,.text,thumb,False,global-functions,global-functions-3d6ca95892b3-001.asm,"[{""name"": ""glcpp_get_lloc"", ""demangled"": ""glcpp_get_lloc""}]","{""instruction_bytes"": 4, ""instructions"": 2}"
302832,4,4,.text,thumb,False,global-functions,global-functions-3d6ca95892b3-001.asm,"[{""name"": ""glcpp_set_lloc"", ""demangled"": ""glcpp_set_lloc""}]","{""instruction_bytes"": 4, ""instructions"": 2}"
302836,50,50,.text,thumb,False,global-functions,global-functions-3d6ca95892b3-001.asm,"[{""name"": ""glcpp_lex_init"", ""demangled"": ""glcpp_lex_init""}]","{""instruction_bytes"": 50, ""instructions"": 21}"
302886,90,90,.text,thumb,False,global-functions,global-functions-3d6ca95892b3-001.asm,"[{""name"": ""glcpp_lex_init_extra"", ""demangled"": ""glcpp_lex_init_extra""}]","{""instruction_bytes"": 90, ""instructions"": 36}"
302976,74,74,.text,thumb,False,global-functions,global-functions-3d6ca95892b3-001.asm,"[{""name"": ""glcpp_lex_destroy"", ""demangled"": ""glcpp_lex_destroy""}]","{""instruction_bytes"": 74, ""instructions"": 30}"
303050,4,4,.text,thumb,False,global-functions,global-functions-3d6ca95892b3-001.asm,"[{""name"": ""glcpp_realloc"", ""demangled"": ""glcpp_realloc""}]","{""instruction_bytes"": 4, ""instructions"": 1}"
303054,28,28,.text,thumb,False,global-functions,global-functions-3d6ca95892b3-001.asm,"[{""name"": ""glcpp_lex_set_source_string"", ""demangled"": ""glcpp_lex_set_source_string""}]","{""instruction_bytes"": 28, ""instructions"": 11}"
303084,5648,5648,.text,thumb,False,global-functions,global-functions-3d6ca95892b3-001.asm,"[{""name"": ""glcpp_parser_parse"", ""demangled"": ""glcpp_parser_parse""}]","{""instruction_bytes"": 5644, ""instructions"": 2159, ""undecoded_bytes"": 4}"
309384,32,32,.text,thumb,False,global-functions,global-functions-3d6ca95892b3-001.asm,"[{""name"": ""glcpp_parser_resolve_implicit_version"", ""demangled"": ""glcpp_parser_resolve_implicit_version""}]","{""instruction_bytes"": 32, ""instructions"": 14}"
311804,148,148,.text,thumb,False,global-functions,global-functions-3d6ca95892b3-001.asm,"[{""name"": ""glcpp_parser_create"", ""demangled"": ""glcpp_parser_create""}]","{""instruction_bytes"": 148, ""instructions"": 55}"
311952,28,28,.text,thumb,False,global-functions,global-functions-3d6ca95892b3-001.asm,"[{""name"": ""glcpp_parser_destroy"", ""demangled"": ""glcpp_parser_destroy""}]","{""instruction_bytes"": 28, ""instructions"": 10}"
315808,164,164,.text,thumb,False,global-functions,global-functions-3d6ca95892b3-001.asm,"[{""name"": ""glcpp_error"", ""demangled"": ""glcpp_error""}]","{""instruction_bytes"": 162, ""instructions"": 68, ""undecoded_bytes"": 2}"
315972,164,164,.text,thumb,False,global-functions,global-functions-3d6ca95892b3-001.asm,"[{""name"": ""glcpp_warning"", ""demangled"": ""glcpp_warning""}]","{""instruction_bytes"": 160, ""instructions"": 68, ""undecoded_bytes"": 4}"
316136,556,556,.text,thumb,False,global-functions,global-functions-3d6ca95892b3-001.asm,"[{""name"": ""glcpp_preprocess"", ""demangled"": ""glcpp_preprocess""}]","{""instruction_bytes"": 556, ""instructions"": 212}"
316692,4,4,.text,thumb,False,global-functions,global-functions-3d6ca95892b3-001.asm,"[{""name"": ""glsl_strtod"", ""demangled"": ""glsl_strtod""}]","{""instruction_bytes"": 4, ""instructions"": 1}"
316696,22,22,.text,thumb,False,global-functions,global-functions-3d6ca95892b3-001.asm,"[{""name"": ""glsl_strtof"", ""demangled"": ""glsl_strtof""}]","{""instruction_bytes"": 22, ""instructions"": 7}"
316718,36,36,.text,thumb,False,global-functions,global-functions-3d6ca95892b3-001.asm,"[{""name"": ""_mesa_align_malloc"", ""demangled"": ""_mesa_align_malloc""}]","{""instruction_bytes"": 36, ""instructions"": 16}"
316754,38,38,.text,thumb,False,global-functions,global-functions-3d6ca95892b3-001.asm,"[{""name"": ""_mesa_align_calloc"", ""demangled"": ""_mesa_align_calloc""}]","{""instruction_bytes"": 38, ""instructions"": 17}"
316792,12,12,.text,thumb,False,global-functions,global-functions-3d6ca95892b3-001.asm,"[{""name"": ""_mesa_align_free"", ""demangled"": ""_mesa_align_free""}]","{""instruction_bytes"": 12, ""instructions"": 4}"
316804,84,84,.text,thumb,False,global-functions,global-functions-3d6ca95892b3-001.asm,"[{""name"": ""_mesa_align_realloc"", ""demangled"": ""_mesa_align_realloc""}]","{""instruction_bytes"": 84, ""instructions"": 34}"
316888,58,58,.text,thumb,False,global-functions,global-functions-3d6ca95892b3-001.asm,"[{""name"": ""ffs"", ""demangled"": ""ffs""}]","{""instruction_bytes"": 58, ""instructions"": 25}"
316946,32,32,.text,thumb,False,global-functions,global-functions-3d6ca95892b3-001.asm,"[{""name"": ""ffsll"", ""demangled"": ""ffsll""}]","{""instruction_bytes"": 32, ""instructions"": 12}"
316978,28,28,.text,thumb,False,global-functions,global-functions-3d6ca95892b3-001.asm,"[{""name"": ""_mesa_bitcount"", ""demangled"": ""_mesa_bitcount""}]","{""instruction_bytes"": 28, ""instructions"": 11}"
317006,36,36,.text,thumb,False,global-functions,global-functions-3d6ca95892b3-001.asm,"[{""name"": ""_mesa_bitcount_64"", ""demangled"": ""_mesa_bitcount_64""}]","{""instruction_bytes"": 36, ""instructions"": 13}"
317042,110,110,.text,thumb,False,global-functions,global-functions-3d6ca95892b3-001.asm,"[{""name"": ""_mesa_round_to_even"", ""demangled"": ""_mesa_round_to_even""}]","{""instruction_bytes"": 110, ""instructions"": 32}"
317152,232,232,.text,thumb,False,global-functions,global-functions-3d6ca95892b3-001.asm,"[{""name"": ""_mesa_float_to_half"", ""demangled"": ""_mesa_float_to_half""}]","{""instruction_bytes"": 232, ""instructions"": 80}"
317384,136,136,.text,thumb,False,global-functions,global-functions-3d6ca95892b3-001.asm,"[{""name"": ""_mesa_half_to_float"", ""demangled"": ""_mesa_half_to_float""}]","{""instruction_bytes"": 136, ""instructions"": 48}"
317520,40,40,.text,thumb,False,global-functions,global-functions-3d6ca95892b3-001.asm,"[{""name"": ""_mesa_strdup"", ""demangled"": ""_mesa_strdup""}]","{""instruction_bytes"": 40, ""instructions"": 17}"
317560,22,22,.text,thumb,False,global-functions,global-functions-3d6ca95892b3-001.asm,"[{""name"": ""_mesa_strtof"", ""demangled"": ""_mesa_strtof""}]","{""instruction_bytes"": 22, ""instructions"": 7}"
317582,58,58,.text,thumb,False,global-functions,global-functions-3d6ca95892b3-001.asm,"[{""name"": ""_mesa_str_checksum"", ""demangled"": ""_mesa_str_checksum""}]","{""instruction_bytes"": 58, ""instructions"": 23}"
317640,4,4,.text,thumb,False,global-functions,global-functions-3d6ca95892b3-001.asm,"[{""name"": ""_mesa_vsnprintf"", ""demangled"": ""_mesa_vsnprintf""}]","{""instruction_bytes"": 4, ""instructions"": 1}"
317644,76,76,.text,thumb,False,global-functions,global-functions-3d6ca95892b3-001.asm,"[{""name"": ""_mesa_snprintf"", ""demangled"": ""_mesa_snprintf""}]","{""instruction_bytes"": 76, ""instructions"": 28}"
317720,66,66,.text,thumb,False,global-functions,global-functions-3d6ca95892b3-001.asm,"[{""name"": ""hash_table_ctor"", ""demangled"": ""hash_table_ctor""}]","{""instruction_bytes"": 66, ""instructions"": 26}"
317786,20,20,.text,thumb,False,global-functions,global-functions-3d6ca95892b3-001.asm,"[{""name"": ""hash_table_dtor"", ""demangled"": ""hash_table_dtor""}]","{""instruction_bytes"": 20, ""instructions"": 7}"
317806,68,68,.text,thumb,False,global-functions,global-functions-3d6ca95892b3-001.asm,"[{""name"": ""hash_table_clear"", ""demangled"": ""hash_table_clear""}]","{""instruction_bytes"": 68, ""instructions"": 25}"
317874,64,64,.text,thumb,False,global-functions,global-functions-3d6ca95892b3-001.asm,"[{""name"": ""hash_table_find"", ""demangled"": ""hash_table_find""}]","{""instruction_bytes"": 64, ""instructions"": 27}"
317940,108,108,.text,thumb,False,global-functions,global-functions-3d6ca95892b3-001.asm,"[{""name"": ""hash_table_insert"", ""demangled"": ""hash_table_insert""}]","{""instruction_bytes"": 108, ""instructions"": 42}"
318048,124,124,.text,thumb,False,global-functions,global-functions-3d6ca95892b3-001.asm,"[{""name"": ""hash_table_replace"", ""demangled"": ""hash_table_replace""}]","{""instruction_bytes"": 124, ""instructions"": 52}"
318172,82,82,.text,thumb,False,global-functions,global-functions-3d6ca95892b3-001.asm,"[{""name"": ""hash_table_remove"", ""demangled"": ""hash_table_remove""}]","{""instruction_bytes"": 82, ""instructions"": 32}"
318254,70,70,.text,thumb,False,global-functions,global-functions-3d6ca95892b3-001.asm,"[{""name"": ""hash_table_call_foreach"", ""demangled"": ""hash_table_call_foreach""}]","{""instruction_bytes"": 70, ""instructions"": 26}"
318324,36,36,.text,thumb,False,global-functions,global-functions-3d6ca95892b3-001.asm,"[{""name"": ""hash_table_string_hash"", ""demangled"": ""hash_table_string_hash""}]","{""instruction_bytes"": 36, ""instructions"": 13}"
318360,4,4,.text,thumb,False,global-functions,global-functions-3d6ca95892b3-001.asm,"[{""name"": ""hash_table_pointer_hash"", ""demangled"": ""hash_table_pointer_hash""}]","{""instruction_bytes"": 4, ""instructions"": 2}"
318364,12,12,.text,thumb,False,global-functions,global-functions-3d6ca95892b3-001.asm,"[{""name"": ""hash_table_pointer_compare"", ""demangled"": ""hash_table_pointer_compare""}]","{""instruction_bytes"": 12, ""instructions"": 6}"
318376,48,48,.text,thumb,False,global-functions,global-functions-3d6ca95892b3-001.asm,"[{""name"": ""_mesa_symbol_table_pop_scope"", ""demangled"": ""_mesa_symbol_table_pop_scope""}]","{""instruction_bytes"": 48, ""instructions"": 20}"
318424,72,72,.text,thumb,False,global-functions,global-functions-3d6ca95892b3-001.asm,"[{""name"": ""_mesa_symbol_table_push_scope"", ""demangled"": ""_mesa_symbol_table_push_scope""}]","{""instruction_bytes"": 72, ""instructions"": 33}"
318496,56,56,.text,thumb,False,global-functions,global-functions-3d6ca95892b3-001.asm,"[{""name"": ""_mesa_symbol_table_symbol_scope"", ""demangled"": ""_mesa_symbol_table_symbol_scope""}]","{""instruction_bytes"": 56, ""instructions"": 26}"
318552,48,48,.text,thumb,False,global-functions,global-functions-3d6ca95892b3-001.asm,"[{""name"": ""_mesa_symbol_table_find_symbol"", ""demangled"": ""_mesa_symbol_table_find_symbol""}]","{""instruction_bytes"": 48, ""instructions"": 23}"
318600,204,204,.text,thumb,False,global-functions,global-functions-3d6ca95892b3-001.asm,"[{""name"": ""_mesa_symbol_table_add_symbol"", ""demangled"": ""_mesa_symbol_table_add_symbol""}]","{""instruction_bytes"": 204, ""instructions"": 84}"
318804,224,224,.text,thumb,False,global-functions,global-functions-3d6ca95892b3-001.asm,"[{""name"": ""_mesa_symbol_table_add_global_symbol"", ""demangled"": ""_mesa_symbol_table_add_global_symbol""}]","{""instruction_bytes"": 224, ""instructions"": 90}"
319028,56,56,.text,thumb,False,global-functions,global-functions-3d6ca95892b3-001.asm,"[{""name"": ""_mesa_symbol_table_ctor"", ""demangled"": ""_mesa_symbol_table_ctor""}]","{""instruction_bytes"": 56, ""instructions"": 25}"
319084,68,68,.text,thumb,False,global-functions,global-functions-3d6ca95892b3-001.asm,"[{""name"": ""_mesa_symbol_table_dtor"", ""demangled"": ""_mesa_symbol_table_dtor""}]","{""instruction_bytes"": 68, ""instructions"": 25}"
319152,84,84,.text,thumb,False,global-functions,global-functions-3d6ca95892b3-001.asm,"[{""name"": ""_mesa_hash_table_create"", ""demangled"": ""_mesa_hash_table_create""}]","{""instruction_bytes"": 84, ""instructions"": 35}"
319236,180,180,.text,thumb,False,global-functions,global-functions-3d6ca95892b3-001.asm,"[{""name"": ""_mesa_hash_table_destroy"", ""demangled"": ""_mesa_hash_table_destroy""}]","{""instruction_bytes"": 180, ""instructions"": 68}"
319416,56,56,.text,thumb,False,global-functions,global-functions-3d6ca95892b3-001.asm,"[{""name"": ""_mesa_hash_table_next_entry"", ""demangled"": ""_mesa_hash_table_next_entry""}]","{""instruction_bytes"": 56, ""instructions"": 24}"
319472,4,4,.text,thumb,False,global-functions,global-functions-3d6ca95892b3-001.asm,"[{""name"": ""_mesa_hash_table_set_deleted_key"", ""demangled"": ""_mesa_hash_table_set_deleted_key""}]","{""instruction_bytes"": 4, ""instructions"": 2}"
319476,106,106,.text,thumb,False,global-functions,global-functions-3d6ca95892b3-001.asm,"[{""name"": ""_mesa_hash_table_search"", ""demangled"": ""_mesa_hash_table_search""}]","{""instruction_bytes"": 106, ""instructions"": 44}"
319582,190,190,.text,thumb,False,global-functions,global-functions-3d6ca95892b3-001.asm,"[{""name"": ""_mesa_hash_table_insert"", ""demangled"": ""_mesa_hash_table_insert""}]","{""instruction_bytes"": 190, ""instructions"": 80}"
320004,20,20,.text,thumb,False,global-functions,global-functions-3d6ca95892b3-001.asm,"[{""name"": ""_mesa_hash_table_remove"", ""demangled"": ""_mesa_hash_table_remove""}]","{""instruction_bytes"": 20, ""instructions"": 8}"
320024,132,132,.text,thumb,False,global-functions,global-functions-3d6ca95892b3-001.asm,"[{""name"": ""_mesa_hash_table_random_entry"", ""demangled"": ""_mesa_hash_table_random_entry""}]","{""instruction_bytes"": 132, ""instructions"": 54}"
320156,42,42,.text,thumb,False,global-functions,global-functions-3d6ca95892b3-001.asm,"[{""name"": ""_mesa_hash_data"", ""demangled"": ""_mesa_hash_data""}]","{""instruction_bytes"": 42, ""instructions"": 14}"
320198,40,40,.text,thumb,False,global-functions,global-functions-3d6ca95892b3-001.asm,"[{""name"": ""_mesa_hash_string"", ""demangled"": ""_mesa_hash_string""}]","{""instruction_bytes"": 40, ""instructions"": 15}"
320238,20,20,.text,thumb,False,global-functions,global-functions-3d6ca95892b3-001.asm,"[{""name"": ""_mesa_key_string_equal"", ""demangled"": ""_mesa_key_string_equal""}]","{""instruction_bytes"": 20, ""instructions"": 9}"
320258,12,12,.text,thumb,False,global-functions,global-functions-3d6ca95892b3-001.asm,"[{""name"": ""_mesa_key_pointer_equal"", ""demangled"": ""_mesa_key_pointer_equal""}]","{""instruction_bytes"": 12, ""instructions"": 6}"
320270,6,6,.text,thumb,False,global-functions,global-functions-3d6ca95892b3-001.asm,"[{""name"": ""ralloc_context"", ""demangled"": ""ralloc_context""}]","{""instruction_bytes"": 6, ""instructions"": 2}"
320276,48,48,.text,thumb,False,global-functions,global-functions-3d6ca95892b3-001.asm,"[{""name"": ""ralloc_size"", ""demangled"": ""ralloc_size""}]","{""instruction_bytes"": 48, ""instructions"": 20}"
320324,26,26,.text,thumb,False,global-functions,global-functions-3d6ca95892b3-001.asm,"[{""name"": ""rzalloc_size"", ""demangled"": ""rzalloc_size""}]","{""instruction_bytes"": 26, ""instructions"": 11}"
320350,16,16,.text,thumb,False,global-functions,global-functions-3d6ca95892b3-001.asm,"[{""name"": ""reralloc_size"", ""demangled"": ""reralloc_size""}]","{""instruction_bytes"": 16, ""instructions"": 6}"
320436,52,52,.text,thumb,False,global-functions,global-functions-3d6ca95892b3-001.asm,"[{""name"": ""ralloc_array_size"", ""demangled"": ""ralloc_array_size""}]","{""instruction_bytes"": 52, ""instructions"": 18}"
320488,60,60,.text,thumb,False,global-functions,global-functions-3d6ca95892b3-001.asm,"[{""name"": ""rzalloc_array_size"", ""demangled"": ""rzalloc_array_size""}]","{""instruction_bytes"": 60, ""instructions"": 24}"
320548,72,72,.text,thumb,False,global-functions,global-functions-3d6ca95892b3-001.asm,"[{""name"": ""reralloc_array_size"", ""demangled"": ""reralloc_array_size""}]","{""instruction_bytes"": 72, ""instructions"": 25}"
320620,28,28,.text,thumb,False,global-functions,global-functions-3d6ca95892b3-001.asm,"[{""name"": ""ralloc_free"", ""demangled"": ""ralloc_free""}]","{""instruction_bytes"": 28, ""instructions"": 10}"
320752,56,56,.text,thumb,False,global-functions,global-functions-3d6ca95892b3-001.asm,"[{""name"": ""ralloc_steal"", ""demangled"": ""ralloc_steal""}]","{""instruction_bytes"": 56, ""instructions"": 19}"
320808,18,18,.text,thumb,False,global-functions,global-functions-3d6ca95892b3-001.asm,"[{""name"": ""ralloc_parent"", ""demangled"": ""ralloc_parent""}]","{""instruction_bytes"": 18, ""instructions"": 8}"
320828,64,64,.text,thumb,False,global-functions,global-functions-3d6ca95892b3-001.asm,"[{""name"": ""ralloc_autofree_context"", ""demangled"": ""ralloc_autofree_context""}]","{""instruction_bytes"": 64, ""instructions"": 29}"
320932,6,6,.text,thumb,False,global-functions,global-functions-3d6ca95892b3-001.asm,"[{""name"": ""ralloc_set_destructor"", ""demangled"": ""ralloc_set_destructor""}]","{""instruction_bytes"": 6, ""instructions"": 2}"
320938,58,58,.text,thumb,False,global-functions,global-functions-3d6ca95892b3-001.asm,"[{""name"": ""ralloc_strdup"", ""demangled"": ""ralloc_strdup""}]","{""instruction_bytes"": 58, ""instructions"": 22}"
320996,66,66,.text,thumb,False,global-functions,global-functions-3d6ca95892b3-001.asm,"[{""name"": ""ralloc_strndup"", ""demangled"": ""ralloc_strndup""}]","{""instruction_bytes"": 66, ""instructions"": 26}"
321062,28,28,.text,thumb,False,global-functions,global-functions-3d6ca95892b3-001.asm,"[{""name"": ""ralloc_strcat"", ""demangled"": ""ralloc_strcat""}]","{""instruction_bytes"": 28, ""instructions"": 11}"
321168,44,44,.text,thumb,False,global-functions,global-functions-3d6ca95892b3-001.asm,"[{""name"": ""ralloc_strncat"", ""demangled"": ""ralloc_strncat""}]","{""instruction_bytes"": 44, ""instructions"": 17}"
321212,76,76,.text,thumb,False,global-functions,global-functions-3d6ca95892b3-001.asm,"[{""name"": ""ralloc_asprintf"", ""demangled"": ""ralloc_asprintf""}]","{""instruction_bytes"": 76, ""instructions"": 31}"
321288,108,108,.text,thumb,False,global-functions,global-functions-3d6ca95892b3-001.asm,"[{""name"": ""ralloc_vasprintf"", ""demangled"": ""ralloc_vasprintf""}]","{""instruction_bytes"": 108, ""instructions"": 46}"
321396,64,64,.text,thumb,False,global-functions,global-functions-3d6ca95892b3-001.asm,"[{""name"": ""printf_length"", ""demangled"": ""printf_length""}]","{""instruction_bytes"": 64, ""instructions"": 29}"
321460,76,76,.text,thumb,False,global-functions,global-functions-3d6ca95892b3-001.asm,"[{""name"": ""ralloc_asprintf_append"", ""demangled"": ""ralloc_asprintf_append""}]","{""instruction_bytes"": 76, ""instructions"": 31}"
321536,88,88,.text,thumb,False,global-functions,global-functions-3d6ca95892b3-001.asm,"[{""name"": ""ralloc_vasprintf_append"", ""demangled"": ""ralloc_vasprintf_append""}]","{""instruction_bytes"": 88, ""instructions"": 39}"
321624,156,156,.text,thumb,False,global-functions,global-functions-3d6ca95892b3-001.asm,"[{""name"": ""ralloc_vasprintf_rewrite_tail"", ""demangled"": ""ralloc_vasprintf_rewrite_tail""}]","{""instruction_bytes"": 156, ""instructions"": 64}"
321780,76,76,.text,thumb,False,global-functions,global-functions-3d6ca95892b3-001.asm,"[{""name"": ""ralloc_asprintf_rewrite_tail"", ""demangled"": ""ralloc_asprintf_rewrite_tail""}]","{""instruction_bytes"": 76, ""instructions"": 30}"
321856,88,88,.text,thumb,False,ast_array_specifier,ast_array_specifier-4398a6ef71bb-001.asm,"[{""name"": ""_ZNK19ast_array_specifier5printEv"", ""demangled"": ""ast_array_specifier::print() const""}]","{""instruction_bytes"": 88, ""instructions"": 36}"
321944,1044,1044,.text,thumb,False,global-functions,global-functions-3d6ca95892b3-001.asm,"[{""name"": ""_Z28_mesa_ast_array_index_to_hirPvP22_mesa_glsl_parse_stateP9ir_rvalueS3_R7YYLTYPES5_"", ""demangled"": ""_mesa_ast_array_index_to_hir(void*, _mesa_glsl_parse_state*, ir_rvalue*, ir_rvalue*, YYLTYPE&, YYLTYPE&)""}]","{""instruction_bytes"": 1044, ""instructions"": 445}"
322988,40,40,.text,thumb,False,glsl_type,glsl_type-d21ce1950c82-001.asm,"[{""name"": ""_ZNK9glsl_type8row_typeEv"", ""demangled"": ""glsl_type::row_type() const""}]","{""instruction_bytes"": 40, ""instructions"": 17}"
323028,2,2,.text,thumb,False,exec_node,exec_node-2611a54e88d0-001.asm,"[{""name"": ""_ZN9exec_node18_ralloc_destructorEPv"", ""demangled"": ""exec_node::_ralloc_destructor(void*)""}]","{""instruction_bytes"": 2, ""instructions"": 1}"
323032,16,16,.text,thumb,False,ast_expression,ast_expression-8fa05279fc6c-001.asm,"[{""name"": ""_ZN14ast_expression15operator_stringE13ast_operators"", ""demangled"": ""ast_expression::operator_string(ast_operators)""}]","{""instruction_bytes"": 16, ""instructions"": 7}"
323048,36,36,.text,thumb,False,ast_expression_bin,ast_expression_bin-1bd051347512-001.asm,"[{""name"": ""_ZN18ast_expression_binC1EiP14ast_expressionS1_"", ""demangled"": ""ast_expression_bin::ast_expression_bin(int, ast_expression*, ast_expression*)""}, {""name"": ""_ZN18ast_expression_binC2EiP14ast_expressionS1_"", ""demangled"": ""ast_expression_bin::ast_expression_bin(int, ast_expression*, ast_expression*)""}]","{""instruction_bytes"": 36, ""instructions"": 15}"
323084,52,52,.text,thumb,False,ast_expression_bin,ast_expression_bin-1bd051347512-001.asm,"[{""name"": ""_ZNK18ast_expression_bin5printEv"", ""demangled"": ""ast_expression_bin::print() const""}]","{""instruction_bytes"": 52, ""instructions"": 23}"
323136,184,184,.text,thumb,False,global-functions,global-functions-3d6ca95892b3-001.asm,"[{""name"": ""_Z16prototype_stringPK9glsl_typePKcP9exec_list"", ""demangled"": ""prototype_string(glsl_type const*, char const*, exec_list*)""}]","{""instruction_bytes"": 184, ""instructions"": 82}"
323320,48,48,.text,thumb,False,global-functions,global-functions-3d6ca95892b3-001.asm,"[{""name"": ""_Z23single_scalar_parameterP9exec_list"", ""demangled"": ""single_scalar_parameter(exec_list*)""}]","{""instruction_bytes"": 48, ""instructions"": 22}"
323368,1060,1060,.text,thumb,False,global-functions,global-functions-3d6ca95892b3-001.asm,"[{""name"": ""_Z30emit_inline_vector_constructorPK9glsl_typejP9exec_listS3_Pv"", ""demangled"": ""emit_inline_vector_constructor(glsl_type const*, unsigned int, exec_list*, exec_list*, void*)""}]","{""instruction_bytes"": 1060, ""instructions"": 421}"
324428,220,220,.text,thumb,False,global-functions,global-functions-3d6ca95892b3-001.asm,"[{""name"": ""_Z23assign_to_matrix_columnP11ir_variablejjP9ir_rvaluejjPv"", ""demangled"": ""assign_to_matrix_column(ir_variable*, unsigned int, unsigned int, ir_rvalue*, unsigned int, unsigned int, void*)""}]","{""instruction_bytes"": 220, ""instructions"": 88}"
324648,2300,2300,.text,thumb,False,global-functions,global-functions-3d6ca95892b3-001.asm,"[{""name"": ""_Z30emit_inline_matrix_constructorPK9glsl_typeiP9exec_listS3_Pv"", ""demangled"": ""emit_inline_matrix_constructor(glsl_type const*, int, exec_list*, exec_list*, void*)""}]","{""instruction_bytes"": 2300, ""instructions"": 896}"
326948,40,40,.text,thumb,False,glsl_type,glsl_type-d21ce1950c82-001.asm,"[{""name"": ""_ZNK9glsl_type11column_typeEv"", ""demangled"": ""glsl_type::column_type() const""}]","{""instruction_bytes"": 40, ""instructions"": 17}"
326988,304,304,.text,thumb,False,global-functions,global-functions-3d6ca95892b3-001.asm,"[{""name"": ""_Z30emit_inline_record_constructorPK9glsl_typeP9exec_listS3_Pv"", ""demangled"": ""emit_inline_record_constructor(glsl_type const*, exec_list*, exec_list*, void*)""}]","{""instruction_bytes"": 304, ""instructions"": 125}"
327292,3852,3852,.text,thumb,False,ast_function_expression,ast_function_expression-0a36a63c7ff0-001.asm,"[{""name"": ""_ZN23ast_function_expression3hirEP9exec_listP22_mesa_glsl_parse_state"", ""demangled"": ""ast_function_expression::hir(exec_list*, _mesa_glsl_parse_state*)""}]","{""instruction_bytes"": 3850, ""instructions"": 1514, ""undecoded_bytes"": 2}"
333156,1124,1124,.text,thumb,False,ast_aggregate_initializer,ast_aggregate_initializer-6b0eadee1753-001.asm,"[{""name"": ""_ZN25ast_aggregate_initializer3hirEP9exec_listP22_mesa_glsl_parse_state"", ""demangled"": ""ast_aggregate_initializer::hir(exec_list*, _mesa_glsl_parse_state*)""}]","{""instruction_bytes"": 1124, ""instructions"": 477}"
334632,128,128,.text,thumb,False,ir_call,ir_call-6bb2bf2ea5f9-001.asm,"[{""name"": ""_ZN7ir_callC2EP21ir_function_signatureP23ir_dereference_variableP9exec_list"", ""demangled"": ""ir_call::ir_call(ir_function_signature*, ir_dereference_variable*, exec_list*)""}]","{""instruction_bytes"": 128, ""instructions"": 47}"
334760,708,708,.text,thumb,False,global-functions,global-functions-3d6ca95892b3-001.asm,"[{""name"": ""_Z16_mesa_ast_to_hirP9exec_listP22_mesa_glsl_parse_state"", ""demangled"": ""_mesa_ast_to_hir(exec_list*, _mesa_glsl_parse_state*)""}]","{""instruction_bytes"": 708, ""instructions"": 295}"
335712,200,200,.text,thumb,False,global-functions,global-functions-3d6ca95892b3-001.asm,"[{""name"": ""_Z25apply_implicit_conversionPK9glsl_typeRP9ir_rvalueP22_mesa_glsl_parse_state"", ""demangled"": ""apply_implicit_conversion(glsl_type const*, ir_rvalue*&, _mesa_glsl_parse_state*)""}]","{""instruction_bytes"": 200, ""instructions"": 83}"
335912,308,308,.text,thumb,False,global-functions,global-functions-3d6ca95892b3-001.asm,"[{""name"": ""_Z19validate_assignmentP22_mesa_glsl_parse_state7YYLTYPEPK9glsl_typeP9ir_rvalueb"", ""demangled"": ""validate_assignment(_mesa_glsl_parse_state*, YYLTYPE, glsl_type const*, ir_rvalue*, bool)""}]","{""instruction_bytes"": 308, ""instructions"": 143}"
336220,4,4,.text,thumb,False,ast_node,ast_node-04199a86455e-001.asm,"[{""name"": ""_ZN8ast_node3hirEP9exec_listP22_mesa_glsl_parse_state"", ""demangled"": ""ast_node::hir(exec_list*, _mesa_glsl_parse_state*)""}]","{""instruction_bytes"": 4, ""instructions"": 2}"
336224,6,6,.text,thumb,False,ast_function_expression,ast_function_expression-0a36a63c7ff0-001.asm,"[{""name"": ""_ZN23ast_function_expression13hir_no_rvalueEP9exec_listP22_mesa_glsl_parse_state"", ""demangled"": ""ast_function_expression::hir_no_rvalue(exec_list*, _mesa_glsl_parse_state*)""}]","{""instruction_bytes"": 6, ""instructions"": 3}"
336230,6,6,.text,thumb,False,ast_aggregate_initializer,ast_aggregate_initializer-6b0eadee1753-001.asm,"[{""name"": ""_ZN25ast_aggregate_initializer13hir_no_rvalueEP9exec_listP22_mesa_glsl_parse_state"", ""demangled"": ""ast_aggregate_initializer::hir_no_rvalue(exec_list*, _mesa_glsl_parse_state*)""}]","{""instruction_bytes"": 6, ""instructions"": 3}"
336236,228,228,.text,thumb,False,global-functions,global-functions-3d6ca95892b3-001.asm,"[{""name"": ""_Z26get_scalar_boolean_operandP9exec_listP22_mesa_glsl_parse_stateP14ast_expressioniPKcPb"", ""demangled"": ""get_scalar_boolean_operand(exec_list*, _mesa_glsl_parse_state*, ast_expression*, int, char const*, bool*)""}]","{""instruction_bytes"": 228, ""instructions"": 101}"
336464,168,168,.text,thumb,False,global-functions,global-functions-3d6ca95892b3-001.asm,"[{""name"": ""_Z28check_builtin_array_max_sizePKcj7YYLTYPEP22_mesa_glsl_parse_state"", ""demangled"": ""check_builtin_array_max_size(char const*, unsigned int, YYLTYPE, _mesa_glsl_parse_state*)""}]","{""instruction_bytes"": 168, ""instructions"": 73}"
336632,6,6,.text,thumb,False,ast_expression,ast_expression-8fa05279fc6c-001.asm,"[{""name"": ""_ZN14ast_expression3hirEP9exec_listP22_mesa_glsl_parse_state"", ""demangled"": ""ast_expression::hir(exec_list*, _mesa_glsl_parse_state*)""}]","{""instruction_bytes"": 6, ""instructions"": 2}"
336640,5636,5636,.text,thumb,False,ast_expression,ast_expression-8fa05279fc6c-001.asm,"[{""name"": ""_ZN14ast_expression6do_hirEP9exec_listP22_mesa_glsl_parse_stateb"", ""demangled"": ""ast_expression::do_hir(exec_list*, _mesa_glsl_parse_state*, bool)""}]","{""instruction_bytes"": 5636, ""instructions"": 2275}"
342276,6,6,.text,thumb,False,ast_expression,ast_expression-8fa05279fc6c-001.asm,"[{""name"": ""_ZN14ast_expression13hir_no_rvalueEP9exec_listP22_mesa_glsl_parse_state"", ""demangled"": ""ast_expression::hir_no_rvalue(exec_list*, _mesa_glsl_parse_state*)""}]","{""instruction_bytes"": 6, ""instructions"": 2}"
345980,22,22,.text,thumb,False,ast_expression_statement,ast_expression_statement-cfe9145c5dca-001.asm,"[{""name"": ""_ZN24ast_expression_statement3hirEP9exec_listP22_mesa_glsl_parse_state"", ""demangled"": ""ast_expression_statement::hir(exec_list*, _mesa_glsl_parse_state*)""}]","{""instruction_bytes"": 22, ""instructions"": 10}"
346002,74,74,.text,thumb,False,ast_compound_statement,ast_compound_statement-57f2cc10873a-001.asm,"[{""name"": ""_ZN22ast_compound_statement3hirEP9exec_listP22_mesa_glsl_parse_state"", ""demangled"": ""ast_compound_statement::hir(exec_list*, _mesa_glsl_parse_state*)""}]","{""instruction_bytes"": 74, ""instructions"": 29}"
346076,100,100,.text,thumb,False,ast_type_specifier,ast_type_specifier-51843748f467-001.asm,"[{""name"": ""_ZNK18ast_type_specifier9glsl_typeEPPKcP22_mesa_glsl_parse_state"", ""demangled"": ""ast_type_specifier::glsl_type(char const**, _mesa_glsl_parse_state*) const""}]","{""instruction_bytes"": 100, ""instructions"": 43}"
346660,6,6,.text,thumb,False,ast_fully_specified_type,ast_fully_specified_type-c59582d2b6cd-001.asm,"[{""name"": ""_ZNK24ast_fully_specified_type9glsl_typeEPPKcP22_mesa_glsl_parse_state"", ""demangled"": ""ast_fully_specified_type::glsl_type(char const**, _mesa_glsl_parse_state*) const""}]","{""instruction_bytes"": 6, ""instructions"": 2}"
346668,752,752,.text,thumb,False,global-functions,global-functions-3d6ca95892b3-001.asm,"[{""name"": ""_Z19process_initializerP11ir_variableP15ast_declarationP24ast_fully_specified_typeP9exec_listP22_mesa_glsl_parse_state"", ""demangled"": ""process_initializer(ir_variable*, ast_declaration*, ast_fully_specified_type*, exec_list*, _mesa_glsl_parse_state*)""}]","{""instruction_bytes"": 752, ""instructions"": 308}"
347420,224,224,.text,thumb,False,global-functions,global-functions-3d6ca95892b3-001.asm,"[{""name"": ""_Z19validate_identifierPKc7YYLTYPEP22_mesa_glsl_parse_state"", ""demangled"": ""validate_identifier(char const*, YYLTYPE, _mesa_glsl_parse_state*)""}]","{""instruction_bytes"": 224, ""instructions"": 103}"
347644,2560,2560,.text,thumb,False,ast_declarator_list,ast_declarator_list-c62099dd455c-001.asm,"[{""name"": ""_ZN19ast_declarator_list3hirEP9exec_listP22_mesa_glsl_parse_state"", ""demangled"": ""ast_declarator_list::hir(exec_list*, _mesa_glsl_parse_state*)""}]","{""instruction_bytes"": 2560, ""instructions"": 1036}"
354056,612,612,.text,thumb,False,ast_parameter_declarator,ast_parameter_declarator-9c4d2dc08086-001.asm,"[{""name"": ""_ZN24ast_parameter_declarator3hirEP9exec_listP22_mesa_glsl_parse_state"", ""demangled"": ""ast_parameter_declarator::hir(exec_list*, _mesa_glsl_parse_state*)""}]","{""instruction_bytes"": 612, ""instructions"": 263}"
354668,204,204,.text,thumb,False,ast_parameter_declarator,ast_parameter_declarator-9c4d2dc08086-001.asm,"[{""name"": ""_ZN24ast_parameter_declarator17parameters_to_hirEP9exec_listbS1_P22_mesa_glsl_parse_state"", ""demangled"": ""ast_parameter_declarator::parameters_to_hir(exec_list*, bool, exec_list*, _mesa_glsl_parse_state*)""}]","{""instruction_bytes"": 204, ""instructions"": 89}"
354872,24,24,.text,thumb,False,global-functions,global-functions-3d6ca95892b3-001.asm,"[{""name"": ""_Z13emit_functionP22_mesa_glsl_parse_stateP11ir_function"", ""demangled"": ""emit_function(_mesa_glsl_parse_state*, ir_function*)""}]","{""instruction_bytes"": 24, ""instructions"": 11}"
354896,964,964,.text,thumb,False,ast_function,ast_function-c7d759d346dd-001.asm,"[{""name"": ""_ZN12ast_function3hirEP9exec_listP22_mesa_glsl_parse_state"", ""demangled"": ""ast_function::hir(exec_list*, _mesa_glsl_parse_state*)""}]","{""instruction_bytes"": 964, ""instructions"": 407}"
355860,324,324,.text,thumb,False,ast_function_definition,ast_function_definition-01cba07c2800-001.asm,"[{""name"": ""_ZN23ast_function_definition3hirEP9exec_listP22_mesa_glsl_parse_state"", ""demangled"": ""ast_function_definition::hir(exec_list*, _mesa_glsl_parse_state*)""}]","{""instruction_bytes"": 324, ""instructions"": 132}"
356184,964,964,.text,thumb,False,ast_jump_statement,ast_jump_statement-4d3a9f0397e2-001.asm,"[{""name"": ""_ZN18ast_jump_statement3hirEP9exec_listP22_mesa_glsl_parse_state"", ""demangled"": ""ast_jump_statement::hir(exec_list*, _mesa_glsl_parse_state*)""}]","{""instruction_bytes"": 962, ""instructions"": 412, ""undecoded_bytes"": 2}"
357148,368,368,.text,thumb,False,ast_iteration_statement,ast_iteration_statement-e9c640f9ae68-001.asm,"[{""name"": ""_ZN23ast_iteration_statement16condition_to_hirEP9exec_listP22_mesa_glsl_parse_state"", ""demangled"": ""ast_iteration_statement::condition_to_hir(exec_list*, _mesa_glsl_parse_state*)""}]","{""instruction_bytes"": 368, ""instructions"": 156}"
357516,348,348,.text,thumb,False,ast_selection_statement,ast_selection_statement-1072583c99f1-001.asm,"[{""name"": ""_ZN23ast_selection_statement3hirEP9exec_listP22_mesa_glsl_parse_state"", ""demangled"": ""ast_selection_statement::hir(exec_list*, _mesa_glsl_parse_state*)""}]","{""instruction_bytes"": 348, ""instructions"": 146}"
357864,776,776,.text,thumb,False,ast_switch_statement,ast_switch_statement-acb5a9edb908-001.asm,"[{""name"": ""_ZN20ast_switch_statement3hirEP9exec_listP22_mesa_glsl_parse_state"", ""demangled"": ""ast_switch_statement::hir(exec_list*, _mesa_glsl_parse_state*)""}]","{""instruction_bytes"": 776, ""instructions"": 313}"
358640,200,200,.text,thumb,False,ast_switch_statement,ast_switch_statement-acb5a9edb908-001.asm,"[{""name"": ""_ZN20ast_switch_statement11test_to_hirEP9exec_listP22_mesa_glsl_parse_state"", ""demangled"": ""ast_switch_statement::test_to_hir(exec_list*, _mesa_glsl_parse_state*)""}]","{""instruction_bytes"": 200, ""instructions"": 81}"
358840,22,22,.text,thumb,False,ast_switch_body,ast_switch_body-00791c04f8e1-001.asm,"[{""name"": ""_ZN15ast_switch_body3hirEP9exec_listP22_mesa_glsl_parse_state"", ""demangled"": ""ast_switch_body::hir(exec_list*, _mesa_glsl_parse_state*)""}]","{""instruction_bytes"": 22, ""instructions"": 10}"
358864,660,660,.text,thumb,False,ast_case_statement_list,ast_case_statement_list-e9ac0b912213-001.asm,"[{""name"": ""_ZN23ast_case_statement_list3hirEP9exec_listP22_mesa_glsl_parse_state"", ""demangled"": ""ast_case_statement_list::hir(exec_list*, _mesa_glsl_parse_state*)""}]","{""instruction_bytes"": 660, ""instructions"": 281}"
359524,332,332,.text,thumb,False,ast_case_statement,ast_case_statement-33e80764d1a9-001.asm,"[{""name"": ""_ZN18ast_case_statement3hirEP9exec_listP22_mesa_glsl_parse_state"", ""demangled"": ""ast_case_statement::hir(exec_list*, _mesa_glsl_parse_state*)""}]","{""instruction_bytes"": 332, ""instructions"": 127}"
359856,46,46,.text,thumb,False,ast_case_label_list,ast_case_label_list-75dbbccf9331-001.asm,"[{""name"": ""_ZN19ast_case_label_list3hirEP9exec_listP22_mesa_glsl_parse_state"", ""demangled"": ""ast_case_label_list::hir(exec_list*, _mesa_glsl_parse_state*)""}]","{""instruction_bytes"": 46, ""instructions"": 20}"
359904,980,980,.text,thumb,False,ast_case_label,ast_case_label-04d9922a5755-001.asm,"[{""name"": ""_ZN14ast_case_label3hirEP9exec_listP22_mesa_glsl_parse_state"", ""demangled"": ""ast_case_label::hir(exec_list*, _mesa_glsl_parse_state*)""}]","{""instruction_bytes"": 980, ""instructions"": 409}"
360884,212,212,.text,thumb,False,ast_iteration_statement,ast_iteration_statement-e9c640f9ae68-001.asm,"[{""name"": ""_ZN23ast_iteration_statement3hirEP9exec_listP22_mesa_glsl_parse_state"", ""demangled"": ""ast_iteration_statement::hir(exec_list*, _mesa_glsl_parse_state*)""}]","{""instruction_bytes"": 212, ""instructions"": 84}"
361096,580,580,.text,thumb,False,ast_type_specifier,ast_type_specifier-51843748f467-001.asm,"[{""name"": ""_ZN18ast_type_specifier3hirEP9exec_listP22_mesa_glsl_parse_state"", ""demangled"": ""ast_type_specifier::hir(exec_list*, _mesa_glsl_parse_state*)""}]","{""instruction_bytes"": 580, ""instructions"": 244}"
361676,1008,1008,.text,thumb,False,global-functions,global-functions-3d6ca95892b3-001.asm,"[{""name"": ""_Z40ast_process_structure_or_interface_blockP9exec_listP22_mesa_glsl_parse_stateS0_R7YYLTYPEPP17glsl_struct_fieldb18glsl_matrix_layoutb16ir_variable_mode"", ""demangled"": ""ast_process_structure_or_interface_block(exec_list*, _mesa_glsl_parse_state*, exec_list*, YYLTYPE&, glsl_struct_field**, bool, glsl_matrix_layout, bool, ir_variable_mode)""}]","{""instruction_bytes"": 1008, ""instructions"": 402}"
362880,432,432,.text,thumb,False,ast_struct_specifier,ast_struct_specifier-6a3a6992f8b5-001.asm,"[{""name"": ""_ZN20ast_struct_specifier3hirEP9exec_listP22_mesa_glsl_parse_state"", ""demangled"": ""ast_struct_specifier::hir(exec_list*, _mesa_glsl_parse_state*)""}]","{""instruction_bytes"": 432, ""instructions"": 183}"
363312,2056,2056,.text,thumb,False,ast_interface_block,ast_interface_block-95bf42b9aa78-001.asm,"[{""name"": ""_ZN19ast_interface_block3hirEP9exec_listP22_mesa_glsl_parse_state"", ""demangled"": ""ast_interface_block::hir(exec_list*, _mesa_glsl_parse_state*)""}]","{""instruction_bytes"": 2056, ""instructions"": 798}"
365368,36,36,.text,thumb,False,ir_variable,ir_variable-57358b68f8fe-001.asm,"[{""name"": ""_ZN11ir_variable21reinit_interface_typeEPK9glsl_type"", ""demangled"": ""ir_variable::reinit_interface_type(glsl_type const*)""}]","{""instruction_bytes"": 36, ""instructions"": 15}"
365404,42,42,.text,thumb,False,ir_variable,ir_variable-57358b68f8fe-001.asm,"[{""name"": ""_ZN11ir_variable19init_interface_typeEPK9glsl_type"", ""demangled"": ""ir_variable::init_interface_type(glsl_type const*)""}]","{""instruction_bytes"": 42, ""instructions"": 20}"
365448,276,276,.text,thumb,False,ast_gs_input_layout,ast_gs_input_layout-8083c79c3763-001.asm,"[{""name"": ""_ZN19ast_gs_input_layout3hirEP9exec_listP22_mesa_glsl_parse_state"", ""demangled"": ""ast_gs_input_layout::hir(exec_list*, _mesa_glsl_parse_state*)""}]","{""instruction_bytes"": 276, ""instructions"": 118}"
365724,576,576,.text,thumb,False,ast_cs_input_layout,ast_cs_input_layout-c3319580caa1-001.asm,"[{""name"": ""_ZN19ast_cs_input_layout3hirEP9exec_listP22_mesa_glsl_parse_state"", ""demangled"": ""ast_cs_input_layout::hir(exec_list*, _mesa_glsl_parse_state*)""}]","{""instruction_bytes"": 576, ""instructions"": 234}"
366300,60,60,.text,thumb,False,ir_builder::deref,ir_builder_deref-47093a210e6f-001.asm,"[{""name"": ""_ZN10ir_builder5derefC2EP11ir_variable"", ""demangled"": ""ir_builder::deref::deref(ir_variable*)""}]","{""instruction_bytes"": 60, ""instructions"": 24}"
366360,34,34,.text,thumb,False,glsl_type,glsl_type-d21ce1950c82-001.asm,"[{""name"": ""_ZNK9glsl_type11atomic_sizeEv"", ""demangled"": ""glsl_type::atomic_size() const""}]","{""instruction_bytes"": 34, ""instructions"": 15}"
366396,68,68,.text,thumb,False,_mesa_glsl_parse_state,mesa_glsl_parse_state-ece8cfc6b8bc-001.asm,"[{""name"": ""_ZN22_mesa_glsl_parse_state39check_explicit_uniform_location_allowedEP7YYLTYPEPK11ir_variable"", ""demangled"": ""_mesa_glsl_parse_state::check_explicit_uniform_location_allowed(YYLTYPE*, ir_variable const*)""}]","{""instruction_bytes"": 68, ""instructions"": 27}"
366464,168,168,.text,thumb,False,_mesa_glsl_parse_state,mesa_glsl_parse_state-ece8cfc6b8bc-001.asm,"[{""name"": ""_ZN22_mesa_glsl_parse_state38check_explicit_attrib_location_allowedEP7YYLTYPEPK11ir_variable"", ""demangled"": ""_mesa_glsl_parse_state::check_explicit_attrib_location_allowed(YYLTYPE*, ir_variable const*)""}]","{""instruction_bytes"": 168, ""instructions"": 74}"
366632,196,196,.text,thumb,False,_mesa_glsl_parse_state,mesa_glsl_parse_state-ece8cfc6b8bc-001.asm,"[{""name"": ""_ZN22_mesa_glsl_parse_state37check_separate_shader_objects_allowedEP7YYLTYPEPK11ir_variable"", ""demangled"": ""_mesa_glsl_parse_state::check_separate_shader_objects_allowed(YYLTYPE*, ir_variable const*)""}]","{""instruction_bytes"": 196, ""instructions"": 89}"
366828,36,36,.text,thumb,False,interface_block_usage_visitor,interface_block_usage_visitor-d8ef592f8032-001.asm,"[{""name"": ""_ZN29interface_block_usage_visitor5visitEP23ir_dereference_variable"", ""demangled"": ""interface_block_usage_visitor::visit(ir_dereference_variable*)""}]","{""instruction_bytes"": 36, ""instructions"": 16}"
366864,48,48,.text,thumb,False,ast_type_specifier,ast_type_specifier-51843748f467-001.asm,"[{""name"": ""_ZNK18ast_type_specifier5printEv"", ""demangled"": ""ast_type_specifier::print() const""}]","{""instruction_bytes"": 48, ""instructions"": 22}"
366912,12,12,.text,thumb,False,ast_fully_specified_type,ast_fully_specified_type-c59582d2b6cd-001.asm,"[{""name"": ""_ZNK24ast_fully_specified_type14has_qualifiersEv"", ""demangled"": ""ast_fully_specified_type::has_qualifiers() const""}]","{""instruction_bytes"": 12, ""instructions"": 5}"
366924,12,12,.text,thumb,False,ast_type_qualifier,ast_type_qualifier-dc6915a6c291-001.asm,"[{""name"": ""_ZNK18ast_type_qualifier17has_interpolationEv"", ""demangled"": ""ast_type_qualifier::has_interpolation() const""}]","{""instruction_bytes"": 12, ""instructions"": 5}"
366936,18,18,.text,thumb,False,ast_type_qualifier,ast_type_qualifier-dc6915a6c291-001.asm,"[{""name"": ""_ZNK18ast_type_qualifier10has_layoutEv"", ""demangled"": ""ast_type_qualifier::has_layout() const""}]","{""instruction_bytes"": 18, ""instructions"": 7}"
366954,12,12,.text,thumb,False,ast_type_qualifier,ast_type_qualifier-dc6915a6c291-001.asm,"[{""name"": ""_ZNK18ast_type_qualifier11has_storageEv"", ""demangled"": ""ast_type_qualifier::has_storage() const""}]","{""instruction_bytes"": 12, ""instructions"": 5}"
366966,12,12,.text,thumb,False,ast_type_qualifier,ast_type_qualifier-dc6915a6c291-001.asm,"[{""name"": ""_ZNK18ast_type_qualifier21has_auxiliary_storageEv"", ""demangled"": ""ast_type_qualifier::has_auxiliary_storage() const""}]","{""instruction_bytes"": 12, ""instructions"": 5}"
366980,60,60,.text,thumb,False,ast_type_qualifier,ast_type_qualifier-dc6915a6c291-001.asm,"[{""name"": ""_ZNK18ast_type_qualifier20interpolation_stringEv"", ""demangled"": ""ast_type_qualifier::interpolation_string() const""}]","{""instruction_bytes"": 60, ""instructions"": 28}"
367040,892,892,.text,thumb,False,ast_type_qualifier,ast_type_qualifier-dc6915a6c291-001.asm,"[{""name"": ""_ZN18ast_type_qualifier15merge_qualifierEP7YYLTYPEP22_mesa_glsl_parse_stateS_"", ""demangled"": ""ast_type_qualifier::merge_qualifier(YYLTYPE*, _mesa_glsl_parse_state*, ast_type_qualifier)""}]","{""instruction_bytes"": 892, ""instructions"": 349}"
367932,832,832,.text,thumb,False,ast_type_qualifier,ast_type_qualifier-dc6915a6c291-001.asm,"[{""name"": ""_ZN18ast_type_qualifier18merge_in_qualifierEP7YYLTYPEP22_mesa_glsl_parse_stateS_RP8ast_node"", ""demangled"": ""ast_type_qualifier::merge_in_qualifier(YYLTYPE*, _mesa_glsl_parse_state*, ast_type_qualifier, ast_node*&)""}]","{""instruction_bytes"": 832, ""instructions"": 341}"
368764,2,2,.text,thumb,False,ast_node,ast_node-04199a86455e-001.asm,"[{""name"": ""_ZN8ast_node18_ralloc_destructorEPv"", ""demangled"": ""ast_node::_ralloc_destructor(void*)""}]","{""instruction_bytes"": 2, ""instructions"": 1}"
368784,396,396,.text,thumb,False,global-functions,global-functions-3d6ca95892b3-001.asm,"[{""name"": ""_Z39_mesa_glsl_initialize_builtin_functionsv"", ""demangled"": ""_mesa_glsl_initialize_builtin_functions()""}]","{""instruction_bytes"": 396, ""instructions"": 163}"
369180,32,32,.text,thumb,False,global-functions,global-functions-3d6ca95892b3-001.asm,"[{""name"": ""_Z36_mesa_glsl_release_builtin_functionsv"", ""demangled"": ""_mesa_glsl_release_builtin_functions()""}]","{""instruction_bytes"": 32, ""instructions"": 14}"
369212,56,56,.text,thumb,False,global-functions,global-functions-3d6ca95892b3-001.asm,"[{""name"": ""_Z32_mesa_glsl_find_builtin_functionP22_mesa_glsl_parse_statePKcP9exec_list"", ""demangled"": ""_mesa_glsl_find_builtin_function(_mesa_glsl_parse_state*, char const*, exec_list*)""}]","{""instruction_bytes"": 56, ""instructions"": 23}"
369268,12,12,.text,thumb,False,global-functions,global-functions-3d6ca95892b3-001.asm,"[{""name"": ""_Z38_mesa_glsl_get_builtin_function_shaderv"", ""demangled"": ""_mesa_glsl_get_builtin_function_shader()""}]","{""instruction_bytes"": 12, ""instructions"": 6}"
404612,4,4,.text,thumb,False,glsl_symbol_table,glsl_symbol_table-d00f3bab1101-001.asm,"[{""name"": ""_ZN17glsl_symbol_table18_ralloc_destructorEPv"", ""demangled"": ""glsl_symbol_table::_ralloc_destructor(void*)""}]","{""instruction_bytes"": 4, ""instructions"": 1}"
407304,60,60,.text,thumb,False,ir_builder::operand,ir_builder_operand-3bd765688817-001.asm,"[{""name"": ""_ZN10ir_builder7operandC2EP11ir_variable"", ""demangled"": ""ir_builder::operand::operand(ir_variable*)""}]","{""instruction_bytes"": 60, ""instructions"": 24}"
442316,1152,1152,.text,thumb,False,global-functions,global-functions-3d6ca95892b3-001.asm,"[{""name"": ""_mesa_glsl_initialize_types"", ""demangled"": ""_mesa_glsl_initialize_types""}]","{""instruction_bytes"": 1152, ""instructions"": 495}"
443468,4836,4836,.text,thumb,False,global-functions,global-functions-3d6ca95892b3-001.asm,"[{""name"": ""_Z31_mesa_glsl_initialize_variablesP9exec_listP22_mesa_glsl_parse_state"", ""demangled"": ""_mesa_glsl_initialize_variables(exec_list*, _mesa_glsl_parse_state*)""}]","{""instruction_bytes"": 4836, ""instructions"": 1860}"
449344,36372,36372,.text,thumb,False,global-functions,global-functions-3d6ca95892b3-001.asm,"[{""name"": ""_Z20_mesa_glsl_lexer_lexP7YYSTYPEP7YYLTYPEPv"", ""demangled"": ""_mesa_glsl_lexer_lex(YYSTYPE*, YYLTYPE*, void*)""}]","{""instruction_bytes"": 36362, ""instructions"": 14452, ""undecoded_bytes"": 10}"
485864,128,128,.text,thumb,False,global-functions,global-functions-3d6ca95892b3-001.asm,"[{""name"": ""_Z31_mesa_glsl_lexer__create_bufferP7__sFILEiPv"", ""demangled"": ""_mesa_glsl_lexer__create_buffer(__sFILE*, int, void*)""}]","{""instruction_bytes"": 128, ""instructions"": 58}"
486480,98,98,.text,thumb,False,global-functions,global-functions-3d6ca95892b3-001.asm,"[{""name"": ""_Z24_mesa_glsl_lexer_restartP7__sFILEPv"", ""demangled"": ""_mesa_glsl_lexer_restart(__sFILE*, void*)""}]","{""instruction_bytes"": 98, ""instructions"": 40}"
486656,106,106,.text,thumb,False,global-functions,global-functions-3d6ca95892b3-001.asm,"[{""name"": ""_Z34_mesa_glsl_lexer__switch_to_bufferP15yy_buffer_statePv"", ""demangled"": ""_mesa_glsl_lexer__switch_to_buffer(yy_buffer_state*, void*)""}]","{""instruction_bytes"": 106, ""instructions"": 45}"
486762,4,4,.text,thumb,False,global-functions,global-functions-3d6ca95892b3-001.asm,"[{""name"": ""_Z22_mesa_glsl_lexer_allocjPv"", ""demangled"": ""_mesa_glsl_lexer_alloc(unsigned int, void*)""}]","{""instruction_bytes"": 4, ""instructions"": 1}"
486766,56,56,.text,thumb,False,global-functions,global-functions-3d6ca95892b3-001.asm,"[{""name"": ""_Z31_mesa_glsl_lexer__delete_bufferP15yy_buffer_statePv"", ""demangled"": ""_mesa_glsl_lexer__delete_buffer(yy_buffer_state*, void*)""}]","{""instruction_bytes"": 56, ""instructions"": 23}"
486822,4,4,.text,thumb,False,global-functions,global-functions-3d6ca95892b3-001.asm,"[{""name"": ""_Z21_mesa_glsl_lexer_freePvS_"", ""demangled"": ""_mesa_glsl_lexer_free(void*, void*)""}]","{""instruction_bytes"": 4, ""instructions"": 1}"
486826,76,76,.text,thumb,False,global-functions,global-functions-3d6ca95892b3-001.asm,"[{""name"": ""_Z30_mesa_glsl_lexer__flush_bufferP15yy_buffer_statePv"", ""demangled"": ""_mesa_glsl_lexer__flush_buffer(yy_buffer_state*, void*)""}]","{""instruction_bytes"": 76, ""instructions"": 32}"
486902,98,98,.text,thumb,False,global-functions,global-functions-3d6ca95892b3-001.asm,"[{""name"": ""_Z34_mesa_glsl_lexer_push_buffer_stateP15yy_buffer_statePv"", ""demangled"": ""_mesa_glsl_lexer_push_buffer_state(yy_buffer_state*, void*)""}]","{""instruction_bytes"": 98, ""instructions"": 42}"
487000,80,80,.text,thumb,False,global-functions,global-functions-3d6ca95892b3-001.asm,"[{""name"": ""_Z33_mesa_glsl_lexer_pop_buffer_statePv"", ""demangled"": ""_mesa_glsl_lexer_pop_buffer_state(void*)""}]","{""instruction_bytes"": 80, ""instructions"": 35}"
487080,152,152,.text,thumb,False,global-functions,global-functions-3d6ca95892b3-001.asm,"[{""name"": ""_Z29_mesa_glsl_lexer__scan_bufferPcjPv"", ""demangled"": ""_mesa_glsl_lexer__scan_buffer(char*, unsigned int, void*)""}]","{""instruction_bytes"": 152, ""instructions"": 65}"
487232,26,26,.text,thumb,False,global-functions,global-functions-3d6ca95892b3-001.asm,"[{""name"": ""_Z29_mesa_glsl_lexer__scan_stringPKcPv"", ""demangled"": ""_mesa_glsl_lexer__scan_string(char const*, void*)""}]","{""instruction_bytes"": 26, ""instructions"": 10}"
487260,184,184,.text,thumb,False,global-functions,global-functions-3d6ca95892b3-001.asm,"[{""name"": ""_Z28_mesa_glsl_lexer__scan_bytesPKcjPv"", ""demangled"": ""_mesa_glsl_lexer__scan_bytes(char const*, unsigned int, void*)""}]","{""instruction_bytes"": 184, ""instructions"": 85}"
487444,4,4,.text,thumb,False,global-functions,global-functions-3d6ca95892b3-001.asm,"[{""name"": ""_Z26_mesa_glsl_lexer_get_extraPv"", ""demangled"": ""_mesa_glsl_lexer_get_extra(void*)""}]","{""instruction_bytes"": 4, ""instructions"": 2}"
487448,20,20,.text,thumb,False,global-functions,global-functions-3d6ca95892b3-001.asm,"[{""name"": ""_Z27_mesa_glsl_lexer_get_linenoPv"", ""demangled"": ""_mesa_glsl_lexer_get_lineno(void*)""}]","{""instruction_bytes"": 20, ""instructions"": 9}"
487468,20,20,.text,thumb,False,global-functions,global-functions-3d6ca95892b3-001.asm,"[{""name"": ""_Z27_mesa_glsl_lexer_get_columnPv"", ""demangled"": ""_mesa_glsl_lexer_get_column(void*)""}]","{""instruction_bytes"": 20, ""instructions"": 9}"
487488,4,4,.text,thumb,False,global-functions,global-functions-3d6ca95892b3-001.asm,"[{""name"": ""_Z23_mesa_glsl_lexer_get_inPv"", ""demangled"": ""_mesa_glsl_lexer_get_in(void*)""}]","{""instruction_bytes"": 4, ""instructions"": 2}"
487492,4,4,.text,thumb,False,global-functions,global-functions-3d6ca95892b3-001.asm,"[{""name"": ""_Z24_mesa_glsl_lexer_get_outPv"", ""demangled"": ""_mesa_glsl_lexer_get_out(void*)""}]","{""instruction_bytes"": 4, ""instructions"": 2}"
487496,4,4,.text,thumb,False,global-functions,global-functions-3d6ca95892b3-001.asm,"[{""name"": ""_Z25_mesa_glsl_lexer_get_lengPv"", ""demangled"": ""_mesa_glsl_lexer_get_leng(void*)""}]","{""instruction_bytes"": 4, ""instructions"": 2}"
487500,4,4,.text,thumb,False,global-functions,global-functions-3d6ca95892b3-001.asm,"[{""name"": ""_Z25_mesa_glsl_lexer_get_textPv"", ""demangled"": ""_mesa_glsl_lexer_get_text(void*)""}]","{""instruction_bytes"": 4, ""instructions"": 2}"
487504,4,4,.text,thumb,False,global-functions,global-functions-3d6ca95892b3-001.asm,"[{""name"": ""_Z26_mesa_glsl_lexer_set_extraP22_mesa_glsl_parse_statePv"", ""demangled"": ""_mesa_glsl_lexer_set_extra(_mesa_glsl_parse_state*, void*)""}]","{""instruction_bytes"": 4, ""instructions"": 2}"
487508,80,80,.text,thumb,False,global-functions,global-functions-3d6ca95892b3-001.asm,"[{""name"": ""_Z27_mesa_glsl_lexer_set_linenoiPv"", ""demangled"": ""_mesa_glsl_lexer_set_lineno(int, void*)""}]","{""instruction_bytes"": 80, ""instructions"": 38}"
487588,80,80,.text,thumb,False,global-functions,global-functions-3d6ca95892b3-001.asm,"[{""name"": ""_Z27_mesa_glsl_lexer_set_columniPv"", ""demangled"": ""_mesa_glsl_lexer_set_column(int, void*)""}]","{""instruction_bytes"": 80, ""instructions"": 38}"
487668,4,4,.text,thumb,False,global-functions,global-functions-3d6ca95892b3-001.asm,"[{""name"": ""_Z23_mesa_glsl_lexer_set_inP7__sFILEPv"", ""demangled"": ""_mesa_glsl_lexer_set_in(__sFILE*, void*)""}]","{""instruction_bytes"": 4, ""instructions"": 2}"
487672,4,4,.text,thumb,False,global-functions,global-functions-3d6ca95892b3-001.asm,"[{""name"": ""_Z24_mesa_glsl_lexer_set_outP7__sFILEPv"", ""demangled"": ""_mesa_glsl_lexer_set_out(__sFILE*, void*)""}]","{""instruction_bytes"": 4, ""instructions"": 2}"
487676,4,4,.text,thumb,False,global-functions,global-functions-3d6ca95892b3-001.asm,"[{""name"": ""_Z26_mesa_glsl_lexer_get_debugPv"", ""demangled"": ""_mesa_glsl_lexer_get_debug(void*)""}]","{""instruction_bytes"": 4, ""instructions"": 2}"
487680,4,4,.text,thumb,False,global-functions,global-functions-3d6ca95892b3-001.asm,"[{""name"": ""_Z26_mesa_glsl_lexer_set_debugiPv"", ""demangled"": ""_mesa_glsl_lexer_set_debug(int, void*)""}]","{""instruction_bytes"": 4, ""instructions"": 2}"
487684,4,4,.text,thumb,False,global-functions,global-functions-3d6ca95892b3-001.asm,"[{""name"": ""_Z25_mesa_glsl_lexer_get_lvalPv"", ""demangled"": ""_mesa_glsl_lexer_get_lval(void*)""}]","{""instruction_bytes"": 4, ""instructions"": 2}"
487688,4,4,.text,thumb,False,global-functions,global-functions-3d6ca95892b3-001.asm,"[{""name"": ""_Z25_mesa_glsl_lexer_set_lvalP7YYSTYPEPv"", ""demangled"": ""_mesa_glsl_lexer_set_lval(YYSTYPE*, void*)""}]","{""instruction_bytes"": 4, ""instructions"": 2}"
487692,4,4,.text,thumb,False,global-functions,global-functions-3d6ca95892b3-001.asm,"[{""name"": ""_Z25_mesa_glsl_lexer_get_llocPv"", ""demangled"": ""_mesa_glsl_lexer_get_lloc(void*)""}]","{""instruction_bytes"": 4, ""instructions"": 2}"
487696,4,4,.text,thumb,False,global-functions,global-functions-3d6ca95892b3-001.asm,"[{""name"": ""_Z25_mesa_glsl_lexer_set_llocP7YYLTYPEPv"", ""demangled"": ""_mesa_glsl_lexer_set_lloc(YYLTYPE*, void*)""}]","{""instruction_bytes"": 4, ""instructions"": 2}"
487700,50,50,.text,thumb,False,global-functions,global-functions-3d6ca95892b3-001.asm,"[{""name"": ""_Z25_mesa_glsl_lexer_lex_initPPv"", ""demangled"": ""_mesa_glsl_lexer_lex_init(void**)""}]","{""instruction_bytes"": 50, ""instructions"": 21}"
487750,90,90,.text,thumb,False,global-functions,global-functions-3d6ca95892b3-001.asm,"[{""name"": ""_Z31_mesa_glsl_lexer_lex_init_extraP22_mesa_glsl_parse_statePPv"", ""demangled"": ""_mesa_glsl_lexer_lex_init_extra(_mesa_glsl_parse_state*, void**)""}]","{""instruction_bytes"": 90, ""instructions"": 36}"
487840,74,74,.text,thumb,False,global-functions,global-functions-3d6ca95892b3-001.asm,"[{""name"": ""_Z28_mesa_glsl_lexer_lex_destroyPv"", ""demangled"": ""_mesa_glsl_lexer_lex_destroy(void*)""}]","{""instruction_bytes"": 74, ""instructions"": 30}"
487914,4,4,.text,thumb,False,global-functions,global-functions-3d6ca95892b3-001.asm,"[{""name"": ""_Z24_mesa_glsl_lexer_reallocPvjS_"", ""demangled"": ""_mesa_glsl_lexer_realloc(void*, unsigned int, void*)""}]","{""instruction_bytes"": 4, ""instructions"": 1}"
487918,36,36,.text,thumb,False,global-functions,global-functions-3d6ca95892b3-001.asm,"[{""name"": ""_Z21_mesa_glsl_lexer_ctorP22_mesa_glsl_parse_statePKc"", ""demangled"": ""_mesa_glsl_lexer_ctor(_mesa_glsl_parse_state*, char const*)""}]","{""instruction_bytes"": 36, ""instructions"": 14}"
487954,6,6,.text,thumb,False,global-functions,global-functions-3d6ca95892b3-001.asm,"[{""name"": ""_Z21_mesa_glsl_lexer_dtorP22_mesa_glsl_parse_state"", ""demangled"": ""_mesa_glsl_lexer_dtor(_mesa_glsl_parse_state*)""}]","{""instruction_bytes"": 6, ""instructions"": 2}"
487960,22,22,.text,thumb,False,global-functions,global-functions-3d6ca95892b3-001.asm,"[{""name"": ""_Z18glslopt_initialize14glslopt_target"", ""demangled"": ""glslopt_initialize(glslopt_target)""}]","{""instruction_bytes"": 22, ""instructions"": 8}"
487984,132,132,.text,thumb,False,glslopt_ctx,glslopt_ctx-5a7dc1e0fab1-001.asm,"[{""name"": ""_ZN11glslopt_ctxC2E14glslopt_target"", ""demangled"": ""glslopt_ctx::glslopt_ctx(glslopt_target)""}]","{""instruction_bytes"": 132, ""instructions"": 50}"
488116,30,30,.text,thumb,False,global-functions,global-functions-3d6ca95892b3-001.asm,"[{""name"": ""_Z15glslopt_cleanupP11glslopt_ctx"", ""demangled"": ""glslopt_cleanup(glslopt_ctx*)""}]","{""instruction_bytes"": 30, ""instructions"": 10}"
488146,16,16,.text,thumb,False,global-functions,global-functions-3d6ca95892b3-001.asm,"[{""name"": ""_Z33glslopt_set_max_unroll_iterationsP11glslopt_ctxj"", ""demangled"": ""glslopt_set_max_unroll_iterations(glslopt_ctx*, unsigned int)""}]","{""instruction_bytes"": 16, ""instructions"": 7}"
488164,1700,1700,.text,thumb,False,global-functions,global-functions-3d6ca95892b3-001.asm,"[{""name"": ""_Z16glslopt_optimizeP11glslopt_ctx19glslopt_shader_typePKcj"", ""demangled"": ""glslopt_optimize(glslopt_ctx*, glslopt_shader_type, char const*, unsigned int)""}]","{""instruction_bytes"": 1700, ""instructions"": 616}"
489864,144,144,.text,thumb,False,glslopt_shader,glslopt_shader-802eda72a9ae-001.asm,"[{""name"": ""_ZN14glslopt_shaderC2Ev"", ""demangled"": ""glslopt_shader::glslopt_shader()""}]","{""instruction_bytes"": 144, ""instructions"": 58}"
490008,20,20,.text,thumb,False,global-functions,global-functions-3d6ca95892b3-001.asm,"[{""name"": ""_Z21glslopt_shader_deleteP14glslopt_shader"", ""demangled"": ""glslopt_shader_delete(glslopt_shader*)""}]","{""instruction_bytes"": 20, ""instructions"": 7}"
490028,54,54,.text,thumb,False,glslopt_shader,glslopt_shader-802eda72a9ae-001.asm,"[{""name"": ""_ZN14glslopt_shaderD2Ev"", ""demangled"": ""glslopt_shader::~glslopt_shader()""}]","{""instruction_bytes"": 54, ""instructions"": 20}"
490082,8,8,.text,thumb,False,global-functions,global-functions-3d6ca95892b3-001.asm,"[{""name"": ""_Z18glslopt_get_statusP14glslopt_shader"", ""demangled"": ""glslopt_get_status(glslopt_shader*)""}]","{""instruction_bytes"": 8, ""instructions"": 3}"
490090,8,8,.text,thumb,False,global-functions,global-functions-3d6ca95892b3-001.asm,"[{""name"": ""_Z18glslopt_get_outputP14glslopt_shader"", ""demangled"": ""glslopt_get_output(glslopt_shader*)""}]","{""instruction_bytes"": 8, ""instructions"": 3}"
490098,8,8,.text,thumb,False,global-functions,global-functions-3d6ca95892b3-001.asm,"[{""name"": ""_Z22glslopt_get_raw_outputP14glslopt_shader"", ""demangled"": ""glslopt_get_raw_output(glslopt_shader*)""}]","{""instruction_bytes"": 8, ""instructions"": 3}"
490106,8,8,.text,thumb,False,global-functions,global-functions-3d6ca95892b3-001.asm,"[{""name"": ""_Z15glslopt_get_logP14glslopt_shader"", ""demangled"": ""glslopt_get_log(glslopt_shader*)""}]","{""instruction_bytes"": 8, ""instructions"": 3}"
490114,8,8,.text,thumb,False,global-functions,global-functions-3d6ca95892b3-001.asm,"[{""name"": ""_Z30glslopt_shader_get_input_countP14glslopt_shader"", ""demangled"": ""glslopt_shader_get_input_count(glslopt_shader*)""}]","{""instruction_bytes"": 8, ""instructions"": 3}"
490122,8,8,.text,thumb,False,global-functions,global-functions-3d6ca95892b3-001.asm,"[{""name"": ""_Z32glslopt_shader_get_uniform_countP14glslopt_shader"", ""demangled"": ""glslopt_shader_get_uniform_count(glslopt_shader*)""}]","{""instruction_bytes"": 8, ""instructions"": 3}"
490130,8,8,.text,thumb,False,global-functions,global-functions-3d6ca95892b3-001.asm,"[{""name"": ""_Z37glslopt_shader_get_uniform_total_sizeP14glslopt_shader"", ""demangled"": ""glslopt_shader_get_uniform_total_size(glslopt_shader*)""}]","{""instruction_bytes"": 8, ""instructions"": 3}"
490138,8,8,.text,thumb,False,global-functions,global-functions-3d6ca95892b3-001.asm,"[{""name"": ""_Z32glslopt_shader_get_texture_countP14glslopt_shader"", ""demangled"": ""glslopt_shader_get_texture_count(glslopt_shader*)""}]","{""instruction_bytes"": 8, ""instructions"": 3}"
490146,76,76,.text,thumb,False,global-functions,global-functions-3d6ca95892b3-001.asm,"[{""name"": ""_Z29glslopt_shader_get_input_descP14glslopt_shaderiPPKcP18glslopt_basic_typeP17glslopt_precisionPiS8_S8_S8_"", ""demangled"": ""glslopt_shader_get_input_desc(glslopt_shader*, int, char const**, glslopt_basic_type*, glslopt_precision*, int*, int*, int*, int*)""}]","{""instruction_bytes"": 76, ""instructions"": 29}"
490222,54,54,.text,thumb,False,global-functions,global-functions-3d6ca95892b3-001.asm,"[{""name"": ""_Z31glslopt_shader_get_uniform_descP14glslopt_shaderiPPKcP18glslopt_basic_typeP17glslopt_precisionPiS8_S8_S8_"", ""demangled"": ""glslopt_shader_get_uniform_desc(glslopt_shader*, int, char const**, glslopt_basic_type*, glslopt_precision*, int*, int*, int*, int*)""}]","{""instruction_bytes"": 54, ""instructions"": 21}"
490276,76,76,.text,thumb,False,global-functions,global-functions-3d6ca95892b3-001.asm,"[{""name"": ""_Z31glslopt_shader_get_texture_descP14glslopt_shaderiPPKcP18glslopt_basic_typeP17glslopt_precisionPiS8_S8_S8_"", ""demangled"": ""glslopt_shader_get_texture_desc(glslopt_shader*, int, char const**, glslopt_basic_type*, glslopt_precision*, int*, int*, int*, int*)""}]","{""instruction_bytes"": 76, ""instructions"": 29}"
490352,30,30,.text,thumb,False,global-functions,global-functions-3d6ca95892b3-001.asm,"[{""name"": ""_Z24glslopt_shader_get_statsP14glslopt_shaderPiS1_S1_"", ""demangled"": ""glslopt_shader_get_stats(glslopt_shader*, int*, int*, int*)""}]","{""instruction_bytes"": 30, ""instructions"": 10}"
490388,2,2,.text,thumb,False,_mesa_glsl_parse_state,mesa_glsl_parse_state-ece8cfc6b8bc-001.asm,"[{""name"": ""_ZN22_mesa_glsl_parse_state18_ralloc_destructorEPv"", ""demangled"": ""_mesa_glsl_parse_state::_ralloc_destructor(void*)""}]","{""instruction_bytes"": 2, ""instructions"": 1}"
490390,2,2,.text,thumb,False,exec_list,exec_list-42d6522f6fb3-001.asm,"[{""name"": ""_ZN9exec_list18_ralloc_destructorEPv"", ""demangled"": ""exec_list::_ralloc_destructor(void*)""}]","{""instruction_bytes"": 2, ""instructions"": 1}"
491616,18068,18068,.text,thumb,False,global-functions,global-functions-3d6ca95892b3-001.asm,"[{""name"": ""_Z16_mesa_glsl_parseP22_mesa_glsl_parse_state"", ""demangled"": ""_mesa_glsl_parse(_mesa_glsl_parse_state*)""}]","{""instruction_bytes"": 18062, ""instructions"": 6920, ""undecoded_bytes"": 6}"
509712,120,120,.text,thumb,False,_mesa_glsl_parse_state,mesa_glsl_parse_state-ece8cfc6b8bc-001.asm,"[{""name"": ""_ZN22_mesa_glsl_parse_state36check_explicit_attrib_stream_allowedEP7YYLTYPE"", ""demangled"": ""_mesa_glsl_parse_state::check_explicit_attrib_stream_allowed(YYLTYPE*)""}]","{""instruction_bytes"": 120, ""instructions"": 56}"
509832,80,80,.text,thumb,False,ast_array_specifier,ast_array_specifier-4398a6ef71bb-001.asm,"[{""name"": ""_ZN19ast_array_specifierC2ERK7YYLTYPEP14ast_expression"", ""demangled"": ""ast_array_specifier::ast_array_specifier(YYLTYPE const&, ast_expression*)""}]","{""instruction_bytes"": 80, ""instructions"": 33}"
509912,136,136,.text,thumb,False,ast_interface_block,ast_interface_block-95bf42b9aa78-001.asm,"[{""name"": ""_ZN19ast_interface_blockC2E18ast_type_qualifierPKcP19ast_array_specifier"", ""demangled"": ""ast_interface_block::ast_interface_block(ast_type_qualifier, char const*, ast_array_specifier*)""}]","{""instruction_bytes"": 136, ""instructions"": 52}"
510780,76,76,.text,thumb,False,global-functions,global-functions-3d6ca95892b3-001.asm,"[{""name"": ""_Z27glsl_compute_version_stringPvbj"", ""demangled"": ""glsl_compute_version_string(void*, bool, unsigned int)""}]","{""instruction_bytes"": 76, ""instructions"": 29}"
510856,1104,1104,.text,thumb,False,_mesa_glsl_parse_state,mesa_glsl_parse_state-ece8cfc6b8bc-001.asm,"[{""name"": ""_ZN22_mesa_glsl_parse_stateC1EP10gl_context15gl_shader_stagePv"", ""demangled"": ""_mesa_glsl_parse_state::_mesa_glsl_parse_state(gl_context*, gl_shader_stage, void*)""}, {""name"": ""_ZN22_mesa_glsl_parse_stateC2EP10gl_context15gl_shader_stagePv"", ""demangled"": ""_mesa_glsl_parse_state::_mesa_glsl_parse_state(gl_context*, gl_shader_stage, void*)""}]","{""instruction_bytes"": 1102, ""instructions"": 391, ""undecoded_bytes"": 2}"
511960,540,540,.text,thumb,False,global-functions,global-functions-3d6ca95892b3-001.asm,"[{""name"": ""_Z28_mesa_glsl_process_extensionPKcP7YYLTYPES0_S2_P22_mesa_glsl_parse_state"", ""demangled"": ""_mesa_glsl_process_extension(char const*, YYLTYPE*, char const*, YYLTYPE*, _mesa_glsl_parse_state*)""}]","{""instruction_bytes"": 540, ""instructions"": 224}"
512500,396,396,.text,thumb,False,_mesa_glsl_parse_state,mesa_glsl_parse_state-ece8cfc6b8bc-001.asm,"[{""name"": ""_ZN22_mesa_glsl_parse_state13check_versionEjjP7YYLTYPEPKcz"", ""demangled"": ""_mesa_glsl_parse_state::check_version(unsigned int, unsigned int, YYLTYPE*, char const*, ...)""}]","{""instruction_bytes"": 396, ""instructions"": 160}"
512896,80,80,.text,thumb,False,global-functions,global-functions-3d6ca95892b3-001.asm,"[{""name"": ""_Z16_mesa_glsl_errorP7YYLTYPEP22_mesa_glsl_parse_statePKcz"", ""demangled"": ""_mesa_glsl_error(YYLTYPE*, _mesa_glsl_parse_state*, char const*, ...)""}]","{""instruction_bytes"": 78, ""instructions"": 32, ""undecoded_bytes"": 2}"
512976,428,428,.text,thumb,False,_mesa_glsl_parse_state,mesa_glsl_parse_state-ece8cfc6b8bc-001.asm,"[{""name"": ""_ZN22_mesa_glsl_parse_state25process_version_directiveEP7YYLTYPEiPKc"", ""demangled"": ""_mesa_glsl_parse_state::process_version_directive(YYLTYPE*, int, char const*)""}]","{""instruction_bytes"": 428, ""instructions"": 186}"
513404,28,28,.text,thumb,False,global-functions,global-functions-3d6ca95892b3-001.asm,"[{""name"": ""_mesa_shader_stage_to_string"", ""demangled"": ""_mesa_shader_stage_to_string""}]","{""instruction_bytes"": 28, ""instructions"": 13}"
513624,76,76,.text,thumb,False,global-functions,global-functions-3d6ca95892b3-001.asm,"[{""name"": ""_Z18_mesa_glsl_warningPK7YYLTYPEP22_mesa_glsl_parse_statePKcz"", ""demangled"": ""_mesa_glsl_warning(YYLTYPE const*, _mesa_glsl_parse_state*, char const*, ...)""}]","{""instruction_bytes"": 76, ""instructions"": 31}"
513700,34,34,.text,thumb,False,_mesa_glsl_extension,mesa_glsl_extension-b6b5e55b3f9c-001.asm,"[{""name"": ""_ZNK20_mesa_glsl_extension21compatible_with_stateEPK22_mesa_glsl_parse_state"", ""demangled"": ""_mesa_glsl_extension::compatible_with_state(_mesa_glsl_parse_state const*) const""}]","{""instruction_bytes"": 34, ""instructions"": 15}"
513734,32,32,.text,thumb,False,_mesa_glsl_extension,mesa_glsl_extension-b6b5e55b3f9c-001.asm,"[{""name"": ""_ZNK20_mesa_glsl_extension9set_flagsEP22_mesa_glsl_parse_state12ext_behavior"", ""demangled"": ""_mesa_glsl_extension::set_flags(_mesa_glsl_parse_state*, ext_behavior) const""}]","{""instruction_bytes"": 32, ""instructions"": 13}"
513766,186,186,.text,thumb,False,global-functions,global-functions-3d6ca95892b3-001.asm,"[{""name"": ""_Z28_mesa_ast_set_aggregate_typePK9glsl_typeP14ast_expression"", ""demangled"": ""_mesa_ast_set_aggregate_type(glsl_type const*, ast_expression*)""}]","{""instruction_bytes"": 186, ""instructions"": 74}"
513952,296,296,.text,thumb,False,global-functions,global-functions-3d6ca95892b3-001.asm,"[{""name"": ""_Z30_mesa_ast_type_qualifier_printPK18ast_type_qualifier"", ""demangled"": ""_mesa_ast_type_qualifier_print(ast_type_qualifier const*)""}]","{""instruction_bytes"": 296, ""instructions"": 132}"
514248,24,24,.text,thumb,False,ast_node,ast_node-04199a86455e-001.asm,"[{""name"": ""_ZNK8ast_node5printEv"", ""demangled"": ""ast_node::print() const""}]","{""instruction_bytes"": 24, ""instructions"": 11}"
514272,36,36,.text,thumb,False,ast_node,ast_node-04199a86455e-001.asm,"[{""name"": ""_ZN8ast_nodeC1Ev"", ""demangled"": ""ast_node::ast_node()""}, {""name"": ""_ZN8ast_nodeC2Ev"", ""demangled"": ""ast_node::ast_node()""}]","{""instruction_bytes"": 36, ""instructions"": 14}"
514308,52,52,.text,thumb,False,ast_compound_statement,ast_compound_statement-57f2cc10873a-001.asm,"[{""name"": ""_ZNK22ast_compound_statement5printEv"", ""demangled"": ""ast_compound_statement::print() const""}]","{""instruction_bytes"": 52, ""instructions"": 22}"
514360,84,84,.text,thumb,False,ast_compound_statement,ast_compound_statement-57f2cc10873a-001.asm,"[{""name"": ""_ZN22ast_compound_statementC1EiP8ast_node"", ""demangled"": ""ast_compound_statement::ast_compound_statement(int, ast_node*)""}, {""name"": ""_ZN22ast_compound_statementC2EiP8ast_node"", ""demangled"": ""ast_compound_statement::ast_compound_statement(int, ast_node*)""}]","{""instruction_bytes"": 84, ""instructions"": 34}"
514444,636,636,.text,thumb,False,ast_expression,ast_expression-8fa05279fc6c-001.asm,"[{""name"": ""_ZNK14ast_expression5printEv"", ""demangled"": ""ast_expression::print() const""}]","{""instruction_bytes"": 636, ""instructions"": 274}"
515080,80,80,.text,thumb,False,ast_expression,ast_expression-8fa05279fc6c-001.asm,"[{""name"": ""_ZN14ast_expressionC1EiPS_S0_S0_"", ""demangled"": ""ast_expression::ast_expression(int, ast_expression*, ast_expression*, ast_expression*)""}, {""name"": ""_ZN14ast_expressionC2EiPS_S0_S0_"", ""demangled"": ""ast_expression::ast_expression(int, ast_expression*, ast_expression*, ast_expression*)""}]","{""instruction_bytes"": 80, ""instructions"": 32}"
515160,28,28,.text,thumb,False,ast_expression_statement,ast_expression_statement-cfe9145c5dca-001.asm,"[{""name"": ""_ZNK24ast_expression_statement5printEv"", ""demangled"": ""ast_expression_statement::print() const""}]","{""instruction_bytes"": 28, ""instructions"": 12}"
515188,36,36,.text,thumb,False,ast_expression_statement,ast_expression_statement-cfe9145c5dca-001.asm,"[{""name"": ""_ZN24ast_expression_statementC1EP14ast_expression"", ""demangled"": ""ast_expression_statement::ast_expression_statement(ast_expression*)""}, {""name"": ""_ZN24ast_expression_statementC2EP14ast_expression"", ""demangled"": ""ast_expression_statement::ast_expression_statement(ast_expression*)""}]","{""instruction_bytes"": 36, ""instructions"": 16}"
515224,64,64,.text,thumb,False,ast_function,ast_function-c7d759d346dd-001.asm,"[{""name"": ""_ZNK12ast_function5printEv"", ""demangled"": ""ast_function::print() const""}]","{""instruction_bytes"": 64, ""instructions"": 28}"
515288,60,60,.text,thumb,False,ast_function,ast_function-c7d759d346dd-001.asm,"[{""name"": ""_ZN12ast_functionC1Ev"", ""demangled"": ""ast_function::ast_function()""}, {""name"": ""_ZN12ast_functionC2Ev"", ""demangled"": ""ast_function::ast_function()""}]","{""instruction_bytes"": 60, ""instructions"": 24}"
515348,26,26,.text,thumb,False,ast_fully_specified_type,ast_fully_specified_type-c59582d2b6cd-001.asm,"[{""name"": ""_ZNK24ast_fully_specified_type5printEv"", ""demangled"": ""ast_fully_specified_type::print() const""}]","{""instruction_bytes"": 26, ""instructions"": 10}"
515376,44,44,.text,thumb,False,ast_parameter_declarator,ast_parameter_declarator-9c4d2dc08086-001.asm,"[{""name"": ""_ZNK24ast_parameter_declarator5printEv"", ""demangled"": ""ast_parameter_declarator::print() const""}]","{""instruction_bytes"": 44, ""instructions"": 20}"
515420,26,26,.text,thumb,False,ast_function_definition,ast_function_definition-01cba07c2800-001.asm,"[{""name"": ""_ZNK23ast_function_definition5printEv"", ""demangled"": ""ast_function_definition::print() const""}]","{""instruction_bytes"": 26, ""instructions"": 12}"
515448,56,56,.text,thumb,False,ast_declaration,ast_declaration-a02e59758b10-001.asm,"[{""name"": ""_ZNK15ast_declaration5printEv"", ""demangled"": ""ast_declaration::print() const""}]","{""instruction_bytes"": 56, ""instructions"": 25}"
515504,56,56,.text,thumb,False,ast_declaration,ast_declaration-a02e59758b10-001.asm,"[{""name"": ""_ZN15ast_declarationC1EPKcP19ast_array_specifierP14ast_expression"", ""demangled"": ""ast_declaration::ast_declaration(char const*, ast_array_specifier*, ast_expression*)""}, {""name"": ""_ZN15ast_declarationC2EPKcP19ast_array_specifierP14ast_expression"", ""demangled"": ""ast_declaration::ast_declaration(char const*, ast_array_specifier*, ast_expression*)""}]","{""instruction_bytes"": 56, ""instructions"": 22}"
515560,144,144,.text,thumb,False,ast_declarator_list,ast_declarator_list-c62099dd455c-001.asm,"[{""name"": ""_ZNK19ast_declarator_list5printEv"", ""demangled"": ""ast_declarator_list::print() const""}]","{""instruction_bytes"": 144, ""instructions"": 58}"
515704,56,56,.text,thumb,False,ast_declarator_list,ast_declarator_list-c62099dd455c-001.asm,"[{""name"": ""_ZN19ast_declarator_listC1EP24ast_fully_specified_type"", ""demangled"": ""ast_declarator_list::ast_declarator_list(ast_fully_specified_type*)""}, {""name"": ""_ZN19ast_declarator_listC2EP24ast_fully_specified_type"", ""demangled"": ""ast_declarator_list::ast_declarator_list(ast_fully_specified_type*)""}]","{""instruction_bytes"": 56, ""instructions"": 24}"
515760,124,124,.text,thumb,False,ast_jump_statement,ast_jump_statement-4d3a9f0397e2-001.asm,"[{""name"": ""_ZNK18ast_jump_statement5printEv"", ""demangled"": ""ast_jump_statement::print() const""}]","{""instruction_bytes"": 124, ""instructions"": 52}"
515884,60,60,.text,thumb,False,ast_jump_statement,ast_jump_statement-4d3a9f0397e2-001.asm,"[{""name"": ""_ZN18ast_jump_statementC1EiP14ast_expression"", ""demangled"": ""ast_jump_statement::ast_jump_statement(int, ast_expression*)""}, {""name"": ""_ZN18ast_jump_statementC2EiP14ast_expression"", ""demangled"": ""ast_jump_statement::ast_jump_statement(int, ast_expression*)""}]","{""instruction_bytes"": 60, ""instructions"": 25}"
515944,80,80,.text,thumb,False,ast_selection_statement,ast_selection_statement-1072583c99f1-001.asm,"[{""name"": ""_ZNK23ast_selection_statement5printEv"", ""demangled"": ""ast_selection_statement::print() const""}]","{""instruction_bytes"": 80, ""instructions"": 36}"
516024,56,56,.text,thumb,False,ast_selection_statement,ast_selection_statement-1072583c99f1-001.asm,"[{""name"": ""_ZN23ast_selection_statementC1EP14ast_expressionP8ast_nodeS3_"", ""demangled"": ""ast_selection_statement::ast_selection_statement(ast_expression*, ast_node*, ast_node*)""}, {""name"": ""_ZN23ast_selection_statementC2EP14ast_expressionP8ast_nodeS3_"", ""demangled"": ""ast_selection_statement::ast_selection_statement(ast_expression*, ast_node*, ast_node*)""}]","{""instruction_bytes"": 56, ""instructions"": 22}"
516080,56,56,.text,thumb,False,ast_switch_statement,ast_switch_statement-acb5a9edb908-001.asm,"[{""name"": ""_ZNK20ast_switch_statement5printEv"", ""demangled"": ""ast_switch_statement::print() const""}]","{""instruction_bytes"": 56, ""instructions"": 25}"
516136,48,48,.text,thumb,False,ast_switch_statement,ast_switch_statement-acb5a9edb908-001.asm,"[{""name"": ""_ZN20ast_switch_statementC1EP14ast_expressionP8ast_node"", ""demangled"": ""ast_switch_statement::ast_switch_statement(ast_expression*, ast_node*)""}, {""name"": ""_ZN20ast_switch_statementC2EP14ast_expressionP8ast_node"", ""demangled"": ""ast_switch_statement::ast_switch_statement(ast_expression*, ast_node*)""}]","{""instruction_bytes"": 48, ""instructions"": 20}"
516184,40,40,.text,thumb,False,ast_switch_body,ast_switch_body-00791c04f8e1-001.asm,"[{""name"": ""_ZNK15ast_switch_body5printEv"", ""demangled"": ""ast_switch_body::print() const""}]","{""instruction_bytes"": 40, ""instructions"": 17}"
516224,36,36,.text,thumb,False,ast_switch_body,ast_switch_body-00791c04f8e1-001.asm,"[{""name"": ""_ZN15ast_switch_bodyC1EP23ast_case_statement_list"", ""demangled"": ""ast_switch_body::ast_switch_body(ast_case_statement_list*)""}, {""name"": ""_ZN15ast_switch_bodyC2EP23ast_case_statement_list"", ""demangled"": ""ast_switch_body::ast_switch_body(ast_case_statement_list*)""}]","{""instruction_bytes"": 36, ""instructions"": 16}"
516260,68,68,.text,thumb,False,ast_case_label,ast_case_label-04d9922a5755-001.asm,"[{""name"": ""_ZNK14ast_case_label5printEv"", ""demangled"": ""ast_case_label::print() const""}]","{""instruction_bytes"": 68, ""instructions"": 29}"
516328,36,36,.text,thumb,False,ast_case_label,ast_case_label-04d9922a5755-001.asm,"[{""name"": ""_ZN14ast_case_labelC1EP14ast_expression"", ""demangled"": ""ast_case_label::ast_case_label(ast_expression*)""}, {""name"": ""_ZN14ast_case_labelC2EP14ast_expression"", ""demangled"": ""ast_case_label::ast_case_label(ast_expression*)""}]","{""instruction_bytes"": 34, ""instructions"": 16, ""undecoded_bytes"": 2}"
516364,36,36,.text,thumb,False,ast_case_label_list,ast_case_label_list-75dbbccf9331-001.asm,"[{""name"": ""_ZNK19ast_case_label_list5printEv"", ""demangled"": ""ast_case_label_list::print() const""}]","{""instruction_bytes"": 36, ""instructions"": 15}"
516400,48,48,.text,thumb,False,ast_case_label_list,ast_case_label_list-75dbbccf9331-001.asm,"[{""name"": ""_ZN19ast_case_label_listC1Ev"", ""demangled"": ""ast_case_label_list::ast_case_label_list()""}, {""name"": ""_ZN19ast_case_label_listC2Ev"", ""demangled"": ""ast_case_label_list::ast_case_label_list()""}]","{""instruction_bytes"": 48, ""instructions"": 21}"
516448,44,44,.text,thumb,False,ast_case_statement,ast_case_statement-33e80764d1a9-001.asm,"[{""name"": ""_ZNK18ast_case_statement5printEv"", ""demangled"": ""ast_case_statement::print() const""}]","{""instruction_bytes"": 44, ""instructions"": 20}"
516492,52,52,.text,thumb,False,ast_case_statement,ast_case_statement-33e80764d1a9-001.asm,"[{""name"": ""_ZN18ast_case_statementC1EP19ast_case_label_list"", ""demangled"": ""ast_case_statement::ast_case_statement(ast_case_label_list*)""}, {""name"": ""_ZN18ast_case_statementC2EP19ast_case_label_list"", ""demangled"": ""ast_case_statement::ast_case_statement(ast_case_label_list*)""}]","{""instruction_bytes"": 52, ""instructions"": 23}"
516544,28,28,.text,thumb,False,ast_case_statement_list,ast_case_statement_list-e9ac0b912213-001.asm,"[{""name"": ""_ZNK23ast_case_statement_list5printEv"", ""demangled"": ""ast_case_statement_list::print() const""}]","{""instruction_bytes"": 28, ""instructions"": 13}"
516572,48,48,.text,thumb,False,ast_case_statement_list,ast_case_statement_list-e9ac0b912213-001.asm,"[{""name"": ""_ZN23ast_case_statement_listC1Ev"", ""demangled"": ""ast_case_statement_list::ast_case_statement_list()""}, {""name"": ""_ZN23ast_case_statement_listC2Ev"", ""demangled"": ""ast_case_statement_list::ast_case_statement_list()""}]","{""instruction_bytes"": 48, ""instructions"": 21}"
516620,172,172,.text,thumb,False,ast_iteration_statement,ast_iteration_statement-e9c640f9ae68-001.asm,"[{""name"": ""_ZNK23ast_iteration_statement5printEv"", ""demangled"": ""ast_iteration_statement::print() const""}]","{""instruction_bytes"": 172, ""instructions"": 76}"
516792,60,60,.text,thumb,False,ast_iteration_statement,ast_iteration_statement-e9c640f9ae68-001.asm,"[{""name"": ""_ZN23ast_iteration_statementC1EiP8ast_nodeS1_P14ast_expressionS1_"", ""demangled"": ""ast_iteration_statement::ast_iteration_statement(int, ast_node*, ast_node*, ast_expression*, ast_node*)""}, {""name"": ""_ZN23ast_iteration_statementC2EiP8ast_nodeS1_P14ast_expressionS1_"", ""demangled"": ""ast_iteration_statement::ast_iteration_statement(int, ast_node*, ast_node*, ast_expression*, ast_node*)""}]","{""instruction_bytes"": 60, ""instructions"": 24}"
516852,68,68,.text,thumb,False,ast_struct_specifier,ast_struct_specifier-6a3a6992f8b5-001.asm,"[{""name"": ""_ZNK20ast_struct_specifier5printEv"", ""demangled"": ""ast_struct_specifier::print() const""}]","{""instruction_bytes"": 68, ""instructions"": 30}"
516920,152,152,.text,thumb,False,ast_struct_specifier,ast_struct_specifier-6a3a6992f8b5-001.asm,"[{""name"": ""_ZN20ast_struct_specifierC1EPKcP19ast_declarator_list"", ""demangled"": ""ast_struct_specifier::ast_struct_specifier(char const*, ast_declarator_list*)""}, {""name"": ""_ZN20ast_struct_specifierC2EPKcP19ast_declarator_list"", ""demangled"": ""ast_struct_specifier::ast_struct_specifier(char const*, ast_declarator_list*)""}]","{""instruction_bytes"": 152, ""instructions"": 61}"
517072,824,824,.text,thumb,False,global-functions,global-functions-3d6ca95892b3-001.asm,"[{""name"": ""_mesa_glsl_compile_shader"", ""demangled"": ""_mesa_glsl_compile_shader""}]","{""instruction_bytes"": 824, ""instructions"": 304}"
517896,402,402,.text,thumb,False,global-functions,global-functions-3d6ca95892b3-001.asm,"[{""name"": ""_Z22do_common_optimizationP9exec_listbbPK26gl_shader_compiler_optionsb"", ""demangled"": ""do_common_optimization(exec_list*, bool, bool, gl_shader_compiler_options const*, bool)""}]","{""instruction_bytes"": 402, ""instructions"": 151}"
518298,16,16,.text,thumb,False,global-functions,global-functions-3d6ca95892b3-001.asm,"[{""name"": ""_mesa_destroy_shader_compiler"", ""demangled"": ""_mesa_destroy_shader_compiler""}]","{""instruction_bytes"": 16, ""instructions"": 5}"
518314,4,4,.text,thumb,False,global-functions,global-functions-3d6ca95892b3-001.asm,"[{""name"": ""_mesa_destroy_shader_compiler_caches"", ""demangled"": ""_mesa_destroy_shader_compiler_caches""}]","{""instruction_bytes"": 4, ""instructions"": 1}"
518318,2,2,.text,thumb,False,ast_type_qualifier,ast_type_qualifier-dc6915a6c291-001.asm,"[{""name"": ""_ZN18ast_type_qualifier18_ralloc_destructorEPv"", ""demangled"": ""ast_type_qualifier::_ralloc_destructor(void*)""}]","{""instruction_bytes"": 2, ""instructions"": 1}"
518320,28,28,.text,thumb,False,glsl_symbol_table,glsl_symbol_table-d00f3bab1101-001.asm,"[{""name"": ""_ZN17glsl_symbol_tableC1Ev"", ""demangled"": ""glsl_symbol_table::glsl_symbol_table()""}, {""name"": ""_ZN17glsl_symbol_tableC2Ev"", ""demangled"": ""glsl_symbol_table::glsl_symbol_table()""}]","{""instruction_bytes"": 28, ""instructions"": 12}"
518348,22,22,.text,thumb,False,glsl_symbol_table,glsl_symbol_table-d00f3bab1101-001.asm,"[{""name"": ""_ZN17glsl_symbol_tableD1Ev"", ""demangled"": ""glsl_symbol_table::~glsl_symbol_table()""}, {""name"": ""_ZN17glsl_symbol_tableD2Ev"", ""demangled"": ""glsl_symbol_table::~glsl_symbol_table()""}]","{""instruction_bytes"": 22, ""instructions"": 9}"
518370,6,6,.text,thumb,False,glsl_symbol_table,glsl_symbol_table-d00f3bab1101-001.asm,"[{""name"": ""_ZN17glsl_symbol_table10push_scopeEv"", ""demangled"": ""glsl_symbol_table::push_scope()""}]","{""instruction_bytes"": 6, ""instructions"": 2}"
518376,6,6,.text,thumb,False,glsl_symbol_table,glsl_symbol_table-d00f3bab1101-001.asm,"[{""name"": ""_ZN17glsl_symbol_table9pop_scopeEv"", ""demangled"": ""glsl_symbol_table::pop_scope()""}]","{""instruction_bytes"": 6, ""instructions"": 2}"
518382,28,28,.text,thumb,False,glsl_symbol_table,glsl_symbol_table-d00f3bab1101-001.asm,"[{""name"": ""_ZN17glsl_symbol_table24name_declared_this_scopeEPKc"", ""demangled"": ""glsl_symbol_table::name_declared_this_scope(char const*)""}]","{""instruction_bytes"": 28, ""instructions"": 12}"
518412,208,208,.text,thumb,False,glsl_symbol_table,glsl_symbol_table-d00f3bab1101-001.asm,"[{""name"": ""_ZN17glsl_symbol_table12add_variableEP11ir_variable"", ""demangled"": ""glsl_symbol_table::add_variable(ir_variable*)""}]","{""instruction_bytes"": 208, ""instructions"": 81}"
518620,12,12,.text,thumb,False,glsl_symbol_table,glsl_symbol_table-d00f3bab1101-001.asm,"[{""name"": ""_ZN17glsl_symbol_table9get_entryEPKc"", ""demangled"": ""glsl_symbol_table::get_entry(char const*)""}]","{""instruction_bytes"": 12, ""instructions"": 4}"
518632,84,84,.text,thumb,False,glsl_symbol_table,glsl_symbol_table-d00f3bab1101-001.asm,"[{""name"": ""_ZN17glsl_symbol_table8add_typeEPKcPK9glsl_type"", ""demangled"": ""glsl_symbol_table::add_type(char const*, glsl_type const*)""}]","{""instruction_bytes"": 84, ""instructions"": 33}"
518716,156,156,.text,thumb,False,glsl_symbol_table,glsl_symbol_table-d00f3bab1101-001.asm,"[{""name"": ""_ZN17glsl_symbol_table13add_interfaceEPKcPK9glsl_type16ir_variable_mode"", ""demangled"": ""glsl_symbol_table::add_interface(char const*, glsl_type const*, ir_variable_mode)""}]","{""instruction_bytes"": 156, ""instructions"": 63}"
518872,148,148,.text,thumb,False,glsl_symbol_table,glsl_symbol_table-d00f3bab1101-001.asm,"[{""name"": ""_ZN17glsl_symbol_table12add_functionEP11ir_function"", ""demangled"": ""glsl_symbol_table::add_function(ir_function*)""}]","{""instruction_bytes"": 148, ""instructions"": 54}"
519020,76,76,.text,thumb,False,glsl_symbol_table,glsl_symbol_table-d00f3bab1101-001.asm,"[{""name"": ""_ZN17glsl_symbol_table19add_global_functionEP11ir_function"", ""demangled"": ""glsl_symbol_table::add_global_function(ir_function*)""}]","{""instruction_bytes"": 76, ""instructions"": 28}"
519096,26,26,.text,thumb,False,glsl_symbol_table,glsl_symbol_table-d00f3bab1101-001.asm,"[{""name"": ""_ZN17glsl_symbol_table12get_variableEPKc"", ""demangled"": ""glsl_symbol_table::get_variable(char const*)""}]","{""instruction_bytes"": 26, ""instructions"": 11}"
519122,26,26,.text,thumb,False,glsl_symbol_table,glsl_symbol_table-d00f3bab1101-001.asm,"[{""name"": ""_ZN17glsl_symbol_table8get_typeEPKc"", ""demangled"": ""glsl_symbol_table::get_type(char const*)""}]","{""instruction_bytes"": 26, ""instructions"": 11}"
519148,38,38,.text,thumb,False,glsl_symbol_table,glsl_symbol_table-d00f3bab1101-001.asm,"[{""name"": ""_ZN17glsl_symbol_table13get_interfaceEPKc16ir_variable_mode"", ""demangled"": ""glsl_symbol_table::get_interface(char const*, ir_variable_mode)""}]","{""instruction_bytes"": 38, ""instructions"": 16}"
519186,26,26,.text,thumb,False,glsl_symbol_table,glsl_symbol_table-d00f3bab1101-001.asm,"[{""name"": ""_ZN17glsl_symbol_table12get_functionEPKc"", ""demangled"": ""glsl_symbol_table::get_function(char const*)""}]","{""instruction_bytes"": 26, ""instructions"": 11}"
519212,24,24,.text,thumb,False,glsl_symbol_table,glsl_symbol_table-d00f3bab1101-001.asm,"[{""name"": ""_ZN17glsl_symbol_table16disable_variableEPKc"", ""demangled"": ""glsl_symbol_table::disable_variable(char const*)""}]","{""instruction_bytes"": 24, ""instructions"": 10}"
519236,2,2,.text,thumb,False,symbol_table_entry,symbol_table_entry-dd25aefb2af2-001.asm,"[{""name"": ""_ZN18symbol_table_entry18_ralloc_destructorEPv"", ""demangled"": ""symbol_table_entry::_ralloc_destructor(void*)""}]","{""instruction_bytes"": 2, ""instructions"": 1}"
519240,44,44,.text,thumb,False,glsl_type,glsl_type-d21ce1950c82-001.asm,"[{""name"": ""_ZN9glsl_type20init_ralloc_type_ctxEv"", ""demangled"": ""glsl_type::init_ralloc_type_ctx()""}]","{""instruction_bytes"": 44, ""instructions"": 20}"
519284,96,96,.text,thumb,False,glsl_type,glsl_type-d21ce1950c82-001.asm,"[{""name"": ""_ZN9glsl_typeC1Ej14glsl_base_typejjPKc"", ""demangled"": ""glsl_type::glsl_type(unsigned int, glsl_base_type, unsigned int, unsigned int, char const*)""}, {""name"": ""_ZN9glsl_typeC2Ej14glsl_base_typejjPKc"", ""demangled"": ""glsl_type::glsl_type(unsigned int, glsl_base_type, unsigned int, unsigned int, char const*)""}]","{""instruction_bytes"": 96, ""instructions"": 38}"
519380,136,136,.text,thumb,False,glsl_type,glsl_type-d21ce1950c82-001.asm,"[{""name"": ""_ZN9glsl_typeC1Ej14glsl_base_type16glsl_sampler_dimbbjPKc"", ""demangled"": ""glsl_type::glsl_type(unsigned int, glsl_base_type, glsl_sampler_dim, bool, bool, unsigned int, char const*)""}, {""name"": ""_ZN9glsl_typeC2Ej14glsl_base_type16glsl_sampler_dimbbjPKc"", ""demangled"": ""glsl_type::glsl_type(unsigned int, glsl_base_type, glsl_sampler_dim, bool, bool, unsigned int, char const*)""}]","{""instruction_bytes"": 136, ""instructions"": 49}"
519516,240,240,.text,thumb,False,glsl_type,glsl_type-d21ce1950c82-001.asm,"[{""name"": ""_ZN9glsl_typeC1EPK17glsl_struct_fieldjPKc"", ""demangled"": ""glsl_type::glsl_type(glsl_struct_field const*, unsigned int, char const*)""}, {""name"": ""_ZN9glsl_typeC2EPK17glsl_struct_fieldjPKc"", ""demangled"": ""glsl_type::glsl_type(glsl_struct_field const*, unsigned int, char const*)""}]","{""instruction_bytes"": 240, ""instructions"": 100}"
519756,252,252,.text,thumb,False,glsl_type,glsl_type-d21ce1950c82-001.asm,"[{""name"": ""_ZN9glsl_typeC1EPK17glsl_struct_fieldj22glsl_interface_packingPKc"", ""demangled"": ""glsl_type::glsl_type(glsl_struct_field const*, unsigned int, glsl_interface_packing, char const*)""}, {""name"": ""_ZN9glsl_typeC2EPK17glsl_struct_fieldj22glsl_interface_packingPKc"", ""demangled"": ""glsl_type::glsl_type(glsl_struct_field const*, unsigned int, glsl_interface_packing, char const*)""}]","{""instruction_bytes"": 252, ""instructions"": 104}"
520008,62,62,.text,thumb,False,glsl_type,glsl_type-d21ce1950c82-001.asm,"[{""name"": ""_ZNK9glsl_type16contains_samplerEv"", ""demangled"": ""glsl_type::contains_sampler() const""}]","{""instruction_bytes"": 62, ""instructions"": 28}"
520070,70,70,.text,thumb,False,glsl_type,glsl_type-d21ce1950c82-001.asm,"[{""name"": ""_ZNK9glsl_type16contains_integerEv"", ""demangled"": ""glsl_type::contains_integer() const""}]","{""instruction_bytes"": 70, ""instructions"": 32}"
520140,66,66,.text,thumb,False,glsl_type,glsl_type-d21ce1950c82-001.asm,"[{""name"": ""_ZNK9glsl_type15contains_opaqueEv"", ""demangled"": ""glsl_type::contains_opaque() const""}]","{""instruction_bytes"": 66, ""instructions"": 30}"
520208,88,88,.text,thumb,False,glsl_type,glsl_type-d21ce1950c82-001.asm,"[{""name"": ""_ZNK9glsl_type13sampler_indexEv"", ""demangled"": ""glsl_type::sampler_index() const""}]","{""instruction_bytes"": 88, ""instructions"": 38}"
520296,62,62,.text,thumb,False,glsl_type,glsl_type-d21ce1950c82-001.asm,"[{""name"": ""_ZNK9glsl_type14contains_imageEv"", ""demangled"": ""glsl_type::contains_image() const""}]","{""instruction_bytes"": 62, ""instructions"": 28}"
520360,36,36,.text,thumb,False,glsl_type,glsl_type-d21ce1950c82-001.asm,"[{""name"": ""_ZNK9glsl_type13get_base_typeEv"", ""demangled"": ""glsl_type::get_base_type() const""}]","{""instruction_bytes"": 36, ""instructions"": 17}"
520396,72,72,.text,thumb,False,glsl_type,glsl_type-d21ce1950c82-001.asm,"[{""name"": ""_ZNK9glsl_type15get_scalar_typeEv"", ""demangled"": ""glsl_type::get_scalar_type() const""}]","{""instruction_bytes"": 72, ""instructions"": 35}"
520468,72,72,.text,thumb,False,global-functions,global-functions-3d6ca95892b3-001.asm,"[{""name"": ""_mesa_glsl_release_types"", ""demangled"": ""_mesa_glsl_release_types""}]","{""instruction_bytes"": 72, ""instructions"": 34}"
520540,192,192,.text,thumb,False,glsl_type,glsl_type-d21ce1950c82-001.asm,"[{""name"": ""_ZN9glsl_typeC1EPKS_j"", ""demangled"": ""glsl_type::glsl_type(glsl_type const*, unsigned int)""}, {""name"": ""_ZN9glsl_typeC2EPKS_j"", ""demangled"": ""glsl_type::glsl_type(glsl_type const*, unsigned int)""}]","{""instruction_bytes"": 192, ""instructions"": 79}"
520732,156,156,.text,thumb,False,glsl_type,glsl_type-d21ce1950c82-001.asm,"[{""name"": ""_ZN9glsl_type3vecEj"", ""demangled"": ""glsl_type::vec(unsigned int)""}]","{""instruction_bytes"": 156, ""instructions"": 68}"
520888,156,156,.text,thumb,False,glsl_type,glsl_type-d21ce1950c82-001.asm,"[{""name"": ""_ZN9glsl_type4ivecEj"", ""demangled"": ""glsl_type::ivec(unsigned int)""}]","{""instruction_bytes"": 156, ""instructions"": 68}"
521044,156,156,.text,thumb,False,glsl_type,glsl_type-d21ce1950c82-001.asm,"[{""name"": ""_ZN9glsl_type4uvecEj"", ""demangled"": ""glsl_type::uvec(unsigned int)""}]","{""instruction_bytes"": 156, ""instructions"": 68}"
521200,156,156,.text,thumb,False,glsl_type,glsl_type-d21ce1950c82-001.asm,"[{""name"": ""_ZN9glsl_type4bvecEj"", ""demangled"": ""glsl_type::bvec(unsigned int)""}]","{""instruction_bytes"": 156, ""instructions"": 68}"
521356,236,236,.text,thumb,False,glsl_type,glsl_type-d21ce1950c82-001.asm,"[{""name"": ""_ZN9glsl_type12get_instanceEjjj"", ""demangled"": ""glsl_type::get_instance(unsigned int, unsigned int, unsigned int)""}]","{""instruction_bytes"": 236, ""instructions"": 109}"
521592,216,216,.text,thumb,False,glsl_type,glsl_type-d21ce1950c82-001.asm,"[{""name"": ""_ZN9glsl_type18get_array_instanceEPKS_j"", ""demangled"": ""glsl_type::get_array_instance(glsl_type const*, unsigned int)""}]","{""instruction_bytes"": 216, ""instructions"": 98}"
521808,48,48,.text,thumb,False,glsl_type,glsl_type-d21ce1950c82-001.asm,"[{""name"": ""_ZN9glsl_typenwEj"", ""demangled"": ""glsl_type::operator new(unsigned int)""}]","{""instruction_bytes"": 48, ""instructions"": 21}"
521856,204,204,.text,thumb,False,glsl_type,glsl_type-d21ce1950c82-001.asm,"[{""name"": ""_ZNK9glsl_type14record_compareEPKS_"", ""demangled"": ""glsl_type::record_compare(glsl_type const*) const""}]","{""instruction_bytes"": 204, ""instructions"": 81}"
522060,36,36,.text,thumb,False,glsl_type,glsl_type-d21ce1950c82-001.asm,"[{""name"": ""_ZN9glsl_type18record_key_compareEPKvS1_"", ""demangled"": ""glsl_type::record_key_compare(void const*, void const*)""}]","{""instruction_bytes"": 36, ""instructions"": 15}"
522096,152,152,.text,thumb,False,glsl_type,glsl_type-d21ce1950c82-001.asm,"[{""name"": ""_ZN9glsl_type15record_key_hashEPKv"", ""demangled"": ""glsl_type::record_key_hash(void const*)""}]","{""instruction_bytes"": 152, ""instructions"": 62}"
522248,176,176,.text,thumb,False,glsl_type,glsl_type-d21ce1950c82-001.asm,"[{""name"": ""_ZN9glsl_type19get_record_instanceEPK17glsl_struct_fieldjPKc"", ""demangled"": ""glsl_type::get_record_instance(glsl_struct_field const*, unsigned int, char const*)""}]","{""instruction_bytes"": 176, ""instructions"": 79}"
522424,180,180,.text,thumb,False,glsl_type,glsl_type-d21ce1950c82-001.asm,"[{""name"": ""_ZN9glsl_type22get_interface_instanceEPK17glsl_struct_fieldj22glsl_interface_packingPKc"", ""demangled"": ""glsl_type::get_interface_instance(glsl_struct_field const*, unsigned int, glsl_interface_packing, char const*)""}]","{""instruction_bytes"": 180, ""instructions"": 81}"
522604,96,96,.text,thumb,False,glsl_type,glsl_type-d21ce1950c82-001.asm,"[{""name"": ""_ZNK9glsl_type10field_typeEPKc"", ""demangled"": ""glsl_type::field_type(char const*) const""}]","{""instruction_bytes"": 96, ""instructions"": 43}"
522700,56,56,.text,thumb,False,glsl_type,glsl_type-d21ce1950c82-001.asm,"[{""name"": ""_ZNK9glsl_type15field_precisionEPKc"", ""demangled"": ""glsl_type::field_precision(char const*) const""}]","{""instruction_bytes"": 56, ""instructions"": 25}"
522756,58,58,.text,thumb,False,glsl_type,glsl_type-d21ce1950c82-001.asm,"[{""name"": ""_ZNK9glsl_type11field_indexEPKc"", ""demangled"": ""glsl_type::field_index(char const*) const""}]","{""instruction_bytes"": 58, ""instructions"": 25}"
522816,106,106,.text,thumb,False,glsl_type,glsl_type-d21ce1950c82-001.asm,"[{""name"": ""_ZNK9glsl_type15component_slotsEv"", ""demangled"": ""glsl_type::component_slots() const""}]","{""instruction_bytes"": 106, ""instructions"": 40}"
522924,88,88,.text,thumb,False,glsl_type,glsl_type-d21ce1950c82-001.asm,"[{""name"": ""_ZNK9glsl_type17uniform_locationsEv"", ""demangled"": ""glsl_type::uniform_locations() const""}]","{""instruction_bytes"": 88, ""instructions"": 35}"
523012,102,102,.text,thumb,False,glsl_type,glsl_type-d21ce1950c82-001.asm,"[{""name"": ""_ZNK9glsl_type25can_implicitly_convert_toEPKS_P22_mesa_glsl_parse_state"", ""demangled"": ""glsl_type::can_implicitly_convert_to(glsl_type const*, _mesa_glsl_parse_state*) const""}]","{""instruction_bytes"": 102, ""instructions"": 40}"
523116,380,380,.text,thumb,False,glsl_type,glsl_type-d21ce1950c82-001.asm,"[{""name"": ""_ZNK9glsl_type21std140_base_alignmentEb"", ""demangled"": ""glsl_type::std140_base_alignment(bool) const""}]","{""instruction_bytes"": 380, ""instructions"": 150}"
523496,440,440,.text,thumb,False,glsl_type,glsl_type-d21ce1950c82-001.asm,"[{""name"": ""_ZNK9glsl_type11std140_sizeEb"", ""demangled"": ""glsl_type::std140_size(bool) const""}]","{""instruction_bytes"": 440, ""instructions"": 163}"
523936,92,92,.text,thumb,False,glsl_type,glsl_type-d21ce1950c82-001.asm,"[{""name"": ""_ZNK9glsl_type21count_attribute_slotsEv"", ""demangled"": ""glsl_type::count_attribute_slots() const""}]","{""instruction_bytes"": 92, ""instructions"": 36}"
524028,56,56,.text,thumb,False,glsl_type,glsl_type-d21ce1950c82-001.asm,"[{""name"": ""_ZNK9glsl_type21coordinate_componentsEv"", ""demangled"": ""glsl_type::coordinate_components() const""}]","{""instruction_bytes"": 56, ""instructions"": 24}"
524084,688,688,.text,thumb,False,global-functions,global-functions-3d6ca95892b3-001.asm,"[{""name"": ""_Z32_mesa_ast_field_selection_to_hirPK14ast_expressionP9exec_listP22_mesa_glsl_parse_state"", ""demangled"": ""_mesa_ast_field_selection_to_hir(ast_expression const*, exec_list*, _mesa_glsl_parse_state*)""}]","{""instruction_bytes"": 688, ""instructions"": 300}"
524772,52,52,.text,thumb,False,global-functions,global-functions-3d6ca95892b3-001.asm,"[{""name"": ""_Z16higher_precisionP14ir_instructionS0_"", ""demangled"": ""higher_precision(ir_instruction*, ir_instruction*)""}]","{""instruction_bytes"": 52, ""instructions"": 21}"
524824,44,44,.text,thumb,False,global-functions,global-functions-3d6ca95892b3-001.asm,"[{""name"": ""_Z17precision_from_irP14ir_instruction"", ""demangled"": ""precision_from_ir(ir_instruction*)""}]","{""instruction_bytes"": 44, ""instructions"": 21}"
524868,40,40,.text,thumb,False,ir_rvalue,ir_rvalue-07763df82d57-001.asm,"[{""name"": ""_ZN9ir_rvalueC1E12ir_node_type14glsl_precision"", ""demangled"": ""ir_rvalue::ir_rvalue(ir_node_type, glsl_precision)""}, {""name"": ""_ZN9ir_rvalueC2E12ir_node_type14glsl_precision"", ""demangled"": ""ir_rvalue::ir_rvalue(ir_node_type, glsl_precision)""}]","{""instruction_bytes"": 40, ""instructions"": 18}"
524908,4,4,.text,thumb,False,ir_rvalue,ir_rvalue-07763df82d57-001.asm,"[{""name"": ""_ZNK9ir_rvalue7is_zeroEv"", ""demangled"": ""ir_rvalue::is_zero() const""}]","{""instruction_bytes"": 4, ""instructions"": 2}"
524912,4,4,.text,thumb,False,ir_rvalue,ir_rvalue-07763df82d57-001.asm,"[{""name"": ""_ZNK9ir_rvalue6is_oneEv"", ""demangled"": ""ir_rvalue::is_one() const""}]","{""instruction_bytes"": 4, ""instructions"": 2}"
524916,4,4,.text,thumb,False,ir_rvalue,ir_rvalue-07763df82d57-001.asm,"[{""name"": ""_ZNK9ir_rvalue15is_negative_oneEv"", ""demangled"": ""ir_rvalue::is_negative_one() const""}]","{""instruction_bytes"": 4, ""instructions"": 2}"
524920,4,4,.text,thumb,False,ir_rvalue,ir_rvalue-07763df82d57-001.asm,"[{""name"": ""_ZNK9ir_rvalue8is_basisEv"", ""demangled"": ""ir_rvalue::is_basis() const""}]","{""instruction_bytes"": 4, ""instructions"": 2}"
524924,376,376,.text,thumb,False,ir_assignment,ir_assignment-be8229c2f1c5-001.asm,"[{""name"": ""_ZN13ir_assignment7set_lhsEP9ir_rvalue"", ""demangled"": ""ir_assignment::set_lhs(ir_rvalue*)""}]","{""instruction_bytes"": 376, ""instructions"": 143}"
525400,92,92,.text,thumb,False,ir_assignment,ir_assignment-be8229c2f1c5-001.asm,"[{""name"": ""_ZN13ir_assignment22whole_variable_writtenEv"", ""demangled"": ""ir_assignment::whole_variable_written()""}]","{""instruction_bytes"": 92, ""instructions"": 37}"
525492,56,56,.text,thumb,False,ir_assignment,ir_assignment-be8229c2f1c5-001.asm,"[{""name"": ""_ZN13ir_assignmentC1EP14ir_dereferenceP9ir_rvalueS3_j"", ""demangled"": ""ir_assignment::ir_assignment(ir_dereference*, ir_rvalue*, ir_rvalue*, unsigned int)""}, {""name"": ""_ZN13ir_assignmentC2EP14ir_dereferenceP9ir_rvalueS3_j"", ""demangled"": ""ir_assignment::ir_assignment(ir_dereference*, ir_rvalue*, ir_rvalue*, unsigned int)""}]","{""instruction_bytes"": 56, ""instructions"": 20}"
525548,120,120,.text,thumb,False,ir_assignment,ir_assignment-be8229c2f1c5-001.asm,"[{""name"": ""_ZN13ir_assignmentC1EP9ir_rvalueS1_S1_"", ""demangled"": ""ir_assignment::ir_assignment(ir_rvalue*, ir_rvalue*, ir_rvalue*)""}, {""name"": ""_ZN13ir_assignmentC2EP9ir_rvalueS1_S1_"", ""demangled"": ""ir_assignment::ir_assignment(ir_rvalue*, ir_rvalue*, ir_rvalue*)""}]","{""instruction_bytes"": 120, ""instructions"": 47}"
525668,92,92,.text,thumb,False,ir_expression,ir_expression-0f286bb5f5de-001.asm,"[{""name"": ""_ZN13ir_expressionC1EiPK9glsl_typeP9ir_rvalueS4_S4_S4_"", ""demangled"": ""ir_expression::ir_expression(int, glsl_type const*, ir_rvalue*, ir_rvalue*, ir_rvalue*, ir_rvalue*)""}, {""name"": ""_ZN13ir_expressionC2EiPK9glsl_typeP9ir_rvalueS4_S4_S4_"", ""demangled"": ""ir_expression::ir_expression(int, glsl_type const*, ir_rvalue*, ir_rvalue*, ir_rvalue*, ir_rvalue*)""}]","{""instruction_bytes"": 92, ""instructions"": 37}"
525760,264,264,.text,thumb,False,ir_expression,ir_expression-0f286bb5f5de-001.asm,"[{""name"": ""_ZN13ir_expressionC1EiP9ir_rvalue"", ""demangled"": ""ir_expression::ir_expression(int, ir_rvalue*)""}, {""name"": ""_ZN13ir_expressionC2EiP9ir_rvalue"", ""demangled"": ""ir_expression::ir_expression(int, ir_rvalue*)""}]","{""instruction_bytes"": 264, ""instructions"": 118}"
526024,232,232,.text,thumb,False,ir_expression,ir_expression-0f286bb5f5de-001.asm,"[{""name"": ""_ZN13ir_expressionC1EiP9ir_rvalueS1_"", ""demangled"": ""ir_expression::ir_expression(int, ir_rvalue*, ir_rvalue*)""}, {""name"": ""_ZN13ir_expressionC2EiP9ir_rvalueS1_"", ""demangled"": ""ir_expression::ir_expression(int, ir_rvalue*, ir_rvalue*)""}]","{""instruction_bytes"": 232, ""instructions"": 102}"
526256,140,140,.text,thumb,False,ir_expression,ir_expression-0f286bb5f5de-001.asm,"[{""name"": ""_ZN13ir_expressionC1EiP9ir_rvalueS1_S1_"", ""demangled"": ""ir_expression::ir_expression(int, ir_rvalue*, ir_rvalue*, ir_rvalue*)""}, {""name"": ""_ZN13ir_expressionC2EiP9ir_rvalueS1_S1_"", ""demangled"": ""ir_expression::ir_expression(int, ir_rvalue*, ir_rvalue*, ir_rvalue*)""}]","{""instruction_bytes"": 140, ""instructions"": 57}"
526396,36,36,.text,thumb,False,ir_expression,ir_expression-0f286bb5f5de-001.asm,"[{""name"": ""_ZN13ir_expression16get_num_operandsE23ir_expression_operation"", ""demangled"": ""ir_expression::get_num_operands(ir_expression_operation)""}]","{""instruction_bytes"": 36, ""instructions"": 18}"
526432,16,16,.text,thumb,False,ir_expression,ir_expression-0f286bb5f5de-001.asm,"[{""name"": ""_ZN13ir_expression15operator_stringE23ir_expression_operation"", ""demangled"": ""ir_expression::operator_string(ir_expression_operation)""}]","{""instruction_bytes"": 16, ""instructions"": 7}"
526448,16,16,.text,thumb,False,ir_expression,ir_expression-0f286bb5f5de-001.asm,"[{""name"": ""_ZN13ir_expression15operator_stringEv"", ""demangled"": ""ir_expression::operator_string()""}]","{""instruction_bytes"": 16, ""instructions"": 7}"
526464,32,32,.text,thumb,False,global-functions,global-functions-3d6ca95892b3-001.asm,"[{""name"": ""_Z19depth_layout_string15ir_depth_layout"", ""demangled"": ""depth_layout_string(ir_depth_layout)""}]","{""instruction_bytes"": 32, ""instructions"": 15}"
526496,52,52,.text,thumb,False,ir_expression,ir_expression-0f286bb5f5de-001.asm,"[{""name"": ""_ZN13ir_expression12get_operatorEPKc"", ""demangled"": ""ir_expression::get_operator(char const*)""}]","{""instruction_bytes"": 52, ""instructions"": 21}"
526548,56,56,.text,thumb,False,ir_constant,ir_constant-383254ce5fd7-001.asm,"[{""name"": ""_ZN11ir_constantC1Ev"", ""demangled"": ""ir_constant::ir_constant()""}, {""name"": ""_ZN11ir_constantC2Ev"", ""demangled"": ""ir_constant::ir_constant()""}]","{""instruction_bytes"": 56, ""instructions"": 24}"
526604,88,88,.text,thumb,False,ir_constant,ir_constant-383254ce5fd7-001.asm,"[{""name"": ""_ZN11ir_constantC1EPK9glsl_typePK16ir_constant_data"", ""demangled"": ""ir_constant::ir_constant(glsl_type const*, ir_constant_data const*)""}, {""name"": ""_ZN11ir_constantC2EPK9glsl_typePK16ir_constant_data"", ""demangled"": ""ir_constant::ir_constant(glsl_type const*, ir_constant_data const*)""}]","{""instruction_bytes"": 88, ""instructions"": 29}"
526692,132,132,.text,thumb,False,ir_constant,ir_constant-383254ce5fd7-001.asm,"[{""name"": ""_ZN11ir_constantC1Efj"", ""demangled"": ""ir_constant::ir_constant(float, unsigned int)""}, {""name"": ""_ZN11ir_constantC2Efj"", ""demangled"": ""ir_constant::ir_constant(float, unsigned int)""}]","{""instruction_bytes"": 132, ""instructions"": 54}"
526824,124,124,.text,thumb,False,ir_constant,ir_constant-383254ce5fd7-001.asm,"[{""name"": ""_ZN11ir_constantC1Ejj"", ""demangled"": ""ir_constant::ir_constant(unsigned int, unsigned int)""}, {""name"": ""_ZN11ir_constantC2Ejj"", ""demangled"": ""ir_constant::ir_constant(unsigned int, unsigned int)""}]","{""instruction_bytes"": 124, ""instructions"": 52}"
526948,124,124,.text,thumb,False,ir_constant,ir_constant-383254ce5fd7-001.asm,"[{""name"": ""_ZN11ir_constantC1Eij"", ""demangled"": ""ir_constant::ir_constant(int, unsigned int)""}, {""name"": ""_ZN11ir_constantC2Eij"", ""demangled"": ""ir_constant::ir_constant(int, unsigned int)""}]","{""instruction_bytes"": 124, ""instructions"": 52}"
527072,116,116,.text,thumb,False,ir_constant,ir_constant-383254ce5fd7-001.asm,"[{""name"": ""_ZN11ir_constantC1Ebj"", ""demangled"": ""ir_constant::ir_constant(bool, unsigned int)""}, {""name"": ""_ZN11ir_constantC2Ebj"", ""demangled"": ""ir_constant::ir_constant(bool, unsigned int)""}]","{""instruction_bytes"": 116, ""instructions"": 49}"
527188,112,112,.text,thumb,False,ir_constant,ir_constant-383254ce5fd7-001.asm,"[{""name"": ""_ZN11ir_constantC1EPKS_j"", ""demangled"": ""ir_constant::ir_constant(ir_constant const*, unsigned int)""}, {""name"": ""_ZN11ir_constantC2EPKS_j"", ""demangled"": ""ir_constant::ir_constant(ir_constant const*, unsigned int)""}]","{""instruction_bytes"": 112, ""instructions"": 49}"
527300,968,968,.text,thumb,False,ir_constant,ir_constant-383254ce5fd7-001.asm,"[{""name"": ""_ZN11ir_constantC1EPK9glsl_typeP9exec_list"", ""demangled"": ""ir_constant::ir_constant(glsl_type const*, exec_list*)""}, {""name"": ""_ZN11ir_constantC2EPK9glsl_typeP9exec_list"", ""demangled"": ""ir_constant::ir_constant(glsl_type const*, exec_list*)""}]","{""instruction_bytes"": 968, ""instructions"": 339}"
528268,52,52,.text,thumb,False,ir_constant,ir_constant-383254ce5fd7-001.asm,"[{""name"": ""_ZNK11ir_constant18get_uint_componentEj"", ""demangled"": ""ir_constant::get_uint_component(unsigned int) const""}]","{""instruction_bytes"": 52, ""instructions"": 20}"
528320,52,52,.text,thumb,False,ir_constant,ir_constant-383254ce5fd7-001.asm,"[{""name"": ""_ZNK11ir_constant17get_int_componentEj"", ""demangled"": ""ir_constant::get_int_component(unsigned int) const""}]","{""instruction_bytes"": 52, ""instructions"": 20}"
528372,92,92,.text,thumb,False,ir_constant,ir_constant-383254ce5fd7-001.asm,"[{""name"": ""_ZNK11ir_constant19get_float_componentEj"", ""demangled"": ""ir_constant::get_float_component(unsigned int) const""}]","{""instruction_bytes"": 92, ""instructions"": 32}"
528464,58,58,.text,thumb,False,ir_constant,ir_constant-383254ce5fd7-001.asm,"[{""name"": ""_ZNK11ir_constant18get_bool_componentEj"", ""demangled"": ""ir_constant::get_bool_component(unsigned int) const""}]","{""instruction_bytes"": 58, ""instructions"": 23}"
528524,220,220,.text,thumb,False,ir_constant,ir_constant-383254ce5fd7-001.asm,"[{""name"": ""_ZN11ir_constant4zeroEPvPK9glsl_type"", ""demangled"": ""ir_constant::zero(void*, glsl_type const*)""}]","{""instruction_bytes"": 218, ""instructions"": 84, ""undecoded_bytes"": 2}"
528744,26,26,.text,thumb,False,ir_constant,ir_constant-383254ce5fd7-001.asm,"[{""name"": ""_ZNK11ir_constant17get_array_elementEj"", ""demangled"": ""ir_constant::get_array_element(unsigned int) const""}]","{""instruction_bytes"": 26, ""instructions"": 12}"
528770,62,62,.text,thumb,False,ir_constant,ir_constant-383254ce5fd7-001.asm,"[{""name"": ""_ZN11ir_constant16get_record_fieldEPKc"", ""demangled"": ""ir_constant::get_record_field(char const*)""}]","{""instruction_bytes"": 62, ""instructions"": 29}"
528832,324,324,.text,thumb,False,ir_constant,ir_constant-383254ce5fd7-001.asm,"[{""name"": ""_ZN11ir_constant11copy_offsetEPS_i"", ""demangled"": ""ir_constant::copy_offset(ir_constant*, int)""}]","{""instruction_bytes"": 324, ""instructions"": 127}"
529156,276,276,.text,thumb,False,ir_constant,ir_constant-383254ce5fd7-001.asm,"[{""name"": ""_ZN11ir_constant18copy_masked_offsetEPS_ij"", ""demangled"": ""ir_constant::copy_masked_offset(ir_constant*, int, unsigned int)""}]","{""instruction_bytes"": 276, ""instructions"": 106}"
529432,226,226,.text,thumb,False,ir_constant,ir_constant-383254ce5fd7-001.asm,"[{""name"": ""_ZNK11ir_constant9has_valueEPKS_"", ""demangled"": ""ir_constant::has_value(ir_constant const*) const""}]","{""instruction_bytes"": 226, ""instructions"": 93}"
529660,160,160,.text,thumb,False,ir_constant,ir_constant-383254ce5fd7-001.asm,"[{""name"": ""_ZNK11ir_constant8is_valueEfi"", ""demangled"": ""ir_constant::is_value(float, int) const""}]","{""instruction_bytes"": 160, ""instructions"": 61}"
529820,10,10,.text,thumb,False,ir_constant,ir_constant-383254ce5fd7-001.asm,"[{""name"": ""_ZNK11ir_constant7is_zeroEv"", ""demangled"": ""ir_constant::is_zero() const""}]","{""instruction_bytes"": 10, ""instructions"": 5}"
529830,12,12,.text,thumb,False,ir_constant,ir_constant-383254ce5fd7-001.asm,"[{""name"": ""_ZNK11ir_constant6is_oneEv"", ""demangled"": ""ir_constant::is_one() const""}]","{""instruction_bytes"": 12, ""instructions"": 5}"
529842,16,16,.text,thumb,False,ir_constant,ir_constant-383254ce5fd7-001.asm,"[{""name"": ""_ZNK11ir_constant15is_negative_oneEv"", ""demangled"": ""ir_constant::is_negative_one() const""}]","{""instruction_bytes"": 16, ""instructions"": 6}"
529858,158,158,.text,thumb,False,ir_constant,ir_constant-383254ce5fd7-001.asm,"[{""name"": ""_ZNK11ir_constant8is_basisEv"", ""demangled"": ""ir_constant::is_basis() const""}]","{""instruction_bytes"": 158, ""instructions"": 61}"
530016,26,26,.text,thumb,False,ir_constant,ir_constant-383254ce5fd7-001.asm,"[{""name"": ""_ZNK11ir_constant18is_uint16_constantEv"", ""demangled"": ""ir_constant::is_uint16_constant() const""}]","{""instruction_bytes"": 26, ""instructions"": 12}"
530044,36,36,.text,thumb,False,ir_loop,ir_loop-170a9356c96f-001.asm,"[{""name"": ""_ZN7ir_loopC1Ev"", ""demangled"": ""ir_loop::ir_loop()""}, {""name"": ""_ZN7ir_loopC2Ev"", ""demangled"": ""ir_loop::ir_loop()""}]","{""instruction_bytes"": 36, ""instructions"": 16}"
530080,48,48,.text,thumb,False,ir_dereference_variable,ir_dereference_variable-20dac6aed82e-001.asm,"[{""name"": ""_ZN23ir_dereference_variableC1EP11ir_variable"", ""demangled"": ""ir_dereference_variable::ir_dereference_variable(ir_variable*)""}, {""name"": ""_ZN23ir_dereference_variableC2EP11ir_variable"", ""demangled"": ""ir_dereference_variable::ir_dereference_variable(ir_variable*)""}]","{""instruction_bytes"": 48, ""instructions"": 21}"
530128,72,72,.text,thumb,False,ir_dereference_array,ir_dereference_array-34f83a312edc-001.asm,"[{""name"": ""_ZN20ir_dereference_arrayC1EP9ir_rvalueS1_"", ""demangled"": ""ir_dereference_array::ir_dereference_array(ir_rvalue*, ir_rvalue*)""}, {""name"": ""_ZN20ir_dereference_arrayC2EP9ir_rvalueS1_"", ""demangled"": ""ir_dereference_array::ir_dereference_array(ir_rvalue*, ir_rvalue*)""}]","{""instruction_bytes"": 72, ""instructions"": 32}"
530200,72,72,.text,thumb,False,ir_dereference_array,ir_dereference_array-34f83a312edc-001.asm,"[{""name"": ""_ZN20ir_dereference_array9set_arrayEP9ir_rvalue"", ""demangled"": ""ir_dereference_array::set_array(ir_rvalue*)""}]","{""instruction_bytes"": 72, ""instructions"": 29}"
530272,136,136,.text,thumb,False,ir_dereference_array,ir_dereference_array-34f83a312edc-001.asm,"[{""name"": ""_ZN20ir_dereference_arrayC1EP11ir_variableP9ir_rvalue"", ""demangled"": ""ir_dereference_array::ir_dereference_array(ir_variable*, ir_rvalue*)""}, {""name"": ""_ZN20ir_dereference_arrayC2EP11ir_variableP9ir_rvalue"", ""demangled"": ""ir_dereference_array::ir_dereference_array(ir_variable*, ir_rvalue*)""}]","{""instruction_bytes"": 136, ""instructions"": 58}"
530408,100,100,.text,thumb,False,ir_dereference_record,ir_dereference_record-ecdd9413cb0a-001.asm,"[{""name"": ""_ZN21ir_dereference_recordC1EP9ir_rvaluePKc"", ""demangled"": ""ir_dereference_record::ir_dereference_record(ir_rvalue*, char const*)""}, {""name"": ""_ZN21ir_dereference_recordC2EP9ir_rvaluePKc"", ""demangled"": ""ir_dereference_record::ir_dereference_record(ir_rvalue*, char const*)""}]","{""instruction_bytes"": 100, ""instructions"": 42}"
530508,164,164,.text,thumb,False,ir_dereference_record,ir_dereference_record-ecdd9413cb0a-001.asm,"[{""name"": ""_ZN21ir_dereference_recordC1EP11ir_variablePKc"", ""demangled"": ""ir_dereference_record::ir_dereference_record(ir_variable*, char const*)""}, {""name"": ""_ZN21ir_dereference_recordC2EP11ir_variablePKc"", ""demangled"": ""ir_dereference_record::ir_dereference_record(ir_variable*, char const*)""}]","{""instruction_bytes"": 164, ""instructions"": 70}"
530672,38,38,.text,thumb,False,ir_dereference,ir_dereference-79a71d5b0b4e-001.asm,"[{""name"": ""_ZNK14ir_dereference9is_lvalueEv"", ""demangled"": ""ir_dereference::is_lvalue() const""}]","{""instruction_bytes"": 38, ""instructions"": 17}"
530712,16,16,.text,thumb,False,ir_texture,ir_texture-7b719ec7ef09-001.asm,"[{""name"": ""_ZN10ir_texture13opcode_stringEv"", ""demangled"": ""ir_texture::opcode_string()""}]","{""instruction_bytes"": 16, ""instructions"": 7}"
530728,52,52,.text,thumb,False,ir_texture,ir_texture-7b719ec7ef09-001.asm,"[{""name"": ""_ZN10ir_texture10get_opcodeEPKc"", ""demangled"": ""ir_texture::get_opcode(char const*)""}]","{""instruction_bytes"": 52, ""instructions"": 21}"
530780,6,6,.text,thumb,False,ir_texture,ir_texture-7b719ec7ef09-001.asm,"[{""name"": ""_ZN10ir_texture11set_samplerEP14ir_dereferencePK9glsl_type"", ""demangled"": ""ir_texture::set_sampler(ir_dereference*, glsl_type const*)""}]","{""instruction_bytes"": 6, ""instructions"": 3}"
530788,196,196,.text,thumb,False,ir_swizzle,ir_swizzle-cae3ec3ecc45-001.asm,"[{""name"": ""_ZN10ir_swizzle9init_maskEPKjj"", ""demangled"": ""ir_swizzle::init_mask(unsigned int const*, unsigned int)""}]","{""instruction_bytes"": 196, ""instructions"": 71}"
530984,132,132,.text,thumb,False,ir_swizzle,ir_swizzle-cae3ec3ecc45-001.asm,"[{""name"": ""_ZN10ir_swizzleC1EP9ir_rvaluejjjjj"", ""demangled"": ""ir_swizzle::ir_swizzle(ir_rvalue*, unsigned int, unsigned int, unsigned int, unsigned int, unsigned int)""}, {""name"": ""_ZN10ir_swizzleC2EP9ir_rvaluejjjjj"", ""demangled"": ""ir_swizzle::ir_swizzle(ir_rvalue*, unsigned int, unsigned int, unsigned int, unsigned int, unsigned int)""}]","{""instruction_bytes"": 132, ""instructions"": 56}"
531116,76,76,.text,thumb,False,ir_swizzle,ir_swizzle-cae3ec3ecc45-001.asm,"[{""name"": ""_ZN10ir_swizzleC1EP9ir_rvaluePKjj"", ""demangled"": ""ir_swizzle::ir_swizzle(ir_rvalue*, unsigned int const*, unsigned int)""}, {""name"": ""_ZN10ir_swizzleC2EP9ir_rvaluePKjj"", ""demangled"": ""ir_swizzle::ir_swizzle(ir_rvalue*, unsigned int const*, unsigned int)""}]","{""instruction_bytes"": 76, ""instructions"": 32}"
531192,88,88,.text,thumb,False,ir_swizzle,ir_swizzle-cae3ec3ecc45-001.asm,"[{""name"": ""_ZN10ir_swizzleC1EP9ir_rvalue15ir_swizzle_mask"", ""demangled"": ""ir_swizzle::ir_swizzle(ir_rvalue*, ir_swizzle_mask)""}, {""name"": ""_ZN10ir_swizzleC2EP9ir_rvalue15ir_swizzle_mask"", ""demangled"": ""ir_swizzle::ir_swizzle(ir_rvalue*, ir_swizzle_mask)""}]","{""instruction_bytes"": 88, ""instructions"": 38}"
531280,312,312,.text,thumb,False,ir_swizzle,ir_swizzle-cae3ec3ecc45-001.asm,"[{""name"": ""_ZN10ir_swizzle6createEP9ir_rvaluePKcj"", ""demangled"": ""ir_swizzle::create(ir_rvalue*, char const*, unsigned int)""}]","{""instruction_bytes"": 312, ""instructions"": 134}"
531592,8,8,.text,thumb,False,ir_swizzle,ir_swizzle-cae3ec3ecc45-001.asm,"[{""name"": ""_ZNK10ir_swizzle19variable_referencedEv"", ""demangled"": ""ir_swizzle::variable_referenced() const""}]","{""instruction_bytes"": 8, ""instructions"": 4}"
531600,220,220,.text,thumb,False,ir_variable,ir_variable-57358b68f8fe-001.asm,"[{""name"": ""_ZN11ir_variableC1EPK9glsl_typePKc16ir_variable_mode14glsl_precision"", ""demangled"": ""ir_variable::ir_variable(glsl_type const*, char const*, ir_variable_mode, glsl_precision)""}, {""name"": ""_ZN11ir_variableC2EPK9glsl_typePKc16ir_variable_mode14glsl_precision"", ""demangled"": ""ir_variable::ir_variable(glsl_type const*, char const*, ir_variable_mode, glsl_precision)""}]","{""instruction_bytes"": 220, ""instructions"": 92}"
531820,28,28,.text,thumb,False,global-functions,global-functions-3d6ca95892b3-001.asm,"[{""name"": ""_Z20interpolation_stringj"", ""demangled"": ""interpolation_string(unsigned int)""}]","{""instruction_bytes"": 28, ""instructions"": 13}"
531848,32,32,.text,thumb,False,ir_variable,ir_variable-57358b68f8fe-001.asm,"[{""name"": ""_ZN11ir_variable28determine_interpolation_modeEb"", ""demangled"": ""ir_variable::determine_interpolation_mode(bool)""}]","{""instruction_bytes"": 32, ""instructions"": 15}"
531880,56,56,.text,thumb,False,ir_variable,ir_variable-57358b68f8fe-001.asm,"[{""name"": ""_ZN11ir_variable24enable_extension_warningEPKc"", ""demangled"": ""ir_variable::enable_extension_warning(char const*)""}]","{""instruction_bytes"": 56, ""instructions"": 23}"
531936,24,24,.text,thumb,False,ir_variable,ir_variable-57358b68f8fe-001.asm,"[{""name"": ""_ZNK11ir_variable21get_extension_warningEv"", ""demangled"": ""ir_variable::get_extension_warning() const""}]","{""instruction_bytes"": 24, ""instructions"": 11}"
531960,92,92,.text,thumb,False,ir_function_signature,ir_function_signature-16c8a1959d1b-001.asm,"[{""name"": ""_ZN21ir_function_signatureC1EPK9glsl_type14glsl_precisionPFbPK22_mesa_glsl_parse_stateE"", ""demangled"": ""ir_function_signature::ir_function_signature(glsl_type const*, glsl_precision, bool (*)(_mesa_glsl_parse_state const*))""}, {""name"": ""_ZN21ir_function_signatureC2EPK9glsl_type14glsl_precisionPFbPK22_mesa_glsl_parse_stateE"", ""demangled"": ""ir_function_signature::ir_function_signature(glsl_type const*, glsl_precision, bool (*)(_mesa_glsl_parse_state const*))""}]","{""instruction_bytes"": 92, ""instructions"": 31}"
532052,10,10,.text,thumb,False,ir_function_signature,ir_function_signature-16c8a1959d1b-001.asm,"[{""name"": ""_ZNK21ir_function_signature10is_builtinEv"", ""demangled"": ""ir_function_signature::is_builtin() const""}]","{""instruction_bytes"": 10, ""instructions"": 5}"
532062,12,12,.text,thumb,False,ir_function_signature,ir_function_signature-16c8a1959d1b-001.asm,"[{""name"": ""_ZNK21ir_function_signature20is_builtin_availableEPK22_mesa_glsl_parse_state"", ""demangled"": ""ir_function_signature::is_builtin_available(_mesa_glsl_parse_state const*) const""}]","{""instruction_bytes"": 12, ""instructions"": 6}"
532074,156,156,.text,thumb,False,ir_function_signature,ir_function_signature-16c8a1959d1b-001.asm,"[{""name"": ""_ZN21ir_function_signature16qualifiers_matchEP9exec_list"", ""demangled"": ""ir_function_signature::qualifiers_match(exec_list*)""}]","{""instruction_bytes"": 156, ""instructions"": 60}"
532230,76,76,.text,thumb,False,ir_function_signature,ir_function_signature-16c8a1959d1b-001.asm,"[{""name"": ""_ZN21ir_function_signature18replace_parametersEP9exec_list"", ""demangled"": ""ir_function_signature::replace_parameters(exec_list*)""}]","{""instruction_bytes"": 76, ""instructions"": 27}"
532308,52,52,.text,thumb,False,ir_function,ir_function-95ae0a10df32-001.asm,"[{""name"": ""_ZN11ir_functionC1EPKc"", ""demangled"": ""ir_function::ir_function(char const*)""}, {""name"": ""_ZN11ir_functionC2EPKc"", ""demangled"": ""ir_function::ir_function(char const*)""}]","{""instruction_bytes"": 52, ""instructions"": 23}"
532360,32,32,.text,thumb,False,ir_function,ir_function-95ae0a10df32-001.asm,"[{""name"": ""_ZN11ir_function18has_user_signatureEv"", ""demangled"": ""ir_function::has_user_signature()""}]","{""instruction_bytes"": 32, ""instructions"": 16}"
532392,68,68,.text,thumb,False,ir_rvalue,ir_rvalue-07763df82d57-001.asm,"[{""name"": ""_ZN9ir_rvalue11error_valueEPv"", ""demangled"": ""ir_rvalue::error_value(void*)""}]","{""instruction_bytes"": 68, ""instructions"": 31}"
532460,48,48,.text,thumb,False,global-functions,global-functions-3d6ca95892b3-001.asm,"[{""name"": ""_Z15visit_exec_listP9exec_listP10ir_visitor"", ""demangled"": ""visit_exec_list(exec_list*, ir_visitor*)""}]","{""instruction_bytes"": 48, ""instructions"": 24}"
532508,80,80,.text,thumb,False,global-functions,global-functions-3d6ca95892b3-001.asm,"[{""name"": ""_Z11reparent_irP9exec_listPv"", ""demangled"": ""reparent_ir(exec_list*, void*)""}]","{""instruction_bytes"": 80, ""instructions"": 34}"
532724,50,50,.text,thumb,False,ir_rvalue,ir_rvalue-07763df82d57-001.asm,"[{""name"": ""_ZN9ir_rvalue21as_rvalue_to_saturateEv"", ""demangled"": ""ir_rvalue::as_rvalue_to_saturate()""}]","{""instruction_bytes"": 50, ""instructions"": 19}"
532890,44,44,.text,thumb,False,global-functions,global-functions-3d6ca95892b3-001.asm,"[{""name"": ""_Z17vertices_per_primj"", ""demangled"": ""vertices_per_prim(unsigned int)""}]","{""instruction_bytes"": 44, ""instructions"": 22}"
532936,236,236,.text,thumb,False,global-functions,global-functions-3d6ca95892b3-001.asm,"[{""name"": ""_Z11mode_stringPK11ir_variable"", ""demangled"": ""mode_string(ir_variable const*)""}]","{""instruction_bytes"": 236, ""instructions"": 116}"
533172,2,2,.text,thumb,False,ir_instruction,ir_instruction-91788feb7e91-001.asm,"[{""name"": ""_ZN14ir_instructionD2Ev"", ""demangled"": ""ir_instruction::~ir_instruction()""}]","{""instruction_bytes"": 2, ""instructions"": 1}"
533174,2,2,.text,thumb,False,ir_dereference,ir_dereference-79a71d5b0b4e-001.asm,"[{""name"": ""_ZN14ir_dereferenceD0Ev"", ""demangled"": ""ir_dereference::~ir_dereference()""}]","{""instruction_bytes"": 2, ""instructions"": 1}"
533176,12,12,.text,thumb,False,ir_rvalue,ir_rvalue-07763df82d57-001.asm,"[{""name"": ""_ZN9ir_rvalue6acceptEP10ir_visitor"", ""demangled"": ""ir_rvalue::accept(ir_visitor*)""}]","{""instruction_bytes"": 12, ""instructions"": 6}"
533188,4,4,.text,thumb,False,ir_rvalue,ir_rvalue-07763df82d57-001.asm,"[{""name"": ""_ZN9ir_rvalue25whole_variable_referencedEv"", ""demangled"": ""ir_rvalue::whole_variable_referenced()""}]","{""instruction_bytes"": 4, ""instructions"": 2}"
533192,4,4,.text,thumb,False,ir_rvalue,ir_rvalue-07763df82d57-001.asm,"[{""name"": ""_ZNK9ir_rvalue18is_uint16_constantEv"", ""demangled"": ""ir_rvalue::is_uint16_constant() const""}]","{""instruction_bytes"": 4, ""instructions"": 2}"
533196,314,314,.text,thumb,False,global-functions,global-functions-3d6ca95892b3-001.asm,"[{""name"": ""_Z21call_for_basic_blocksP9exec_listPFvP14ir_instructionS2_PvES3_"", ""demangled"": ""call_for_basic_blocks(exec_list*, void (*)(ir_instruction*, ir_instruction*, void*), void*)""}]","{""instruction_bytes"": 314, ""instructions"": 135}"
533510,22,22,.text,thumb,False,ir_builder::ir_factory,ir_builder_ir_factory-b54fe11e62f9-001.asm,"[{""name"": ""_ZN10ir_builder10ir_factory4emitEP14ir_instruction"", ""demangled"": ""ir_builder::ir_factory::emit(ir_instruction*)""}]","{""instruction_bytes"": 22, ""instructions"": 11}"
533532,92,92,.text,thumb,False,ir_builder::ir_factory,ir_builder_ir_factory-b54fe11e62f9-001.asm,"[{""name"": ""_ZN10ir_builder10ir_factory9make_tempEPK9glsl_typePKc14glsl_precision"", ""demangled"": ""ir_builder::ir_factory::make_temp(glsl_type const*, char const*, glsl_precision)""}]","{""instruction_bytes"": 92, ""instructions"": 41}"
533624,68,68,.text,thumb,False,ir_builder,ir_builder-4f84632f938b-001.asm,"[{""name"": ""_ZN10ir_builder6assignENS_5derefENS_7operandES1_i"", ""demangled"": ""ir_builder::assign(ir_builder::deref, ir_builder::operand, ir_builder::operand, int)""}]","{""instruction_bytes"": 68, ""instructions"": 28}"
533692,22,22,.text,thumb,False,ir_builder,ir_builder-4f84632f938b-001.asm,"[{""name"": ""_ZN10ir_builder6assignENS_5derefENS_7operandE"", ""demangled"": ""ir_builder::assign(ir_builder::deref, ir_builder::operand)""}]","{""instruction_bytes"": 22, ""instructions"": 8}"
533714,8,8,.text,thumb,False,ir_builder,ir_builder-4f84632f938b-001.asm,"[{""name"": ""_ZN10ir_builder6assignENS_5derefENS_7operandEi"", ""demangled"": ""ir_builder::assign(ir_builder::deref, ir_builder::operand, int)""}]","{""instruction_bytes"": 8, ""instructions"": 3}"
533722,20,20,.text,thumb,False,ir_builder,ir_builder-4f84632f938b-001.asm,"[{""name"": ""_ZN10ir_builder6assignENS_5derefENS_7operandES1_"", ""demangled"": ""ir_builder::assign(ir_builder::deref, ir_builder::operand, ir_builder::operand)""}]","{""instruction_bytes"": 20, ""instructions"": 7}"
533744,60,60,.text,thumb,False,ir_builder,ir_builder-4f84632f938b-001.asm,"[{""name"": ""_ZN10ir_builder3retENS_7operandE"", ""demangled"": ""ir_builder::ret(ir_builder::operand)""}]","{""instruction_bytes"": 60, ""instructions"": 26}"
533804,84,84,.text,thumb,False,ir_builder,ir_builder-4f84632f938b-001.asm,"[{""name"": ""_ZN10ir_builder7swizzleENS_7operandEii"", ""demangled"": ""ir_builder::swizzle(ir_builder::operand, int, int)""}]","{""instruction_bytes"": 84, ""instructions"": 31}"
533888,164,164,.text,thumb,False,ir_builder,ir_builder-4f84632f938b-001.asm,"[{""name"": ""_ZN10ir_builder16swizzle_for_sizeENS_7operandEj"", ""demangled"": ""ir_builder::swizzle_for_size(ir_builder::operand, unsigned int)""}]","{""instruction_bytes"": 164, ""instructions"": 66}"
534052,8,8,.text,thumb,False,ir_builder,ir_builder-4f84632f938b-001.asm,"[{""name"": ""_ZN10ir_builder12swizzle_xxxxENS_7operandE"", ""demangled"": ""ir_builder::swizzle_xxxx(ir_builder::operand)""}]","{""instruction_bytes"": 8, ""instructions"": 3}"
534060,10,10,.text,thumb,False,ir_builder,ir_builder-4f84632f938b-001.asm,"[{""name"": ""_ZN10ir_builder12swizzle_yyyyENS_7operandE"", ""demangled"": ""ir_builder::swizzle_yyyy(ir_builder::operand)""}]","{""instruction_bytes"": 10, ""instructions"": 3}"
534070,10,10,.text,thumb,False,ir_builder,ir_builder-4f84632f938b-001.asm,"[{""name"": ""_ZN10ir_builder12swizzle_zzzzENS_7operandE"", ""demangled"": ""ir_builder::swizzle_zzzz(ir_builder::operand)""}]","{""instruction_bytes"": 10, ""instructions"": 3}"
534080,10,10,.text,thumb,False,ir_builder,ir_builder-4f84632f938b-001.asm,"[{""name"": ""_ZN10ir_builder12swizzle_wwwwENS_7operandE"", ""demangled"": ""ir_builder::swizzle_wwww(ir_builder::operand)""}]","{""instruction_bytes"": 10, ""instructions"": 3}"
534090,8,8,.text,thumb,False,ir_builder,ir_builder-4f84632f938b-001.asm,"[{""name"": ""_ZN10ir_builder9swizzle_xENS_7operandE"", ""demangled"": ""ir_builder::swizzle_x(ir_builder::operand)""}]","{""instruction_bytes"": 8, ""instructions"": 3}"
534098,10,10,.text,thumb,False,ir_builder,ir_builder-4f84632f938b-001.asm,"[{""name"": ""_ZN10ir_builder9swizzle_yENS_7operandE"", ""demangled"": ""ir_builder::swizzle_y(ir_builder::operand)""}]","{""instruction_bytes"": 10, ""instructions"": 3}"
534108,10,10,.text,thumb,False,ir_builder,ir_builder-4f84632f938b-001.asm,"[{""name"": ""_ZN10ir_builder9swizzle_zENS_7operandE"", ""demangled"": ""ir_builder::swizzle_z(ir_builder::operand)""}]","{""instruction_bytes"": 10, ""instructions"": 3}"
534118,10,10,.text,thumb,False,ir_builder,ir_builder-4f84632f938b-001.asm,"[{""name"": ""_ZN10ir_builder9swizzle_wENS_7operandE"", ""demangled"": ""ir_builder::swizzle_w(ir_builder::operand)""}]","{""instruction_bytes"": 10, ""instructions"": 3}"
534128,10,10,.text,thumb,False,ir_builder,ir_builder-4f84632f938b-001.asm,"[{""name"": ""_ZN10ir_builder10swizzle_xyENS_7operandE"", ""demangled"": ""ir_builder::swizzle_xy(ir_builder::operand)""}]","{""instruction_bytes"": 10, ""instructions"": 3}"
534138,10,10,.text,thumb,False,ir_builder,ir_builder-4f84632f938b-001.asm,"[{""name"": ""_ZN10ir_builder11swizzle_xyzENS_7operandE"", ""demangled"": ""ir_builder::swizzle_xyz(ir_builder::operand)""}]","{""instruction_bytes"": 10, ""instructions"": 3}"
534148,10,10,.text,thumb,False,ir_builder,ir_builder-4f84632f938b-001.asm,"[{""name"": ""_ZN10ir_builder12swizzle_xyzwENS_7operandE"", ""demangled"": ""ir_builder::swizzle_xyzw(ir_builder::operand)""}]","{""instruction_bytes"": 10, ""instructions"": 3}"
534160,60,60,.text,thumb,False,ir_builder,ir_builder-4f84632f938b-001.asm,"[{""name"": ""_ZN10ir_builder4exprE23ir_expression_operationNS_7operandE"", ""demangled"": ""ir_builder::expr(ir_expression_operation, ir_builder::operand)""}]","{""instruction_bytes"": 60, ""instructions"": 23}"
534220,64,64,.text,thumb,False,ir_builder,ir_builder-4f84632f938b-001.asm,"[{""name"": ""_ZN10ir_builder4exprE23ir_expression_operationNS_7operandES1_"", ""demangled"": ""ir_builder::expr(ir_expression_operation, ir_builder::operand, ir_builder::operand)""}]","{""instruction_bytes"": 64, ""instructions"": 25}"
534284,72,72,.text,thumb,False,ir_builder,ir_builder-4f84632f938b-001.asm,"[{""name"": ""_ZN10ir_builder4exprE23ir_expression_operationNS_7operandES1_S1_"", ""demangled"": ""ir_builder::expr(ir_expression_operation, ir_builder::operand, ir_builder::operand, ir_builder::operand)""}]","{""instruction_bytes"": 72, ""instructions"": 29}"
534356,10,10,.text,thumb,False,ir_builder,ir_builder-4f84632f938b-001.asm,"[{""name"": ""_ZN10ir_builder3addENS_7operandES0_"", ""demangled"": ""ir_builder::add(ir_builder::operand, ir_builder::operand)""}]","{""instruction_bytes"": 10, ""instructions"": 4}"
534366,10,10,.text,thumb,False,ir_builder,ir_builder-4f84632f938b-001.asm,"[{""name"": ""_ZN10ir_builder3subENS_7operandES0_"", ""demangled"": ""ir_builder::sub(ir_builder::operand, ir_builder::operand)""}]","{""instruction_bytes"": 10, ""instructions"": 4}"
534376,10,10,.text,thumb,False,ir_builder,ir_builder-4f84632f938b-001.asm,"[{""name"": ""_ZN10ir_builder4min2ENS_7operandES0_"", ""demangled"": ""ir_builder::min2(ir_builder::operand, ir_builder::operand)""}]","{""instruction_bytes"": 10, ""instructions"": 4}"
534386,10,10,.text,thumb,False,ir_builder,ir_builder-4f84632f938b-001.asm,"[{""name"": ""_ZN10ir_builder4max2ENS_7operandES0_"", ""demangled"": ""ir_builder::max2(ir_builder::operand, ir_builder::operand)""}]","{""instruction_bytes"": 10, ""instructions"": 4}"
534396,10,10,.text,thumb,False,ir_builder,ir_builder-4f84632f938b-001.asm,"[{""name"": ""_ZN10ir_builder3mulENS_7operandES0_"", ""demangled"": ""ir_builder::mul(ir_builder::operand, ir_builder::operand)""}]","{""instruction_bytes"": 10, ""instructions"": 4}"
534406,10,10,.text,thumb,False,ir_builder,ir_builder-4f84632f938b-001.asm,"[{""name"": ""_ZN10ir_builder9imul_highENS_7operandES0_"", ""demangled"": ""ir_builder::imul_high(ir_builder::operand, ir_builder::operand)""}]","{""instruction_bytes"": 10, ""instructions"": 4}"
534416,10,10,.text,thumb,False,ir_builder,ir_builder-4f84632f938b-001.asm,"[{""name"": ""_ZN10ir_builder3divENS_7operandES0_"", ""demangled"": ""ir_builder::div(ir_builder::operand, ir_builder::operand)""}]","{""instruction_bytes"": 10, ""instructions"": 4}"
534426,10,10,.text,thumb,False,ir_builder,ir_builder-4f84632f938b-001.asm,"[{""name"": ""_ZN10ir_builder5carryENS_7operandES0_"", ""demangled"": ""ir_builder::carry(ir_builder::operand, ir_builder::operand)""}]","{""instruction_bytes"": 10, ""instructions"": 4}"
534436,10,10,.text,thumb,False,ir_builder,ir_builder-4f84632f938b-001.asm,"[{""name"": ""_ZN10ir_builder6borrowENS_7operandES0_"", ""demangled"": ""ir_builder::borrow(ir_builder::operand, ir_builder::operand)""}]","{""instruction_bytes"": 10, ""instructions"": 4}"
534446,8,8,.text,thumb,False,ir_builder,ir_builder-4f84632f938b-001.asm,"[{""name"": ""_ZN10ir_builder10round_evenENS_7operandE"", ""demangled"": ""ir_builder::round_even(ir_builder::operand)""}]","{""instruction_bytes"": 8, ""instructions"": 3}"
534454,26,26,.text,thumb,False,ir_builder,ir_builder-4f84632f938b-001.asm,"[{""name"": ""_ZN10ir_builder3dotENS_7operandES0_"", ""demangled"": ""ir_builder::dot(ir_builder::operand, ir_builder::operand)""}]","{""instruction_bytes"": 26, ""instructions"": 10}"
534480,12,12,.text,thumb,False,ir_builder,ir_builder-4f84632f938b-001.asm,"[{""name"": ""_ZN10ir_builder5clampENS_7operandES0_S0_"", ""demangled"": ""ir_builder::clamp(ir_builder::operand, ir_builder::operand, ir_builder::operand)""}]","{""instruction_bytes"": 12, ""instructions"": 5}"
534492,8,8,.text,thumb,False,ir_builder,ir_builder-4f84632f938b-001.asm,"[{""name"": ""_ZN10ir_builder8saturateENS_7operandE"", ""demangled"": ""ir_builder::saturate(ir_builder::operand)""}]","{""instruction_bytes"": 8, ""instructions"": 3}"
534500,8,8,.text,thumb,False,ir_builder,ir_builder-4f84632f938b-001.asm,"[{""name"": ""_ZN10ir_builder3absENS_7operandE"", ""demangled"": ""ir_builder::abs(ir_builder::operand)""}]","{""instruction_bytes"": 8, ""instructions"": 3}"
534508,8,8,.text,thumb,False,ir_builder,ir_builder-4f84632f938b-001.asm,"[{""name"": ""_ZN10ir_builder3negENS_7operandE"", ""demangled"": ""ir_builder::neg(ir_builder::operand)""}]","{""instruction_bytes"": 8, ""instructions"": 3}"
534516,8,8,.text,thumb,False,ir_builder,ir_builder-4f84632f938b-001.asm,"[{""name"": ""_ZN10ir_builder3sinENS_7operandE"", ""demangled"": ""ir_builder::sin(ir_builder::operand)""}]","{""instruction_bytes"": 8, ""instructions"": 3}"
534524,8,8,.text,thumb,False,ir_builder,ir_builder-4f84632f938b-001.asm,"[{""name"": ""_ZN10ir_builder3cosENS_7operandE"", ""demangled"": ""ir_builder::cos(ir_builder::operand)""}]","{""instruction_bytes"": 8, ""instructions"": 3}"
534532,8,8,.text,thumb,False,ir_builder,ir_builder-4f84632f938b-001.asm,"[{""name"": ""_ZN10ir_builder3expENS_7operandE"", ""demangled"": ""ir_builder::exp(ir_builder::operand)""}]","{""instruction_bytes"": 8, ""instructions"": 3}"
534540,8,8,.text,thumb,False,ir_builder,ir_builder-4f84632f938b-001.asm,"[{""name"": ""_ZN10ir_builder3rsqENS_7operandE"", ""demangled"": ""ir_builder::rsq(ir_builder::operand)""}]","{""instruction_bytes"": 8, ""instructions"": 3}"
534548,8,8,.text,thumb,False,ir_builder,ir_builder-4f84632f938b-001.asm,"[{""name"": ""_ZN10ir_builder4sqrtENS_7operandE"", ""demangled"": ""ir_builder::sqrt(ir_builder::operand)""}]","{""instruction_bytes"": 8, ""instructions"": 3}"
534556,8,8,.text,thumb,False,ir_builder,ir_builder-4f84632f938b-001.asm,"[{""name"": ""_ZN10ir_builder3logENS_7operandE"", ""demangled"": ""ir_builder::log(ir_builder::operand)""}]","{""instruction_bytes"": 8, ""instructions"": 3}"
534564,8,8,.text,thumb,False,ir_builder,ir_builder-4f84632f938b-001.asm,"[{""name"": ""_ZN10ir_builder4signENS_7operandE"", ""demangled"": ""ir_builder::sign(ir_builder::operand)""}]","{""instruction_bytes"": 8, ""instructions"": 3}"
534572,10,10,.text,thumb,False,ir_builder,ir_builder-4f84632f938b-001.asm,"[{""name"": ""_ZN10ir_builder5equalENS_7operandES0_"", ""demangled"": ""ir_builder::equal(ir_builder::operand, ir_builder::operand)""}]","{""instruction_bytes"": 10, ""instructions"": 4}"
534582,10,10,.text,thumb,False,ir_builder,ir_builder-4f84632f938b-001.asm,"[{""name"": ""_ZN10ir_builder6nequalENS_7operandES0_"", ""demangled"": ""ir_builder::nequal(ir_builder::operand, ir_builder::operand)""}]","{""instruction_bytes"": 10, ""instructions"": 4}"
534592,10,10,.text,thumb,False,ir_builder,ir_builder-4f84632f938b-001.asm,"[{""name"": ""_ZN10ir_builder4lessENS_7operandES0_"", ""demangled"": ""ir_builder::less(ir_builder::operand, ir_builder::operand)""}]","{""instruction_bytes"": 10, ""instructions"": 4}"
534602,10,10,.text,thumb,False,ir_builder,ir_builder-4f84632f938b-001.asm,"[{""name"": ""_ZN10ir_builder7greaterENS_7operandES0_"", ""demangled"": ""ir_builder::greater(ir_builder::operand, ir_builder::operand)""}]","{""instruction_bytes"": 10, ""instructions"": 4}"
534612,10,10,.text,thumb,False,ir_builder,ir_builder-4f84632f938b-001.asm,"[{""name"": ""_ZN10ir_builder6lequalENS_7operandES0_"", ""demangled"": ""ir_builder::lequal(ir_builder::operand, ir_builder::operand)""}]","{""instruction_bytes"": 10, ""instructions"": 4}"
534622,10,10,.text,thumb,False,ir_builder,ir_builder-4f84632f938b-001.asm,"[{""name"": ""_ZN10ir_builder6gequalENS_7operandES0_"", ""demangled"": ""ir_builder::gequal(ir_builder::operand, ir_builder::operand)""}]","{""instruction_bytes"": 10, ""instructions"": 4}"
534632,8,8,.text,thumb,False,ir_builder,ir_builder-4f84632f938b-001.asm,"[{""name"": ""_ZN10ir_builder9logic_notENS_7operandE"", ""demangled"": ""ir_builder::logic_not(ir_builder::operand)""}]","{""instruction_bytes"": 8, ""instructions"": 3}"
534640,10,10,.text,thumb,False,ir_builder,ir_builder-4f84632f938b-001.asm,"[{""name"": ""_ZN10ir_builder9logic_andENS_7operandES0_"", ""demangled"": ""ir_builder::logic_and(ir_builder::operand, ir_builder::operand)""}]","{""instruction_bytes"": 10, ""instructions"": 4}"
534650,10,10,.text,thumb,False,ir_builder,ir_builder-4f84632f938b-001.asm,"[{""name"": ""_ZN10ir_builder8logic_orENS_7operandES0_"", ""demangled"": ""ir_builder::logic_or(ir_builder::operand, ir_builder::operand)""}]","{""instruction_bytes"": 10, ""instructions"": 4}"
534660,8,8,.text,thumb,False,ir_builder,ir_builder-4f84632f938b-001.asm,"[{""name"": ""_ZN10ir_builder7bit_notENS_7operandE"", ""demangled"": ""ir_builder::bit_not(ir_builder::operand)""}]","{""instruction_bytes"": 8, ""instructions"": 3}"
534668,10,10,.text,thumb,False,ir_builder,ir_builder-4f84632f938b-001.asm,"[{""name"": ""_ZN10ir_builder7bit_andENS_7operandES0_"", ""demangled"": ""ir_builder::bit_and(ir_builder::operand, ir_builder::operand)""}]","{""instruction_bytes"": 10, ""instructions"": 4}"
534678,10,10,.text,thumb,False,ir_builder,ir_builder-4f84632f938b-001.asm,"[{""name"": ""_ZN10ir_builder6bit_orENS_7operandES0_"", ""demangled"": ""ir_builder::bit_or(ir_builder::operand, ir_builder::operand)""}]","{""instruction_bytes"": 10, ""instructions"": 4}"
534688,10,10,.text,thumb,False,ir_builder,ir_builder-4f84632f938b-001.asm,"[{""name"": ""_ZN10ir_builder6lshiftENS_7operandES0_"", ""demangled"": ""ir_builder::lshift(ir_builder::operand, ir_builder::operand)""}]","{""instruction_bytes"": 10, ""instructions"": 4}"
534698,10,10,.text,thumb,False,ir_builder,ir_builder-4f84632f938b-001.asm,"[{""name"": ""_ZN10ir_builder6rshiftENS_7operandES0_"", ""demangled"": ""ir_builder::rshift(ir_builder::operand, ir_builder::operand)""}]","{""instruction_bytes"": 10, ""instructions"": 4}"
534708,8,8,.text,thumb,False,ir_builder,ir_builder-4f84632f938b-001.asm,"[{""name"": ""_ZN10ir_builder3f2iENS_7operandE"", ""demangled"": ""ir_builder::f2i(ir_builder::operand)""}]","{""instruction_bytes"": 8, ""instructions"": 3}"
534716,8,8,.text,thumb,False,ir_builder,ir_builder-4f84632f938b-001.asm,"[{""name"": ""_ZN10ir_builder11bitcast_f2iENS_7operandE"", ""demangled"": ""ir_builder::bitcast_f2i(ir_builder::operand)""}]","{""instruction_bytes"": 8, ""instructions"": 3}"
534724,8,8,.text,thumb,False,ir_builder,ir_builder-4f84632f938b-001.asm,"[{""name"": ""_ZN10ir_builder3i2fENS_7operandE"", ""demangled"": ""ir_builder::i2f(ir_builder::operand)""}]","{""instruction_bytes"": 8, ""instructions"": 3}"
534732,8,8,.text,thumb,False,ir_builder,ir_builder-4f84632f938b-001.asm,"[{""name"": ""_ZN10ir_builder11bitcast_i2fENS_7operandE"", ""demangled"": ""ir_builder::bitcast_i2f(ir_builder::operand)""}]","{""instruction_bytes"": 8, ""instructions"": 3}"
534740,8,8,.text,thumb,False,ir_builder,ir_builder-4f84632f938b-001.asm,"[{""name"": ""_ZN10ir_builder3i2uENS_7operandE"", ""demangled"": ""ir_builder::i2u(ir_builder::operand)""}]","{""instruction_bytes"": 8, ""instructions"": 3}"
534748,8,8,.text,thumb,False,ir_builder,ir_builder-4f84632f938b-001.asm,"[{""name"": ""_ZN10ir_builder3u2iENS_7operandE"", ""demangled"": ""ir_builder::u2i(ir_builder::operand)""}]","{""instruction_bytes"": 8, ""instructions"": 3}"
534756,8,8,.text,thumb,False,ir_builder,ir_builder-4f84632f938b-001.asm,"[{""name"": ""_ZN10ir_builder3f2uENS_7operandE"", ""demangled"": ""ir_builder::f2u(ir_builder::operand)""}]","{""instruction_bytes"": 8, ""instructions"": 3}"
534764,8,8,.text,thumb,False,ir_builder,ir_builder-4f84632f938b-001.asm,"[{""name"": ""_ZN10ir_builder11bitcast_f2uENS_7operandE"", ""demangled"": ""ir_builder::bitcast_f2u(ir_builder::operand)""}]","{""instruction_bytes"": 8, ""instructions"": 3}"
534772,8,8,.text,thumb,False,ir_builder,ir_builder-4f84632f938b-001.asm,"[{""name"": ""_ZN10ir_builder3u2fENS_7operandE"", ""demangled"": ""ir_builder::u2f(ir_builder::operand)""}]","{""instruction_bytes"": 8, ""instructions"": 3}"
534780,8,8,.text,thumb,False,ir_builder,ir_builder-4f84632f938b-001.asm,"[{""name"": ""_ZN10ir_builder11bitcast_u2fENS_7operandE"", ""demangled"": ""ir_builder::bitcast_u2f(ir_builder::operand)""}]","{""instruction_bytes"": 8, ""instructions"": 3}"
534788,8,8,.text,thumb,False,ir_builder,ir_builder-4f84632f938b-001.asm,"[{""name"": ""_ZN10ir_builder3i2bENS_7operandE"", ""demangled"": ""ir_builder::i2b(ir_builder::operand)""}]","{""instruction_bytes"": 8, ""instructions"": 3}"
534796,8,8,.text,thumb,False,ir_builder,ir_builder-4f84632f938b-001.asm,"[{""name"": ""_ZN10ir_builder3b2iENS_7operandE"", ""demangled"": ""ir_builder::b2i(ir_builder::operand)""}]","{""instruction_bytes"": 8, ""instructions"": 3}"
534804,8,8,.text,thumb,False,ir_builder,ir_builder-4f84632f938b-001.asm,"[{""name"": ""_ZN10ir_builder3f2bENS_7operandE"", ""demangled"": ""ir_builder::f2b(ir_builder::operand)""}]","{""instruction_bytes"": 8, ""instructions"": 3}"
534812,8,8,.text,thumb,False,ir_builder,ir_builder-4f84632f938b-001.asm,"[{""name"": ""_ZN10ir_builder3b2fENS_7operandE"", ""demangled"": ""ir_builder::b2f(ir_builder::operand)""}]","{""instruction_bytes"": 8, ""instructions"": 3}"
534820,8,8,.text,thumb,False,ir_builder,ir_builder-4f84632f938b-001.asm,"[{""name"": ""_ZN10ir_builder23interpolate_at_centroidENS_7operandE"", ""demangled"": ""ir_builder::interpolate_at_centroid(ir_builder::operand)""}]","{""instruction_bytes"": 8, ""instructions"": 3}"
534828,10,10,.text,thumb,False,ir_builder,ir_builder-4f84632f938b-001.asm,"[{""name"": ""_ZN10ir_builder21interpolate_at_offsetENS_7operandES0_"", ""demangled"": ""ir_builder::interpolate_at_offset(ir_builder::operand, ir_builder::operand)""}]","{""instruction_bytes"": 10, ""instructions"": 4}"
534838,10,10,.text,thumb,False,ir_builder,ir_builder-4f84632f938b-001.asm,"[{""name"": ""_ZN10ir_builder21interpolate_at_sampleENS_7operandES0_"", ""demangled"": ""ir_builder::interpolate_at_sample(ir_builder::operand, ir_builder::operand)""}]","{""instruction_bytes"": 10, ""instructions"": 4}"
534848,12,12,.text,thumb,False,ir_builder,ir_builder-4f84632f938b-001.asm,"[{""name"": ""_ZN10ir_builder3fmaENS_7operandES0_S0_"", ""demangled"": ""ir_builder::fma(ir_builder::operand, ir_builder::operand, ir_builder::operand)""}]","{""instruction_bytes"": 12, ""instructions"": 5}"
534860,12,12,.text,thumb,False,ir_builder,ir_builder-4f84632f938b-001.asm,"[{""name"": ""_ZN10ir_builder3lrpENS_7operandES0_S0_"", ""demangled"": ""ir_builder::lrp(ir_builder::operand, ir_builder::operand, ir_builder::operand)""}]","{""instruction_bytes"": 12, ""instructions"": 5}"
534872,12,12,.text,thumb,False,ir_builder,ir_builder-4f84632f938b-001.asm,"[{""name"": ""_ZN10ir_builder4cselENS_7operandES0_S0_"", ""demangled"": ""ir_builder::csel(ir_builder::operand, ir_builder::operand, ir_builder::operand)""}]","{""instruction_bytes"": 12, ""instructions"": 5}"
534884,76,76,.text,thumb,False,ir_builder,ir_builder-4f84632f938b-001.asm,"[{""name"": ""_ZN10ir_builder15bitfield_insertENS_7operandES0_S0_S0_"", ""demangled"": ""ir_builder::bitfield_insert(ir_builder::operand, ir_builder::operand, ir_builder::operand, ir_builder::operand)""}]","{""instruction_bytes"": 76, ""instructions"": 30}"
534960,116,116,.text,thumb,False,ir_builder,ir_builder-4f84632f938b-001.asm,"[{""name"": ""_ZN10ir_builder7if_treeENS_7operandEP14ir_instruction"", ""demangled"": ""ir_builder::if_tree(ir_builder::operand, ir_instruction*)""}]","{""instruction_bytes"": 116, ""instructions"": 45}"
535076,132,132,.text,thumb,False,ir_builder,ir_builder-4f84632f938b-001.asm,"[{""name"": ""_ZN10ir_builder7if_treeENS_7operandEP14ir_instructionS2_"", ""demangled"": ""ir_builder::if_tree(ir_builder::operand, ir_instruction*, ir_instruction*)""}]","{""instruction_bytes"": 132, ""instructions"": 53}"
535208,6,6,.text,thumb,False,ir_rvalue,ir_rvalue-07763df82d57-001.asm,"[{""name"": ""_ZNK9ir_rvalue5cloneEPvP10hash_table"", ""demangled"": ""ir_rvalue::clone(void*, hash_table*) const""}]","{""instruction_bytes"": 6, ""instructions"": 2}"
535216,296,296,.text,thumb,False,ir_variable,ir_variable-57358b68f8fe-001.asm,"[{""name"": ""_ZNK11ir_variable5cloneEPvP10hash_table"", ""demangled"": ""ir_variable::clone(void*, hash_table*) const""}]","{""instruction_bytes"": 296, ""instructions"": 118}"
535512,76,76,.text,thumb,False,ir_swizzle,ir_swizzle-cae3ec3ecc45-001.asm,"[{""name"": ""_ZNK10ir_swizzle5cloneEPvP10hash_table"", ""demangled"": ""ir_swizzle::clone(void*, hash_table*) const""}]","{""instruction_bytes"": 76, ""instructions"": 33}"
535588,76,76,.text,thumb,False,ir_return,ir_return-965045a39f35-001.asm,"[{""name"": ""_ZNK9ir_return5cloneEPvP10hash_table"", ""demangled"": ""ir_return::clone(void*, hash_table*) const""}]","{""instruction_bytes"": 76, ""instructions"": 35}"
535664,76,76,.text,thumb,False,ir_discard,ir_discard-e5dc30dcccb4-001.asm,"[{""name"": ""_ZNK10ir_discard5cloneEPvP10hash_table"", ""demangled"": ""ir_discard::clone(void*, hash_table*) const""}]","{""instruction_bytes"": 76, ""instructions"": 35}"
535740,60,60,.text,thumb,False,ir_loop_jump,ir_loop_jump-2fcadfec7ea1-001.asm,"[{""name"": ""_ZNK12ir_loop_jump5cloneEPvP10hash_table"", ""demangled"": ""ir_loop_jump::clone(void*, hash_table*) const""}]","{""instruction_bytes"": 60, ""instructions"": 27}"
535800,220,220,.text,thumb,False,ir_if,ir_if-461a1e9303e7-001.asm,"[{""name"": ""_ZNK5ir_if5cloneEPvP10hash_table"", ""demangled"": ""ir_if::clone(void*, hash_table*) const""}]","{""instruction_bytes"": 220, ""instructions"": 94}"
536020,120,120,.text,thumb,False,ir_loop,ir_loop-170a9356c96f-001.asm,"[{""name"": ""_ZNK7ir_loop5cloneEPvP10hash_table"", ""demangled"": ""ir_loop::clone(void*, hash_table*) const""}]","{""instruction_bytes"": 120, ""instructions"": 51}"
536140,188,188,.text,thumb,False,ir_call,ir_call-6bb2bf2ea5f9-001.asm,"[{""name"": ""_ZNK7ir_call5cloneEPvP10hash_table"", ""demangled"": ""ir_call::clone(void*, hash_table*) const""}]","{""instruction_bytes"": 188, ""instructions"": 83}"
536328,180,180,.text,thumb,False,ir_expression,ir_expression-0f286bb5f5de-001.asm,"[{""name"": ""_ZNK13ir_expression5cloneEPvP10hash_table"", ""demangled"": ""ir_expression::clone(void*, hash_table*) const""}]","{""instruction_bytes"": 180, ""instructions"": 73}"
536508,76,76,.text,thumb,False,ir_dereference_variable,ir_dereference_variable-20dac6aed82e-001.asm,"[{""name"": ""_ZNK23ir_dereference_variable5cloneEPvP10hash_table"", ""demangled"": ""ir_dereference_variable::clone(void*, hash_table*) const""}]","{""instruction_bytes"": 76, ""instructions"": 32}"
536584,84,84,.text,thumb,False,ir_dereference_array,ir_dereference_array-34f83a312edc-001.asm,"[{""name"": ""_ZNK20ir_dereference_array5cloneEPvP10hash_table"", ""demangled"": ""ir_dereference_array::clone(void*, hash_table*) const""}]","{""instruction_bytes"": 84, ""instructions"": 36}"
536668,72,72,.text,thumb,False,ir_dereference_record,ir_dereference_record-ecdd9413cb0a-001.asm,"[{""name"": ""_ZNK21ir_dereference_record5cloneEPvP10hash_table"", ""demangled"": ""ir_dereference_record::clone(void*, hash_table*) const""}]","{""instruction_bytes"": 72, ""instructions"": 30}"
536740,204,204,.text,thumb,False,ir_texture,ir_texture-7b719ec7ef09-001.asm,"[{""name"": ""_ZNK10ir_texture5cloneEPvP10hash_table"", ""demangled"": ""ir_texture::clone(void*, hash_table*) const""}]","{""instruction_bytes"": 204, ""instructions"": 94}"
536944,124,124,.text,thumb,False,ir_assignment,ir_assignment-be8229c2f1c5-001.asm,"[{""name"": ""_ZNK13ir_assignment5cloneEPvP10hash_table"", ""demangled"": ""ir_assignment::clone(void*, hash_table*) const""}]","{""instruction_bytes"": 124, ""instructions"": 54}"
537068,144,144,.text,thumb,False,ir_function,ir_function-95ae0a10df32-001.asm,"[{""name"": ""_ZNK11ir_function5cloneEPvP10hash_table"", ""demangled"": ""ir_function::clone(void*, hash_table*) const""}]","{""instruction_bytes"": 144, ""instructions"": 61}"
537212,116,116,.text,thumb,False,ir_function_signature,ir_function_signature-16c8a1959d1b-001.asm,"[{""name"": ""_ZNK21ir_function_signature5cloneEPvP10hash_table"", ""demangled"": ""ir_function_signature::clone(void*, hash_table*) const""}]","{""instruction_bytes"": 116, ""instructions"": 46}"
537328,148,148,.text,thumb,False,ir_function_signature,ir_function_signature-16c8a1959d1b-001.asm,"[{""name"": ""_ZNK21ir_function_signature15clone_prototypeEPvP10hash_table"", ""demangled"": ""ir_function_signature::clone_prototype(void*, hash_table*) const""}]","{""instruction_bytes"": 148, ""instructions"": 59}"
537476,268,268,.text,thumb,False,ir_constant,ir_constant-383254ce5fd7-001.asm,"[{""name"": ""_ZNK11ir_constant5cloneEPvP10hash_table"", ""demangled"": ""ir_constant::clone(void*, hash_table*) const""}]","{""instruction_bytes"": 268, ""instructions"": 118}"
537744,60,60,.text,thumb,False,ir_precision_statement,ir_precision_statement-22f62fa30953-001.asm,"[{""name"": ""_ZNK22ir_precision_statement5cloneEPvP10hash_table"", ""demangled"": ""ir_precision_statement::clone(void*, hash_table*) const""}]","{""instruction_bytes"": 60, ""instructions"": 27}"
537804,60,60,.text,thumb,False,ir_typedecl_statement,ir_typedecl_statement-f5fc0f31ed68-001.asm,"[{""name"": ""_ZNK21ir_typedecl_statement5cloneEPvP10hash_table"", ""demangled"": ""ir_typedecl_statement::clone(void*, hash_table*) const""}]","{""instruction_bytes"": 60, ""instructions"": 27}"
537864,188,188,.text,thumb,False,global-functions,global-functions-3d6ca95892b3-001.asm,"[{""name"": ""_Z13clone_ir_listPvP9exec_listPKS0_"", ""demangled"": ""clone_ir_list(void*, exec_list*, exec_list const*)""}]","{""instruction_bytes"": 188, ""instructions"": 84}"
538052,22,22,.text,thumb,False,ir_if,ir_if-461a1e9303e7-001.asm,"[{""name"": ""_ZN5ir_ifD0Ev"", ""demangled"": ""ir_if::~ir_if()""}]","{""instruction_bytes"": 22, ""instructions"": 8}"
538074,12,12,.text,thumb,False,ir_if,ir_if-461a1e9303e7-001.asm,"[{""name"": ""_ZN5ir_if6acceptEP10ir_visitor"", ""demangled"": ""ir_if::accept(ir_visitor*)""}]","{""instruction_bytes"": 12, ""instructions"": 6}"
538086,22,22,.text,thumb,False,ir_call,ir_call-6bb2bf2ea5f9-001.asm,"[{""name"": ""_ZN7ir_callD0Ev"", ""demangled"": ""ir_call::~ir_call()""}]","{""instruction_bytes"": 22, ""instructions"": 8}"
538108,12,12,.text,thumb,False,ir_call,ir_call-6bb2bf2ea5f9-001.asm,"[{""name"": ""_ZN7ir_call6acceptEP10ir_visitor"", ""demangled"": ""ir_call::accept(ir_visitor*)""}]","{""instruction_bytes"": 12, ""instructions"": 6}"
538120,22,22,.text,thumb,False,ir_return,ir_return-965045a39f35-001.asm,"[{""name"": ""_ZN9ir_returnD0Ev"", ""demangled"": ""ir_return::~ir_return()""}]","{""instruction_bytes"": 22, ""instructions"": 8}"
538142,12,12,.text,thumb,False,ir_return,ir_return-965045a39f35-001.asm,"[{""name"": ""_ZN9ir_return6acceptEP10ir_visitor"", ""demangled"": ""ir_return::accept(ir_visitor*)""}]","{""instruction_bytes"": 12, ""instructions"": 6}"
538154,22,22,.text,thumb,False,ir_loop_jump,ir_loop_jump-2fcadfec7ea1-001.asm,"[{""name"": ""_ZN12ir_loop_jumpD0Ev"", ""demangled"": ""ir_loop_jump::~ir_loop_jump()""}]","{""instruction_bytes"": 22, ""instructions"": 8}"
538176,12,12,.text,thumb,False,ir_loop_jump,ir_loop_jump-2fcadfec7ea1-001.asm,"[{""name"": ""_ZN12ir_loop_jump6acceptEP10ir_visitor"", ""demangled"": ""ir_loop_jump::accept(ir_visitor*)""}]","{""instruction_bytes"": 12, ""instructions"": 6}"
538188,22,22,.text,thumb,False,ir_discard,ir_discard-e5dc30dcccb4-001.asm,"[{""name"": ""_ZN10ir_discardD0Ev"", ""demangled"": ""ir_discard::~ir_discard()""}]","{""instruction_bytes"": 22, ""instructions"": 8}"
538210,12,12,.text,thumb,False,ir_discard,ir_discard-e5dc30dcccb4-001.asm,"[{""name"": ""_ZN10ir_discard6acceptEP10ir_visitor"", ""demangled"": ""ir_discard::accept(ir_visitor*)""}]","{""instruction_bytes"": 12, ""instructions"": 6}"
538222,22,22,.text,thumb,False,ir_rvalue,ir_rvalue-07763df82d57-001.asm,"[{""name"": ""_ZN9ir_rvalueD0Ev"", ""demangled"": ""ir_rvalue::~ir_rvalue()""}]","{""instruction_bytes"": 22, ""instructions"": 8}"
538244,4,4,.text,thumb,False,ir_rvalue,ir_rvalue-07763df82d57-001.asm,"[{""name"": ""_ZNK9ir_rvalue9is_lvalueEv"", ""demangled"": ""ir_rvalue::is_lvalue() const""}]","{""instruction_bytes"": 4, ""instructions"": 2}"
538248,4,4,.text,thumb,False,ir_rvalue,ir_rvalue-07763df82d57-001.asm,"[{""name"": ""_ZNK9ir_rvalue19variable_referencedEv"", ""demangled"": ""ir_rvalue::variable_referenced() const""}]","{""instruction_bytes"": 4, ""instructions"": 2}"
538252,22,22,.text,thumb,False,ir_texture,ir_texture-7b719ec7ef09-001.asm,"[{""name"": ""_ZN10ir_textureD0Ev"", ""demangled"": ""ir_texture::~ir_texture()""}]","{""instruction_bytes"": 22, ""instructions"": 8}"
538274,12,12,.text,thumb,False,ir_texture,ir_texture-7b719ec7ef09-001.asm,"[{""name"": ""_ZN10ir_texture6acceptEP10ir_visitor"", ""demangled"": ""ir_texture::accept(ir_visitor*)""}]","{""instruction_bytes"": 12, ""instructions"": 6}"
538286,22,22,.text,thumb,False,ir_precision_statement,ir_precision_statement-22f62fa30953-001.asm,"[{""name"": ""_ZN22ir_precision_statementD0Ev"", ""demangled"": ""ir_precision_statement::~ir_precision_statement()""}]","{""instruction_bytes"": 22, ""instructions"": 8}"
538308,12,12,.text,thumb,False,ir_precision_statement,ir_precision_statement-22f62fa30953-001.asm,"[{""name"": ""_ZN22ir_precision_statement6acceptEP10ir_visitor"", ""demangled"": ""ir_precision_statement::accept(ir_visitor*)""}]","{""instruction_bytes"": 12, ""instructions"": 6}"
538320,22,22,.text,thumb,False,ir_typedecl_statement,ir_typedecl_statement-f5fc0f31ed68-001.asm,"[{""name"": ""_ZN21ir_typedecl_statementD0Ev"", ""demangled"": ""ir_typedecl_statement::~ir_typedecl_statement()""}]","{""instruction_bytes"": 22, ""instructions"": 8}"
538342,12,12,.text,thumb,False,ir_typedecl_statement,ir_typedecl_statement-f5fc0f31ed68-001.asm,"[{""name"": ""_ZN21ir_typedecl_statement6acceptEP10ir_visitor"", ""demangled"": ""ir_typedecl_statement::accept(ir_visitor*)""}]","{""instruction_bytes"": 12, ""instructions"": 6}"
538354,22,22,.text,thumb,False,ir_variable,ir_variable-57358b68f8fe-001.asm,"[{""name"": ""_ZN11ir_variableD0Ev"", ""demangled"": ""ir_variable::~ir_variable()""}]","{""instruction_bytes"": 22, ""instructions"": 8}"
538376,12,12,.text,thumb,False,ir_variable,ir_variable-57358b68f8fe-001.asm,"[{""name"": ""_ZN11ir_variable6acceptEP10ir_visitor"", ""demangled"": ""ir_variable::accept(ir_visitor*)""}]","{""instruction_bytes"": 12, ""instructions"": 6}"
538388,22,22,.text,thumb,False,ir_swizzle,ir_swizzle-cae3ec3ecc45-001.asm,"[{""name"": ""_ZN10ir_swizzleD0Ev"", ""demangled"": ""ir_swizzle::~ir_swizzle()""}]","{""instruction_bytes"": 22, ""instructions"": 8}"
538410,12,12,.text,thumb,False,ir_swizzle,ir_swizzle-cae3ec3ecc45-001.asm,"[{""name"": ""_ZN10ir_swizzle6acceptEP10ir_visitor"", ""demangled"": ""ir_swizzle::accept(ir_visitor*)""}]","{""instruction_bytes"": 12, ""instructions"": 6}"
538422,34,34,.text,thumb,False,ir_swizzle,ir_swizzle-cae3ec3ecc45-001.asm,"[{""name"": ""_ZNK10ir_swizzle9is_lvalueEv"", ""demangled"": ""ir_swizzle::is_lvalue() const""}]","{""instruction_bytes"": 34, ""instructions"": 17}"
538456,22,22,.text,thumb,False,ir_loop,ir_loop-170a9356c96f-001.asm,"[{""name"": ""_ZN7ir_loopD0Ev"", ""demangled"": ""ir_loop::~ir_loop()""}]","{""instruction_bytes"": 22, ""instructions"": 8}"
538478,12,12,.text,thumb,False,ir_loop,ir_loop-170a9356c96f-001.asm,"[{""name"": ""_ZN7ir_loop6acceptEP10ir_visitor"", ""demangled"": ""ir_loop::accept(ir_visitor*)""}]","{""instruction_bytes"": 12, ""instructions"": 6}"
538490,22,22,.text,thumb,False,ir_dereference_variable,ir_dereference_variable-20dac6aed82e-001.asm,"[{""name"": ""_ZN23ir_dereference_variableD0Ev"", ""demangled"": ""ir_dereference_variable::~ir_dereference_variable()""}]","{""instruction_bytes"": 22, ""instructions"": 8}"
538512,12,12,.text,thumb,False,ir_dereference_variable,ir_dereference_variable-20dac6aed82e-001.asm,"[{""name"": ""_ZN23ir_dereference_variable6acceptEP10ir_visitor"", ""demangled"": ""ir_dereference_variable::accept(ir_visitor*)""}]","{""instruction_bytes"": 12, ""instructions"": 6}"
538524,4,4,.text,thumb,False,ir_dereference_variable,ir_dereference_variable-20dac6aed82e-001.asm,"[{""name"": ""_ZNK23ir_dereference_variable19variable_referencedEv"", ""demangled"": ""ir_dereference_variable::variable_referenced() const""}]","{""instruction_bytes"": 4, ""instructions"": 2}"
538528,4,4,.text,thumb,False,ir_dereference_variable,ir_dereference_variable-20dac6aed82e-001.asm,"[{""name"": ""_ZN23ir_dereference_variable25whole_variable_referencedEv"", ""demangled"": ""ir_dereference_variable::whole_variable_referenced()""}]","{""instruction_bytes"": 4, ""instructions"": 2}"
538532,22,22,.text,thumb,False,ir_dereference_array,ir_dereference_array-34f83a312edc-001.asm,"[{""name"": ""_ZN20ir_dereference_arrayD0Ev"", ""demangled"": ""ir_dereference_array::~ir_dereference_array()""}]","{""instruction_bytes"": 22, ""instructions"": 8}"
538554,12,12,.text,thumb,False,ir_dereference_array,ir_dereference_array-34f83a312edc-001.asm,"[{""name"": ""_ZN20ir_dereference_array6acceptEP10ir_visitor"", ""demangled"": ""ir_dereference_array::accept(ir_visitor*)""}]","{""instruction_bytes"": 12, ""instructions"": 6}"
538566,8,8,.text,thumb,False,ir_dereference_array,ir_dereference_array-34f83a312edc-001.asm,"[{""name"": ""_ZNK20ir_dereference_array19variable_referencedEv"", ""demangled"": ""ir_dereference_array::variable_referenced() const""}]","{""instruction_bytes"": 8, ""instructions"": 4}"
538574,22,22,.text,thumb,False,ir_dereference_record,ir_dereference_record-ecdd9413cb0a-001.asm,"[{""name"": ""_ZN21ir_dereference_recordD0Ev"", ""demangled"": ""ir_dereference_record::~ir_dereference_record()""}]","{""instruction_bytes"": 22, ""instructions"": 8}"
538596,12,12,.text,thumb,False,ir_dereference_record,ir_dereference_record-ecdd9413cb0a-001.asm,"[{""name"": ""_ZN21ir_dereference_record6acceptEP10ir_visitor"", ""demangled"": ""ir_dereference_record::accept(ir_visitor*)""}]","{""instruction_bytes"": 12, ""instructions"": 6}"
538608,8,8,.text,thumb,False,ir_dereference_record,ir_dereference_record-ecdd9413cb0a-001.asm,"[{""name"": ""_ZNK21ir_dereference_record19variable_referencedEv"", ""demangled"": ""ir_dereference_record::variable_referenced() const""}]","{""instruction_bytes"": 8, ""instructions"": 4}"
538616,22,22,.text,thumb,False,ir_assignment,ir_assignment-be8229c2f1c5-001.asm,"[{""name"": ""_ZN13ir_assignmentD0Ev"", ""demangled"": ""ir_assignment::~ir_assignment()""}]","{""instruction_bytes"": 22, ""instructions"": 8}"
538638,12,12,.text,thumb,False,ir_assignment,ir_assignment-be8229c2f1c5-001.asm,"[{""name"": ""_ZN13ir_assignment6acceptEP10ir_visitor"", ""demangled"": ""ir_assignment::accept(ir_visitor*)""}]","{""instruction_bytes"": 12, ""instructions"": 6}"
538650,22,22,.text,thumb,False,ir_function,ir_function-95ae0a10df32-001.asm,"[{""name"": ""_ZN11ir_functionD0Ev"", ""demangled"": ""ir_function::~ir_function()""}]","{""instruction_bytes"": 22, ""instructions"": 8}"
538672,12,12,.text,thumb,False,ir_function,ir_function-95ae0a10df32-001.asm,"[{""name"": ""_ZN11ir_function6acceptEP10ir_visitor"", ""demangled"": ""ir_function::accept(ir_visitor*)""}]","{""instruction_bytes"": 12, ""instructions"": 6}"
538684,22,22,.text,thumb,False,ir_function_signature,ir_function_signature-16c8a1959d1b-001.asm,"[{""name"": ""_ZN21ir_function_signatureD0Ev"", ""demangled"": ""ir_function_signature::~ir_function_signature()""}]","{""instruction_bytes"": 22, ""instructions"": 8}"
538706,12,12,.text,thumb,False,ir_function_signature,ir_function_signature-16c8a1959d1b-001.asm,"[{""name"": ""_ZN21ir_function_signature6acceptEP10ir_visitor"", ""demangled"": ""ir_function_signature::accept(ir_visitor*)""}]","{""instruction_bytes"": 12, ""instructions"": 6}"
538718,22,22,.text,thumb,False,ir_constant,ir_constant-383254ce5fd7-001.asm,"[{""name"": ""_ZN11ir_constantD0Ev"", ""demangled"": ""ir_constant::~ir_constant()""}]","{""instruction_bytes"": 22, ""instructions"": 8}"
538740,12,12,.text,thumb,False,ir_constant,ir_constant-383254ce5fd7-001.asm,"[{""name"": ""_ZN11ir_constant6acceptEP10ir_visitor"", ""demangled"": ""ir_constant::accept(ir_visitor*)""}]","{""instruction_bytes"": 12, ""instructions"": 6}"
538752,22,22,.text,thumb,False,fixup_ir_call_visitor,fixup_ir_call_visitor-37c6d9cd045c-001.asm,"[{""name"": ""_ZN21fixup_ir_call_visitor11visit_enterEP7ir_call"", ""demangled"": ""fixup_ir_call_visitor::visit_enter(ir_call*)""}]","{""instruction_bytes"": 22, ""instructions"": 10}"
538774,4,4,.text,thumb,False,ir_rvalue,ir_rvalue-07763df82d57-001.asm,"[{""name"": ""_ZN9ir_rvalue25constant_expression_valueEP10hash_table"", ""demangled"": ""ir_rvalue::constant_expression_value(hash_table*)""}]","{""instruction_bytes"": 4, ""instructions"": 2}"
538780,9128,9128,.text,thumb,False,ir_expression,ir_expression-0f286bb5f5de-001.asm,"[{""name"": ""_ZN13ir_expression25constant_expression_valueEP10hash_table"", ""demangled"": ""ir_expression::constant_expression_value(hash_table*)""}]","{""instruction_bytes"": 9124, ""instructions"": 3115, ""undecoded_bytes"": 4}"
547908,4,4,.text,thumb,False,ir_texture,ir_texture-7b719ec7ef09-001.asm,"[{""name"": ""_ZN10ir_texture25constant_expression_valueEP10hash_table"", ""demangled"": ""ir_texture::constant_expression_value(hash_table*)""}]","{""instruction_bytes"": 4, ""instructions"": 2}"
547912,236,236,.text,thumb,False,ir_swizzle,ir_swizzle-cae3ec3ecc45-001.asm,"[{""name"": ""_ZN10ir_swizzle25constant_expression_valueEP10hash_table"", ""demangled"": ""ir_swizzle::constant_expression_value(hash_table*)""}]","{""instruction_bytes"": 236, ""instructions"": 92}"
548148,72,72,.text,thumb,False,ir_dereference_variable,ir_dereference_variable-20dac6aed82e-001.asm,"[{""name"": ""_ZN23ir_dereference_variable25constant_expression_valueEP10hash_table"", ""demangled"": ""ir_dereference_variable::constant_expression_value(hash_table*)""}]","{""instruction_bytes"": 72, ""instructions"": 31}"
548220,392,392,.text,thumb,False,ir_dereference_array,ir_dereference_array-34f83a312edc-001.asm,"[{""name"": ""_ZN20ir_dereference_array25constant_expression_valueEP10hash_table"", ""demangled"": ""ir_dereference_array::constant_expression_value(hash_table*)""}]","{""instruction_bytes"": 392, ""instructions"": 158}"
548612,32,32,.text,thumb,False,ir_dereference_record,ir_dereference_record-ecdd9413cb0a-001.asm,"[{""name"": ""_ZN21ir_dereference_record25constant_expression_valueEP10hash_table"", ""demangled"": ""ir_dereference_record::constant_expression_value(hash_table*)""}]","{""instruction_bytes"": 32, ""instructions"": 14}"
548644,4,4,.text,thumb,False,ir_assignment,ir_assignment-be8229c2f1c5-001.asm,"[{""name"": ""_ZN13ir_assignment25constant_expression_valueEP10hash_table"", ""demangled"": ""ir_assignment::constant_expression_value(hash_table*)""}]","{""instruction_bytes"": 4, ""instructions"": 2}"
548648,2,2,.text,thumb,False,ir_constant,ir_constant-383254ce5fd7-001.asm,"[{""name"": ""_ZN11ir_constant25constant_expression_valueEP10hash_table"", ""demangled"": ""ir_constant::constant_expression_value(hash_table*)""}]","{""instruction_bytes"": 2, ""instructions"": 1}"
548650,14,14,.text,thumb,False,ir_call,ir_call-6bb2bf2ea5f9-001.asm,"[{""name"": ""_ZN7ir_call25constant_expression_valueEP10hash_table"", ""demangled"": ""ir_call::constant_expression_value(hash_table*)""}]","{""instruction_bytes"": 14, ""instructions"": 5}"
548664,268,268,.text,thumb,False,ir_function_signature,ir_function_signature-16c8a1959d1b-001.asm,"[{""name"": ""_ZN21ir_function_signature25constant_expression_valueEP9exec_listP10hash_table"", ""demangled"": ""ir_function_signature::constant_expression_value(exec_list*, hash_table*)""}]","{""instruction_bytes"": 268, ""instructions"": 118}"
548932,388,388,.text,thumb,False,ir_function_signature,ir_function_signature-16c8a1959d1b-001.asm,"[{""name"": ""_ZN21ir_function_signature44constant_expression_evaluate_expression_listERK9exec_listP10hash_tablePP11ir_constant"", ""demangled"": ""ir_function_signature::constant_expression_evaluate_expression_list(exec_list const&, hash_table*, ir_constant**)""}]","{""instruction_bytes"": 388, ""instructions"": 162}"
549628,4,4,.text,thumb,False,ir_instruction,ir_instruction-91788feb7e91-001.asm,"[{""name"": ""_ZN14ir_instruction6equalsEPS_12ir_node_type"", ""demangled"": ""ir_instruction::equals(ir_instruction*, ir_node_type)""}]","{""instruction_bytes"": 4, ""instructions"": 2}"
549632,82,82,.text,thumb,False,ir_constant,ir_constant-383254ce5fd7-001.asm,"[{""name"": ""_ZN11ir_constant6equalsEP14ir_instruction12ir_node_type"", ""demangled"": ""ir_constant::equals(ir_instruction*, ir_node_type)""}]","{""instruction_bytes"": 82, ""instructions"": 33}"
549714,28,28,.text,thumb,False,ir_dereference_variable,ir_dereference_variable-20dac6aed82e-001.asm,"[{""name"": ""_ZN23ir_dereference_variable6equalsEP14ir_instruction12ir_node_type"", ""demangled"": ""ir_dereference_variable::equals(ir_instruction*, ir_node_type)""}]","{""instruction_bytes"": 28, ""instructions"": 14}"
549742,72,72,.text,thumb,False,ir_dereference_array,ir_dereference_array-34f83a312edc-001.asm,"[{""name"": ""_ZN20ir_dereference_array6equalsEP14ir_instruction12ir_node_type"", ""demangled"": ""ir_dereference_array::equals(ir_instruction*, ir_node_type)""}]","{""instruction_bytes"": 72, ""instructions"": 32}"
549814,52,52,.text,thumb,False,ir_swizzle,ir_swizzle-cae3ec3ecc45-001.asm,"[{""name"": ""_ZN10ir_swizzle6equalsEP14ir_instruction12ir_node_type"", ""demangled"": ""ir_swizzle::equals(ir_instruction*, ir_node_type)""}]","{""instruction_bytes"": 52, ""instructions"": 22}"
549868,190,190,.text,thumb,False,ir_texture,ir_texture-7b719ec7ef09-001.asm,"[{""name"": ""_ZN10ir_texture6equalsEP14ir_instruction12ir_node_type"", ""demangled"": ""ir_texture::equals(ir_instruction*, ir_node_type)""}]","{""instruction_bytes"": 190, ""instructions"": 92}"
550060,108,108,.text,thumb,False,ir_expression,ir_expression-0f286bb5f5de-001.asm,"[{""name"": ""_ZN13ir_expression6equalsEP14ir_instruction12ir_node_type"", ""demangled"": ""ir_expression::equals(ir_instruction*, ir_node_type)""}]","{""instruction_bytes"": 108, ""instructions"": 46}"
550168,2,2,.text,thumb,False,ir_instruction,ir_instruction-91788feb7e91-001.asm,"[{""name"": ""_ZN14ir_instructionD0Ev"", ""demangled"": ""ir_instruction::~ir_instruction()""}]","{""instruction_bytes"": 2, ""instructions"": 1}"
550170,22,22,.text,thumb,False,ir_expression,ir_expression-0f286bb5f5de-001.asm,"[{""name"": ""_ZN13ir_expressionD0Ev"", ""demangled"": ""ir_expression::~ir_expression()""}]","{""instruction_bytes"": 22, ""instructions"": 8}"
550192,12,12,.text,thumb,False,ir_expression,ir_expression-0f286bb5f5de-001.asm,"[{""name"": ""_ZN13ir_expression6acceptEP10ir_visitor"", ""demangled"": ""ir_expression::accept(ir_visitor*)""}]","{""instruction_bytes"": 12, ""instructions"": 6}"
550204,116,116,.text,thumb,False,global-functions,global-functions-3d6ca95892b3-001.asm,"[{""name"": ""_Z24do_expression_flatteningP9exec_listPFbP14ir_instructionE"", ""demangled"": ""do_expression_flattening(exec_list*, bool (*)(ir_instruction*))""}]","{""instruction_bytes"": 116, ""instructions"": 54}"
550320,2,2,.text,thumb,False,ir_expression_flattening_visitor,ir_expression_flattening_visitor-0636a62c3ce9-001.asm,"[{""name"": ""_ZN32ir_expression_flattening_visitorD2Ev"", ""demangled"": ""ir_expression_flattening_visitor::~ir_expression_flattening_visitor()""}]","{""instruction_bytes"": 2, ""instructions"": 1}"
550324,252,252,.text,thumb,False,ir_expression_flattening_visitor,ir_expression_flattening_visitor-0636a62c3ce9-001.asm,"[{""name"": ""_ZN32ir_expression_flattening_visitor13handle_rvalueEPP9ir_rvalue"", ""demangled"": ""ir_expression_flattening_visitor::handle_rvalue(ir_rvalue**)""}]","{""instruction_bytes"": 252, ""instructions"": 105}"
550576,4,4,.text,thumb,False,ir_expression_flattening_visitor,ir_expression_flattening_visitor-0636a62c3ce9-001.asm,"[{""name"": ""_ZN32ir_expression_flattening_visitorD0Ev"", ""demangled"": ""ir_expression_flattening_visitor::~ir_expression_flattening_visitor()""}]","{""instruction_bytes"": 4, ""instructions"": 1}"
550580,68,68,.text,thumb,False,ir_function,ir_function-95ae0a10df32-001.asm,"[{""name"": ""_ZN11ir_function18matching_signatureEP22_mesa_glsl_parse_statePK9exec_listb"", ""demangled"": ""ir_function::matching_signature(_mesa_glsl_parse_state*, exec_list const*, bool)""}]","{""instruction_bytes"": 68, ""instructions"": 26}"
550648,760,760,.text,thumb,False,ir_function,ir_function-95ae0a10df32-001.asm,"[{""name"": ""_ZN11ir_function18matching_signatureEP22_mesa_glsl_parse_statePK9exec_listbPb"", ""demangled"": ""ir_function::matching_signature(_mesa_glsl_parse_state*, exec_list const*, bool, bool*)""}]","{""instruction_bytes"": 760, ""instructions"": 296}"
551408,152,152,.text,thumb,False,ir_function,ir_function-95ae0a10df32-001.asm,"[{""name"": ""_ZN11ir_function24exact_matching_signatureEP22_mesa_glsl_parse_statePK9exec_list"", ""demangled"": ""ir_function::exact_matching_signature(_mesa_glsl_parse_state*, exec_list const*)""}]","{""instruction_bytes"": 152, ""instructions"": 65}"
551560,10,10,.text,thumb,False,ir_function_can_inline_visitor,ir_function_can_inline_visitor-d3b258e7f7e7-001.asm,"[{""name"": ""_ZN30ir_function_can_inline_visitor11visit_enterEP9ir_return"", ""demangled"": ""ir_function_can_inline_visitor::visit_enter(ir_return*)""}]","{""instruction_bytes"": 10, ""instructions"": 5}"
551572,136,136,.text,thumb,False,global-functions,global-functions-3d6ca95892b3-001.asm,"[{""name"": ""_Z10can_inlineP7ir_call"", ""demangled"": ""can_inline(ir_call*)""}]","{""instruction_bytes"": 136, ""instructions"": 61}"
551708,144,144,.text,thumb,False,global-functions,global-functions-3d6ca95892b3-001.asm,"[{""name"": ""_Z25detect_recursion_unlinkedP22_mesa_glsl_parse_stateP9exec_list"", ""demangled"": ""detect_recursion_unlinked(_mesa_glsl_parse_state*, exec_list*)""}]","{""instruction_bytes"": 144, ""instructions"": 61}"
552256,144,144,.text,thumb,False,global-functions,global-functions-3d6ca95892b3-001.asm,"[{""name"": ""_Z23detect_recursion_linkedP17gl_shader_programP9exec_list"", ""demangled"": ""detect_recursion_linked(gl_shader_program*, exec_list*)""}]","{""instruction_bytes"": 144, ""instructions"": 60}"
552720,36,36,.text,thumb,False,ir_hierarchical_visitor,ir_hierarchical_visitor-475f2ede6bde-001.asm,"[{""name"": ""_ZN23ir_hierarchical_visitorC1Ev"", ""demangled"": ""ir_hierarchical_visitor::ir_hierarchical_visitor()""}, {""name"": ""_ZN23ir_hierarchical_visitorC2Ev"", ""demangled"": ""ir_hierarchical_visitor::ir_hierarchical_visitor()""}]","{""instruction_bytes"": 36, ""instructions"": 15}"
552756,24,24,.text,thumb,False,ir_hierarchical_visitor,ir_hierarchical_visitor-475f2ede6bde-001.asm,"[{""name"": ""_ZN23ir_hierarchical_visitor5visitEP9ir_rvalue"", ""demangled"": ""ir_hierarchical_visitor::visit(ir_rvalue*)""}]","{""instruction_bytes"": 24, ""instructions"": 11}"
552780,24,24,.text,thumb,False,ir_hierarchical_visitor,ir_hierarchical_visitor-475f2ede6bde-001.asm,"[{""name"": ""_ZN23ir_hierarchical_visitor5visitEP11ir_variable"", ""demangled"": ""ir_hierarchical_visitor::visit(ir_variable*)""}]","{""instruction_bytes"": 24, ""instructions"": 11}"
552804,24,24,.text,thumb,False,ir_hierarchical_visitor,ir_hierarchical_visitor-475f2ede6bde-001.asm,"[{""name"": ""_ZN23ir_hierarchical_visitor5visitEP11ir_constant"", ""demangled"": ""ir_hierarchical_visitor::visit(ir_constant*)""}]","{""instruction_bytes"": 24, ""instructions"": 11}"
552828,24,24,.text,thumb,False,ir_hierarchical_visitor,ir_hierarchical_visitor-475f2ede6bde-001.asm,"[{""name"": ""_ZN23ir_hierarchical_visitor5visitEP12ir_loop_jump"", ""demangled"": ""ir_hierarchical_visitor::visit(ir_loop_jump*)""}]","{""instruction_bytes"": 24, ""instructions"": 11}"
552852,24,24,.text,thumb,False,ir_hierarchical_visitor,ir_hierarchical_visitor-475f2ede6bde-001.asm,"[{""name"": ""_ZN23ir_hierarchical_visitor5visitEP22ir_precision_statement"", ""demangled"": ""ir_hierarchical_visitor::visit(ir_precision_statement*)""}]","{""instruction_bytes"": 24, ""instructions"": 11}"
552876,24,24,.text,thumb,False,ir_hierarchical_visitor,ir_hierarchical_visitor-475f2ede6bde-001.asm,"[{""name"": ""_ZN23ir_hierarchical_visitor5visitEP21ir_typedecl_statement"", ""demangled"": ""ir_hierarchical_visitor::visit(ir_typedecl_statement*)""}]","{""instruction_bytes"": 24, ""instructions"": 11}"
552900,24,24,.text,thumb,False,ir_hierarchical_visitor,ir_hierarchical_visitor-475f2ede6bde-001.asm,"[{""name"": ""_ZN23ir_hierarchical_visitor5visitEP23ir_dereference_variable"", ""demangled"": ""ir_hierarchical_visitor::visit(ir_dereference_variable*)""}]","{""instruction_bytes"": 24, ""instructions"": 11}"
552924,24,24,.text,thumb,False,ir_hierarchical_visitor,ir_hierarchical_visitor-475f2ede6bde-001.asm,"[{""name"": ""_ZN23ir_hierarchical_visitor11visit_enterEP7ir_loop"", ""demangled"": ""ir_hierarchical_visitor::visit_enter(ir_loop*)""}]","{""instruction_bytes"": 24, ""instructions"": 11}"
552948,24,24,.text,thumb,False,ir_hierarchical_visitor,ir_hierarchical_visitor-475f2ede6bde-001.asm,"[{""name"": ""_ZN23ir_hierarchical_visitor11visit_leaveEP7ir_loop"", ""demangled"": ""ir_hierarchical_visitor::visit_leave(ir_loop*)""}]","{""instruction_bytes"": 24, ""instructions"": 11}"
552972,24,24,.text,thumb,False,ir_hierarchical_visitor,ir_hierarchical_visitor-475f2ede6bde-001.asm,"[{""name"": ""_ZN23ir_hierarchical_visitor11visit_enterEP21ir_function_signature"", ""demangled"": ""ir_hierarchical_visitor::visit_enter(ir_function_signature*)""}]","{""instruction_bytes"": 24, ""instructions"": 11}"
552996,24,24,.text,thumb,False,ir_hierarchical_visitor,ir_hierarchical_visitor-475f2ede6bde-001.asm,"[{""name"": ""_ZN23ir_hierarchical_visitor11visit_leaveEP21ir_function_signature"", ""demangled"": ""ir_hierarchical_visitor::visit_leave(ir_function_signature*)""}]","{""instruction_bytes"": 24, ""instructions"": 11}"
553020,24,24,.text,thumb,False,ir_hierarchical_visitor,ir_hierarchical_visitor-475f2ede6bde-001.asm,"[{""name"": ""_ZN23ir_hierarchical_visitor11visit_enterEP11ir_function"", ""demangled"": ""ir_hierarchical_visitor::visit_enter(ir_function*)""}]","{""instruction_bytes"": 24, ""instructions"": 11}"
553044,24,24,.text,thumb,False,ir_hierarchical_visitor,ir_hierarchical_visitor-475f2ede6bde-001.asm,"[{""name"": ""_ZN23ir_hierarchical_visitor11visit_leaveEP11ir_function"", ""demangled"": ""ir_hierarchical_visitor::visit_leave(ir_function*)""}]","{""instruction_bytes"": 24, ""instructions"": 11}"
553068,24,24,.text,thumb,False,ir_hierarchical_visitor,ir_hierarchical_visitor-475f2ede6bde-001.asm,"[{""name"": ""_ZN23ir_hierarchical_visitor11visit_enterEP13ir_expression"", ""demangled"": ""ir_hierarchical_visitor::visit_enter(ir_expression*)""}]","{""instruction_bytes"": 24, ""instructions"": 11}"
553092,24,24,.text,thumb,False,ir_hierarchical_visitor,ir_hierarchical_visitor-475f2ede6bde-001.asm,"[{""name"": ""_ZN23ir_hierarchical_visitor11visit_leaveEP13ir_expression"", ""demangled"": ""ir_hierarchical_visitor::visit_leave(ir_expression*)""}]","{""instruction_bytes"": 24, ""instructions"": 11}"
553116,24,24,.text,thumb,False,ir_hierarchical_visitor,ir_hierarchical_visitor-475f2ede6bde-001.asm,"[{""name"": ""_ZN23ir_hierarchical_visitor11visit_enterEP10ir_texture"", ""demangled"": ""ir_hierarchical_visitor::visit_enter(ir_texture*)""}]","{""instruction_bytes"": 24, ""instructions"": 11}"
553140,24,24,.text,thumb,False,ir_hierarchical_visitor,ir_hierarchical_visitor-475f2ede6bde-001.asm,"[{""name"": ""_ZN23ir_hierarchical_visitor11visit_leaveEP10ir_texture"", ""demangled"": ""ir_hierarchical_visitor::visit_leave(ir_texture*)""}]","{""instruction_bytes"": 24, ""instructions"": 11}"
553164,24,24,.text,thumb,False,ir_hierarchical_visitor,ir_hierarchical_visitor-475f2ede6bde-001.asm,"[{""name"": ""_ZN23ir_hierarchical_visitor11visit_enterEP10ir_swizzle"", ""demangled"": ""ir_hierarchical_visitor::visit_enter(ir_swizzle*)""}]","{""instruction_bytes"": 24, ""instructions"": 11}"
553188,24,24,.text,thumb,False,ir_hierarchical_visitor,ir_hierarchical_visitor-475f2ede6bde-001.asm,"[{""name"": ""_ZN23ir_hierarchical_visitor11visit_leaveEP10ir_swizzle"", ""demangled"": ""ir_hierarchical_visitor::visit_leave(ir_swizzle*)""}]","{""instruction_bytes"": 24, ""instructions"": 11}"
553212,24,24,.text,thumb,False,ir_hierarchical_visitor,ir_hierarchical_visitor-475f2ede6bde-001.asm,"[{""name"": ""_ZN23ir_hierarchical_visitor11visit_enterEP20ir_dereference_array"", ""demangled"": ""ir_hierarchical_visitor::visit_enter(ir_dereference_array*)""}]","{""instruction_bytes"": 24, ""instructions"": 11}"
553236,24,24,.text,thumb,False,ir_hierarchical_visitor,ir_hierarchical_visitor-475f2ede6bde-001.asm,"[{""name"": ""_ZN23ir_hierarchical_visitor11visit_leaveEP20ir_dereference_array"", ""demangled"": ""ir_hierarchical_visitor::visit_leave(ir_dereference_array*)""}]","{""instruction_bytes"": 24, ""instructions"": 11}"
553260,24,24,.text,thumb,False,ir_hierarchical_visitor,ir_hierarchical_visitor-475f2ede6bde-001.asm,"[{""name"": ""_ZN23ir_hierarchical_visitor11visit_enterEP21ir_dereference_record"", ""demangled"": ""ir_hierarchical_visitor::visit_enter(ir_dereference_record*)""}]","{""instruction_bytes"": 24, ""instructions"": 11}"
553284,24,24,.text,thumb,False,ir_hierarchical_visitor,ir_hierarchical_visitor-475f2ede6bde-001.asm,"[{""name"": ""_ZN23ir_hierarchical_visitor11visit_leaveEP21ir_dereference_record"", ""demangled"": ""ir_hierarchical_visitor::visit_leave(ir_dereference_record*)""}]","{""instruction_bytes"": 24, ""instructions"": 11}"
553308,24,24,.text,thumb,False,ir_hierarchical_visitor,ir_hierarchical_visitor-475f2ede6bde-001.asm,"[{""name"": ""_ZN23ir_hierarchical_visitor11visit_enterEP13ir_assignment"", ""demangled"": ""ir_hierarchical_visitor::visit_enter(ir_assignment*)""}]","{""instruction_bytes"": 24, ""instructions"": 11}"
553332,24,24,.text,thumb,False,ir_hierarchical_visitor,ir_hierarchical_visitor-475f2ede6bde-001.asm,"[{""name"": ""_ZN23ir_hierarchical_visitor11visit_leaveEP13ir_assignment"", ""demangled"": ""ir_hierarchical_visitor::visit_leave(ir_assignment*)""}]","{""instruction_bytes"": 24, ""instructions"": 11}"
553356,24,24,.text,thumb,False,ir_hierarchical_visitor,ir_hierarchical_visitor-475f2ede6bde-001.asm,"[{""name"": ""_ZN23ir_hierarchical_visitor11visit_enterEP7ir_call"", ""demangled"": ""ir_hierarchical_visitor::visit_enter(ir_call*)""}]","{""instruction_bytes"": 24, ""instructions"": 11}"
553380,24,24,.text,thumb,False,ir_hierarchical_visitor,ir_hierarchical_visitor-475f2ede6bde-001.asm,"[{""name"": ""_ZN23ir_hierarchical_visitor11visit_leaveEP7ir_call"", ""demangled"": ""ir_hierarchical_visitor::visit_leave(ir_call*)""}]","{""instruction_bytes"": 24, ""instructions"": 11}"
553404,24,24,.text,thumb,False,ir_hierarchical_visitor,ir_hierarchical_visitor-475f2ede6bde-001.asm,"[{""name"": ""_ZN23ir_hierarchical_visitor11visit_enterEP9ir_return"", ""demangled"": ""ir_hierarchical_visitor::visit_enter(ir_return*)""}]","{""instruction_bytes"": 24, ""instructions"": 11}"
553428,24,24,.text,thumb,False,ir_hierarchical_visitor,ir_hierarchical_visitor-475f2ede6bde-001.asm,"[{""name"": ""_ZN23ir_hierarchical_visitor11visit_leaveEP9ir_return"", ""demangled"": ""ir_hierarchical_visitor::visit_leave(ir_return*)""}]","{""instruction_bytes"": 24, ""instructions"": 11}"
553452,24,24,.text,thumb,False,ir_hierarchical_visitor,ir_hierarchical_visitor-475f2ede6bde-001.asm,"[{""name"": ""_ZN23ir_hierarchical_visitor11visit_enterEP10ir_discard"", ""demangled"": ""ir_hierarchical_visitor::visit_enter(ir_discard*)""}]","{""instruction_bytes"": 24, ""instructions"": 11}"
553476,24,24,.text,thumb,False,ir_hierarchical_visitor,ir_hierarchical_visitor-475f2ede6bde-001.asm,"[{""name"": ""_ZN23ir_hierarchical_visitor11visit_leaveEP10ir_discard"", ""demangled"": ""ir_hierarchical_visitor::visit_leave(ir_discard*)""}]","{""instruction_bytes"": 24, ""instructions"": 11}"
553500,24,24,.text,thumb,False,ir_hierarchical_visitor,ir_hierarchical_visitor-475f2ede6bde-001.asm,"[{""name"": ""_ZN23ir_hierarchical_visitor11visit_enterEP5ir_if"", ""demangled"": ""ir_hierarchical_visitor::visit_enter(ir_if*)""}]","{""instruction_bytes"": 24, ""instructions"": 11}"
553524,24,24,.text,thumb,False,ir_hierarchical_visitor,ir_hierarchical_visitor-475f2ede6bde-001.asm,"[{""name"": ""_ZN23ir_hierarchical_visitor11visit_leaveEP5ir_if"", ""demangled"": ""ir_hierarchical_visitor::visit_leave(ir_if*)""}]","{""instruction_bytes"": 24, ""instructions"": 11}"
553548,24,24,.text,thumb,False,ir_hierarchical_visitor,ir_hierarchical_visitor-475f2ede6bde-001.asm,"[{""name"": ""_ZN23ir_hierarchical_visitor11visit_enterEP14ir_emit_vertex"", ""demangled"": ""ir_hierarchical_visitor::visit_enter(ir_emit_vertex*)""}]","{""instruction_bytes"": 24, ""instructions"": 11}"
553572,24,24,.text,thumb,False,ir_hierarchical_visitor,ir_hierarchical_visitor-475f2ede6bde-001.asm,"[{""name"": ""_ZN23ir_hierarchical_visitor11visit_leaveEP14ir_emit_vertex"", ""demangled"": ""ir_hierarchical_visitor::visit_leave(ir_emit_vertex*)""}]","{""instruction_bytes"": 24, ""instructions"": 11}"
553596,24,24,.text,thumb,False,ir_hierarchical_visitor,ir_hierarchical_visitor-475f2ede6bde-001.asm,"[{""name"": ""_ZN23ir_hierarchical_visitor11visit_enterEP16ir_end_primitive"", ""demangled"": ""ir_hierarchical_visitor::visit_enter(ir_end_primitive*)""}]","{""instruction_bytes"": 24, ""instructions"": 11}"
553620,24,24,.text,thumb,False,ir_hierarchical_visitor,ir_hierarchical_visitor-475f2ede6bde-001.asm,"[{""name"": ""_ZN23ir_hierarchical_visitor11visit_leaveEP16ir_end_primitive"", ""demangled"": ""ir_hierarchical_visitor::visit_leave(ir_end_primitive*)""}]","{""instruction_bytes"": 24, ""instructions"": 11}"
553644,6,6,.text,thumb,False,ir_hierarchical_visitor,ir_hierarchical_visitor-475f2ede6bde-001.asm,"[{""name"": ""_ZN23ir_hierarchical_visitor3runEP9exec_list"", ""demangled"": ""ir_hierarchical_visitor::run(exec_list*)""}]","{""instruction_bytes"": 6, ""instructions"": 2}"
553652,112,112,.text,thumb,False,global-functions,global-functions-3d6ca95892b3-001.asm,"[{""name"": ""_Z10visit_treeP14ir_instructionPFvS0_PvES1_S3_S1_"", ""demangled"": ""visit_tree(ir_instruction*, void (*)(ir_instruction*, void*), void*, void (*)(ir_instruction*, void*), void*)""}]","{""instruction_bytes"": 112, ""instructions"": 48}"
553764,76,76,.text,thumb,False,global-functions,global-functions-3d6ca95892b3-001.asm,"[{""name"": ""_Z19visit_list_elementsP23ir_hierarchical_visitorP9exec_listb"", ""demangled"": ""visit_list_elements(ir_hierarchical_visitor*, exec_list*, bool)""}]","{""instruction_bytes"": 76, ""instructions"": 34}"
553840,12,12,.text,thumb,False,ir_rvalue,ir_rvalue-07763df82d57-001.asm,"[{""name"": ""_ZN9ir_rvalue6acceptEP23ir_hierarchical_visitor"", ""demangled"": ""ir_rvalue::accept(ir_hierarchical_visitor*)""}]","{""instruction_bytes"": 12, ""instructions"": 6}"
553852,12,12,.text,thumb,False,ir_variable,ir_variable-57358b68f8fe-001.asm,"[{""name"": ""_ZN11ir_variable6acceptEP23ir_hierarchical_visitor"", ""demangled"": ""ir_variable::accept(ir_hierarchical_visitor*)""}]","{""instruction_bytes"": 12, ""instructions"": 6}"
553864,106,106,.text,thumb,False,ir_loop,ir_loop-170a9356c96f-001.asm,"[{""name"": ""_ZN7ir_loop6acceptEP23ir_hierarchical_visitor"", ""demangled"": ""ir_loop::accept(ir_hierarchical_visitor*)""}]","{""instruction_bytes"": 106, ""instructions"": 47}"
553970,12,12,.text,thumb,False,ir_loop_jump,ir_loop_jump-2fcadfec7ea1-001.asm,"[{""name"": ""_ZN12ir_loop_jump6acceptEP23ir_hierarchical_visitor"", ""demangled"": ""ir_loop_jump::accept(ir_hierarchical_visitor*)""}]","{""instruction_bytes"": 12, ""instructions"": 6}"
553982,158,158,.text,thumb,False,ir_function_signature,ir_function_signature-16c8a1959d1b-001.asm,"[{""name"": ""_ZN21ir_function_signature6acceptEP23ir_hierarchical_visitor"", ""demangled"": ""ir_function_signature::accept(ir_hierarchical_visitor*)""}]","{""instruction_bytes"": 158, ""instructions"": 70}"
554140,96,96,.text,thumb,False,ir_function,ir_function-95ae0a10df32-001.asm,"[{""name"": ""_ZN11ir_function6acceptEP23ir_hierarchical_visitor"", ""demangled"": ""ir_function::accept(ir_hierarchical_visitor*)""}]","{""instruction_bytes"": 96, ""instructions"": 44}"
554236,110,110,.text,thumb,False,ir_expression,ir_expression-0f286bb5f5de-001.asm,"[{""name"": ""_ZN13ir_expression6acceptEP23ir_hierarchical_visitor"", ""demangled"": ""ir_expression::accept(ir_hierarchical_visitor*)""}]","{""instruction_bytes"": 110, ""instructions"": 48}"
554348,138,138,.text,thumb,False,ir_texture,ir_texture-7b719ec7ef09-001.asm,"[{""name"": ""_ZN10ir_texture6acceptEP23ir_hierarchical_visitor"", ""demangled"": ""ir_texture::accept(ir_hierarchical_visitor*)""}]","{""instruction_bytes"": 138, ""instructions"": 67}"
554488,60,60,.text,thumb,False,ir_swizzle,ir_swizzle-cae3ec3ecc45-001.asm,"[{""name"": ""_ZN10ir_swizzle6acceptEP23ir_hierarchical_visitor"", ""demangled"": ""ir_swizzle::accept(ir_hierarchical_visitor*)""}]","{""instruction_bytes"": 60, ""instructions"": 29}"
554548,12,12,.text,thumb,False,ir_dereference_variable,ir_dereference_variable-20dac6aed82e-001.asm,"[{""name"": ""_ZN23ir_dereference_variable6acceptEP23ir_hierarchical_visitor"", ""demangled"": ""ir_dereference_variable::accept(ir_hierarchical_visitor*)""}]","{""instruction_bytes"": 12, ""instructions"": 6}"
554560,94,94,.text,thumb,False,ir_dereference_array,ir_dereference_array-34f83a312edc-001.asm,"[{""name"": ""_ZN20ir_dereference_array6acceptEP23ir_hierarchical_visitor"", ""demangled"": ""ir_dereference_array::accept(ir_hierarchical_visitor*)""}]","{""instruction_bytes"": 94, ""instructions"": 43}"
554654,60,60,.text,thumb,False,ir_dereference_record,ir_dereference_record-ecdd9413cb0a-001.asm,"[{""name"": ""_ZN21ir_dereference_record6acceptEP23ir_hierarchical_visitor"", ""demangled"": ""ir_dereference_record::accept(ir_hierarchical_visitor*)""}]","{""instruction_bytes"": 60, ""instructions"": 29}"
554714,96,96,.text,thumb,False,ir_assignment,ir_assignment-be8229c2f1c5-001.asm,"[{""name"": ""_ZN13ir_assignment6acceptEP23ir_hierarchical_visitor"", ""demangled"": ""ir_assignment::accept(ir_hierarchical_visitor*)""}]","{""instruction_bytes"": 96, ""instructions"": 47}"
554810,12,12,.text,thumb,False,ir_constant,ir_constant-383254ce5fd7-001.asm,"[{""name"": ""_ZN11ir_constant6acceptEP23ir_hierarchical_visitor"", ""demangled"": ""ir_constant::accept(ir_hierarchical_visitor*)""}]","{""instruction_bytes"": 12, ""instructions"": 6}"
554822,120,120,.text,thumb,False,ir_call,ir_call-6bb2bf2ea5f9-001.asm,"[{""name"": ""_ZN7ir_call6acceptEP23ir_hierarchical_visitor"", ""demangled"": ""ir_call::accept(ir_hierarchical_visitor*)""}]","{""instruction_bytes"": 120, ""instructions"": 56}"
554942,58,58,.text,thumb,False,ir_return,ir_return-965045a39f35-001.asm,"[{""name"": ""_ZN9ir_return6acceptEP23ir_hierarchical_visitor"", ""demangled"": ""ir_return::accept(ir_hierarchical_visitor*)""}]","{""instruction_bytes"": 58, ""instructions"": 28}"
555000,58,58,.text,thumb,False,ir_discard,ir_discard-e5dc30dcccb4-001.asm,"[{""name"": ""_ZN10ir_discard6acceptEP23ir_hierarchical_visitor"", ""demangled"": ""ir_discard::accept(ir_hierarchical_visitor*)""}]","{""instruction_bytes"": 58, ""instructions"": 28}"
555058,174,174,.text,thumb,False,ir_if,ir_if-461a1e9303e7-001.asm,"[{""name"": ""_ZN5ir_if6acceptEP23ir_hierarchical_visitor"", ""demangled"": ""ir_if::accept(ir_hierarchical_visitor*)""}]","{""instruction_bytes"": 174, ""instructions"": 78}"
555232,12,12,.text,thumb,False,ir_precision_statement,ir_precision_statement-22f62fa30953-001.asm,"[{""name"": ""_ZN22ir_precision_statement6acceptEP23ir_hierarchical_visitor"", ""demangled"": ""ir_precision_statement::accept(ir_hierarchical_visitor*)""}]","{""instruction_bytes"": 12, ""instructions"": 6}"
555244,12,12,.text,thumb,False,ir_typedecl_statement,ir_typedecl_statement-f5fc0f31ed68-001.asm,"[{""name"": ""_ZN21ir_typedecl_statement6acceptEP23ir_hierarchical_visitor"", ""demangled"": ""ir_typedecl_statement::accept(ir_hierarchical_visitor*)""}]","{""instruction_bytes"": 12, ""instructions"": 6}"
555256,58,58,.text,thumb,False,ir_emit_vertex,ir_emit_vertex-f623cda8f42b-001.asm,"[{""name"": ""_ZN14ir_emit_vertex6acceptEP23ir_hierarchical_visitor"", ""demangled"": ""ir_emit_vertex::accept(ir_hierarchical_visitor*)""}]","{""instruction_bytes"": 58, ""instructions"": 26}"
555314,58,58,.text,thumb,False,ir_end_primitive,ir_end_primitive-7e202ed859c5-001.asm,"[{""name"": ""_ZN16ir_end_primitive6acceptEP23ir_hierarchical_visitor"", ""demangled"": ""ir_end_primitive::accept(ir_hierarchical_visitor*)""}]","{""instruction_bytes"": 58, ""instructions"": 26}"
555372,22,22,.text,thumb,False,ir_emit_vertex,ir_emit_vertex-f623cda8f42b-001.asm,"[{""name"": ""_ZN14ir_emit_vertexD0Ev"", ""demangled"": ""ir_emit_vertex::~ir_emit_vertex()""}]","{""instruction_bytes"": 22, ""instructions"": 8}"
555394,12,12,.text,thumb,False,ir_emit_vertex,ir_emit_vertex-f623cda8f42b-001.asm,"[{""name"": ""_ZN14ir_emit_vertex6acceptEP10ir_visitor"", ""demangled"": ""ir_emit_vertex::accept(ir_visitor*)""}]","{""instruction_bytes"": 12, ""instructions"": 6}"
555408,80,80,.text,thumb,False,ir_emit_vertex,ir_emit_vertex-f623cda8f42b-001.asm,"[{""name"": ""_ZNK14ir_emit_vertex5cloneEPvP10hash_table"", ""demangled"": ""ir_emit_vertex::clone(void*, hash_table*) const""}]","{""instruction_bytes"": 80, ""instructions"": 35}"
555488,22,22,.text,thumb,False,ir_end_primitive,ir_end_primitive-7e202ed859c5-001.asm,"[{""name"": ""_ZN16ir_end_primitiveD0Ev"", ""demangled"": ""ir_end_primitive::~ir_end_primitive()""}]","{""instruction_bytes"": 22, ""instructions"": 8}"
555510,12,12,.text,thumb,False,ir_end_primitive,ir_end_primitive-7e202ed859c5-001.asm,"[{""name"": ""_ZN16ir_end_primitive6acceptEP10ir_visitor"", ""demangled"": ""ir_end_primitive::accept(ir_visitor*)""}]","{""instruction_bytes"": 12, ""instructions"": 6}"
555524,84,84,.text,thumb,False,ir_end_primitive,ir_end_primitive-7e202ed859c5-001.asm,"[{""name"": ""_ZNK16ir_end_primitive5cloneEPvP10hash_table"", ""demangled"": ""ir_end_primitive::clone(void*, hash_table*) const""}]","{""instruction_bytes"": 84, ""instructions"": 36}"
555608,96,96,.text,thumb,False,global-functions,global-functions-3d6ca95892b3-001.asm,"[{""name"": ""_Z17import_prototypesPK9exec_listPS_P17glsl_symbol_tablePv"", ""demangled"": ""import_prototypes(exec_list const*, exec_list*, glsl_symbol_table*, void*)""}]","{""instruction_bytes"": 96, ""instructions"": 43}"
555860,1368,1368,.text,thumb,False,global-functions,global-functions-3d6ca95892b3-001.asm,"[{""name"": ""_Z19_mesa_print_ir_glslP9exec_listP22_mesa_glsl_parse_statePc13PrintGlslMode"", ""demangled"": ""_mesa_print_ir_glsl(exec_list*, _mesa_glsl_parse_state*, char*, PrintGlslMode)""}]","{""instruction_bytes"": 1368, ""instructions"": 539}"
557228,76,76,.text,thumb,False,string_buffer,string_buffer-28ee4f101e5c-001.asm,"[{""name"": ""_ZN13string_buffer15asprintf_appendEPKcz"", ""demangled"": ""string_buffer::asprintf_append(char const*, ...)""}]","{""instruction_bytes"": 76, ""instructions"": 34}"
557304,2,2,.text,thumb,False,ir_visitor,ir_visitor-1d5a639fe822-001.asm,"[{""name"": ""_ZN10ir_visitorD2Ev"", ""demangled"": ""ir_visitor::~ir_visitor()""}]","{""instruction_bytes"": 2, ""instructions"": 1}"
557308,60,60,.text,thumb,False,ir_print_glsl_visitor,ir_print_glsl_visitor-07036cd0af2b-001.asm,"[{""name"": ""_ZN21ir_print_glsl_visitor6indentEv"", ""demangled"": ""ir_print_glsl_visitor::indent()""}]","{""instruction_bytes"": 60, ""instructions"": 25}"
557368,44,44,.text,thumb,False,ir_print_glsl_visitor,ir_print_glsl_visitor-07036cd0af2b-001.asm,"[{""name"": ""_ZN21ir_print_glsl_visitor18end_statement_lineEv"", ""demangled"": ""ir_print_glsl_visitor::end_statement_line()""}]","{""instruction_bytes"": 44, ""instructions"": 17}"
557412,44,44,.text,thumb,False,ir_print_glsl_visitor,ir_print_glsl_visitor-07036cd0af2b-001.asm,"[{""name"": ""_ZN21ir_print_glsl_visitor14newline_indentEv"", ""demangled"": ""ir_print_glsl_visitor::newline_indent()""}]","{""instruction_bytes"": 44, ""instructions"": 19}"
557456,44,44,.text,thumb,False,ir_print_glsl_visitor,ir_print_glsl_visitor-07036cd0af2b-001.asm,"[{""name"": ""_ZN21ir_print_glsl_visitor16newline_deindentEv"", ""demangled"": ""ir_print_glsl_visitor::newline_deindent()""}]","{""instruction_bytes"": 44, ""instructions"": 19}"
557500,136,136,.text,thumb,False,ir_print_glsl_visitor,ir_print_glsl_visitor-07036cd0af2b-001.asm,"[{""name"": ""_ZN21ir_print_glsl_visitor14print_var_nameEP11ir_variable"", ""demangled"": ""ir_print_glsl_visitor::print_var_name(ir_variable*)""}]","{""instruction_bytes"": 136, ""instructions"": 54}"
557636,224,224,.text,thumb,False,ir_print_glsl_visitor,ir_print_glsl_visitor-07036cd0af2b-001.asm,"[{""name"": ""_ZN21ir_print_glsl_visitor15print_precisionEP14ir_instructionPK9glsl_type"", ""demangled"": ""ir_print_glsl_visitor::print_precision(ir_instruction*, glsl_type const*)""}]","{""instruction_bytes"": 224, ""instructions"": 98}"
557860,512,512,.text,thumb,False,ir_print_glsl_visitor,ir_print_glsl_visitor-07036cd0af2b-001.asm,"[{""name"": ""_ZN21ir_print_glsl_visitor5visitEP11ir_variable"", ""demangled"": ""ir_print_glsl_visitor::visit(ir_variable*)""}]","{""instruction_bytes"": 512, ""instructions"": 208}"
558372,44,44,.text,thumb,False,ir_print_glsl_visitor,ir_print_glsl_visitor-07036cd0af2b-001.asm,"[{""name"": ""_ZN21ir_print_glsl_visitor22can_emit_canonical_forEP19loop_variable_state"", ""demangled"": ""ir_print_glsl_visitor::can_emit_canonical_for(loop_variable_state*)""}]","{""instruction_bytes"": 44, ""instructions"": 21}"
558520,436,436,.text,thumb,False,ir_print_glsl_visitor,ir_print_glsl_visitor-07036cd0af2b-001.asm,"[{""name"": ""_ZN21ir_print_glsl_visitor5visitEP21ir_function_signature"", ""demangled"": ""ir_print_glsl_visitor::visit(ir_function_signature*)""}]","{""instruction_bytes"": 436, ""instructions"": 175}"
558956,168,168,.text,thumb,False,ir_print_glsl_visitor,ir_print_glsl_visitor-07036cd0af2b-001.asm,"[{""name"": ""_ZN21ir_print_glsl_visitor5visitEP11ir_function"", ""demangled"": ""ir_print_glsl_visitor::visit(ir_function*)""}]","{""instruction_bytes"": 168, ""instructions"": 66}"
559124,636,636,.text,thumb,False,ir_print_glsl_visitor,ir_print_glsl_visitor-07036cd0af2b-001.asm,"[{""name"": ""_ZN21ir_print_glsl_visitor5visitEP13ir_expression"", ""demangled"": ""ir_print_glsl_visitor::visit(ir_expression*)""}]","{""instruction_bytes"": 630, ""instructions"": 268, ""undecoded_bytes"": 6}"
559760,636,636,.text,thumb,False,ir_print_glsl_visitor,ir_print_glsl_visitor-07036cd0af2b-001.asm,"[{""name"": ""_ZN21ir_print_glsl_visitor5visitEP10ir_texture"", ""demangled"": ""ir_print_glsl_visitor::visit(ir_texture*)""}]","{""instruction_bytes"": 634, ""instructions"": 273, ""undecoded_bytes"": 2}"
560396,380,380,.text,thumb,False,ir_print_glsl_visitor,ir_print_glsl_visitor-07036cd0af2b-001.asm,"[{""name"": ""_ZN21ir_print_glsl_visitor5visitEP10ir_swizzle"", ""demangled"": ""ir_print_glsl_visitor::visit(ir_swizzle*)""}]","{""instruction_bytes"": 380, ""instructions"": 148}"
560776,26,26,.text,thumb,False,ir_print_glsl_visitor,ir_print_glsl_visitor-07036cd0af2b-001.asm,"[{""name"": ""_ZN21ir_print_glsl_visitor5visitEP23ir_dereference_variable"", ""demangled"": ""ir_print_glsl_visitor::visit(ir_dereference_variable*)""}]","{""instruction_bytes"": 26, ""instructions"": 11}"
560804,56,56,.text,thumb,False,ir_print_glsl_visitor,ir_print_glsl_visitor-07036cd0af2b-001.asm,"[{""name"": ""_ZN21ir_print_glsl_visitor5visitEP20ir_dereference_array"", ""demangled"": ""ir_print_glsl_visitor::visit(ir_dereference_array*)""}]","{""instruction_bytes"": 56, ""instructions"": 25}"
560860,36,36,.text,thumb,False,ir_print_glsl_visitor,ir_print_glsl_visitor-07036cd0af2b-001.asm,"[{""name"": ""_ZN21ir_print_glsl_visitor5visitEP21ir_dereference_record"", ""demangled"": ""ir_print_glsl_visitor::visit(ir_dereference_record*)""}]","{""instruction_bytes"": 36, ""instructions"": 16}"
560896,184,184,.text,thumb,False,ir_print_glsl_visitor,ir_print_glsl_visitor-07036cd0af2b-001.asm,"[{""name"": ""_ZN21ir_print_glsl_visitor26try_print_array_assignmentEP14ir_dereferenceP9ir_rvalue"", ""demangled"": ""ir_print_glsl_visitor::try_print_array_assignment(ir_dereference*, ir_rvalue*)""}]","{""instruction_bytes"": 184, ""instructions"": 80}"
561080,424,424,.text,thumb,False,ir_print_glsl_visitor,ir_print_glsl_visitor-07036cd0af2b-001.asm,"[{""name"": ""_ZN21ir_print_glsl_visitor20emit_assignment_partEP14ir_dereferenceP9ir_rvaluejS3_"", ""demangled"": ""ir_print_glsl_visitor::emit_assignment_part(ir_dereference*, ir_rvalue*, unsigned int, ir_rvalue*)""}]","{""instruction_bytes"": 424, ""instructions"": 173}"
561504,564,564,.text,thumb,False,ir_print_glsl_visitor,ir_print_glsl_visitor-07036cd0af2b-001.asm,"[{""name"": ""_ZN21ir_print_glsl_visitor5visitEP13ir_assignment"", ""demangled"": ""ir_print_glsl_visitor::visit(ir_assignment*)""}]","{""instruction_bytes"": 564, ""instructions"": 229}"
562068,260,260,.text,thumb,False,global-functions,global-functions-3d6ca95892b3-001.asm,"[{""name"": ""_Z11print_floatR13string_bufferf"", ""demangled"": ""print_float(string_buffer&, float)""}]","{""instruction_bytes"": 258, ""instructions"": 107, ""undecoded_bytes"": 2}"
562328,672,672,.text,thumb,False,ir_print_glsl_visitor,ir_print_glsl_visitor-07036cd0af2b-001.asm,"[{""name"": ""_ZN21ir_print_glsl_visitor5visitEP11ir_constant"", ""demangled"": ""ir_print_glsl_visitor::visit(ir_constant*)""}]","{""instruction_bytes"": 672, ""instructions"": 267}"
563000,228,228,.text,thumb,False,ir_print_glsl_visitor,ir_print_glsl_visitor-07036cd0af2b-001.asm,"[{""name"": ""_ZN21ir_print_glsl_visitor5visitEP7ir_call"", ""demangled"": ""ir_print_glsl_visitor::visit(ir_call*)""}]","{""instruction_bytes"": 228, ""instructions"": 92}"
563228,56,56,.text,thumb,False,ir_print_glsl_visitor,ir_print_glsl_visitor-07036cd0af2b-001.asm,"[{""name"": ""_ZN21ir_print_glsl_visitor5visitEP9ir_return"", ""demangled"": ""ir_print_glsl_visitor::visit(ir_return*)""}]","{""instruction_bytes"": 56, ""instructions"": 25}"
563284,60,60,.text,thumb,False,ir_print_glsl_visitor,ir_print_glsl_visitor-07036cd0af2b-001.asm,"[{""name"": ""_ZN21ir_print_glsl_visitor5visitEP10ir_discard"", ""demangled"": ""ir_print_glsl_visitor::visit(ir_discard*)""}]","{""instruction_bytes"": 60, ""instructions"": 27}"
563344,348,348,.text,thumb,False,ir_print_glsl_visitor,ir_print_glsl_visitor-07036cd0af2b-001.asm,"[{""name"": ""_ZN21ir_print_glsl_visitor5visitEP5ir_if"", ""demangled"": ""ir_print_glsl_visitor::visit(ir_if*)""}]","{""instruction_bytes"": 348, ""instructions"": 136}"
563692,852,852,.text,thumb,False,ir_print_glsl_visitor,ir_print_glsl_visitor-07036cd0af2b-001.asm,"[{""name"": ""_ZN21ir_print_glsl_visitor18emit_canonical_forEP7ir_loop"", ""demangled"": ""ir_print_glsl_visitor::emit_canonical_for(ir_loop*)""}]","{""instruction_bytes"": 852, ""instructions"": 346}"
564544,184,184,.text,thumb,False,ir_print_glsl_visitor,ir_print_glsl_visitor-07036cd0af2b-001.asm,"[{""name"": ""_ZN21ir_print_glsl_visitor5visitEP7ir_loop"", ""demangled"": ""ir_print_glsl_visitor::visit(ir_loop*)""}]","{""instruction_bytes"": 184, ""instructions"": 73}"
564728,44,44,.text,thumb,False,ir_print_glsl_visitor,ir_print_glsl_visitor-07036cd0af2b-001.asm,"[{""name"": ""_ZN21ir_print_glsl_visitor5visitEP12ir_loop_jump"", ""demangled"": ""ir_print_glsl_visitor::visit(ir_loop_jump*)""}]","{""instruction_bytes"": 44, ""instructions"": 21}"
564772,16,16,.text,thumb,False,ir_print_glsl_visitor,ir_print_glsl_visitor-07036cd0af2b-001.asm,"[{""name"": ""_ZN21ir_print_glsl_visitor5visitEP22ir_precision_statement"", ""demangled"": ""ir_print_glsl_visitor::visit(ir_precision_statement*)""}]","{""instruction_bytes"": 16, ""instructions"": 7}"
564788,236,236,.text,thumb,False,ir_print_glsl_visitor,ir_print_glsl_visitor-07036cd0af2b-001.asm,"[{""name"": ""_ZN21ir_print_glsl_visitor5visitEP21ir_typedecl_statement"", ""demangled"": ""ir_print_glsl_visitor::visit(ir_typedecl_statement*)""}]","{""instruction_bytes"": 234, ""instructions"": 95, ""undecoded_bytes"": 2}"
565024,28,28,.text,thumb,False,ir_print_glsl_visitor,ir_print_glsl_visitor-07036cd0af2b-001.asm,"[{""name"": ""_ZN21ir_print_glsl_visitor5visitEP14ir_emit_vertex"", ""demangled"": ""ir_print_glsl_visitor::visit(ir_emit_vertex*)""}]","{""instruction_bytes"": 28, ""instructions"": 13}"
565052,28,28,.text,thumb,False,ir_print_glsl_visitor,ir_print_glsl_visitor-07036cd0af2b-001.asm,"[{""name"": ""_ZN21ir_print_glsl_visitor5visitEP16ir_end_primitive"", ""demangled"": ""ir_print_glsl_visitor::visit(ir_end_primitive*)""}]","{""instruction_bytes"": 28, ""instructions"": 13}"
565080,4,4,.text,thumb,False,ir_print_glsl_visitor,ir_print_glsl_visitor-07036cd0af2b-001.asm,"[{""name"": ""_ZN21ir_print_glsl_visitorD0Ev"", ""demangled"": ""ir_print_glsl_visitor::~ir_print_glsl_visitor()""}]","{""instruction_bytes"": 4, ""instructions"": 1}"
565084,2,2,.text,thumb,False,ir_visitor,ir_visitor-1d5a639fe822-001.asm,"[{""name"": ""_ZN10ir_visitor5visitEP9ir_rvalue"", ""demangled"": ""ir_visitor::visit(ir_rvalue*)""}]","{""instruction_bytes"": 2, ""instructions"": 1}"
565086,94,94,.text,thumb,False,string_buffer,string_buffer-28ee4f101e5c-001.asm,"[{""name"": ""_ZN13string_buffer22vasprintf_rewrite_tailEPjPKcSt9__va_list"", ""demangled"": ""string_buffer::vasprintf_rewrite_tail(unsigned int*, char const*, std::__va_list)""}]","{""instruction_bytes"": 94, ""instructions"": 39}"
565180,1188,1188,.text,thumb,False,global-functions,global-functions-3d6ca95892b3-001.asm,"[{""name"": ""_Z20_mesa_print_ir_metalP9exec_listP22_mesa_glsl_parse_statePc13PrintGlslModePi"", ""demangled"": ""_mesa_print_ir_metal(exec_list*, _mesa_glsl_parse_state*, char*, PrintGlslMode, int*)""}]","{""instruction_bytes"": 1188, ""instructions"": 475}"
566368,224,224,.text,thumb,False,metal_print_context,metal_print_context-ede88d6236d1-001.asm,"[{""name"": ""_ZN19metal_print_contextC2EPc"", ""demangled"": ""metal_print_context::metal_print_context(char*)""}]","{""instruction_bytes"": 224, ""instructions"": 71}"
566592,116,116,.text,thumb,False,global_print_tracker_metal,global_print_tracker_metal-ab63a13a6646-001.asm,"[{""name"": ""_ZN26global_print_tracker_metalC2Ev"", ""demangled"": ""global_print_tracker_metal::global_print_tracker_metal()""}]","{""instruction_bytes"": 116, ""instructions"": 45}"
566708,60,60,.text,thumb,False,ir_print_metal_visitor,ir_print_metal_visitor-028416f3c994-001.asm,"[{""name"": ""_ZN22ir_print_metal_visitor6indentEv"", ""demangled"": ""ir_print_metal_visitor::indent()""}]","{""instruction_bytes"": 60, ""instructions"": 25}"
566768,44,44,.text,thumb,False,ir_print_metal_visitor,ir_print_metal_visitor-028416f3c994-001.asm,"[{""name"": ""_ZN22ir_print_metal_visitor18end_statement_lineEv"", ""demangled"": ""ir_print_metal_visitor::end_statement_line()""}]","{""instruction_bytes"": 44, ""instructions"": 17}"
566812,44,44,.text,thumb,False,ir_print_metal_visitor,ir_print_metal_visitor-028416f3c994-001.asm,"[{""name"": ""_ZN22ir_print_metal_visitor14newline_indentEv"", ""demangled"": ""ir_print_metal_visitor::newline_indent()""}]","{""instruction_bytes"": 44, ""instructions"": 19}"
566856,44,44,.text,thumb,False,ir_print_metal_visitor,ir_print_metal_visitor-028416f3c994-001.asm,"[{""name"": ""_ZN22ir_print_metal_visitor16newline_deindentEv"", ""demangled"": ""ir_print_metal_visitor::newline_deindent()""}]","{""instruction_bytes"": 44, ""instructions"": 19}"
566900,136,136,.text,thumb,False,ir_print_metal_visitor,ir_print_metal_visitor-028416f3c994-001.asm,"[{""name"": ""_ZN22ir_print_metal_visitor14print_var_nameEP11ir_variable"", ""demangled"": ""ir_print_metal_visitor::print_var_name(ir_variable*)""}]","{""instruction_bytes"": 136, ""instructions"": 54}"
567036,1268,1268,.text,thumb,False,ir_print_metal_visitor,ir_print_metal_visitor-028416f3c994-001.asm,"[{""name"": ""_ZN22ir_print_metal_visitor5visitEP11ir_variable"", ""demangled"": ""ir_print_metal_visitor::visit(ir_variable*)""}]","{""instruction_bytes"": 1266, ""instructions"": 487, ""undecoded_bytes"": 2}"
568304,44,44,.text,thumb,False,ir_print_metal_visitor,ir_print_metal_visitor-028416f3c994-001.asm,"[{""name"": ""_ZN22ir_print_metal_visitor22can_emit_canonical_forEP19loop_variable_state"", ""demangled"": ""ir_print_metal_visitor::can_emit_canonical_for(loop_variable_state*)""}]","{""instruction_bytes"": 44, ""instructions"": 21}"
568348,664,664,.text,thumb,False,ir_print_metal_visitor,ir_print_metal_visitor-028416f3c994-001.asm,"[{""name"": ""_ZN22ir_print_metal_visitor5visitEP21ir_function_signature"", ""demangled"": ""ir_print_metal_visitor::visit(ir_function_signature*)""}]","{""instruction_bytes"": 664, ""instructions"": 264}"
569012,168,168,.text,thumb,False,ir_print_metal_visitor,ir_print_metal_visitor-028416f3c994-001.asm,"[{""name"": ""_ZN22ir_print_metal_visitor5visitEP11ir_function"", ""demangled"": ""ir_print_metal_visitor::visit(ir_function*)""}]","{""instruction_bytes"": 168, ""instructions"": 66}"
569180,1816,1816,.text,thumb,False,ir_print_metal_visitor,ir_print_metal_visitor-028416f3c994-001.asm,"[{""name"": ""_ZN22ir_print_metal_visitor5visitEP13ir_expression"", ""demangled"": ""ir_print_metal_visitor::visit(ir_expression*)""}]","{""instruction_bytes"": 1816, ""instructions"": 737}"
572256,836,836,.text,thumb,False,ir_print_metal_visitor,ir_print_metal_visitor-028416f3c994-001.asm,"[{""name"": ""_ZN22ir_print_metal_visitor5visitEP10ir_texture"", ""demangled"": ""ir_print_metal_visitor::visit(ir_texture*)""}]","{""instruction_bytes"": 836, ""instructions"": 359}"
573092,348,348,.text,thumb,False,ir_print_metal_visitor,ir_print_metal_visitor-028416f3c994-001.asm,"[{""name"": ""_ZN22ir_print_metal_visitor5visitEP10ir_swizzle"", ""demangled"": ""ir_print_metal_visitor::visit(ir_swizzle*)""}]","{""instruction_bytes"": 348, ""instructions"": 141}"
573440,40,40,.text,thumb,False,ir_print_metal_visitor,ir_print_metal_visitor-028416f3c994-001.asm,"[{""name"": ""_ZN22ir_print_metal_visitor5visitEP23ir_dereference_variable"", ""demangled"": ""ir_print_metal_visitor::visit(ir_dereference_variable*)""}]","{""instruction_bytes"": 40, ""instructions"": 16}"
573636,56,56,.text,thumb,False,ir_print_metal_visitor,ir_print_metal_visitor-028416f3c994-001.asm,"[{""name"": ""_ZN22ir_print_metal_visitor5visitEP20ir_dereference_array"", ""demangled"": ""ir_print_metal_visitor::visit(ir_dereference_array*)""}]","{""instruction_bytes"": 56, ""instructions"": 25}"
573692,36,36,.text,thumb,False,ir_print_metal_visitor,ir_print_metal_visitor-028416f3c994-001.asm,"[{""name"": ""_ZN22ir_print_metal_visitor5visitEP21ir_dereference_record"", ""demangled"": ""ir_print_metal_visitor::visit(ir_dereference_record*)""}]","{""instruction_bytes"": 36, ""instructions"": 16}"
573728,648,648,.text,thumb,False,ir_print_metal_visitor,ir_print_metal_visitor-028416f3c994-001.asm,"[{""name"": ""_ZN22ir_print_metal_visitor20emit_assignment_partEP14ir_dereferenceP9ir_rvaluejS3_"", ""demangled"": ""ir_print_metal_visitor::emit_assignment_part(ir_dereference*, ir_rvalue*, unsigned int, ir_rvalue*)""}]","{""instruction_bytes"": 648, ""instructions"": 266}"
574376,536,536,.text,thumb,False,ir_print_metal_visitor,ir_print_metal_visitor-028416f3c994-001.asm,"[{""name"": ""_ZN22ir_print_metal_visitor5visitEP13ir_assignment"", ""demangled"": ""ir_print_metal_visitor::visit(ir_assignment*)""}]","{""instruction_bytes"": 536, ""instructions"": 221}"
574912,616,616,.text,thumb,False,ir_print_metal_visitor,ir_print_metal_visitor-028416f3c994-001.asm,"[{""name"": ""_ZN22ir_print_metal_visitor5visitEP11ir_constant"", ""demangled"": ""ir_print_metal_visitor::visit(ir_constant*)""}]","{""instruction_bytes"": 616, ""instructions"": 228}"
575528,228,228,.text,thumb,False,ir_print_metal_visitor,ir_print_metal_visitor-028416f3c994-001.asm,"[{""name"": ""_ZN22ir_print_metal_visitor5visitEP7ir_call"", ""demangled"": ""ir_print_metal_visitor::visit(ir_call*)""}]","{""instruction_bytes"": 228, ""instructions"": 91}"
575756,56,56,.text,thumb,False,ir_print_metal_visitor,ir_print_metal_visitor-028416f3c994-001.asm,"[{""name"": ""_ZN22ir_print_metal_visitor5visitEP9ir_return"", ""demangled"": ""ir_print_metal_visitor::visit(ir_return*)""}]","{""instruction_bytes"": 56, ""instructions"": 25}"
575812,72,72,.text,thumb,False,ir_print_metal_visitor,ir_print_metal_visitor-028416f3c994-001.asm,"[{""name"": ""_ZN22ir_print_metal_visitor5visitEP10ir_discard"", ""demangled"": ""ir_print_metal_visitor::visit(ir_discard*)""}]","{""instruction_bytes"": 72, ""instructions"": 33}"
575884,348,348,.text,thumb,False,ir_print_metal_visitor,ir_print_metal_visitor-028416f3c994-001.asm,"[{""name"": ""_ZN22ir_print_metal_visitor5visitEP5ir_if"", ""demangled"": ""ir_print_metal_visitor::visit(ir_if*)""}]","{""instruction_bytes"": 348, ""instructions"": 136}"
576232,816,816,.text,thumb,False,ir_print_metal_visitor,ir_print_metal_visitor-028416f3c994-001.asm,"[{""name"": ""_ZN22ir_print_metal_visitor18emit_canonical_forEP7ir_loop"", ""demangled"": ""ir_print_metal_visitor::emit_canonical_for(ir_loop*)""}]","{""instruction_bytes"": 812, ""instructions"": 331, ""undecoded_bytes"": 4}"
577048,184,184,.text,thumb,False,ir_print_metal_visitor,ir_print_metal_visitor-028416f3c994-001.asm,"[{""name"": ""_ZN22ir_print_metal_visitor5visitEP7ir_loop"", ""demangled"": ""ir_print_metal_visitor::visit(ir_loop*)""}]","{""instruction_bytes"": 184, ""instructions"": 73}"
577232,44,44,.text,thumb,False,ir_print_metal_visitor,ir_print_metal_visitor-028416f3c994-001.asm,"[{""name"": ""_ZN22ir_print_metal_visitor5visitEP12ir_loop_jump"", ""demangled"": ""ir_print_metal_visitor::visit(ir_loop_jump*)""}]","{""instruction_bytes"": 44, ""instructions"": 21}"
577276,2,2,.text,thumb,False,ir_print_metal_visitor,ir_print_metal_visitor-028416f3c994-001.asm,"[{""name"": ""_ZN22ir_print_metal_visitor5visitEP22ir_precision_statement"", ""demangled"": ""ir_print_metal_visitor::visit(ir_precision_statement*)""}]","{""instruction_bytes"": 2, ""instructions"": 1}"
577280,208,208,.text,thumb,False,ir_print_metal_visitor,ir_print_metal_visitor-028416f3c994-001.asm,"[{""name"": ""_ZN22ir_print_metal_visitor5visitEP21ir_typedecl_statement"", ""demangled"": ""ir_print_metal_visitor::visit(ir_typedecl_statement*)""}]","{""instruction_bytes"": 208, ""instructions"": 80}"
577488,28,28,.text,thumb,False,ir_print_metal_visitor,ir_print_metal_visitor-028416f3c994-001.asm,"[{""name"": ""_ZN22ir_print_metal_visitor5visitEP14ir_emit_vertex"", ""demangled"": ""ir_print_metal_visitor::visit(ir_emit_vertex*)""}]","{""instruction_bytes"": 28, ""instructions"": 13}"
577516,28,28,.text,thumb,False,ir_print_metal_visitor,ir_print_metal_visitor-028416f3c994-001.asm,"[{""name"": ""_ZN22ir_print_metal_visitor5visitEP16ir_end_primitive"", ""demangled"": ""ir_print_metal_visitor::visit(ir_end_primitive*)""}]","{""instruction_bytes"": 28, ""instructions"": 13}"
577544,4,4,.text,thumb,False,ir_print_metal_visitor,ir_print_metal_visitor-028416f3c994-001.asm,"[{""name"": ""_ZN22ir_print_metal_visitorD0Ev"", ""demangled"": ""ir_print_metal_visitor::~ir_print_metal_visitor()""}]","{""instruction_bytes"": 4, ""instructions"": 1}"
577548,16,16,.text,thumb,False,ir_instruction,ir_instruction-91788feb7e91-001.asm,"[{""name"": ""_ZNK14ir_instruction5printEv"", ""demangled"": ""ir_instruction::print() const""}]","{""instruction_bytes"": 16, ""instructions"": 6}"
577564,144,144,.text,thumb,False,ir_instruction,ir_instruction-91788feb7e91-001.asm,"[{""name"": ""_ZNK14ir_instruction6fprintEP7__sFILE"", ""demangled"": ""ir_instruction::fprint(__sFILE*) const""}]","{""instruction_bytes"": 140, ""instructions"": 60, ""undecoded_bytes"": 4}"
577708,296,296,.text,thumb,False,global-functions,global-functions-3d6ca95892b3-001.asm,"[{""name"": ""_mesa_print_ir"", ""demangled"": ""_mesa_print_ir""}]","{""instruction_bytes"": 296, ""instructions"": 118}"
578132,10,10,.text,thumb,False,global-functions,global-functions-3d6ca95892b3-001.asm,"[{""name"": ""fprint_ir"", ""demangled"": ""fprint_ir""}]","{""instruction_bytes"": 10, ""instructions"": 4}"
578144,72,72,.text,thumb,False,ir_print_visitor,ir_print_visitor-e40c9093403a-001.asm,"[{""name"": ""_ZN16ir_print_visitorC1EP7__sFILE"", ""demangled"": ""ir_print_visitor::ir_print_visitor(__sFILE*)""}, {""name"": ""_ZN16ir_print_visitorC2EP7__sFILE"", ""demangled"": ""ir_print_visitor::ir_print_visitor(__sFILE*)""}]","{""instruction_bytes"": 70, ""instructions"": 30, ""undecoded_bytes"": 2}"
578216,44,44,.text,thumb,False,ir_print_visitor,ir_print_visitor-e40c9093403a-001.asm,"[{""name"": ""_ZN16ir_print_visitorD1Ev"", ""demangled"": ""ir_print_visitor::~ir_print_visitor()""}, {""name"": ""_ZN16ir_print_visitorD2Ev"", ""demangled"": ""ir_print_visitor::~ir_print_visitor()""}]","{""instruction_bytes"": 42, ""instructions"": 18, ""undecoded_bytes"": 2}"
578260,16,16,.text,thumb,False,ir_print_visitor,ir_print_visitor-e40c9093403a-001.asm,"[{""name"": ""_ZN16ir_print_visitorD0Ev"", ""demangled"": ""ir_print_visitor::~ir_print_visitor()""}]","{""instruction_bytes"": 16, ""instructions"": 5}"
578276,52,52,.text,thumb,False,ir_print_visitor,ir_print_visitor-e40c9093403a-001.asm,"[{""name"": ""_ZN16ir_print_visitor6indentEv"", ""demangled"": ""ir_print_visitor::indent()""}]","{""instruction_bytes"": 52, ""instructions"": 23}"
578328,160,160,.text,thumb,False,ir_print_visitor,ir_print_visitor-e40c9093403a-001.asm,"[{""name"": ""_ZN16ir_print_visitor11unique_nameEP11ir_variable"", ""demangled"": ""ir_print_visitor::unique_name(ir_variable*)""}]","{""instruction_bytes"": 160, ""instructions"": 68}"
578488,24,24,.text,thumb,False,ir_print_visitor,ir_print_visitor-e40c9093403a-001.asm,"[{""name"": ""_ZN16ir_print_visitor5visitEP9ir_rvalue"", ""demangled"": ""ir_print_visitor::visit(ir_rvalue*)""}]","{""instruction_bytes"": 24, ""instructions"": 11}"
578512,236,236,.text,thumb,False,ir_print_visitor,ir_print_visitor-e40c9093403a-001.asm,"[{""name"": ""_ZN16ir_print_visitor5visitEP11ir_variable"", ""demangled"": ""ir_print_visitor::visit(ir_variable*)""}]","{""instruction_bytes"": 236, ""instructions"": 102}"
578748,332,332,.text,thumb,False,ir_print_visitor,ir_print_visitor-e40c9093403a-001.asm,"[{""name"": ""_ZN16ir_print_visitor5visitEP21ir_function_signature"", ""demangled"": ""ir_print_visitor::visit(ir_function_signature*)""}]","{""instruction_bytes"": 332, ""instructions"": 138}"
579080,140,140,.text,thumb,False,ir_print_visitor,ir_print_visitor-e40c9093403a-001.asm,"[{""name"": ""_ZN16ir_print_visitor5visitEP11ir_function"", ""demangled"": ""ir_print_visitor::visit(ir_function*)""}]","{""instruction_bytes"": 140, ""instructions"": 60}"
579220,152,152,.text,thumb,False,ir_print_visitor,ir_print_visitor-e40c9093403a-001.asm,"[{""name"": ""_ZN16ir_print_visitor5visitEP13ir_expression"", ""demangled"": ""ir_print_visitor::visit(ir_expression*)""}]","{""instruction_bytes"": 152, ""instructions"": 60}"
579372,228,228,.text,thumb,False,ir_print_visitor,ir_print_visitor-e40c9093403a-001.asm,"[{""name"": ""_ZN16ir_print_visitor5visitEP10ir_texture"", ""demangled"": ""ir_print_visitor::visit(ir_texture*)""}]","{""instruction_bytes"": 228, ""instructions"": 97}"
579600,204,204,.text,thumb,False,ir_print_visitor,ir_print_visitor-e40c9093403a-001.asm,"[{""name"": ""_ZN16ir_print_visitor5visitEP10ir_swizzle"", ""demangled"": ""ir_print_visitor::visit(ir_swizzle*)""}]","{""instruction_bytes"": 202, ""instructions"": 82, ""undecoded_bytes"": 2}"
579804,56,56,.text,thumb,False,ir_print_visitor,ir_print_visitor-e40c9093403a-001.asm,"[{""name"": ""_ZN16ir_print_visitor5visitEP23ir_dereference_variable"", ""demangled"": ""ir_print_visitor::visit(ir_dereference_variable*)""}]","{""instruction_bytes"": 56, ""instructions"": 25}"
579860,72,72,.text,thumb,False,ir_print_visitor,ir_print_visitor-e40c9093403a-001.asm,"[{""name"": ""_ZN16ir_print_visitor5visitEP20ir_dereference_array"", ""demangled"": ""ir_print_visitor::visit(ir_dereference_array*)""}]","{""instruction_bytes"": 72, ""instructions"": 33}"
579932,68,68,.text,thumb,False,ir_print_visitor,ir_print_visitor-e40c9093403a-001.asm,"[{""name"": ""_ZN16ir_print_visitor5visitEP21ir_dereference_record"", ""demangled"": ""ir_print_visitor::visit(ir_dereference_record*)""}]","{""instruction_bytes"": 68, ""instructions"": 31}"
580000,220,220,.text,thumb,False,ir_print_visitor,ir_print_visitor-e40c9093403a-001.asm,"[{""name"": ""_ZN16ir_print_visitor5visitEP13ir_assignment"", ""demangled"": ""ir_print_visitor::visit(ir_assignment*)""}]","{""instruction_bytes"": 220, ""instructions"": 90}"
580224,532,532,.text,thumb,False,ir_print_visitor,ir_print_visitor-e40c9093403a-001.asm,"[{""name"": ""_ZN16ir_print_visitor5visitEP11ir_constant"", ""demangled"": ""ir_print_visitor::visit(ir_constant*)""}]","{""instruction_bytes"": 532, ""instructions"": 195}"
580756,112,112,.text,thumb,False,ir_print_visitor,ir_print_visitor-e40c9093403a-001.asm,"[{""name"": ""_ZN16ir_print_visitor5visitEP7ir_call"", ""demangled"": ""ir_print_visitor::visit(ir_call*)""}]","{""instruction_bytes"": 112, ""instructions"": 51}"
580868,64,64,.text,thumb,False,ir_print_visitor,ir_print_visitor-e40c9093403a-001.asm,"[{""name"": ""_ZN16ir_print_visitor5visitEP9ir_return"", ""demangled"": ""ir_print_visitor::visit(ir_return*)""}]","{""instruction_bytes"": 64, ""instructions"": 28}"
580932,68,68,.text,thumb,False,ir_print_visitor,ir_print_visitor-e40c9093403a-001.asm,"[{""name"": ""_ZN16ir_print_visitor5visitEP10ir_discard"", ""demangled"": ""ir_print_visitor::visit(ir_discard*)""}]","{""instruction_bytes"": 68, ""instructions"": 30}"
581000,300,300,.text,thumb,False,ir_print_visitor,ir_print_visitor-e40c9093403a-001.asm,"[{""name"": ""_ZN16ir_print_visitor5visitEP5ir_if"", ""demangled"": ""ir_print_visitor::visit(ir_if*)""}]","{""instruction_bytes"": 300, ""instructions"": 126}"
581300,136,136,.text,thumb,False,ir_print_visitor,ir_print_visitor-e40c9093403a-001.asm,"[{""name"": ""_ZN16ir_print_visitor5visitEP7ir_loop"", ""demangled"": ""ir_print_visitor::visit(ir_loop*)""}]","{""instruction_bytes"": 136, ""instructions"": 58}"
581436,44,44,.text,thumb,False,ir_print_visitor,ir_print_visitor-e40c9093403a-001.asm,"[{""name"": ""_ZN16ir_print_visitor5visitEP12ir_loop_jump"", ""demangled"": ""ir_print_visitor::visit(ir_loop_jump*)""}]","{""instruction_bytes"": 44, ""instructions"": 20}"
581480,2,2,.text,thumb,False,ir_print_visitor,ir_print_visitor-e40c9093403a-001.asm,"[{""name"": ""_ZN16ir_print_visitor5visitEP22ir_precision_statement"", ""demangled"": ""ir_print_visitor::visit(ir_precision_statement*)""}]","{""instruction_bytes"": 2, ""instructions"": 1}"
581482,2,2,.text,thumb,False,ir_print_visitor,ir_print_visitor-e40c9093403a-001.asm,"[{""name"": ""_ZN16ir_print_visitor5visitEP21ir_typedecl_statement"", ""demangled"": ""ir_print_visitor::visit(ir_typedecl_statement*)""}]","{""instruction_bytes"": 2, ""instructions"": 1}"
581484,68,68,.text,thumb,False,ir_print_visitor,ir_print_visitor-e40c9093403a-001.asm,"[{""name"": ""_ZN16ir_print_visitor5visitEP14ir_emit_vertex"", ""demangled"": ""ir_print_visitor::visit(ir_emit_vertex*)""}]","{""instruction_bytes"": 68, ""instructions"": 31}"
581552,68,68,.text,thumb,False,ir_print_visitor,ir_print_visitor-e40c9093403a-001.asm,"[{""name"": ""_ZN16ir_print_visitor5visitEP16ir_end_primitive"", ""demangled"": ""ir_print_visitor::visit(ir_end_primitive*)""}]","{""instruction_bytes"": 68, ""instructions"": 31}"
581620,72,72,.text,thumb,False,ir_rvalue_base_visitor,ir_rvalue_base_visitor-538831969eaa-001.asm,"[{""name"": ""_ZN22ir_rvalue_base_visitor12rvalue_visitEP13ir_expression"", ""demangled"": ""ir_rvalue_base_visitor::rvalue_visit(ir_expression*)""}]","{""instruction_bytes"": 72, ""instructions"": 28}"
581692,96,96,.text,thumb,False,ir_rvalue_base_visitor,ir_rvalue_base_visitor-538831969eaa-001.asm,"[{""name"": ""_ZN22ir_rvalue_base_visitor12rvalue_visitEP10ir_texture"", ""demangled"": ""ir_rvalue_base_visitor::rvalue_visit(ir_texture*)""}]","{""instruction_bytes"": 96, ""instructions"": 38}"
581788,18,18,.text,thumb,False,ir_rvalue_base_visitor,ir_rvalue_base_visitor-538831969eaa-001.asm,"[{""name"": ""_ZN22ir_rvalue_base_visitor12rvalue_visitEP10ir_swizzle"", ""demangled"": ""ir_rvalue_base_visitor::rvalue_visit(ir_swizzle*)""}]","{""instruction_bytes"": 18, ""instructions"": 8}"
581806,56,56,.text,thumb,False,ir_rvalue_base_visitor,ir_rvalue_base_visitor-538831969eaa-001.asm,"[{""name"": ""_ZN22ir_rvalue_base_visitor12rvalue_visitEP20ir_dereference_array"", ""demangled"": ""ir_rvalue_base_visitor::rvalue_visit(ir_dereference_array*)""}]","{""instruction_bytes"": 56, ""instructions"": 22}"
581862,18,18,.text,thumb,False,ir_rvalue_base_visitor,ir_rvalue_base_visitor-538831969eaa-001.asm,"[{""name"": ""_ZN22ir_rvalue_base_visitor12rvalue_visitEP21ir_dereference_record"", ""demangled"": ""ir_rvalue_base_visitor::rvalue_visit(ir_dereference_record*)""}]","{""instruction_bytes"": 18, ""instructions"": 8}"
581880,40,40,.text,thumb,False,ir_rvalue_base_visitor,ir_rvalue_base_visitor-538831969eaa-001.asm,"[{""name"": ""_ZN22ir_rvalue_base_visitor12rvalue_visitEP13ir_assignment"", ""demangled"": ""ir_rvalue_base_visitor::rvalue_visit(ir_assignment*)""}]","{""instruction_bytes"": 40, ""instructions"": 16}"
581920,136,136,.text,thumb,False,ir_rvalue_base_visitor,ir_rvalue_base_visitor-538831969eaa-001.asm,"[{""name"": ""_ZN22ir_rvalue_base_visitor12rvalue_visitEP7ir_call"", ""demangled"": ""ir_rvalue_base_visitor::rvalue_visit(ir_call*)""}]","{""instruction_bytes"": 136, ""instructions"": 64}"
582056,18,18,.text,thumb,False,ir_rvalue_base_visitor,ir_rvalue_base_visitor-538831969eaa-001.asm,"[{""name"": ""_ZN22ir_rvalue_base_visitor12rvalue_visitEP9ir_return"", ""demangled"": ""ir_rvalue_base_visitor::rvalue_visit(ir_return*)""}]","{""instruction_bytes"": 18, ""instructions"": 8}"
582074,18,18,.text,thumb,False,ir_rvalue_base_visitor,ir_rvalue_base_visitor-538831969eaa-001.asm,"[{""name"": ""_ZN22ir_rvalue_base_visitor12rvalue_visitEP5ir_if"", ""demangled"": ""ir_rvalue_base_visitor::rvalue_visit(ir_if*)""}]","{""instruction_bytes"": 18, ""instructions"": 8}"
582092,18,18,.text,thumb,False,ir_rvalue_base_visitor,ir_rvalue_base_visitor-538831969eaa-001.asm,"[{""name"": ""_ZN22ir_rvalue_base_visitor12rvalue_visitEP14ir_emit_vertex"", ""demangled"": ""ir_rvalue_base_visitor::rvalue_visit(ir_emit_vertex*)""}]","{""instruction_bytes"": 18, ""instructions"": 8}"
582110,18,18,.text,thumb,False,ir_rvalue_base_visitor,ir_rvalue_base_visitor-538831969eaa-001.asm,"[{""name"": ""_ZN22ir_rvalue_base_visitor12rvalue_visitEP16ir_end_primitive"", ""demangled"": ""ir_rvalue_base_visitor::rvalue_visit(ir_end_primitive*)""}]","{""instruction_bytes"": 18, ""instructions"": 8}"
582128,12,12,.text,thumb,False,ir_rvalue_visitor,ir_rvalue_visitor-2b429c36629a-001.asm,"[{""name"": ""_ZN17ir_rvalue_visitor11visit_leaveEP13ir_expression"", ""demangled"": ""ir_rvalue_visitor::visit_leave(ir_expression*)""}]","{""instruction_bytes"": 12, ""instructions"": 5}"
582140,12,12,.text,thumb,False,ir_rvalue_visitor,ir_rvalue_visitor-2b429c36629a-001.asm,"[{""name"": ""_ZN17ir_rvalue_visitor11visit_leaveEP10ir_texture"", ""demangled"": ""ir_rvalue_visitor::visit_leave(ir_texture*)""}]","{""instruction_bytes"": 12, ""instructions"": 5}"
582152,18,18,.text,thumb,False,ir_rvalue_visitor,ir_rvalue_visitor-2b429c36629a-001.asm,"[{""name"": ""_ZN17ir_rvalue_visitor11visit_leaveEP10ir_swizzle"", ""demangled"": ""ir_rvalue_visitor::visit_leave(ir_swizzle*)""}]","{""instruction_bytes"": 18, ""instructions"": 8}"
582170,56,56,.text,thumb,False,ir_rvalue_visitor,ir_rvalue_visitor-2b429c36629a-001.asm,"[{""name"": ""_ZN17ir_rvalue_visitor11visit_leaveEP20ir_dereference_array"", ""demangled"": ""ir_rvalue_visitor::visit_leave(ir_dereference_array*)""}]","{""instruction_bytes"": 56, ""instructions"": 22}"
582226,18,18,.text,thumb,False,ir_rvalue_visitor,ir_rvalue_visitor-2b429c36629a-001.asm,"[{""name"": ""_ZN17ir_rvalue_visitor11visit_leaveEP21ir_dereference_record"", ""demangled"": ""ir_rvalue_visitor::visit_leave(ir_dereference_record*)""}]","{""instruction_bytes"": 18, ""instructions"": 8}"
582244,40,40,.text,thumb,False,ir_rvalue_visitor,ir_rvalue_visitor-2b429c36629a-001.asm,"[{""name"": ""_ZN17ir_rvalue_visitor11visit_leaveEP13ir_assignment"", ""demangled"": ""ir_rvalue_visitor::visit_leave(ir_assignment*)""}]","{""instruction_bytes"": 40, ""instructions"": 16}"
582284,12,12,.text,thumb,False,ir_rvalue_visitor,ir_rvalue_visitor-2b429c36629a-001.asm,"[{""name"": ""_ZN17ir_rvalue_visitor11visit_leaveEP7ir_call"", ""demangled"": ""ir_rvalue_visitor::visit_leave(ir_call*)""}]","{""instruction_bytes"": 12, ""instructions"": 5}"
582296,18,18,.text,thumb,False,ir_rvalue_visitor,ir_rvalue_visitor-2b429c36629a-001.asm,"[{""name"": ""_ZN17ir_rvalue_visitor11visit_leaveEP9ir_return"", ""demangled"": ""ir_rvalue_visitor::visit_leave(ir_return*)""}]","{""instruction_bytes"": 18, ""instructions"": 8}"
582314,18,18,.text,thumb,False,ir_rvalue_visitor,ir_rvalue_visitor-2b429c36629a-001.asm,"[{""name"": ""_ZN17ir_rvalue_visitor11visit_leaveEP5ir_if"", ""demangled"": ""ir_rvalue_visitor::visit_leave(ir_if*)""}]","{""instruction_bytes"": 18, ""instructions"": 8}"
582332,18,18,.text,thumb,False,ir_rvalue_visitor,ir_rvalue_visitor-2b429c36629a-001.asm,"[{""name"": ""_ZN17ir_rvalue_visitor11visit_leaveEP14ir_emit_vertex"", ""demangled"": ""ir_rvalue_visitor::visit_leave(ir_emit_vertex*)""}]","{""instruction_bytes"": 18, ""instructions"": 8}"
582350,18,18,.text,thumb,False,ir_rvalue_visitor,ir_rvalue_visitor-2b429c36629a-001.asm,"[{""name"": ""_ZN17ir_rvalue_visitor11visit_leaveEP16ir_end_primitive"", ""demangled"": ""ir_rvalue_visitor::visit_leave(ir_end_primitive*)""}]","{""instruction_bytes"": 18, ""instructions"": 8}"
582368,12,12,.text,thumb,False,ir_rvalue_enter_visitor,ir_rvalue_enter_visitor-f7caa65f48b8-001.asm,"[{""name"": ""_ZN23ir_rvalue_enter_visitor11visit_enterEP13ir_expression"", ""demangled"": ""ir_rvalue_enter_visitor::visit_enter(ir_expression*)""}]","{""instruction_bytes"": 12, ""instructions"": 5}"
582380,12,12,.text,thumb,False,ir_rvalue_enter_visitor,ir_rvalue_enter_visitor-f7caa65f48b8-001.asm,"[{""name"": ""_ZN23ir_rvalue_enter_visitor11visit_enterEP10ir_texture"", ""demangled"": ""ir_rvalue_enter_visitor::visit_enter(ir_texture*)""}]","{""instruction_bytes"": 12, ""instructions"": 5}"
582392,18,18,.text,thumb,False,ir_rvalue_enter_visitor,ir_rvalue_enter_visitor-f7caa65f48b8-001.asm,"[{""name"": ""_ZN23ir_rvalue_enter_visitor11visit_enterEP10ir_swizzle"", ""demangled"": ""ir_rvalue_enter_visitor::visit_enter(ir_swizzle*)""}]","{""instruction_bytes"": 18, ""instructions"": 8}"
582410,56,56,.text,thumb,False,ir_rvalue_enter_visitor,ir_rvalue_enter_visitor-f7caa65f48b8-001.asm,"[{""name"": ""_ZN23ir_rvalue_enter_visitor11visit_enterEP20ir_dereference_array"", ""demangled"": ""ir_rvalue_enter_visitor::visit_enter(ir_dereference_array*)""}]","{""instruction_bytes"": 56, ""instructions"": 22}"
582466,18,18,.text,thumb,False,ir_rvalue_enter_visitor,ir_rvalue_enter_visitor-f7caa65f48b8-001.asm,"[{""name"": ""_ZN23ir_rvalue_enter_visitor11visit_enterEP21ir_dereference_record"", ""demangled"": ""ir_rvalue_enter_visitor::visit_enter(ir_dereference_record*)""}]","{""instruction_bytes"": 18, ""instructions"": 8}"
582484,40,40,.text,thumb,False,ir_rvalue_enter_visitor,ir_rvalue_enter_visitor-f7caa65f48b8-001.asm,"[{""name"": ""_ZN23ir_rvalue_enter_visitor11visit_enterEP13ir_assignment"", ""demangled"": ""ir_rvalue_enter_visitor::visit_enter(ir_assignment*)""}]","{""instruction_bytes"": 40, ""instructions"": 16}"
582524,12,12,.text,thumb,False,ir_rvalue_enter_visitor,ir_rvalue_enter_visitor-f7caa65f48b8-001.asm,"[{""name"": ""_ZN23ir_rvalue_enter_visitor11visit_enterEP7ir_call"", ""demangled"": ""ir_rvalue_enter_visitor::visit_enter(ir_call*)""}]","{""instruction_bytes"": 12, ""instructions"": 5}"
582536,18,18,.text,thumb,False,ir_rvalue_enter_visitor,ir_rvalue_enter_visitor-f7caa65f48b8-001.asm,"[{""name"": ""_ZN23ir_rvalue_enter_visitor11visit_enterEP9ir_return"", ""demangled"": ""ir_rvalue_enter_visitor::visit_enter(ir_return*)""}]","{""instruction_bytes"": 18, ""instructions"": 8}"
582554,18,18,.text,thumb,False,ir_rvalue_enter_visitor,ir_rvalue_enter_visitor-f7caa65f48b8-001.asm,"[{""name"": ""_ZN23ir_rvalue_enter_visitor11visit_enterEP5ir_if"", ""demangled"": ""ir_rvalue_enter_visitor::visit_enter(ir_if*)""}]","{""instruction_bytes"": 18, ""instructions"": 8}"
582572,18,18,.text,thumb,False,ir_rvalue_enter_visitor,ir_rvalue_enter_visitor-f7caa65f48b8-001.asm,"[{""name"": ""_ZN23ir_rvalue_enter_visitor11visit_enterEP14ir_emit_vertex"", ""demangled"": ""ir_rvalue_enter_visitor::visit_enter(ir_emit_vertex*)""}]","{""instruction_bytes"": 18, ""instructions"": 8}"
582590,18,18,.text,thumb,False,ir_rvalue_enter_visitor,ir_rvalue_enter_visitor-f7caa65f48b8-001.asm,"[{""name"": ""_ZN23ir_rvalue_enter_visitor11visit_enterEP16ir_end_primitive"", ""demangled"": ""ir_rvalue_enter_visitor::visit_enter(ir_end_primitive*)""}]","{""instruction_bytes"": 18, ""instructions"": 8}"
582608,112,112,.text,thumb,False,global-functions,global-functions-3d6ca95892b3-001.asm,"[{""name"": ""_Z22calculate_shader_statsP9exec_listPiS1_S1_"", ""demangled"": ""calculate_shader_stats(exec_list*, int*, int*, int*)""}]","{""instruction_bytes"": 112, ""instructions"": 49}"
582720,10,10,.text,thumb,False,ir_stats_counter_visitor,ir_stats_counter_visitor-be3d30a6939f-001.asm,"[{""name"": ""_ZN24ir_stats_counter_visitor11visit_leaveEP7ir_loop"", ""demangled"": ""ir_stats_counter_visitor::visit_leave(ir_loop*)""}]","{""instruction_bytes"": 10, ""instructions"": 5}"
582730,10,10,.text,thumb,False,ir_stats_counter_visitor,ir_stats_counter_visitor-be3d30a6939f-001.asm,"[{""name"": ""_ZN24ir_stats_counter_visitor11visit_leaveEP13ir_expression"", ""demangled"": ""ir_stats_counter_visitor::visit_leave(ir_expression*)""}]","{""instruction_bytes"": 10, ""instructions"": 5}"
582740,10,10,.text,thumb,False,ir_stats_counter_visitor,ir_stats_counter_visitor-be3d30a6939f-001.asm,"[{""name"": ""_ZN24ir_stats_counter_visitor11visit_leaveEP10ir_texture"", ""demangled"": ""ir_stats_counter_visitor::visit_leave(ir_texture*)""}]","{""instruction_bytes"": 10, ""instructions"": 5}"
582750,22,22,.text,thumb,False,ir_stats_counter_visitor,ir_stats_counter_visitor-be3d30a6939f-001.asm,"[{""name"": ""_ZN24ir_stats_counter_visitor11visit_leaveEP13ir_assignment"", ""demangled"": ""ir_stats_counter_visitor::visit_leave(ir_assignment*)""}]","{""instruction_bytes"": 22, ""instructions"": 11}"
582772,10,10,.text,thumb,False,ir_stats_counter_visitor,ir_stats_counter_visitor-be3d30a6939f-001.asm,"[{""name"": ""_ZN24ir_stats_counter_visitor11visit_leaveEP9ir_return"", ""demangled"": ""ir_stats_counter_visitor::visit_leave(ir_return*)""}]","{""instruction_bytes"": 10, ""instructions"": 5}"
582782,10,10,.text,thumb,False,ir_stats_counter_visitor,ir_stats_counter_visitor-be3d30a6939f-001.asm,"[{""name"": ""_ZN24ir_stats_counter_visitor11visit_leaveEP10ir_discard"", ""demangled"": ""ir_stats_counter_visitor::visit_leave(ir_discard*)""}]","{""instruction_bytes"": 10, ""instructions"": 5}"
582792,10,10,.text,thumb,False,ir_stats_counter_visitor,ir_stats_counter_visitor-be3d30a6939f-001.asm,"[{""name"": ""_ZN24ir_stats_counter_visitor11visit_leaveEP5ir_if"", ""demangled"": ""ir_stats_counter_visitor::visit_leave(ir_if*)""}]","{""instruction_bytes"": 10, ""instructions"": 5}"
582802,28,28,.text,thumb,False,ir_struct_usage_visitor,ir_struct_usage_visitor-09c09d2e274a-001.asm,"[{""name"": ""_ZNK23ir_struct_usage_visitor16has_struct_entryEPK9glsl_type"", ""demangled"": ""ir_struct_usage_visitor::has_struct_entry(glsl_type const*) const""}]","{""instruction_bytes"": 28, ""instructions"": 13}"
582832,92,92,.text,thumb,False,ir_struct_usage_visitor,ir_struct_usage_visitor-09c09d2e274a-001.asm,"[{""name"": ""_ZN23ir_struct_usage_visitor5visitEP23ir_dereference_variable"", ""demangled"": ""ir_struct_usage_visitor::visit(ir_dereference_variable*)""}]","{""instruction_bytes"": 92, ""instructions"": 38}"
582924,92,92,.text,thumb,False,ir_struct_usage_visitor,ir_struct_usage_visitor-09c09d2e274a-001.asm,"[{""name"": ""_ZN23ir_struct_usage_visitorC1Ev"", ""demangled"": ""ir_struct_usage_visitor::ir_struct_usage_visitor()""}, {""name"": ""_ZN23ir_struct_usage_visitorC2Ev"", ""demangled"": ""ir_struct_usage_visitor::ir_struct_usage_visitor()""}]","{""instruction_bytes"": 92, ""instructions"": 34}"
583124,32,32,.text,thumb,False,ir_struct_usage_visitor,ir_struct_usage_visitor-09c09d2e274a-001.asm,"[{""name"": ""_ZN23ir_struct_usage_visitorD1Ev"", ""demangled"": ""ir_struct_usage_visitor::~ir_struct_usage_visitor()""}, {""name"": ""_ZN23ir_struct_usage_visitorD2Ev"", ""demangled"": ""ir_struct_usage_visitor::~ir_struct_usage_visitor()""}]","{""instruction_bytes"": 32, ""instructions"": 15}"
583156,112,112,.text,thumb,False,global-functions,global-functions-3d6ca95892b3-001.asm,"[{""name"": ""_Z26do_remove_unused_typedeclsP9exec_list"", ""demangled"": ""do_remove_unused_typedecls(exec_list*)""}]","{""instruction_bytes"": 112, ""instructions"": 50}"
583268,46,46,.text,thumb,False,ir_decl_removal_visitor,ir_decl_removal_visitor-01b3dd4ff079-001.asm,"[{""name"": ""_ZN23ir_decl_removal_visitor5visitEP21ir_typedecl_statement"", ""demangled"": ""ir_decl_removal_visitor::visit(ir_typedecl_statement*)""}]","{""instruction_bytes"": 46, ""instructions"": 22}"
583316,72,72,.text,thumb,False,global-functions,global-functions-3d6ca95892b3-001.asm,"[{""name"": ""_Z15check_node_typeP14ir_instructionPv"", ""demangled"": ""check_node_type(ir_instruction*, void*)""}]","{""instruction_bytes"": 72, ""instructions"": 32}"
583388,2,2,.text,thumb,False,global-functions,global-functions-3d6ca95892b3-001.asm,"[{""name"": ""_Z16validate_ir_treeP9exec_list"", ""demangled"": ""validate_ir_tree(exec_list*)""}]","{""instruction_bytes"": 2, ""instructions"": 1}"
583392,60,60,.text,thumb,False,ir_variable_refcount_visitor,ir_variable_refcount_visitor-b5f9d4ba44d9-001.asm,"[{""name"": ""_ZN28ir_variable_refcount_visitorC1Ev"", ""demangled"": ""ir_variable_refcount_visitor::ir_variable_refcount_visitor()""}, {""name"": ""_ZN28ir_variable_refcount_visitorC2Ev"", ""demangled"": ""ir_variable_refcount_visitor::ir_variable_refcount_visitor()""}]","{""instruction_bytes"": 60, ""instructions"": 26}"
583452,44,44,.text,thumb,False,ir_variable_refcount_visitor,ir_variable_refcount_visitor-b5f9d4ba44d9-001.asm,"[{""name"": ""_ZN28ir_variable_refcount_visitorD1Ev"", ""demangled"": ""ir_variable_refcount_visitor::~ir_variable_refcount_visitor()""}, {""name"": ""_ZN28ir_variable_refcount_visitorD2Ev"", ""demangled"": ""ir_variable_refcount_visitor::~ir_variable_refcount_visitor()""}]","{""instruction_bytes"": 44, ""instructions"": 20}"
583508,20,20,.text,thumb,False,ir_variable_refcount_entry,ir_variable_refcount_entry-6ce63ddc6180-001.asm,"[{""name"": ""_ZN26ir_variable_refcount_entryC1EP11ir_variable"", ""demangled"": ""ir_variable_refcount_entry::ir_variable_refcount_entry(ir_variable*)""}, {""name"": ""_ZN26ir_variable_refcount_entryC2EP11ir_variable"", ""demangled"": ""ir_variable_refcount_entry::ir_variable_refcount_entry(ir_variable*)""}]","{""instruction_bytes"": 20, ""instructions"": 8}"
583528,132,132,.text,thumb,False,ir_variable_refcount_visitor,ir_variable_refcount_visitor-b5f9d4ba44d9-001.asm,"[{""name"": ""_ZN28ir_variable_refcount_visitor18get_variable_entryEP11ir_variable"", ""demangled"": ""ir_variable_refcount_visitor::get_variable_entry(ir_variable*)""}]","{""instruction_bytes"": 132, ""instructions"": 56}"
583660,80,80,.text,thumb,False,ir_variable_refcount_visitor,ir_variable_refcount_visitor-b5f9d4ba44d9-001.asm,"[{""name"": ""_ZN28ir_variable_refcount_visitor19find_variable_entryEP11ir_variable"", ""demangled"": ""ir_variable_refcount_visitor::find_variable_entry(ir_variable*)""}]","{""instruction_bytes"": 80, ""instructions"": 37}"
583740,18,18,.text,thumb,False,ir_variable_refcount_visitor,ir_variable_refcount_visitor-b5f9d4ba44d9-001.asm,"[{""name"": ""_ZN28ir_variable_refcount_visitor5visitEP11ir_variable"", ""demangled"": ""ir_variable_refcount_visitor::visit(ir_variable*)""}]","{""instruction_bytes"": 18, ""instructions"": 8}"
583758,52,52,.text,thumb,False,ir_variable_refcount_visitor,ir_variable_refcount_visitor-b5f9d4ba44d9-001.asm,"[{""name"": ""_ZN28ir_variable_refcount_visitor5visitEP23ir_dereference_variable"", ""demangled"": ""ir_variable_refcount_visitor::visit(ir_dereference_variable*)""}]","{""instruction_bytes"": 52, ""instructions"": 25}"
583810,16,16,.text,thumb,False,ir_variable_refcount_visitor,ir_variable_refcount_visitor-b5f9d4ba44d9-001.asm,"[{""name"": ""_ZN28ir_variable_refcount_visitor11visit_enterEP21ir_function_signature"", ""demangled"": ""ir_variable_refcount_visitor::visit_enter(ir_function_signature*)""}]","{""instruction_bytes"": 16, ""instructions"": 7}"
583826,20,20,.text,thumb,False,ir_variable_refcount_visitor,ir_variable_refcount_visitor-b5f9d4ba44d9-001.asm,"[{""name"": ""_ZN28ir_variable_refcount_visitor11visit_enterEP13ir_assignment"", ""demangled"": ""ir_variable_refcount_visitor::visit_enter(ir_assignment*)""}]","{""instruction_bytes"": 20, ""instructions"": 10}"
583846,50,50,.text,thumb,False,ir_variable_refcount_visitor,ir_variable_refcount_visitor-b5f9d4ba44d9-001.asm,"[{""name"": ""_ZN28ir_variable_refcount_visitor11visit_leaveEP13ir_assignment"", ""demangled"": ""ir_variable_refcount_visitor::visit_leave(ir_assignment*)""}]","{""instruction_bytes"": 50, ""instructions"": 23}"
583896,348,348,.text,thumb,False,global-functions,global-functions-3d6ca95892b3-001.asm,"[{""name"": ""_Z36link_assign_atomic_counter_resourcesP10gl_contextP17gl_shader_program"", ""demangled"": ""link_assign_atomic_counter_resources(gl_context*, gl_shader_program*)""}]","{""instruction_bytes"": 348, ""instructions"": 130}"
584832,460,460,.text,thumb,False,global-functions,global-functions-3d6ca95892b3-001.asm,"[{""name"": ""_Z35link_check_atomic_counter_resourcesP10gl_contextP17gl_shader_program"", ""demangled"": ""link_check_atomic_counter_resources(gl_context*, gl_shader_program*)""}]","{""instruction_bytes"": 460, ""instructions"": 185}"
585304,152,152,.text,thumb,False,global-functions,global-functions-3d6ca95892b3-001.asm,"[{""name"": ""_Z19link_function_callsP17gl_shader_programP9gl_shaderPS2_j"", ""demangled"": ""link_function_calls(gl_shader_program*, gl_shader*, gl_shader**, unsigned int)""}]","{""instruction_bytes"": 152, ""instructions"": 63}"
586524,472,472,.text,thumb,False,global-functions,global-functions-3d6ca95892b3-001.asm,"[{""name"": ""_Z36validate_intrastage_interface_blocksP17gl_shader_programPPK9gl_shaderj"", ""demangled"": ""validate_intrastage_interface_blocks(gl_shader_program*, gl_shader const**, unsigned int)""}]","{""instruction_bytes"": 472, ""instructions"": 187}"
587132,380,380,.text,thumb,False,global-functions,global-functions-3d6ca95892b3-001.asm,"[{""name"": ""_Z32validate_interstage_inout_blocksP17gl_shader_programPK9gl_shaderS3_"", ""demangled"": ""validate_interstage_inout_blocks(gl_shader_program*, gl_shader const*, gl_shader const*)""}]","{""instruction_bytes"": 380, ""instructions"": 159}"
587512,376,376,.text,thumb,False,global-functions,global-functions-3d6ca95892b3-001.asm,"[{""name"": ""_Z34validate_interstage_uniform_blocksP17gl_shader_programPP9gl_shaderi"", ""demangled"": ""validate_interstage_uniform_blocks(gl_shader_program*, gl_shader**, int)""}]","{""instruction_bytes"": 376, ""instructions"": 151}"
587888,204,204,.text,thumb,False,global-functions,global-functions-3d6ca95892b3-001.asm,"[{""name"": ""_Z13process_blockPvP10hash_tableP11ir_variable"", ""demangled"": ""process_block(void*, hash_table*, ir_variable*)""}]","{""instruction_bytes"": 204, ""instructions"": 94}"
588092,112,112,.text,thumb,False,link_uniform_block_active_visitor,link_uniform_block_active_visitor-36e49edbf0ec-001.asm,"[{""name"": ""_ZN33link_uniform_block_active_visitor5visitEP11ir_variable"", ""demangled"": ""link_uniform_block_active_visitor::visit(ir_variable*)""}]","{""instruction_bytes"": 112, ""instructions"": 47}"
588204,268,268,.text,thumb,False,link_uniform_block_active_visitor,link_uniform_block_active_visitor-36e49edbf0ec-001.asm,"[{""name"": ""_ZN33link_uniform_block_active_visitor11visit_enterEP20ir_dereference_array"", ""demangled"": ""link_uniform_block_active_visitor::visit_enter(ir_dereference_array*)""}]","{""instruction_bytes"": 268, ""instructions"": 106}"
588472,76,76,.text,thumb,False,link_uniform_block_active_visitor,link_uniform_block_active_visitor-36e49edbf0ec-001.asm,"[{""name"": ""_ZN33link_uniform_block_active_visitor5visitEP23ir_dereference_variable"", ""demangled"": ""link_uniform_block_active_visitor::visit(ir_dereference_variable*)""}]","{""instruction_bytes"": 76, ""instructions"": 31}"
588548,844,844,.text,thumb,False,global-functions,global-functions-3d6ca95892b3-001.asm,"[{""name"": ""_Z19link_uniform_blocksPvP17gl_shader_programPP9gl_shaderjPP16gl_uniform_block"", ""demangled"": ""link_uniform_blocks(void*, gl_shader_program*, gl_shader**, unsigned int, gl_uniform_block**)""}]","{""instruction_bytes"": 844, ""instructions"": 328}"
589392,98,98,.text,thumb,False,global-functions,global-functions-3d6ca95892b3-001.asm,"[{""name"": ""_Z34link_uniform_blocks_are_compatiblePK16gl_uniform_blockS1_"", ""demangled"": ""link_uniform_blocks_are_compatible(gl_uniform_block const*, gl_uniform_block const*)""}]","{""instruction_bytes"": 98, ""instructions"": 40}"
589780,46,46,.text,thumb,False,linker,linker-dee25048ef11-001.asm,"[{""name"": ""_ZN6linker11get_storageEP18gl_uniform_storagejPKc"", ""demangled"": ""linker::get_storage(gl_uniform_storage*, unsigned int, char const*)""}]","{""instruction_bytes"": 46, ""instructions"": 20}"
589828,58,58,.text,thumb,False,linker,linker-dee25048ef11-001.asm,"[{""name"": ""_ZN6linker24copy_constant_to_storageEP17gl_constant_valuePK11ir_constant14glsl_base_typejj"", ""demangled"": ""linker::copy_constant_to_storage(gl_constant_value*, ir_constant const*, glsl_base_type, unsigned int, unsigned int)""}]","{""instruction_bytes"": 58, ""instructions"": 23}"
589888,170,170,.text,thumb,False,linker,linker-dee25048ef11-001.asm,"[{""name"": ""_ZN6linker19set_sampler_bindingEP17gl_shader_programPKci"", ""demangled"": ""linker::set_sampler_binding(gl_shader_program*, char const*, int)""}]","{""instruction_bytes"": 170, ""instructions"": 64}"
590058,98,98,.text,thumb,False,linker,linker-dee25048ef11-001.asm,"[{""name"": ""_ZN6linker17set_block_bindingEP17gl_shader_programPKci"", ""demangled"": ""linker::set_block_binding(gl_shader_program*, char const*, int)""}]","{""instruction_bytes"": 98, ""instructions"": 36}"
590156,492,492,.text,thumb,False,linker,linker-dee25048ef11-001.asm,"[{""name"": ""_ZN6linker23set_uniform_initializerEPvP17gl_shader_programPKcPK9glsl_typeP11ir_constantj"", ""demangled"": ""linker::set_uniform_initializer(void*, gl_shader_program*, char const*, glsl_type const*, ir_constant*, unsigned int)""}]","{""instruction_bytes"": 492, ""instructions"": 189}"
590648,324,324,.text,thumb,False,global-functions,global-functions-3d6ca95892b3-001.asm,"[{""name"": ""_Z29link_set_uniform_initializersP17gl_shader_programj"", ""demangled"": ""link_set_uniform_initializers(gl_shader_program*, unsigned int)""}]","{""instruction_bytes"": 324, ""instructions"": 126}"
590972,104,104,.text,thumb,False,program_resource_visitor,program_resource_visitor-17a5c5addcfe-001.asm,"[{""name"": ""_ZN24program_resource_visitor7processEPK9glsl_typePKc"", ""demangled"": ""program_resource_visitor::process(glsl_type const*, char const*)""}]","{""instruction_bytes"": 104, ""instructions"": 44}"
591076,384,384,.text,thumb,False,program_resource_visitor,program_resource_visitor-17a5c5addcfe-001.asm,"[{""name"": ""_ZN24program_resource_visitor9recursionEPK9glsl_typePPcjbS2_b"", ""demangled"": ""program_resource_visitor::recursion(glsl_type const*, char**, unsigned int, bool, glsl_type const*, bool)""}]","{""instruction_bytes"": 384, ""instructions"": 165}"
591460,356,356,.text,thumb,False,program_resource_visitor,program_resource_visitor-17a5c5addcfe-001.asm,"[{""name"": ""_ZN24program_resource_visitor7processEP11ir_variable"", ""demangled"": ""program_resource_visitor::process(ir_variable*)""}]","{""instruction_bytes"": 356, ""instructions"": 148}"
591816,10,10,.text,thumb,False,program_resource_visitor,program_resource_visitor-17a5c5addcfe-001.asm,"[{""name"": ""_ZN24program_resource_visitor11visit_fieldEPK9glsl_typePKcbS2_b"", ""demangled"": ""program_resource_visitor::visit_field(glsl_type const*, char const*, bool, glsl_type const*, bool)""}]","{""instruction_bytes"": 10, ""instructions"": 3}"
591826,2,2,.text,thumb,False,program_resource_visitor,program_resource_visitor-17a5c5addcfe-001.asm,"[{""name"": ""_ZN24program_resource_visitor11visit_fieldEPK17glsl_struct_field"", ""demangled"": ""program_resource_visitor::visit_field(glsl_struct_field const*)""}]","{""instruction_bytes"": 2, ""instructions"": 1}"
591828,276,276,.text,thumb,False,global-functions,global-functions-3d6ca95892b3-001.asm,"[{""name"": ""_Z33link_cross_validate_uniform_blockPvPP16gl_uniform_blockPjS1_"", ""demangled"": ""link_cross_validate_uniform_block(void*, gl_uniform_block**, unsigned int*, gl_uniform_block*)""}]","{""instruction_bytes"": 276, ""instructions"": 93}"
592104,1328,1328,.text,thumb,False,global-functions,global-functions-3d6ca95892b3-001.asm,"[{""name"": ""_Z29link_assign_uniform_locationsP17gl_shader_programj"", ""demangled"": ""link_assign_uniform_locations(gl_shader_program*, unsigned int)""}]","{""instruction_bytes"": 1326, ""instructions"": 518, ""undecoded_bytes"": 2}"
593432,378,378,.text,thumb,False,parcel_out_uniform_storage,parcel_out_uniform_storage-f7da8efbf987-001.asm,"[{""name"": ""_ZN26parcel_out_uniform_storage15set_and_processEP17gl_shader_programP11ir_variable"", ""demangled"": ""parcel_out_uniform_storage::set_and_process(gl_shader_program*, ir_variable*)""}]","{""instruction_bytes"": 378, ""instructions"": 129}"
593810,4,4,.text,thumb,False,string_to_uint_map,string_to_uint_map-a961c5a8c299-001.asm,"[{""name"": ""_ZN18string_to_uint_map10delete_keyEPKvPvS2_"", ""demangled"": ""string_to_uint_map::delete_key(void const*, void*, void*)""}]","{""instruction_bytes"": 4, ""instructions"": 1}"
593950,54,54,.text,thumb,False,string_to_uint_map,string_to_uint_map-a961c5a8c299-001.asm,"[{""name"": ""_ZN18string_to_uint_map3putEjPKc"", ""demangled"": ""string_to_uint_map::put(unsigned int, char const*)""}]","{""instruction_bytes"": 54, ""instructions"": 20}"
594004,500,500,.text,thumb,False,parcel_out_uniform_storage,parcel_out_uniform_storage-f7da8efbf987-001.asm,"[{""name"": ""_ZN26parcel_out_uniform_storage11visit_fieldEPK9glsl_typePKcbS2_b"", ""demangled"": ""parcel_out_uniform_storage::visit_field(glsl_type const*, char const*, bool, glsl_type const*, bool)""}]","{""instruction_bytes"": 500, ""instructions"": 182}"
594504,2,2,.text,thumb,False,parcel_out_uniform_storage,parcel_out_uniform_storage-f7da8efbf987-001.asm,"[{""name"": ""_ZN26parcel_out_uniform_storage11visit_fieldEPK9glsl_typePKcb"", ""demangled"": ""parcel_out_uniform_storage::visit_field(glsl_type const*, char const*, bool)""}]","{""instruction_bytes"": 2, ""instructions"": 1}"
594506,158,158,.text,thumb,False,parcel_out_uniform_storage,parcel_out_uniform_storage-f7da8efbf987-001.asm,"[{""name"": ""_ZN26parcel_out_uniform_storage15handle_samplersEPK9glsl_typeP18gl_uniform_storage"", ""demangled"": ""parcel_out_uniform_storage::handle_samplers(glsl_type const*, gl_uniform_storage*)""}]","{""instruction_bytes"": 158, ""instructions"": 56}"
594664,52,52,.text,thumb,False,parcel_out_uniform_storage,parcel_out_uniform_storage-f7da8efbf987-001.asm,"[{""name"": ""_ZN26parcel_out_uniform_storage13handle_imagesEPK9glsl_typeP18gl_uniform_storage"", ""demangled"": ""parcel_out_uniform_storage::handle_images(glsl_type const*, gl_uniform_storage*)""}]","{""instruction_bytes"": 52, ""instructions"": 21}"
594716,596,596,.text,thumb,False,global-functions,global-functions-3d6ca95892b3-001.asm,"[{""name"": ""_Z32cross_validate_outputs_to_inputsP17gl_shader_programP9gl_shaderS2_"", ""demangled"": ""cross_validate_outputs_to_inputs(gl_shader_program*, gl_shader*, gl_shader*)""}]","{""instruction_bytes"": 596, ""instructions"": 248}"
595868,352,352,.text,thumb,False,tfeedback_decl,tfeedback_decl-9a66178d23e9-001.asm,"[{""name"": ""_ZN14tfeedback_decl4initEP10gl_contextPKvPKc"", ""demangled"": ""tfeedback_decl::init(gl_context*, void const*, char const*)""}]","{""instruction_bytes"": 352, ""instructions"": 158}"
596220,44,44,.text,thumb,False,tfeedback_decl,tfeedback_decl-9a66178d23e9-001.asm,"[{""name"": ""_ZN14tfeedback_decl7is_sameERKS_S1_"", ""demangled"": ""tfeedback_decl::is_same(tfeedback_decl const&, tfeedback_decl const&)""}]","{""instruction_bytes"": 44, ""instructions"": 21}"
596264,288,288,.text,thumb,False,tfeedback_decl,tfeedback_decl-9a66178d23e9-001.asm,"[{""name"": ""_ZN14tfeedback_decl15assign_locationEP10gl_contextP17gl_shader_program"", ""demangled"": ""tfeedback_decl::assign_location(gl_context*, gl_shader_program*)""}]","{""instruction_bytes"": 288, ""instructions"": 103}"
596552,42,42,.text,thumb,False,tfeedback_decl,tfeedback_decl-9a66178d23e9-001.asm,"[{""name"": ""_ZNK14tfeedback_decl15get_num_outputsEv"", ""demangled"": ""tfeedback_decl::get_num_outputs() const""}]","{""instruction_bytes"": 42, ""instructions"": 19}"
596596,280,280,.text,thumb,False,tfeedback_decl,tfeedback_decl-9a66178d23e9-001.asm,"[{""name"": ""_ZNK14tfeedback_decl5storeEP10gl_contextP17gl_shader_programP26gl_transform_feedback_infojj"", ""demangled"": ""tfeedback_decl::store(gl_context*, gl_shader_program*, gl_transform_feedback_info*, unsigned int, unsigned int) const""}]","{""instruction_bytes"": 280, ""instructions"": 93}"
596876,112,112,.text,thumb,False,tfeedback_decl,tfeedback_decl-9a66178d23e9-001.asm,"[{""name"": ""_ZN14tfeedback_decl14find_candidateEP17gl_shader_programP10hash_table"", ""demangled"": ""tfeedback_decl::find_candidate(gl_shader_program*, hash_table*)""}]","{""instruction_bytes"": 112, ""instructions"": 54}"
596988,196,196,.text,thumb,False,global-functions,global-functions-3d6ca95892b3-001.asm,"[{""name"": ""_Z21parse_tfeedback_declsP10gl_contextP17gl_shader_programPKvjPPcP14tfeedback_decl"", ""demangled"": ""parse_tfeedback_decls(gl_context*, gl_shader_program*, void const*, unsigned int, char**, tfeedback_decl*)""}]","{""instruction_bytes"": 196, ""instructions"": 82}"
597184,280,280,.text,thumb,False,global-functions,global-functions-3d6ca95892b3-001.asm,"[{""name"": ""_Z20store_tfeedback_infoP10gl_contextP17gl_shader_programjP14tfeedback_decl"", ""demangled"": ""store_tfeedback_info(gl_context*, gl_shader_program*, unsigned int, tfeedback_decl*)""}]","{""instruction_bytes"": 280, ""instructions"": 107}"
597464,172,172,.text,thumb,False,linker,linker-dee25048ef11-001.asm,"[{""name"": ""_ZN6linker28populate_consumer_input_setsEPvP9exec_listP10hash_tableS4_PP11ir_variable"", ""demangled"": ""linker::populate_consumer_input_sets(void*, exec_list*, hash_table*, hash_table*, ir_variable**)""}]","{""instruction_bytes"": 172, ""instructions"": 72}"
597636,84,84,.text,thumb,False,linker,linker-dee25048ef11-001.asm,"[{""name"": ""_ZN6linker18get_matching_inputEPvPK11ir_variableP10hash_tableS5_PPS1_"", ""demangled"": ""linker::get_matching_input(void*, ir_variable const*, hash_table*, hash_table*, ir_variable**)""}]","{""instruction_bytes"": 84, ""instructions"": 35}"
597720,1148,1148,.text,thumb,False,global-functions,global-functions-3d6ca95892b3-001.asm,"[{""name"": ""_Z24assign_varying_locationsP10gl_contextPvP17gl_shader_programP9gl_shaderS5_jP14tfeedback_declj"", ""demangled"": ""assign_varying_locations(gl_context*, void*, gl_shader_program*, gl_shader*, gl_shader*, unsigned int, tfeedback_decl*, unsigned int)""}]","{""instruction_bytes"": 1146, ""instructions"": 444, ""undecoded_bytes"": 2}"
599064,42,42,.text,thumb,False,tfeedback_candidate_generator,tfeedback_candidate_generator-3be185d66b7f-001.asm,"[{""name"": ""_ZN29tfeedback_candidate_generator7processEP11ir_variable"", ""demangled"": ""tfeedback_candidate_generator::process(ir_variable*)""}]","{""instruction_bytes"": 42, ""instructions"": 16}"
599448,22,22,.text,thumb,False,global-functions,global-functions-3d6ca95892b3-001.asm,"[{""name"": ""_Z26check_against_output_limitP10gl_contextP17gl_shader_programP9gl_shader"", ""demangled"": ""check_against_output_limit(gl_context*, gl_shader_program*, gl_shader*)""}]","{""instruction_bytes"": 22, ""instructions"": 10}"
599472,300,300,.text,thumb,False,global-functions,global-functions-3d6ca95892b3-001.asm,"[{""name"": ""_Z25check_against_input_limitP10gl_contextP17gl_shader_programP9gl_shader"", ""demangled"": ""check_against_input_limit(gl_context*, gl_shader_program*, gl_shader*)""}]","{""instruction_bytes"": 300, ""instructions"": 130}"
599832,72,72,.text,thumb,False,tfeedback_candidate_generator,tfeedback_candidate_generator-3be185d66b7f-001.asm,"[{""name"": ""_ZN29tfeedback_candidate_generator11visit_fieldEPK9glsl_typePKcb"", ""demangled"": ""tfeedback_candidate_generator::visit_field(glsl_type const*, char const*, bool)""}]","{""instruction_bytes"": 72, ""instructions"": 28}"
599924,112,112,.text,thumb,False,global-functions,global-functions-3d6ca95892b3-001.asm,"[{""name"": ""_Z12linker_errorP17gl_shader_programPKcz"", ""demangled"": ""linker_error(gl_shader_program*, char const*, ...)""}]","{""instruction_bytes"": 112, ""instructions"": 47}"
600036,100,100,.text,thumb,False,global-functions,global-functions-3d6ca95892b3-001.asm,"[{""name"": ""_Z14linker_warningP17gl_shader_programPKcz"", ""demangled"": ""linker_warning(gl_shader_program*, char const*, ...)""}]","{""instruction_bytes"": 100, ""instructions"": 44}"
600136,84,84,.text,thumb,False,global-functions,global-functions-3d6ca95892b3-001.asm,"[{""name"": ""_Z27parse_program_resource_namePKcPS0_"", ""demangled"": ""parse_program_resource_name(char const*, char const**)""}]","{""instruction_bytes"": 84, ""instructions"": 36}"
600220,114,114,.text,thumb,False,global-functions,global-functions-3d6ca95892b3-001.asm,"[{""name"": ""_Z34link_invalidate_variable_locationsP9exec_list"", ""demangled"": ""link_invalidate_variable_locations(exec_list*)""}]","{""instruction_bytes"": 114, ""instructions"": 43}"
600336,232,232,.text,thumb,False,global-functions,global-functions-3d6ca95892b3-001.asm,"[{""name"": ""_Z33validate_vertex_shader_executableP17gl_shader_programP9gl_shader"", ""demangled"": ""validate_vertex_shader_executable(gl_shader_program*, gl_shader*)""}]","{""instruction_bytes"": 232, ""instructions"": 100}"
600888,196,196,.text,thumb,False,global-functions,global-functions-3d6ca95892b3-001.asm,"[{""name"": ""_Z35validate_fragment_shader_executableP17gl_shader_programP9gl_shader"", ""demangled"": ""validate_fragment_shader_executable(gl_shader_program*, gl_shader*)""}]","{""instruction_bytes"": 196, ""instructions"": 80}"
601084,40,40,.text,thumb,False,global-functions,global-functions-3d6ca95892b3-001.asm,"[{""name"": ""_Z35validate_geometry_shader_executableP17gl_shader_programP9gl_shader"", ""demangled"": ""validate_geometry_shader_executable(gl_shader_program*, gl_shader*)""}]","{""instruction_bytes"": 40, ""instructions"": 15}"
601124,900,900,.text,thumb,False,global-functions,global-functions-3d6ca95892b3-001.asm,"[{""name"": ""_Z22cross_validate_globalsP17gl_shader_programPP9gl_shaderjb"", ""demangled"": ""cross_validate_globals(gl_shader_program*, gl_shader**, unsigned int, bool)""}]","{""instruction_bytes"": 892, ""instructions"": 354, ""undecoded_bytes"": 8}"
602024,12,12,.text,thumb,False,global-functions,global-functions-3d6ca95892b3-001.asm,"[{""name"": ""_Z23cross_validate_uniformsP17gl_shader_program"", ""demangled"": ""cross_validate_uniforms(gl_shader_program*)""}]","{""instruction_bytes"": 12, ""instructions"": 4}"
602036,104,104,.text,thumb,False,global-functions,global-functions-3d6ca95892b3-001.asm,"[{""name"": ""_Z15remap_variablesP14ir_instructionP9gl_shaderP10hash_table"", ""demangled"": ""remap_variables(ir_instruction*, gl_shader*, hash_table*)""}]","{""instruction_bytes"": 104, ""instructions"": 46}"
602140,392,392,.text,thumb,False,global-functions,global-functions-3d6ca95892b3-001.asm,"[{""name"": ""_Z21move_non_declarationsP9exec_listP9exec_nodebP9gl_shader"", ""demangled"": ""move_non_declarations(exec_list*, exec_node*, bool, gl_shader*)""}]","{""instruction_bytes"": 392, ""instructions"": 164}"
602532,104,104,.text,thumb,False,global-functions,global-functions-3d6ca95892b3-001.asm,"[{""name"": ""_Z32link_get_main_function_signatureP9gl_shader"", ""demangled"": ""link_get_main_function_signature(gl_shader*)""}]","{""instruction_bytes"": 104, ""instructions"": 47}"
602636,1840,1840,.text,thumb,False,global-functions,global-functions-3d6ca95892b3-001.asm,"[{""name"": ""_Z23link_intrastage_shadersPvP10gl_contextP17gl_shader_programPP9gl_shaderj"", ""demangled"": ""link_intrastage_shaders(void*, gl_context*, gl_shader_program*, gl_shader**, unsigned int)""}]","{""instruction_bytes"": 1834, ""instructions"": 709, ""undecoded_bytes"": 6}"
604480,64,64,.text,thumb,False,array_sizing_visitor,array_sizing_visitor-3ffbfff6aa9b-001.asm,"[{""name"": ""_ZN20array_sizing_visitorC2Ev"", ""demangled"": ""array_sizing_visitor::array_sizing_visitor()""}]","{""instruction_bytes"": 64, ""instructions"": 29}"
604544,60,60,.text,thumb,False,global-functions,global-functions-3d6ca95892b3-001.asm,"[{""name"": ""_Z20find_available_slotsjj"", ""demangled"": ""find_available_slots(unsigned int, unsigned int)""}]","{""instruction_bytes"": 60, ""instructions"": 24}"
604604,1000,1000,.text,thumb,False,global-functions,global-functions-3d6ca95892b3-001.asm,"[{""name"": ""_Z35assign_attribute_or_color_locationsP17gl_shader_programjj"", ""demangled"": ""assign_attribute_or_color_locations(gl_shader_program*, unsigned int, unsigned int)""}]","{""instruction_bytes"": 1000, ""instructions"": 375}"
605612,84,84,.text,thumb,False,global-functions,global-functions-3d6ca95892b3-001.asm,"[{""name"": ""_Z32demote_shader_inputs_and_outputsP9gl_shader16ir_variable_mode"", ""demangled"": ""demote_shader_inputs_and_outputs(gl_shader*, ir_variable_mode)""}]","{""instruction_bytes"": 84, ""instructions"": 33}"
605696,3496,3496,.text,thumb,False,global-functions,global-functions-3d6ca95892b3-001.asm,"[{""name"": ""_Z12link_shadersP10gl_contextP17gl_shader_program"", ""demangled"": ""link_shaders(gl_context*, gl_shader_program*)""}]","{""instruction_bytes"": 3496, ""instructions"": 1318}"
609608,202,202,.text,thumb,False,array_sizing_visitor,array_sizing_visitor-3ffbfff6aa9b-001.asm,"[{""name"": ""_ZN20array_sizing_visitor5visitEP11ir_variable"", ""demangled"": ""array_sizing_visitor::visit(ir_variable*)""}]","{""instruction_bytes"": 202, ""instructions"": 86}"
609810,34,34,.text,thumb,False,array_sizing_visitor,array_sizing_visitor-3ffbfff6aa9b-001.asm,"[{""name"": ""_ZN20array_sizing_visitor10fixup_typeEPPK9glsl_typej"", ""demangled"": ""array_sizing_visitor::fixup_type(glsl_type const**, unsigned int)""}]","{""instruction_bytes"": 34, ""instructions"": 16}"
609844,116,116,.text,thumb,False,array_sizing_visitor,array_sizing_visitor-3ffbfff6aa9b-001.asm,"[{""name"": ""_ZN20array_sizing_visitor24resize_interface_membersEPK9glsl_typePKj"", ""demangled"": ""array_sizing_visitor::resize_interface_members(glsl_type const*, unsigned int const*)""}]","{""instruction_bytes"": 116, ""instructions"": 42}"
609960,154,154,.text,thumb,False,array_sizing_visitor,array_sizing_visitor-3ffbfff6aa9b-001.asm,"[{""name"": ""_ZN20array_sizing_visitor28fixup_unnamed_interface_typeEPKvPvS2_"", ""demangled"": ""array_sizing_visitor::fixup_unnamed_interface_type(void const*, void*, void*)""}]","{""instruction_bytes"": 154, ""instructions"": 59}"
610256,40,40,.text,thumb,False,loop_variable,loop_variable-81e21cb28895-001.asm,"[{""name"": ""_ZN13loop_variable16record_referenceEbbP13ir_assignment"", ""demangled"": ""loop_variable::record_reference(bool, bool, ir_assignment*)""}]","{""instruction_bytes"": 40, ""instructions"": 20}"
610296,92,92,.text,thumb,False,loop_state,loop_state-b5dacace8563-001.asm,"[{""name"": ""_ZN10loop_stateC1Ev"", ""demangled"": ""loop_state::loop_state()""}, {""name"": ""_ZN10loop_stateC2Ev"", ""demangled"": ""loop_state::loop_state()""}]","{""instruction_bytes"": 92, ""instructions"": 38}"
610388,34,34,.text,thumb,False,loop_state,loop_state-b5dacace8563-001.asm,"[{""name"": ""_ZN10loop_stateD1Ev"", ""demangled"": ""loop_state::~loop_state()""}, {""name"": ""_ZN10loop_stateD2Ev"", ""demangled"": ""loop_state::~loop_state()""}]","{""instruction_bytes"": 34, ""instructions"": 13}"
610424,68,68,.text,thumb,False,loop_state,loop_state-b5dacace8563-001.asm,"[{""name"": ""_ZN10loop_state6insertEP7ir_loop"", ""demangled"": ""loop_state::insert(ir_loop*)""}]","{""instruction_bytes"": 68, ""instructions"": 28}"
610492,104,104,.text,thumb,False,loop_variable_state,loop_variable_state-5d49f7bca99e-001.asm,"[{""name"": ""_ZN19loop_variable_stateC2Ev"", ""demangled"": ""loop_variable_state::loop_variable_state()""}]","{""instruction_bytes"": 104, ""instructions"": 41}"
610596,6,6,.text,thumb,False,loop_state,loop_state-b5dacace8563-001.asm,"[{""name"": ""_ZN10loop_state3getEPK7ir_loop"", ""demangled"": ""loop_state::get(ir_loop const*)""}]","{""instruction_bytes"": 6, ""instructions"": 2}"
610602,6,6,.text,thumb,False,loop_state,loop_state-b5dacace8563-001.asm,"[{""name"": ""_ZN10loop_state16get_for_inductorEPK11ir_variable"", ""demangled"": ""loop_state::get_for_inductor(ir_variable const*)""}]","{""instruction_bytes"": 6, ""instructions"": 2}"
610608,10,10,.text,thumb,False,loop_state,loop_state-b5dacace8563-001.asm,"[{""name"": ""_ZN10loop_state19insert_non_inductorEP11ir_variable"", ""demangled"": ""loop_state::insert_non_inductor(ir_variable*)""}]","{""instruction_bytes"": 10, ""instructions"": 4}"
610620,244,244,.text,thumb,False,loop_state,loop_state-b5dacace8563-001.asm,"[{""name"": ""_ZN10loop_state15insert_inductorEP13loop_variableP19loop_variable_stateP7ir_loop"", ""demangled"": ""loop_state::insert_inductor(loop_variable*, loop_variable_state*, ir_loop*)""}]","{""instruction_bytes"": 244, ""instructions"": 101}"
610864,6,6,.text,thumb,False,loop_variable_state,loop_variable_state-5d49f7bca99e-001.asm,"[{""name"": ""_ZN19loop_variable_state3getEPK11ir_variable"", ""demangled"": ""loop_variable_state::get(ir_variable const*)""}]","{""instruction_bytes"": 6, ""instructions"": 2}"
610870,58,58,.text,thumb,False,loop_variable_state,loop_variable_state-5d49f7bca99e-001.asm,"[{""name"": ""_ZN19loop_variable_state6insertEP11ir_variable"", ""demangled"": ""loop_variable_state::insert(ir_variable*)""}]","{""instruction_bytes"": 58, ""instructions"": 23}"
610928,72,72,.text,thumb,False,loop_variable_state,loop_variable_state-5d49f7bca99e-001.asm,"[{""name"": ""_ZN19loop_variable_state6insertEP5ir_if"", ""demangled"": ""loop_variable_state::insert(ir_if*)""}]","{""instruction_bytes"": 72, ""instructions"": 28}"
611000,42,42,.text,thumb,False,loop_variable_state,loop_variable_state-5d49f7bca99e-001.asm,"[{""name"": ""_ZN19loop_variable_state13get_or_insertEP11ir_variableb"", ""demangled"": ""loop_variable_state::get_or_insert(ir_variable*, bool)""}]","{""instruction_bytes"": 42, ""instructions"": 16}"
611044,108,108,.text,thumb,False,global-functions,global-functions-3d6ca95892b3-001.asm,"[{""name"": ""_Z22analyze_loop_variablesP9exec_list"", ""demangled"": ""analyze_loop_variables(exec_list*)""}]","{""instruction_bytes"": 108, ""instructions"": 45}"
611152,6,6,.text,thumb,False,loop_variable_state,loop_variable_state-5d49f7bca99e-001.asm,"[{""name"": ""_ZN19loop_variable_state18_ralloc_destructorEPv"", ""demangled"": ""loop_variable_state::_ralloc_destructor(void*)""}]","{""instruction_bytes"": 6, ""instructions"": 2}"
612812,64,64,.text,thumb,False,examine_rhs,examine_rhs-c9b70cbc99cb-001.asm,"[{""name"": ""_ZN11examine_rhs5visitEP23ir_dereference_variable"", ""demangled"": ""examine_rhs::visit(ir_dereference_variable*)""}]","{""instruction_bytes"": 64, ""instructions"": 29}"
612876,200,200,.text,thumb,False,global-functions,global-functions-3d6ca95892b3-001.asm,"[{""name"": ""_Z18find_initial_valueP7ir_loopP11ir_variablePP14ir_instruction"", ""demangled"": ""find_initial_value(ir_loop*, ir_variable*, ir_instruction**)""}]","{""instruction_bytes"": 200, ""instructions"": 82}"
613076,664,664,.text,thumb,False,global-functions,global-functions-3d6ca95892b3-001.asm,"[{""name"": ""_Z20calculate_iterationsP9ir_rvalueS0_S0_23ir_expression_operation"", ""demangled"": ""calculate_iterations(ir_rvalue*, ir_rvalue*, ir_rvalue*, ir_expression_operation)""}]","{""instruction_bytes"": 660, ""instructions"": 266, ""undecoded_bytes"": 4}"
613740,88,88,.text,thumb,False,global-functions,global-functions-3d6ca95892b3-001.asm,"[{""name"": ""_Z17set_loop_controlsP9exec_listP10loop_state"", ""demangled"": ""set_loop_controls(exec_list*, loop_state*)""}]","{""instruction_bytes"": 88, ""instructions"": 39}"
613948,100,100,.text,thumb,False,global-functions,global-functions-3d6ca95892b3-001.asm,"[{""name"": ""_Z12unroll_loopsP9exec_listP10loop_statePK26gl_shader_compiler_options"", ""demangled"": ""unroll_loops(exec_list*, loop_state*, gl_shader_compiler_options const*)""}]","{""instruction_bytes"": 100, ""instructions"": 43}"
615092,10,10,.text,thumb,False,loop_unroll_count,loop_unroll_count-9ecc4832d85b-001.asm,"[{""name"": ""_ZN17loop_unroll_count11visit_enterEP7ir_loop"", ""demangled"": ""loop_unroll_count::visit_enter(ir_loop*)""}]","{""instruction_bytes"": 10, ""instructions"": 4}"
615102,10,10,.text,thumb,False,loop_unroll_count,loop_unroll_count-9ecc4832d85b-001.asm,"[{""name"": ""_ZN17loop_unroll_count11visit_enterEP13ir_expression"", ""demangled"": ""loop_unroll_count::visit_enter(ir_expression*)""}]","{""instruction_bytes"": 10, ""instructions"": 5}"
615112,142,142,.text,thumb,False,loop_unroll_count,loop_unroll_count-9ecc4832d85b-001.asm,"[{""name"": ""_ZN17loop_unroll_count11visit_enterEP20ir_dereference_array"", ""demangled"": ""loop_unroll_count::visit_enter(ir_dereference_array*)""}]","{""instruction_bytes"": 142, ""instructions"": 64}"
615256,10,10,.text,thumb,False,loop_unroll_count,loop_unroll_count-9ecc4832d85b-001.asm,"[{""name"": ""_ZN17loop_unroll_count11visit_enterEP13ir_assignment"", ""demangled"": ""loop_unroll_count::visit_enter(ir_assignment*)""}]","{""instruction_bytes"": 10, ""instructions"": 5}"
615268,124,124,.text,thumb,False,global-functions,global-functions-3d6ca95892b3-001.asm,"[{""name"": ""_Z19lower_clip_distanceP9gl_shader"", ""demangled"": ""lower_clip_distance(gl_shader*)""}]","{""instruction_bytes"": 124, ""instructions"": 50}"
617680,84,84,.text,thumb,False,global-functions,global-functions-3d6ca95892b3-001.asm,"[{""name"": ""_Z13lower_discardP9exec_list"", ""demangled"": ""lower_discard(exec_list*)""}]","{""instruction_bytes"": 84, ""instructions"": 37}"
618348,180,180,.text,thumb,False,global-functions,global-functions-3d6ca95892b3-001.asm,"[{""name"": ""_Z18lower_discard_flowP9exec_list"", ""demangled"": ""lower_discard_flow(exec_list*)""}]","{""instruction_bytes"": 180, ""instructions"": 81}"
619040,156,156,.text,thumb,False,global-functions,global-functions-3d6ca95892b3-001.asm,"[{""name"": ""_Z23lower_if_to_cond_assignP9exec_listj"", ""demangled"": ""lower_if_to_cond_assign(exec_list*, unsigned int)""}]","{""instruction_bytes"": 156, ""instructions"": 66}"
619196,30,30,.text,thumb,False,global-functions,global-functions-3d6ca95892b3-001.asm,"[{""name"": ""_Z18check_control_flowP14ir_instructionPv"", ""demangled"": ""check_control_flow(ir_instruction*, void*)""}]","{""instruction_bytes"": 30, ""instructions"": 12}"
619228,356,356,.text,thumb,False,global-functions,global-functions-3d6ca95892b3-001.asm,"[{""name"": ""_Z25move_block_to_cond_assignPvP5ir_ifP9ir_rvalueP9exec_listP10hash_table"", ""demangled"": ""move_block_to_cond_assign(void*, ir_if*, ir_rvalue*, exec_list*, hash_table*)""}]","{""instruction_bytes"": 356, ""instructions"": 139}"
620364,88,88,.text,thumb,False,global-functions,global-functions-3d6ca95892b3-001.asm,"[{""name"": ""_Z18lower_instructionsP9exec_listj"", ""demangled"": ""lower_instructions(exec_list*, unsigned int)""}]","{""instruction_bytes"": 88, ""instructions"": 39}"
623348,172,172,.text,thumb,False,global-functions,global-functions-3d6ca95892b3-001.asm,"[{""name"": ""_Z14do_lower_jumpsP9exec_listbbbbb"", ""demangled"": ""do_lower_jumps(exec_list*, bool, bool, bool, bool, bool)""}]","{""instruction_bytes"": 172, ""instructions"": 64}"
623524,2,2,.text,thumb,False,ir_control_flow_visitor,ir_control_flow_visitor-902d157dec4b-001.asm,"[{""name"": ""_ZN23ir_control_flow_visitor5visitEP11ir_variable"", ""demangled"": ""ir_control_flow_visitor::visit(ir_variable*)""}]","{""instruction_bytes"": 2, ""instructions"": 1}"
623960,2,2,.text,thumb,False,ir_control_flow_visitor,ir_control_flow_visitor-902d157dec4b-001.asm,"[{""name"": ""_ZN23ir_control_flow_visitor5visitEP13ir_expression"", ""demangled"": ""ir_control_flow_visitor::visit(ir_expression*)""}]","{""instruction_bytes"": 2, ""instructions"": 1}"
623962,2,2,.text,thumb,False,ir_control_flow_visitor,ir_control_flow_visitor-902d157dec4b-001.asm,"[{""name"": ""_ZN23ir_control_flow_visitor5visitEP10ir_texture"", ""demangled"": ""ir_control_flow_visitor::visit(ir_texture*)""}]","{""instruction_bytes"": 2, ""instructions"": 1}"
623964,2,2,.text,thumb,False,ir_control_flow_visitor,ir_control_flow_visitor-902d157dec4b-001.asm,"[{""name"": ""_ZN23ir_control_flow_visitor5visitEP10ir_swizzle"", ""demangled"": ""ir_control_flow_visitor::visit(ir_swizzle*)""}]","{""instruction_bytes"": 2, ""instructions"": 1}"
623966,2,2,.text,thumb,False,ir_control_flow_visitor,ir_control_flow_visitor-902d157dec4b-001.asm,"[{""name"": ""_ZN23ir_control_flow_visitor5visitEP23ir_dereference_variable"", ""demangled"": ""ir_control_flow_visitor::visit(ir_dereference_variable*)""}]","{""instruction_bytes"": 2, ""instructions"": 1}"
623968,2,2,.text,thumb,False,ir_control_flow_visitor,ir_control_flow_visitor-902d157dec4b-001.asm,"[{""name"": ""_ZN23ir_control_flow_visitor5visitEP20ir_dereference_array"", ""demangled"": ""ir_control_flow_visitor::visit(ir_dereference_array*)""}]","{""instruction_bytes"": 2, ""instructions"": 1}"
623970,2,2,.text,thumb,False,ir_control_flow_visitor,ir_control_flow_visitor-902d157dec4b-001.asm,"[{""name"": ""_ZN23ir_control_flow_visitor5visitEP21ir_dereference_record"", ""demangled"": ""ir_control_flow_visitor::visit(ir_dereference_record*)""}]","{""instruction_bytes"": 2, ""instructions"": 1}"
623972,2,2,.text,thumb,False,ir_control_flow_visitor,ir_control_flow_visitor-902d157dec4b-001.asm,"[{""name"": ""_ZN23ir_control_flow_visitor5visitEP13ir_assignment"", ""demangled"": ""ir_control_flow_visitor::visit(ir_assignment*)""}]","{""instruction_bytes"": 2, ""instructions"": 1}"
623974,2,2,.text,thumb,False,ir_control_flow_visitor,ir_control_flow_visitor-902d157dec4b-001.asm,"[{""name"": ""_ZN23ir_control_flow_visitor5visitEP11ir_constant"", ""demangled"": ""ir_control_flow_visitor::visit(ir_constant*)""}]","{""instruction_bytes"": 2, ""instructions"": 1}"
623976,2,2,.text,thumb,False,ir_control_flow_visitor,ir_control_flow_visitor-902d157dec4b-001.asm,"[{""name"": ""_ZN23ir_control_flow_visitor5visitEP7ir_call"", ""demangled"": ""ir_control_flow_visitor::visit(ir_call*)""}]","{""instruction_bytes"": 2, ""instructions"": 1}"
626844,2,2,.text,thumb,False,ir_control_flow_visitor,ir_control_flow_visitor-902d157dec4b-001.asm,"[{""name"": ""_ZN23ir_control_flow_visitor5visitEP14ir_emit_vertex"", ""demangled"": ""ir_control_flow_visitor::visit(ir_emit_vertex*)""}]","{""instruction_bytes"": 2, ""instructions"": 1}"
626846,2,2,.text,thumb,False,ir_control_flow_visitor,ir_control_flow_visitor-902d157dec4b-001.asm,"[{""name"": ""_ZN23ir_control_flow_visitor5visitEP16ir_end_primitive"", ""demangled"": ""ir_control_flow_visitor::visit(ir_end_primitive*)""}]","{""instruction_bytes"": 2, ""instructions"": 1}"
628056,104,104,.text,thumb,False,global-functions,global-functions-3d6ca95892b3-001.asm,"[{""name"": ""_Z16do_mat_op_to_vecP9exec_list"", ""demangled"": ""do_mat_op_to_vec(exec_list*)""}]","{""instruction_bytes"": 104, ""instructions"": 46}"
630988,684,684,.text,thumb,False,global-functions,global-functions-3d6ca95892b3-001.asm,"[{""name"": ""_Z28lower_named_interface_blocksPvP9gl_shader"", ""demangled"": ""lower_named_interface_blocks(void*, gl_shader*)""}]","{""instruction_bytes"": 682, ""instructions"": 271, ""undecoded_bytes"": 2}"
631980,88,88,.text,thumb,False,global-functions,global-functions-3d6ca95892b3-001.asm,"[{""name"": ""_Z11lower_noiseP9exec_list"", ""demangled"": ""lower_noise(exec_list*)""}]","{""instruction_bytes"": 88, ""instructions"": 39}"
632068,52,52,.text,thumb,False,lower_noise_visitor,lower_noise_visitor-2915fcf410ec-001.asm,"[{""name"": ""_ZN19lower_noise_visitor13handle_rvalueEPP9ir_rvalue"", ""demangled"": ""lower_noise_visitor::handle_rvalue(ir_rvalue**)""}]","{""instruction_bytes"": 52, ""instructions"": 22}"
632120,368,368,.text,thumb,False,brw_lower_offset_array_visitor,brw_lower_offset_array_visitor-2e66054b295e-001.asm,"[{""name"": ""_ZN30brw_lower_offset_array_visitor13handle_rvalueEPP9ir_rvalue"", ""demangled"": ""brw_lower_offset_array_visitor::handle_rvalue(ir_rvalue**)""}]","{""instruction_bytes"": 368, ""instructions"": 161}"
632488,88,88,.text,thumb,False,global-functions,global-functions-3d6ca95892b3-001.asm,"[{""name"": ""_Z19lower_offset_arraysP9exec_list"", ""demangled"": ""lower_offset_arrays(exec_list*)""}]","{""instruction_bytes"": 88, ""instructions"": 39}"
632576,136,136,.text,thumb,False,global-functions,global-functions-3d6ca95892b3-001.asm,"[{""name"": ""_Z18lower_output_readsP9exec_list"", ""demangled"": ""lower_output_reads(exec_list*)""}]","{""instruction_bytes"": 134, ""instructions"": 57, ""undecoded_bytes"": 2}"
633152,32,32,.text,thumb,False,lower_packed_varyings_gs_splicer,lower_packed_varyings_gs_splicer-f3e7c003d5ed-001.asm,"[{""name"": ""_ZN32lower_packed_varyings_gs_splicerC1EPvPK9exec_list"", ""demangled"": ""lower_packed_varyings_gs_splicer::lower_packed_varyings_gs_splicer(void*, exec_list const*)""}, {""name"": ""_ZN32lower_packed_varyings_gs_splicerC2EPvPK9exec_list"", ""demangled"": ""lower_packed_varyings_gs_splicer::lower_packed_varyings_gs_splicer(void*, exec_list const*)""}]","{""instruction_bytes"": 32, ""instructions"": 15}"
633184,90,90,.text,thumb,False,lower_packed_varyings_gs_splicer,lower_packed_varyings_gs_splicer-f3e7c003d5ed-001.asm,"[{""name"": ""_ZN32lower_packed_varyings_gs_splicer11visit_leaveEP14ir_emit_vertex"", ""demangled"": ""lower_packed_varyings_gs_splicer::visit_leave(ir_emit_vertex*)""}]","{""instruction_bytes"": 90, ""instructions"": 39}"
633276,476,476,.text,thumb,False,global-functions,global-functions-3d6ca95892b3-001.asm,"[{""name"": ""_Z21lower_packed_varyingsPvj16ir_variable_modejP9gl_shader"", ""demangled"": ""lower_packed_varyings(void*, unsigned int, ir_variable_mode, unsigned int, gl_shader*)""}]","{""instruction_bytes"": 476, ""instructions"": 200}"
635408,108,108,.text,thumb,False,global-functions,global-functions-3d6ca95892b3-001.asm,"[{""name"": ""_Z22lower_packing_builtinsP9exec_listi"", ""demangled"": ""lower_packing_builtins(exec_list*, int)""}]","{""instruction_bytes"": 108, ""instructions"": 45}"
638028,48,48,.text,thumb,False,ir_builder::ir_factory,ir_builder_ir_factory-b54fe11e62f9-001.asm,"[{""name"": ""_ZN10ir_builder10ir_factory8constantEj"", ""demangled"": ""ir_builder::ir_factory::constant(unsigned int)""}]","{""instruction_bytes"": 48, ""instructions"": 20}"
638076,48,48,.text,thumb,False,ir_builder::ir_factory,ir_builder_ir_factory-b54fe11e62f9-001.asm,"[{""name"": ""_ZN10ir_builder10ir_factory8constantEf"", ""demangled"": ""ir_builder::ir_factory::constant(float)""}]","{""instruction_bytes"": 48, ""instructions"": 20}"
639424,48,48,.text,thumb,False,ir_builder::ir_factory,ir_builder_ir_factory-b54fe11e62f9-001.asm,"[{""name"": ""_ZN10ir_builder10ir_factory8constantEi"", ""demangled"": ""ir_builder::ir_factory::constant(int)""}]","{""instruction_bytes"": 48, ""instructions"": 20}"
640472,104,104,.text,thumb,False,global-functions,global-functions-3d6ca95892b3-001.asm,"[{""name"": ""_Z19lower_ubo_referenceP9gl_shaderP9exec_list"", ""demangled"": ""lower_ubo_reference(gl_shader*, exec_list*)""}]","{""instruction_bytes"": 104, ""instructions"": 43}"
643148,432,432,.text,thumb,False,global-functions,global-functions-3d6ca95892b3-001.asm,"[{""name"": ""_Z19compare_index_blockP9exec_listP11ir_variablejjPv"", ""demangled"": ""compare_index_block(exec_list*, ir_variable*, unsigned int, unsigned int, void*)""}]","{""instruction_bytes"": 430, ""instructions"": 168, ""undecoded_bytes"": 2}"
643580,144,144,.text,thumb,False,global-functions,global-functions-3d6ca95892b3-001.asm,"[{""name"": ""_Z35lower_variable_index_to_cond_assignP9exec_listbbbb"", ""demangled"": ""lower_variable_index_to_cond_assign(exec_list*, bool, bool, bool, bool)""}]","{""instruction_bytes"": 142, ""instructions"": 56, ""undecoded_bytes"": 2}"
645824,84,84,.text,thumb,False,global-functions,global-functions-3d6ca95892b3-001.asm,"[{""name"": ""_Z27do_vec_index_to_cond_assignP9exec_list"", ""demangled"": ""do_vec_index_to_cond_assign(exec_list*)""}]","{""instruction_bytes"": 84, ""instructions"": 35}"
647024,84,84,.text,thumb,False,global-functions,global-functions-3d6ca95892b3-001.asm,"[{""name"": ""_Z23do_vec_index_to_swizzleP9exec_list"", ""demangled"": ""do_vec_index_to_swizzle(exec_list*)""}]","{""instruction_bytes"": 84, ""instructions"": 37}"
647480,144,144,.text,thumb,False,global-functions,global-functions-3d6ca95892b3-001.asm,"[{""name"": ""_Z19is_extended_swizzleP13ir_expression"", ""demangled"": ""is_extended_swizzle(ir_expression*)""}]","{""instruction_bytes"": 144, ""instructions"": 62}"
647624,92,92,.text,thumb,False,global-functions,global-functions-3d6ca95892b3-001.asm,"[{""name"": ""_Z19lower_quadop_vectorP9exec_listb"", ""demangled"": ""lower_quadop_vector(exec_list*, bool)""}]","{""instruction_bytes"": 92, ""instructions"": 40}"
648352,108,108,.text,thumb,False,global-functions,global-functions-3d6ca95892b3-001.asm,"[{""name"": ""_Z19lower_vector_insertP9exec_listb"", ""demangled"": ""lower_vector_insert(exec_list*, bool)""}]","{""instruction_bytes"": 108, ""instructions"": 45}"
649136,192,192,.text,thumb,False,global-functions,global-functions-3d6ca95892b3-001.asm,"[{""name"": ""_Z15lower_vertex_idP9gl_shader"", ""demangled"": ""lower_vertex_id(gl_shader*)""}]","{""instruction_bytes"": 192, ""instructions"": 80}"
649848,52,52,.text,thumb,False,global-functions,global-functions-3d6ca95892b3-001.asm,"[{""name"": ""_mesa_error_no_memory"", ""demangled"": ""_mesa_error_no_memory""}]","{""instruction_bytes"": 52, ""instructions"": 25}"
649900,76,76,.text,thumb,False,global-functions,global-functions-3d6ca95892b3-001.asm,"[{""name"": ""_Z10usage_failPKc"", ""demangled"": ""usage_fail(char const*)""}]","{""instruction_bytes"": 76, ""instructions"": 33}"
649976,152,152,.text,thumb,False,global-functions,global-functions-3d6ca95892b3-001.asm,"[{""name"": ""_Z14compile_shaderP10gl_contextP9gl_shader"", ""demangled"": ""compile_shader(gl_context*, gl_shader*)""}]","{""instruction_bytes"": 152, ""instructions"": 64}"
650128,1512,1512,.text,thumb,False,global-functions,global-functions-3d6ca95892b3-001.asm,"[{""name"": ""main"", ""demangled"": ""main""}]","{""instruction_bytes"": 1508, ""instructions"": 624, ""undecoded_bytes"": 4}"
651640,104,104,.text,thumb,False,global-functions,global-functions-3d6ca95892b3-001.asm,"[{""name"": ""_Z12do_algebraicP9exec_listbPK26gl_shader_compiler_options"", ""demangled"": ""do_algebraic(exec_list*, bool, gl_shader_compiler_options const*)""}]","{""instruction_bytes"": 104, ""instructions"": 44}"
656456,248,248,.text,thumb,False,ir_array_splitting_visitor,ir_array_splitting_visitor-b9cd2cc540c1-001.asm,"[{""name"": ""_ZN26ir_array_splitting_visitor11split_derefEPP14ir_dereference"", ""demangled"": ""ir_array_splitting_visitor::split_deref(ir_dereference**)""}]","{""instruction_bytes"": 248, ""instructions"": 105}"
656704,76,76,.text,thumb,False,ir_array_splitting_visitor,ir_array_splitting_visitor-b9cd2cc540c1-001.asm,"[{""name"": ""_ZN26ir_array_splitting_visitor13handle_rvalueEPP9ir_rvalue"", ""demangled"": ""ir_array_splitting_visitor::handle_rvalue(ir_rvalue**)""}]","{""instruction_bytes"": 76, ""instructions"": 36}"
656780,140,140,.text,thumb,False,ir_array_splitting_visitor,ir_array_splitting_visitor-b9cd2cc540c1-001.asm,"[{""name"": ""_ZN26ir_array_splitting_visitor11visit_leaveEP13ir_assignment"", ""demangled"": ""ir_array_splitting_visitor::visit_leave(ir_assignment*)""}]","{""instruction_bytes"": 140, ""instructions"": 64}"
656920,636,636,.text,thumb,False,global-functions,global-functions-3d6ca95892b3-001.asm,"[{""name"": ""_Z21optimize_split_arraysP9exec_listbb"", ""demangled"": ""optimize_split_arrays(exec_list*, bool, bool)""}]","{""instruction_bytes"": 636, ""instructions"": 252}"
657556,2,2,.text,thumb,False,ir_array_splitting_visitor,ir_array_splitting_visitor-b9cd2cc540c1-001.asm,"[{""name"": ""_ZN26ir_array_splitting_visitorD2Ev"", ""demangled"": ""ir_array_splitting_visitor::~ir_array_splitting_visitor()""}]","{""instruction_bytes"": 2, ""instructions"": 1}"
657558,4,4,.text,thumb,False,ir_array_splitting_visitor,ir_array_splitting_visitor-b9cd2cc540c1-001.asm,"[{""name"": ""_ZN26ir_array_splitting_visitorD0Ev"", ""demangled"": ""ir_array_splitting_visitor::~ir_array_splitting_visitor()""}]","{""instruction_bytes"": 4, ""instructions"": 1}"
657848,84,84,.text,thumb,False,global-functions,global-functions-3d6ca95892b3-001.asm,"[{""name"": ""_Z19do_constant_foldingP9exec_list"", ""demangled"": ""do_constant_folding(exec_list*)""}]","{""instruction_bytes"": 84, ""instructions"": 37}"
658460,188,188,.text,thumb,False,global-functions,global-functions-3d6ca95892b3-001.asm,"[{""name"": ""_Z23do_constant_propagationP9exec_list"", ""demangled"": ""do_constant_propagation(exec_list*)""}]","{""instruction_bytes"": 184, ""instructions"": 74, ""undecoded_bytes"": 4}"
660392,176,176,.text,thumb,False,global-functions,global-functions-3d6ca95892b3-001.asm,"[{""name"": ""_Z20do_constant_variableP9exec_list"", ""demangled"": ""do_constant_variable(exec_list*)""}]","{""instruction_bytes"": 176, ""instructions"": 71}"
660568,98,98,.text,thumb,False,global-functions,global-functions-3d6ca95892b3-001.asm,"[{""name"": ""_Z29do_constant_variable_unlinkedP9exec_list"", ""demangled"": ""do_constant_variable_unlinked(exec_list*)""}]","{""instruction_bytes"": 98, ""instructions"": 41}"
661072,188,188,.text,thumb,False,global-functions,global-functions-3d6ca95892b3-001.asm,"[{""name"": ""_Z19do_copy_propagationP9exec_list"", ""demangled"": ""do_copy_propagation(exec_list*)""}]","{""instruction_bytes"": 188, ""instructions"": 76}"
662352,192,192,.text,thumb,False,global-functions,global-functions-3d6ca95892b3-001.asm,"[{""name"": ""_Z28do_copy_propagation_elementsP9exec_list"", ""demangled"": ""do_copy_propagation_elements(exec_list*)""}]","{""instruction_bytes"": 192, ""instructions"": 76}"
664432,160,160,.text,thumb,False,global-functions,global-functions-3d6ca95892b3-001.asm,"[{""name"": ""_Z6do_cseP9exec_list"", ""demangled"": ""do_cse(exec_list*)""}]","{""instruction_bytes"": 160, ""instructions"": 65}"
665432,292,292,.text,thumb,False,global-functions,global-functions-3d6ca95892b3-001.asm,"[{""name"": ""_Z31optimize_dead_builtin_variablesP9exec_list16ir_variable_mode"", ""demangled"": ""optimize_dead_builtin_variables(exec_list*, ir_variable_mode)""}]","{""instruction_bytes"": 292, ""instructions"": 118}"
665724,656,656,.text,thumb,False,global-functions,global-functions-3d6ca95892b3-001.asm,"[{""name"": ""_Z24do_dead_builtin_varyingsP10gl_contextP9gl_shaderS2_jP14tfeedback_decl"", ""demangled"": ""do_dead_builtin_varyings(gl_context*, gl_shader*, gl_shader*, unsigned int, tfeedback_decl*)""}]","{""instruction_bytes"": 656, ""instructions"": 242}"
668428,288,288,.text,thumb,False,global-functions,global-functions-3d6ca95892b3-001.asm,"[{""name"": ""_Z12do_dead_codeP9exec_listb"", ""demangled"": ""do_dead_code(exec_list*, bool)""}]","{""instruction_bytes"": 288, ""instructions"": 114}"
668716,100,100,.text,thumb,False,global-functions,global-functions-3d6ca95892b3-001.asm,"[{""name"": ""_Z21do_dead_code_unlinkedP9exec_list"", ""demangled"": ""do_dead_code_unlinked(exec_list*)""}]","{""instruction_bytes"": 100, ""instructions"": 42}"
668816,72,72,.text,thumb,False,global-functions,global-functions-3d6ca95892b3-001.asm,"[{""name"": ""_Z18do_dead_code_localP9exec_list"", ""demangled"": ""do_dead_code_local(exec_list*)""}]","{""instruction_bytes"": 72, ""instructions"": 32}"
669968,292,292,.text,thumb,False,global-functions,global-functions-3d6ca95892b3-001.asm,"[{""name"": ""_Z17do_dead_functionsP9exec_list"", ""demangled"": ""do_dead_functions(exec_list*)""}]","{""instruction_bytes"": 292, ""instructions"": 125}"
670412,84,84,.text,thumb,False,global-functions,global-functions-3d6ca95892b3-001.asm,"[{""name"": ""_Z28opt_flatten_nested_if_blocksP9exec_list"", ""demangled"": ""opt_flatten_nested_if_blocks(exec_list*)""}]","{""instruction_bytes"": 84, ""instructions"": 37}"
670668,244,244,.text,thumb,False,global-functions,global-functions-3d6ca95892b3-001.asm,"[{""name"": ""_Z17opt_flip_matricesP9exec_list"", ""demangled"": ""opt_flip_matrices(exec_list*)""}]","{""instruction_bytes"": 244, ""instructions"": 107}"
671176,84,84,.text,thumb,False,global-functions,global-functions-3d6ca95892b3-001.asm,"[{""name"": ""_Z20do_function_inliningP9exec_list"", ""demangled"": ""do_function_inlining(exec_list*)""}]","{""instruction_bytes"": 84, ""instructions"": 37}"
671264,960,960,.text,thumb,False,ir_call,ir_call-6bb2bf2ea5f9-001.asm,"[{""name"": ""_ZN7ir_call15generate_inlineEP14ir_instruction"", ""demangled"": ""ir_call::generate_inline(ir_instruction*)""}]","{""instruction_bytes"": 960, ""instructions"": 387}"
672352,56,56,.text,thumb,False,ir_variable_replacement_visitor,ir_variable_replacement_visitor-3752b915a471-001.asm,"[{""name"": ""_ZN31ir_variable_replacement_visitor13replace_derefEPP14ir_dereference"", ""demangled"": ""ir_variable_replacement_visitor::replace_deref(ir_dereference**)""}]","{""instruction_bytes"": 56, ""instructions"": 25}"
672408,76,76,.text,thumb,False,ir_variable_replacement_visitor,ir_variable_replacement_visitor-3752b915a471-001.asm,"[{""name"": ""_ZN31ir_variable_replacement_visitor14replace_rvalueEPP9ir_rvalue"", ""demangled"": ""ir_variable_replacement_visitor::replace_rvalue(ir_rvalue**)""}]","{""instruction_bytes"": 76, ""instructions"": 36}"
672484,14,14,.text,thumb,False,ir_variable_replacement_visitor,ir_variable_replacement_visitor-3752b915a471-001.asm,"[{""name"": ""_ZN31ir_variable_replacement_visitor11visit_leaveEP10ir_texture"", ""demangled"": ""ir_variable_replacement_visitor::visit_leave(ir_texture*)""}]","{""instruction_bytes"": 14, ""instructions"": 6}"
672498,14,14,.text,thumb,False,ir_variable_replacement_visitor,ir_variable_replacement_visitor-3752b915a471-001.asm,"[{""name"": ""_ZN31ir_variable_replacement_visitor11visit_leaveEP20ir_dereference_array"", ""demangled"": ""ir_variable_replacement_visitor::visit_leave(ir_dereference_array*)""}]","{""instruction_bytes"": 14, ""instructions"": 6}"
672512,14,14,.text,thumb,False,ir_variable_replacement_visitor,ir_variable_replacement_visitor-3752b915a471-001.asm,"[{""name"": ""_ZN31ir_variable_replacement_visitor11visit_leaveEP21ir_dereference_record"", ""demangled"": ""ir_variable_replacement_visitor::visit_leave(ir_dereference_record*)""}]","{""instruction_bytes"": 14, ""instructions"": 6}"
672528,132,132,.text,thumb,False,ir_variable_replacement_visitor,ir_variable_replacement_visitor-3752b915a471-001.asm,"[{""name"": ""_ZN31ir_variable_replacement_visitor11visit_leaveEP7ir_call"", ""demangled"": ""ir_variable_replacement_visitor::visit_leave(ir_call*)""}]","{""instruction_bytes"": 132, ""instructions"": 62}"
672660,2,2,.text,thumb,False,ir_variable_replacement_visitor,ir_variable_replacement_visitor-3752b915a471-001.asm,"[{""name"": ""_ZN31ir_variable_replacement_visitorD2Ev"", ""demangled"": ""ir_variable_replacement_visitor::~ir_variable_replacement_visitor()""}]","{""instruction_bytes"": 2, ""instructions"": 1}"
672662,4,4,.text,thumb,False,ir_variable_replacement_visitor,ir_variable_replacement_visitor-3752b915a471-001.asm,"[{""name"": ""_ZN31ir_variable_replacement_visitorD0Ev"", ""demangled"": ""ir_variable_replacement_visitor::~ir_variable_replacement_visitor()""}]","{""instruction_bytes"": 4, ""instructions"": 1}"
672752,84,84,.text,thumb,False,global-functions,global-functions-3d6ca95892b3-001.asm,"[{""name"": ""_Z20do_if_simplificationP9exec_list"", ""demangled"": ""do_if_simplification(exec_list*)""}]","{""instruction_bytes"": 84, ""instructions"": 37}"
673108,84,84,.text,thumb,False,global-functions,global-functions-3d6ca95892b3-001.asm,"[{""name"": ""_Z15do_minmax_pruneP9exec_list"", ""demangled"": ""do_minmax_prune(exec_list*)""}]","{""instruction_bytes"": 84, ""instructions"": 37}"
674672,84,84,.text,thumb,False,global-functions,global-functions-3d6ca95892b3-001.asm,"[{""name"": ""_Z15do_noop_swizzleP9exec_list"", ""demangled"": ""do_noop_swizzle(exec_list*)""}]","{""instruction_bytes"": 84, ""instructions"": 37}"
674860,84,84,.text,thumb,False,global-functions,global-functions-3d6ca95892b3-001.asm,"[{""name"": ""_Z17do_rebalance_treeP9exec_list"", ""demangled"": ""do_rebalance_tree(exec_list*)""}]","{""instruction_bytes"": 84, ""instructions"": 37}"
675496,84,84,.text,thumb,False,global-functions,global-functions-3d6ca95892b3-001.asm,"[{""name"": ""_Z24optimize_redundant_jumpsP9exec_list"", ""demangled"": ""optimize_redundant_jumps(exec_list*)""}]","{""instruction_bytes"": 84, ""instructions"": 37}"
675816,476,476,.text,thumb,False,global-functions,global-functions-3d6ca95892b3-001.asm,"[{""name"": ""_Z22do_structure_splittingP9exec_list"", ""demangled"": ""do_structure_splitting(exec_list*)""}]","{""instruction_bytes"": 476, ""instructions"": 197}"
677324,84,84,.text,thumb,False,global-functions,global-functions-3d6ca95892b3-001.asm,"[{""name"": ""_Z18do_swizzle_swizzleP9exec_list"", ""demangled"": ""do_swizzle_swizzle(exec_list*)""}]","{""instruction_bytes"": 84, ""instructions"": 37}"
677680,104,104,.text,thumb,False,global-functions,global-functions-3d6ca95892b3-001.asm,"[{""name"": ""_Z16do_tree_graftingP9exec_list"", ""demangled"": ""do_tree_grafting(exec_list*)""}]","{""instruction_bytes"": 104, ""instructions"": 45}"
678944,112,112,.text,thumb,False,ir_vector_splitting_visitor,ir_vector_splitting_visitor-e19cf041232f-001.asm,"[{""name"": ""_ZN27ir_vector_splitting_visitor12split_rvalueEPP9ir_rvalue"", ""demangled"": ""ir_vector_splitting_visitor::split_rvalue(ir_rvalue**)""}]","{""instruction_bytes"": 112, ""instructions"": 48}"
679056,64,64,.text,thumb,False,ir_vector_splitting_visitor,ir_vector_splitting_visitor-e19cf041232f-001.asm,"[{""name"": ""_ZN27ir_vector_splitting_visitor13handle_rvalueEPP9ir_rvalue"", ""demangled"": ""ir_vector_splitting_visitor::handle_rvalue(ir_rvalue**)""}]","{""instruction_bytes"": 64, ""instructions"": 30}"
679120,212,212,.text,thumb,False,ir_vector_splitting_visitor,ir_vector_splitting_visitor-e19cf041232f-001.asm,"[{""name"": ""_ZN27ir_vector_splitting_visitor11visit_leaveEP13ir_assignment"", ""demangled"": ""ir_vector_splitting_visitor::visit_leave(ir_assignment*)""}]","{""instruction_bytes"": 212, ""instructions"": 89}"
679332,660,660,.text,thumb,False,global-functions,global-functions-3d6ca95892b3-001.asm,"[{""name"": ""_Z22optimize_split_vectorsP9exec_listb26glsl_vector_splitting_mode"", ""demangled"": ""optimize_split_vectors(exec_list*, bool, glsl_vector_splitting_mode)""}]","{""instruction_bytes"": 660, ""instructions"": 265}"
679992,2,2,.text,thumb,False,ir_vector_splitting_visitor,ir_vector_splitting_visitor-e19cf041232f-001.asm,"[{""name"": ""_ZN27ir_vector_splitting_visitorD2Ev"", ""demangled"": ""ir_vector_splitting_visitor::~ir_vector_splitting_visitor()""}]","{""instruction_bytes"": 2, ""instructions"": 1}"
679994,4,4,.text,thumb,False,ir_vector_splitting_visitor,ir_vector_splitting_visitor-e19cf041232f-001.asm,"[{""name"": ""_ZN27ir_vector_splitting_visitorD0Ev"", ""demangled"": ""ir_vector_splitting_visitor::~ir_vector_splitting_visitor()""}]","{""instruction_bytes"": 4, ""instructions"": 1}"
680384,96,96,.text,thumb,False,global-functions,global-functions-3d6ca95892b3-001.asm,"[{""name"": ""_Z12do_vectorizeP9exec_list"", ""demangled"": ""do_vectorize(exec_list*)""}]","{""instruction_bytes"": 96, ""instructions"": 41}"
681448,20,20,.text,thumb,False,s_symbol,s_symbol-98a1a52797c7-001.asm,"[{""name"": ""_ZN8s_symbolC1EPKcj"", ""demangled"": ""s_symbol::s_symbol(char const*, unsigned int)""}, {""name"": ""_ZN8s_symbolC2EPKcj"", ""demangled"": ""s_symbol::s_symbol(char const*, unsigned int)""}]","{""instruction_bytes"": 20, ""instructions"": 9}"
681468,32,32,.text,thumb,False,s_list,s_list-b21ad859476a-001.asm,"[{""name"": ""_ZN6s_listC1Ev"", ""demangled"": ""s_list::s_list()""}, {""name"": ""_ZN6s_listC2Ev"", ""demangled"": ""s_list::s_list()""}]","{""instruction_bytes"": 32, ""instructions"": 14}"
681500,72,72,.text,thumb,False,s_expression,s_expression-9db810f31a02-001.asm,"[{""name"": ""_ZN12s_expression15read_expressionEPvRPKc"", ""demangled"": ""s_expression::read_expression(void*, char const*&)""}]","{""instruction_bytes"": 72, ""instructions"": 33}"
682132,12,12,.text,thumb,False,s_int,s_int-a7a6ba9517cf-001.asm,"[{""name"": ""_ZN5s_int5printEv"", ""demangled"": ""s_int::print()""}]","{""instruction_bytes"": 12, ""instructions"": 5}"
682144,24,24,.text,thumb,False,s_float,s_float-e35abef4f576-001.asm,"[{""name"": ""_ZN7s_float5printEv"", ""demangled"": ""s_float::print()""}]","{""instruction_bytes"": 24, ""instructions"": 8}"
682168,12,12,.text,thumb,False,s_symbol,s_symbol-98a1a52797c7-001.asm,"[{""name"": ""_ZN8s_symbol5printEv"", ""demangled"": ""s_symbol::print()""}]","{""instruction_bytes"": 12, ""instructions"": 5}"
682180,62,62,.text,thumb,False,s_list,s_list-b21ad859476a-001.asm,"[{""name"": ""_ZN6s_list5printEv"", ""demangled"": ""s_list::print()""}]","{""instruction_bytes"": 62, ""instructions"": 26}"
682244,104,104,.text,thumb,False,s_pattern,s_pattern-d4f20e7c3e2c-001.asm,"[{""name"": ""_ZN9s_pattern5matchEP12s_expression"", ""demangled"": ""s_pattern::match(s_expression*)""}]","{""instruction_bytes"": 104, ""instructions"": 50}"
682348,124,124,.text,thumb,False,global-functions,global-functions-3d6ca95892b3-001.asm,"[{""name"": ""_Z7s_matchP12s_expressionjP9s_patternb"", ""demangled"": ""s_match(s_expression*, unsigned int, s_pattern*, bool)""}]","{""instruction_bytes"": 124, ""instructions"": 52}"
682472,4,4,.text,thumb,False,s_expression,s_expression-9db810f31a02-001.asm,"[{""name"": ""_ZNK12s_expression7is_listEv"", ""demangled"": ""s_expression::is_list() const""}]","{""instruction_bytes"": 4, ""instructions"": 2}"
682476,4,4,.text,thumb,False,s_expression,s_expression-9db810f31a02-001.asm,"[{""name"": ""_ZNK12s_expression9is_symbolEv"", ""demangled"": ""s_expression::is_symbol() const""}]","{""instruction_bytes"": 4, ""instructions"": 2}"
682480,4,4,.text,thumb,False,s_number,s_number-31a05b6e784b-001.asm,"[{""name"": ""_ZNK8s_number9is_numberEv"", ""demangled"": ""s_number::is_number() const""}]","{""instruction_bytes"": 4, ""instructions"": 2}"
682484,4,4,.text,thumb,False,s_int,s_int-a7a6ba9517cf-001.asm,"[{""name"": ""_ZNK5s_int6is_intEv"", ""demangled"": ""s_int::is_int() const""}]","{""instruction_bytes"": 4, ""instructions"": 2}"
682488,14,14,.text,thumb,False,s_int,s_int-a7a6ba9517cf-001.asm,"[{""name"": ""_ZN5s_int6fvalueEv"", ""demangled"": ""s_int::fvalue()""}]","{""instruction_bytes"": 14, ""instructions"": 4}"
682502,4,4,.text,thumb,False,s_expression,s_expression-9db810f31a02-001.asm,"[{""name"": ""_ZNK12s_expression6is_intEv"", ""demangled"": ""s_expression::is_int() const""}]","{""instruction_bytes"": 4, ""instructions"": 2}"
682506,4,4,.text,thumb,False,s_float,s_float-e35abef4f576-001.asm,"[{""name"": ""_ZN7s_float6fvalueEv"", ""demangled"": ""s_float::fvalue()""}]","{""instruction_bytes"": 4, ""instructions"": 2}"
682510,4,4,.text,thumb,False,s_symbol,s_symbol-98a1a52797c7-001.asm,"[{""name"": ""_ZNK8s_symbol9is_symbolEv"", ""demangled"": ""s_symbol::is_symbol() const""}]","{""instruction_bytes"": 4, ""instructions"": 2}"
682514,4,4,.text,thumb,False,s_expression,s_expression-9db810f31a02-001.asm,"[{""name"": ""_ZNK12s_expression9is_numberEv"", ""demangled"": ""s_expression::is_number() const""}]","{""instruction_bytes"": 4, ""instructions"": 2}"
682518,4,4,.text,thumb,False,s_list,s_list-b21ad859476a-001.asm,"[{""name"": ""_ZNK6s_list7is_listEv"", ""demangled"": ""s_list::is_list() const""}]","{""instruction_bytes"": 4, ""instructions"": 2}"
682636,4,4,.text,thumb,False,global-functions,global-functions-3d6ca95892b3-001.asm,"[{""name"": ""_mesa_reference_shader"", ""demangled"": ""_mesa_reference_shader""}]","{""instruction_bytes"": 4, ""instructions"": 2}"
682640,2,2,.text,thumb,False,global-functions,global-functions-3d6ca95892b3-001.asm,"[{""name"": ""_mesa_shader_debug"", ""demangled"": ""_mesa_shader_debug""}]","{""instruction_bytes"": 2, ""instructions"": 1}"
682642,68,68,.text,thumb,False,global-functions,global-functions-3d6ca95892b3-001.asm,"[{""name"": ""_mesa_new_shader"", ""demangled"": ""_mesa_new_shader""}]","{""instruction_bytes"": 68, ""instructions"": 28}"
682712,380,380,.text,thumb,False,global-functions,global-functions-3d6ca95892b3-001.asm,"[{""name"": ""_Z30initialize_context_to_defaultsP10gl_context6gl_api"", ""demangled"": ""initialize_context_to_defaults(gl_context*, gl_api)""}]","{""instruction_bytes"": 380, ""instructions"": 113}"
683092,46,46,.text,thumb,False,global-functions,global-functions-3d6ca95892b3-001.asm,"[{""name"": ""ZzNewAllocator"", ""demangled"": ""ZzNewAllocator""}]","{""instruction_bytes"": 46, ""instructions"": 20}"
683140,100,100,.text,thumb,False,global-functions,global-functions-3d6ca95892b3-001.asm,"[{""name"": ""ZzNewMemoryPage"", ""demangled"": ""ZzNewMemoryPage""}]","{""instruction_bytes"": 100, ""instructions"": 44}"
683240,148,148,.text,thumb,False,global-functions,global-functions-3d6ca95892b3-001.asm,"[{""name"": ""ZzNewNearMemoryPage"", ""demangled"": ""ZzNewNearMemoryPage""}]","{""instruction_bytes"": 148, ""instructions"": 68}"
683388,48,48,.text,thumb,False,global-functions,global-functions-3d6ca95892b3-001.asm,"[{""name"": ""ZzNewNearCodeCave"", ""demangled"": ""ZzNewNearCodeCave""}]","{""instruction_bytes"": 48, ""instructions"": 21}"
683436,62,62,.text,thumb,False,global-functions,global-functions-3d6ca95892b3-001.asm,"[{""name"": ""ZzAddMemoryPage"", ""demangled"": ""ZzAddMemoryPage""}]","{""instruction_bytes"": 62, ""instructions"": 30}"
683498,136,136,.text,thumb,False,global-functions,global-functions-3d6ca95892b3-001.asm,"[{""name"": ""ZzNewCodeSlice"", ""demangled"": ""ZzNewCodeSlice""}]","{""instruction_bytes"": 136, ""instructions"": 65}"
683634,268,268,.text,thumb,False,global-functions,global-functions-3d6ca95892b3-001.asm,"[{""name"": ""ZzNewNearCodeSlice"", ""demangled"": ""ZzNewNearCodeSlice""}]","{""instruction_bytes"": 268, ""instructions"": 129}"
683904,80,80,.text,thumb,False,global-functions,global-functions-3d6ca95892b3-001.asm,"[{""name"": ""ZzInitializeInterceptor"", ""demangled"": ""ZzInitializeInterceptor""}]","{""instruction_bytes"": 80, ""instructions"": 35}"
684084,46,46,.text,thumb,False,global-functions,global-functions-3d6ca95892b3-001.asm,"[{""name"": ""ZzFindHookFunctionEntry"", ""demangled"": ""ZzFindHookFunctionEntry""}]","{""instruction_bytes"": 46, ""instructions"": 22}"
684130,60,60,.text,thumb,False,global-functions,global-functions-3d6ca95892b3-001.asm,"[{""name"": ""ZzAddHookFunctionEntry"", ""demangled"": ""ZzAddHookFunctionEntry""}]","{""instruction_bytes"": 60, ""instructions"": 28}"
684190,66,66,.text,thumb,False,global-functions,global-functions-3d6ca95892b3-001.asm,"[{""name"": ""ZzInitializeHookFunctionEntry"", ""demangled"": ""ZzInitializeHookFunctionEntry""}]","{""instruction_bytes"": 66, ""instructions"": 31}"
684256,72,72,.text,thumb,False,global-functions,global-functions-3d6ca95892b3-001.asm,"[{""name"": ""ZzFreeHookFunctionEntry"", ""demangled"": ""ZzFreeHookFunctionEntry""}]","{""instruction_bytes"": 70, ""instructions"": 32, ""undecoded_bytes"": 2}"
684328,104,104,.text,thumb,False,global-functions,global-functions-3d6ca95892b3-001.asm,"[{""name"": ""ZzBuildHook"", ""demangled"": ""ZzBuildHook""}]","{""instruction_bytes"": 104, ""instructions"": 46}"
684432,98,98,.text,thumb,False,global-functions,global-functions-3d6ca95892b3-001.asm,"[{""name"": ""ZzBuildHookGOT"", ""demangled"": ""ZzBuildHookGOT""}]","{""instruction_bytes"": 98, ""instructions"": 43}"
684532,152,152,.text,thumb,False,global-functions,global-functions-3d6ca95892b3-001.asm,"[{""name"": ""ZzEnableHook"", ""demangled"": ""ZzEnableHook""}]","{""instruction_bytes"": 144, ""instructions"": 67, ""undecoded_bytes"": 8}"
684684,56,56,.text,thumb,False,global-functions,global-functions-3d6ca95892b3-001.asm,"[{""name"": ""ZzDisableHook"", ""demangled"": ""ZzDisableHook""}]","{""instruction_bytes"": 56, ""instructions"": 24}"
684740,52,52,.text,thumb,False,global-functions,global-functions-3d6ca95892b3-001.asm,"[{""name"": ""ZzHook"", ""demangled"": ""ZzHook""}]","{""instruction_bytes"": 52, ""instructions"": 24}"
684792,32,32,.text,thumb,False,global-functions,global-functions-3d6ca95892b3-001.asm,"[{""name"": ""ZzHookPrePost"", ""demangled"": ""ZzHookPrePost""}]","{""instruction_bytes"": 32, ""instructions"": 14}"
684824,30,30,.text,thumb,False,global-functions,global-functions-3d6ca95892b3-001.asm,"[{""name"": ""ZzHookReplace"", ""demangled"": ""ZzHookReplace""}]","{""instruction_bytes"": 30, ""instructions"": 13}"
684854,88,88,.text,thumb,False,global-functions,global-functions-3d6ca95892b3-001.asm,"[{""name"": ""ZzDynamicBinaryInstrumentation"", ""demangled"": ""ZzDynamicBinaryInstrumentation""}]","{""instruction_bytes"": 88, ""instructions"": 37}"
684942,34,34,.text,thumb,False,global-functions,global-functions-3d6ca95892b3-001.asm,"[{""name"": ""ZzHookOneInstruction"", ""demangled"": ""ZzHookOneInstruction""}]","{""instruction_bytes"": 34, ""instructions"": 15}"
684976,22,22,.text,thumb,False,global-functions,global-functions-3d6ca95892b3-001.asm,"[{""name"": ""zz_malloc_with_zero"", ""demangled"": ""zz_malloc_with_zero""}]","{""instruction_bytes"": 22, ""instructions"": 9}"
684998,14,14,.text,thumb,False,global-functions,global-functions-3d6ca95892b3-001.asm,"[{""name"": ""ZzRuntimeCodePatch"", ""demangled"": ""ZzRuntimeCodePatch""}]","{""instruction_bytes"": 14, ""instructions"": 6}"
685012,8,8,.text,thumb,False,global-functions,global-functions-3d6ca95892b3-001.asm,"[{""name"": ""ZzGetCurrentThreadStack"", ""demangled"": ""ZzGetCurrentThreadStack""}]","{""instruction_bytes"": 8, ""instructions"": 3}"
685020,52,52,.text,thumb,False,global-functions,global-functions-3d6ca95892b3-001.asm,"[{""name"": ""ZzNewThreadStack"", ""demangled"": ""ZzNewThreadStack""}]","{""instruction_bytes"": 52, ""instructions"": 22}"
685072,36,36,.text,thumb,False,global-functions,global-functions-3d6ca95892b3-001.asm,"[{""name"": ""ZzNewCallStack"", ""demangled"": ""ZzNewCallStack""}]","{""instruction_bytes"": 36, ""instructions"": 16}"
685108,18,18,.text,thumb,False,global-functions,global-functions-3d6ca95892b3-001.asm,"[{""name"": ""ZzFreeCallStack"", ""demangled"": ""ZzFreeCallStack""}]","{""instruction_bytes"": 18, ""instructions"": 7}"
685126,20,20,.text,thumb,False,global-functions,global-functions-3d6ca95892b3-001.asm,"[{""name"": ""ZzPopCallStack"", ""demangled"": ""ZzPopCallStack""}]","{""instruction_bytes"": 20, ""instructions"": 10}"
685146,64,64,.text,thumb,False,global-functions,global-functions-3d6ca95892b3-001.asm,"[{""name"": ""ZzPushCallStack"", ""demangled"": ""ZzPushCallStack""}]","{""instruction_bytes"": 64, ""instructions"": 31}"
685210,50,50,.text,thumb,False,global-functions,global-functions-3d6ca95892b3-001.asm,"[{""name"": ""ZzGetCallStackData"", ""demangled"": ""ZzGetCallStackData""}]","{""instruction_bytes"": 50, ""instructions"": 24}"
685260,54,54,.text,thumb,False,global-functions,global-functions-3d6ca95892b3-001.asm,"[{""name"": ""ZzNewCallStackData"", ""demangled"": ""ZzNewCallStackData""}]","{""instruction_bytes"": 54, ""instructions"": 26}"
685314,72,72,.text,thumb,False,global-functions,global-functions-3d6ca95892b3-001.asm,"[{""name"": ""ZzSetCallStackData"", ""demangled"": ""ZzSetCallStackData""}]","{""instruction_bytes"": 72, ""instructions"": 29}"
685388,16,16,.text,thumb,False,global-functions,global-functions-3d6ca95892b3-001.asm,"[{""name"": ""HookZzDebugInfoEnable"", ""demangled"": ""HookZzDebugInfoEnable""}]","{""instruction_bytes"": 16, ""instructions"": 8}"
685404,16,16,.text,thumb,False,global-functions,global-functions-3d6ca95892b3-001.asm,"[{""name"": ""HookZzDebugInfoIsEnable"", ""demangled"": ""HookZzDebugInfoIsEnable""}]","{""instruction_bytes"": 16, ""instructions"": 8}"
685420,12,12,.text,thumb,False,global-functions,global-functions-3d6ca95892b3-001.asm,"[{""name"": ""ZzObtainDebugInfo"", ""demangled"": ""ZzObtainDebugInfo""}]","{""instruction_bytes"": 12, ""instructions"": 6}"
685432,124,124,.text,thumb,False,global-functions,global-functions-3d6ca95892b3-001.asm,"[{""name"": ""ZzBuildTrampoline"", ""demangled"": ""ZzBuildTrampoline""}]","{""instruction_bytes"": 124, ""instructions"": 49}"
685556,4,4,.text,thumb,False,global-functions,global-functions-3d6ca95892b3-001.asm,"[{""name"": ""ZzHookGOT"", ""demangled"": ""ZzHookGOT""}]","{""instruction_bytes"": 4, ""instructions"": 2}"
685560,4,4,.text,thumb,False,global-functions,global-functions-3d6ca95892b3-001.asm,"[{""name"": ""ZzDisableHookGOT"", ""demangled"": ""ZzDisableHookGOT""}]","{""instruction_bytes"": 4, ""instructions"": 2}"
685564,8,8,.text,thumb,False,global-functions,global-functions-3d6ca95892b3-001.asm,"[{""name"": ""ZzMemoryGetPageSzie"", ""demangled"": ""ZzMemoryGetPageSzie""}]","{""instruction_bytes"": 8, ""instructions"": 3}"
685572,8,8,.text,thumb,False,global-functions,global-functions-3d6ca95892b3-001.asm,"[{""name"": ""ZzMemoryAllocatePages"", ""demangled"": ""ZzMemoryAllocatePages""}]","{""instruction_bytes"": 8, ""instructions"": 3}"
685580,8,8,.text,thumb,False,global-functions,global-functions-3d6ca95892b3-001.asm,"[{""name"": ""ZzMemoryAllocateNearPages"", ""demangled"": ""ZzMemoryAllocateNearPages""}]","{""instruction_bytes"": 8, ""instructions"": 3}"
685588,8,8,.text,thumb,False,global-functions,global-functions-3d6ca95892b3-001.asm,"[{""name"": ""ZzMemoryAllocate"", ""demangled"": ""ZzMemoryAllocate""}]","{""instruction_bytes"": 8, ""instructions"": 3}"
685596,8,8,.text,thumb,False,global-functions,global-functions-3d6ca95892b3-001.asm,"[{""name"": ""ZzMemoryPatchCode"", ""demangled"": ""ZzMemoryPatchCode""}]","{""instruction_bytes"": 8, ""instructions"": 3}"
685604,8,8,.text,thumb,False,global-functions,global-functions-3d6ca95892b3-001.asm,"[{""name"": ""ZzMemoryProtectAsExecutable"", ""demangled"": ""ZzMemoryProtectAsExecutable""}]","{""instruction_bytes"": 8, ""instructions"": 3}"
685612,8,8,.text,thumb,False,global-functions,global-functions-3d6ca95892b3-001.asm,"[{""name"": ""ZzMemoryProtectAsWritable"", ""demangled"": ""ZzMemoryProtectAsWritable""}]","{""instruction_bytes"": 8, ""instructions"": 3}"
685620,8,8,.text,thumb,False,global-functions,global-functions-3d6ca95892b3-001.asm,"[{""name"": ""ZzMemorySearchCodeCave"", ""demangled"": ""ZzMemorySearchCodeCave""}]","{""instruction_bytes"": 8, ""instructions"": 3}"
685628,4,4,.text,thumb,False,global-functions,global-functions-3d6ca95892b3-001.asm,"[{""name"": ""ZzMemoryIsSupportAllocateRXPage"", ""demangled"": ""ZzMemoryIsSupportAllocateRXPage""}]","{""instruction_bytes"": 4, ""instructions"": 2}"
685632,8,8,.text,thumb,False,global-functions,global-functions-3d6ca95892b3-001.asm,"[{""name"": ""ZzThreadNewThreadLocalKeyPtr"", ""demangled"": ""ZzThreadNewThreadLocalKeyPtr""}]","{""instruction_bytes"": 8, ""instructions"": 3}"
685640,8,8,.text,thumb,False,global-functions,global-functions-3d6ca95892b3-001.asm,"[{""name"": ""ZzThreadFreeThreadLocalKeyPtr"", ""demangled"": ""ZzThreadFreeThreadLocalKeyPtr""}]","{""instruction_bytes"": 8, ""instructions"": 3}"
685648,8,8,.text,thumb,False,global-functions,global-functions-3d6ca95892b3-001.asm,"[{""name"": ""ZzThreadGetCurrentThreadData"", ""demangled"": ""ZzThreadGetCurrentThreadData""}]","{""instruction_bytes"": 8, ""instructions"": 3}"
685656,8,8,.text,thumb,False,global-functions,global-functions-3d6ca95892b3-001.asm,"[{""name"": ""ZzThreadSetCurrentThreadData"", ""demangled"": ""ZzThreadSetCurrentThreadData""}]","{""instruction_bytes"": 8, ""instructions"": 3}"
685664,8,8,.text,thumb,False,global-functions,global-functions-3d6ca95892b3-001.asm,"[{""name"": ""ZzThreadGetCurrentThreadID"", ""demangled"": ""ZzThreadGetCurrentThreadID""}]","{""instruction_bytes"": 8, ""instructions"": 3}"
685672,14,14,.text,thumb,False,global-functions,global-functions-3d6ca95892b3-001.asm,"[{""name"": ""get_insn_sub"", ""demangled"": ""get_insn_sub""}]","{""instruction_bytes"": 14, ""instructions"": 7}"
685686,80,80,.text,thumb,False,global-functions,global-functions-3d6ca95892b3-001.asm,"[{""name"": ""insn_equal"", ""demangled"": ""insn_equal""}]","{""instruction_bytes"": 80, ""instructions"": 39}"
685768,60,60,.text,thumb,False,global-functions,global-functions-3d6ca95892b3-001.asm,"[{""name"": ""zz_arm_reader_new"", ""demangled"": ""zz_arm_reader_new""}]","{""instruction_bytes"": 60, ""instructions"": 29}"
685828,48,48,.text,thumb,False,global-functions,global-functions-3d6ca95892b3-001.asm,"[{""name"": ""zz_arm_reader_reset"", ""demangled"": ""zz_arm_reader_reset""}]","{""instruction_bytes"": 48, ""instructions"": 24}"
685876,8,8,.text,thumb,False,global-functions,global-functions-3d6ca95892b3-001.asm,"[{""name"": ""zz_arm_reader_init"", ""demangled"": ""zz_arm_reader_init""}]","{""instruction_bytes"": 8, ""instructions"": 3}"
685884,44,44,.text,thumb,False,global-functions,global-functions-3d6ca95892b3-001.asm,"[{""name"": ""zz_arm_reader_free"", ""demangled"": ""zz_arm_reader_free""}]","{""instruction_bytes"": 44, ""instructions"": 20}"
685928,84,84,.text,thumb,False,global-functions,global-functions-3d6ca95892b3-001.asm,"[{""name"": ""zz_arm_reader_read_one_instruction"", ""demangled"": ""zz_arm_reader_read_one_instruction""}]","{""instruction_bytes"": 84, ""instructions"": 41}"
686012,240,240,.text,thumb,False,global-functions,global-functions-3d6ca95892b3-001.asm,"[{""name"": ""GetARMInsnType"", ""demangled"": ""GetARMInsnType""}]","{""instruction_bytes"": 240, ""instructions"": 107}"
686252,64,64,.text,thumb,False,global-functions,global-functions-3d6ca95892b3-001.asm,"[{""name"": ""insn_is_thumb2"", ""demangled"": ""insn_is_thumb2""}]","{""instruction_bytes"": 64, ""instructions"": 29}"
686316,60,60,.text,thumb,False,global-functions,global-functions-3d6ca95892b3-001.asm,"[{""name"": ""zz_thumb_reader_new"", ""demangled"": ""zz_thumb_reader_new""}]","{""instruction_bytes"": 60, ""instructions"": 29}"
686376,48,48,.text,thumb,False,global-functions,global-functions-3d6ca95892b3-001.asm,"[{""name"": ""zz_thumb_reader_reset"", ""demangled"": ""zz_thumb_reader_reset""}]","{""instruction_bytes"": 48, ""instructions"": 24}"
686424,8,8,.text,thumb,False,global-functions,global-functions-3d6ca95892b3-001.asm,"[{""name"": ""zz_thumb_reader_init"", ""demangled"": ""zz_thumb_reader_init""}]","{""instruction_bytes"": 8, ""instructions"": 3}"
686432,44,44,.text,thumb,False,global-functions,global-functions-3d6ca95892b3-001.asm,"[{""name"": ""zz_thumb_reader_free"", ""demangled"": ""zz_thumb_reader_free""}]","{""instruction_bytes"": 44, ""instructions"": 20}"
686476,124,124,.text,thumb,False,global-functions,global-functions-3d6ca95892b3-001.asm,"[{""name"": ""zz_thumb_reader_read_one_instruction"", ""demangled"": ""zz_thumb_reader_read_one_instruction""}]","{""instruction_bytes"": 124, ""instructions"": 60}"
686600,592,592,.text,thumb,False,global-functions,global-functions-3d6ca95892b3-001.asm,"[{""name"": ""GetTHUMBInsnType"", ""demangled"": ""GetTHUMBInsnType""}]","{""instruction_bytes"": 592, ""instructions"": 262}"
687192,88,88,.text,thumb,False,global-functions,global-functions-3d6ca95892b3-001.asm,"[{""name"": ""zz_arm_register_describe"", ""demangled"": ""zz_arm_register_describe""}]","{""instruction_bytes"": 86, ""instructions"": 42, ""undecoded_bytes"": 2}"
687280,24,24,.text,thumb,False,global-functions,global-functions-3d6ca95892b3-001.asm,"[{""name"": ""zz_arm_relocator_init"", ""demangled"": ""zz_arm_relocator_init""}]","{""instruction_bytes"": 24, ""instructions"": 11}"
687304,24,24,.text,thumb,False,global-functions,global-functions-3d6ca95892b3-001.asm,"[{""name"": ""zz_arm_relocator_free"", ""demangled"": ""zz_arm_relocator_free""}]","{""instruction_bytes"": 24, ""instructions"": 9}"
687328,20,20,.text,thumb,False,global-functions,global-functions-3d6ca95892b3-001.asm,"[{""name"": ""zz_arm_relocator_reset"", ""demangled"": ""zz_arm_relocator_reset""}]","{""instruction_bytes"": 20, ""instructions"": 10}"
687348,40,40,.text,thumb,False,global-functions,global-functions-3d6ca95892b3-001.asm,"[{""name"": ""zz_arm_relocator_read_one"", ""demangled"": ""zz_arm_relocator_read_one""}]","{""instruction_bytes"": 40, ""instructions"": 19}"
687388,76,76,.text,thumb,False,global-functions,global-functions-3d6ca95892b3-001.asm,"[{""name"": ""zz_arm_relocator_try_relocate"", ""demangled"": ""zz_arm_relocator_try_relocate""}]","{""instruction_bytes"": 76, ""instructions"": 33}"
687464,176,176,.text,thumb,False,global-functions,global-functions-3d6ca95892b3-001.asm,"[{""name"": ""zz_arm_relocator_relocate_writer"", ""demangled"": ""zz_arm_relocator_relocate_writer""}]","{""instruction_bytes"": 176, ""instructions"": 88}"
687640,20,20,.text,thumb,False,global-functions,global-functions-3d6ca95892b3-001.asm,"[{""name"": ""zz_arm_relocator_register_literal_insn"", ""demangled"": ""zz_arm_relocator_register_literal_insn""}]","{""instruction_bytes"": 20, ""instructions"": 10}"
687660,600,600,.text,thumb,False,global-functions,global-functions-3d6ca95892b3-001.asm,"[{""name"": ""zz_arm_relocator_write_one"", ""demangled"": ""zz_arm_relocator_write_one""}]","{""instruction_bytes"": 596, ""instructions"": 266, ""undecoded_bytes"": 4}"
688260,16,16,.text,thumb,False,global-functions,global-functions-3d6ca95892b3-001.asm,"[{""name"": ""zz_arm_relocator_write_all"", ""demangled"": ""zz_arm_relocator_write_all""}]","{""instruction_bytes"": 16, ""instructions"": 7}"
688276,24,24,.text,thumb,False,global-functions,global-functions-3d6ca95892b3-001.asm,"[{""name"": ""zz_thumb_relocator_init"", ""demangled"": ""zz_thumb_relocator_init""}]","{""instruction_bytes"": 24, ""instructions"": 11}"
688300,24,24,.text,thumb,False,global-functions,global-functions-3d6ca95892b3-001.asm,"[{""name"": ""zz_thumb_relocator_free"", ""demangled"": ""zz_thumb_relocator_free""}]","{""instruction_bytes"": 24, ""instructions"": 9}"
688324,20,20,.text,thumb,False,global-functions,global-functions-3d6ca95892b3-001.asm,"[{""name"": ""zz_thumb_relocator_reset"", ""demangled"": ""zz_thumb_relocator_reset""}]","{""instruction_bytes"": 20, ""instructions"": 10}"
688344,40,40,.text,thumb,False,global-functions,global-functions-3d6ca95892b3-001.asm,"[{""name"": ""zz_thumb_relocator_read_one"", ""demangled"": ""zz_thumb_relocator_read_one""}]","{""instruction_bytes"": 40, ""instructions"": 19}"
688384,68,68,.text,thumb,False,global-functions,global-functions-3d6ca95892b3-001.asm,"[{""name"": ""zz_thumb_relocator_try_relocate"", ""demangled"": ""zz_thumb_relocator_try_relocate""}]","{""instruction_bytes"": 68, ""instructions"": 30}"
688452,176,176,.text,thumb,False,global-functions,global-functions-3d6ca95892b3-001.asm,"[{""name"": ""zz_thumb_relocator_relocate_writer"", ""demangled"": ""zz_thumb_relocator_relocate_writer""}]","{""instruction_bytes"": 176, ""instructions"": 88}"
688628,20,20,.text,thumb,False,global-functions,global-functions-3d6ca95892b3-001.asm,"[{""name"": ""zz_thumb_relocator_register_literal_insn"", ""demangled"": ""zz_thumb_relocator_register_literal_insn""}]","{""instruction_bytes"": 20, ""instructions"": 10}"
688648,84,84,.text,thumb,False,global-functions,global-functions-3d6ca95892b3-001.asm,"[{""name"": ""zz_thumb_relocator_rewrite_LDR_literal_T1"", ""demangled"": ""zz_thumb_relocator_rewrite_LDR_literal_T1""}]","{""instruction_bytes"": 84, ""instructions"": 37}"
688732,102,102,.text,thumb,False,global-functions,global-functions-3d6ca95892b3-001.asm,"[{""name"": ""zz_thumb_relocator_rewrite_LDR_literal_T2"", ""demangled"": ""zz_thumb_relocator_rewrite_LDR_literal_T2""}]","{""instruction_bytes"": 102, ""instructions"": 45}"
688834,48,48,.text,thumb,False,global-functions,global-functions-3d6ca95892b3-001.asm,"[{""name"": ""zz_thumb_relocator_rewrite_ADR_T1"", ""demangled"": ""zz_thumb_relocator_rewrite_ADR_T1""}]","{""instruction_bytes"": 48, ""instructions"": 21}"
688882,82,82,.text,thumb,False,global-functions,global-functions-3d6ca95892b3-001.asm,"[{""name"": ""zz_thumb_relocator_rewrite_ADR_T2"", ""demangled"": ""zz_thumb_relocator_rewrite_ADR_T2""}]","{""instruction_bytes"": 82, ""instructions"": 36}"
688964,82,82,.text,thumb,False,global-functions,global-functions-3d6ca95892b3-001.asm,"[{""name"": ""zz_thumb_relocator_rewrite_ADR_T3"", ""demangled"": ""zz_thumb_relocator_rewrite_ADR_T3""}]","{""instruction_bytes"": 82, ""instructions"": 36}"
689046,94,94,.text,thumb,False,global-functions,global-functions-3d6ca95892b3-001.asm,"[{""name"": ""zz_thumb_relocator_rewrite_B_T1"", ""demangled"": ""zz_thumb_relocator_rewrite_B_T1""}]","{""instruction_bytes"": 94, ""instructions"": 41}"
689140,56,56,.text,thumb,False,global-functions,global-functions-3d6ca95892b3-001.asm,"[{""name"": ""zz_thumb_relocator_rewrite_B_T2"", ""demangled"": ""zz_thumb_relocator_rewrite_B_T2""}]","{""instruction_bytes"": 56, ""instructions"": 25}"
689196,164,164,.text,thumb,False,global-functions,global-functions-3d6ca95892b3-001.asm,"[{""name"": ""zz_thumb_relocator_rewrite_B_T3"", ""demangled"": ""zz_thumb_relocator_rewrite_B_T3""}]","{""instruction_bytes"": 158, ""instructions"": 69, ""undecoded_bytes"": 6}"
689360,144,144,.text,thumb,False,global-functions,global-functions-3d6ca95892b3-001.asm,"[{""name"": ""zz_thumb_relocator_rewrite_B_T4"", ""demangled"": ""zz_thumb_relocator_rewrite_B_T4""}]","{""instruction_bytes"": 144, ""instructions"": 65}"
689504,174,174,.text,thumb,False,global-functions,global-functions-3d6ca95892b3-001.asm,"[{""name"": ""zz_thumb_relocator_rewrite_BLBLX_immediate_T1"", ""demangled"": ""zz_thumb_relocator_rewrite_BLBLX_immediate_T1""}]","{""instruction_bytes"": 174, ""instructions"": 78}"
689678,200,200,.text,thumb,False,global-functions,global-functions-3d6ca95892b3-001.asm,"[{""name"": ""zz_thumb_relocator_rewrite_BLBLX_T2"", ""demangled"": ""zz_thumb_relocator_rewrite_BLBLX_T2""}]","{""instruction_bytes"": 200, ""instructions"": 90}"
689880,508,508,.text,thumb,False,global-functions,global-functions-3d6ca95892b3-001.asm,"[{""name"": ""zz_thumb_relocator_write_one"", ""demangled"": ""zz_thumb_relocator_write_one""}]","{""instruction_bytes"": 508, ""instructions"": 223}"
690388,16,16,.text,thumb,False,global-functions,global-functions-3d6ca95892b3-001.asm,"[{""name"": ""zz_thumb_relocator_write_all"", ""demangled"": ""zz_thumb_relocator_write_all""}]","{""instruction_bytes"": 16, ""instructions"": 7}"
690404,60,60,.text,thumb,False,global-functions,global-functions-3d6ca95892b3-001.asm,"[{""name"": ""zz_arm_writer_new"", ""demangled"": ""zz_arm_writer_new""}]","{""instruction_bytes"": 60, ""instructions"": 29}"
690464,84,84,.text,thumb,False,global-functions,global-functions-3d6ca95892b3-001.asm,"[{""name"": ""zz_arm_writer_reset"", ""demangled"": ""zz_arm_writer_reset""}]","{""instruction_bytes"": 84, ""instructions"": 41}"
690548,8,8,.text,thumb,False,global-functions,global-functions-3d6ca95892b3-001.asm,"[{""name"": ""zz_arm_writer_init"", ""demangled"": ""zz_arm_writer_init""}]","{""instruction_bytes"": 8, ""instructions"": 3}"
690556,84,84,.text,thumb,False,global-functions,global-functions-3d6ca95892b3-001.asm,"[{""name"": ""zz_arm_writer_reset_without_align"", ""demangled"": ""zz_arm_writer_reset_without_align""}]","{""instruction_bytes"": 84, ""instructions"": 41}"
690640,44,44,.text,thumb,False,global-functions,global-functions-3d6ca95892b3-001.asm,"[{""name"": ""zz_arm_writer_free"", ""demangled"": ""zz_arm_writer_free""}]","{""instruction_bytes"": 44, ""instructions"": 20}"
690684,6,6,.text,thumb,False,global-functions,global-functions-3d6ca95892b3-001.asm,"[{""name"": ""zz_arm_writer_near_jump_range_size"", ""demangled"": ""zz_arm_writer_near_jump_range_size""}]","{""instruction_bytes"": 6, ""instructions"": 3}"
690692,92,92,.text,thumb,False,global-functions,global-functions-3d6ca95892b3-001.asm,"[{""name"": ""zz_arm_writer_put_bytes"", ""demangled"": ""zz_arm_writer_put_bytes""}]","{""instruction_bytes"": 92, ""instructions"": 44}"
690784,92,92,.text,thumb,False,global-functions,global-functions-3d6ca95892b3-001.asm,"[{""name"": ""zz_arm_writer_put_instruction"", ""demangled"": ""zz_arm_writer_put_instruction""}]","{""instruction_bytes"": 92, ""instructions"": 45}"
690876,18,18,.text,thumb,False,global-functions,global-functions-3d6ca95892b3-001.asm,"[{""name"": ""zz_arm_writer_put_b_imm"", ""demangled"": ""zz_arm_writer_put_b_imm""}]","{""instruction_bytes"": 18, ""instructions"": 8}"
690896,124,124,.text,thumb,False,global-functions,global-functions-3d6ca95892b3-001.asm,"[{""name"": ""zz_arm_writer_put_ldr_reg_reg_imm_A1"", ""demangled"": ""zz_arm_writer_put_ldr_reg_reg_imm_A1""}]","{""instruction_bytes"": 124, ""instructions"": 58}"
691020,92,92,.text,thumb,False,global-functions,global-functions-3d6ca95892b3-001.asm,"[{""name"": ""zz_arm_writer_put_ldr_reg_reg_imm_index"", ""demangled"": ""zz_arm_writer_put_ldr_reg_reg_imm_index""}]","{""instruction_bytes"": 92, ""instructions"": 42}"
691112,80,80,.text,thumb,False,global-functions,global-functions-3d6ca95892b3-001.asm,"[{""name"": ""zz_arm_writer_put_ldr_reg_imm_literal"", ""demangled"": ""zz_arm_writer_put_ldr_reg_imm_literal""}]","{""instruction_bytes"": 80, ""instructions"": 37}"
691192,108,108,.text,thumb,False,global-functions,global-functions-3d6ca95892b3-001.asm,"[{""name"": ""zz_arm_writer_put_ldr_reg_reg_imm"", ""demangled"": ""zz_arm_writer_put_ldr_reg_reg_imm""}]","{""instruction_bytes"": 108, ""instructions"": 49}"
691300,34,34,.text,thumb,False,global-functions,global-functions-3d6ca95892b3-001.asm,"[{""name"": ""zz_arm_writer_put_ldr_b_reg_address"", ""demangled"": ""zz_arm_writer_put_ldr_b_reg_address""}]","{""instruction_bytes"": 34, ""instructions"": 14}"
691336,92,92,.text,thumb,False,global-functions,global-functions-3d6ca95892b3-001.asm,"[{""name"": ""zz_arm_writer_put_str_reg_reg_imm"", ""demangled"": ""zz_arm_writer_put_str_reg_reg_imm""}]","{""instruction_bytes"": 92, ""instructions"": 42}"
691428,28,28,.text,thumb,False,global-functions,global-functions-3d6ca95892b3-001.asm,"[{""name"": ""zz_arm_writer_put_ldr_reg_address"", ""demangled"": ""zz_arm_writer_put_ldr_reg_address""}]","{""instruction_bytes"": 28, ""instructions"": 12}"
691456,88,88,.text,thumb,False,global-functions,global-functions-3d6ca95892b3-001.asm,"[{""name"": ""zz_arm_writer_put_add_reg_reg_imm"", ""demangled"": ""zz_arm_writer_put_add_reg_reg_imm""}]","{""instruction_bytes"": 88, ""instructions"": 40}"
691544,88,88,.text,thumb,False,global-functions,global-functions-3d6ca95892b3-001.asm,"[{""name"": ""zz_arm_writer_put_sub_reg_reg_imm"", ""demangled"": ""zz_arm_writer_put_sub_reg_reg_imm""}]","{""instruction_bytes"": 88, ""instructions"": 40}"
691632,82,82,.text,thumb,False,global-functions,global-functions-3d6ca95892b3-001.asm,"[{""name"": ""zz_arm_writer_put_bx_to_thumb"", ""demangled"": ""zz_arm_writer_put_bx_to_thumb""}]","{""instruction_bytes"": 82, ""instructions"": 35}"
691716,60,60,.text,thumb,False,global-functions,global-functions-3d6ca95892b3-001.asm,"[{""name"": ""zz_arm_writer_put_bx_reg"", ""demangled"": ""zz_arm_writer_put_bx_reg""}]","{""instruction_bytes"": 60, ""instructions"": 26}"
691776,16,16,.text,thumb,False,global-functions,global-functions-3d6ca95892b3-001.asm,"[{""name"": ""zz_arm_writer_put_nop"", ""demangled"": ""zz_arm_writer_put_nop""}]","{""instruction_bytes"": 16, ""instructions"": 6}"
691792,64,64,.text,thumb,False,global-functions,global-functions-3d6ca95892b3-001.asm,"[{""name"": ""zz_arm_writer_put_push_reg"", ""demangled"": ""zz_arm_writer_put_push_reg""}]","{""instruction_bytes"": 64, ""instructions"": 29}"
691856,64,64,.text,thumb,False,global-functions,global-functions-3d6ca95892b3-001.asm,"[{""name"": ""zz_arm_writer_put_pop_reg"", ""demangled"": ""zz_arm_writer_put_pop_reg""}]","{""instruction_bytes"": 64, ""instructions"": 29}"
691920,60,60,.text,thumb,False,global-functions,global-functions-3d6ca95892b3-001.asm,"[{""name"": ""zz_thumb_writer_new"", ""demangled"": ""zz_thumb_writer_new""}]","{""instruction_bytes"": 60, ""instructions"": 29}"
691980,88,88,.text,thumb,False,global-functions,global-functions-3d6ca95892b3-001.asm,"[{""name"": ""zz_thumb_writer_reset"", ""demangled"": ""zz_thumb_writer_reset""}]","{""instruction_bytes"": 88, ""instructions"": 43}"
692068,8,8,.text,thumb,False,global-functions,global-functions-3d6ca95892b3-001.asm,"[{""name"": ""zz_thumb_writer_init"", ""demangled"": ""zz_thumb_writer_init""}]","{""instruction_bytes"": 8, ""instructions"": 3}"
692076,48,48,.text,thumb,False,global-functions,global-functions-3d6ca95892b3-001.asm,"[{""name"": ""zz_thumb_writer_free"", ""demangled"": ""zz_thumb_writer_free""}]","{""instruction_bytes"": 48, ""instructions"": 22}"
692124,6,6,.text,thumb,False,global-functions,global-functions-3d6ca95892b3-001.asm,"[{""name"": ""zz_thumb_writer_near_jump_range_size"", ""demangled"": ""zz_thumb_writer_near_jump_range_size""}]","{""instruction_bytes"": 6, ""instructions"": 3}"
692132,92,92,.text,thumb,False,global-functions,global-functions-3d6ca95892b3-001.asm,"[{""name"": ""zz_thumb_writer_put_bytes"", ""demangled"": ""zz_thumb_writer_put_bytes""}]","{""instruction_bytes"": 92, ""instructions"": 44}"
692224,92,92,.text,thumb,False,global-functions,global-functions-3d6ca95892b3-001.asm,"[{""name"": ""zz_thumb_writer_put_instruction"", ""demangled"": ""zz_thumb_writer_put_instruction""}]","{""instruction_bytes"": 92, ""instructions"": 45}"
692316,16,16,.text,thumb,False,global-functions,global-functions-3d6ca95892b3-001.asm,"[{""name"": ""zz_thumb_writer_put_nop"", ""demangled"": ""zz_thumb_writer_put_nop""}]","{""instruction_bytes"": 16, ""instructions"": 7}"
692332,18,18,.text,thumb,False,global-functions,global-functions-3d6ca95892b3-001.asm,"[{""name"": ""zz_thumb_writer_put_b_imm"", ""demangled"": ""zz_thumb_writer_put_b_imm""}]","{""instruction_bytes"": 18, ""instructions"": 8}"
692352,88,88,.text,thumb,False,global-functions,global-functions-3d6ca95892b3-001.asm,"[{""name"": ""zz_thumb_writer_put_bx_reg"", ""demangled"": ""zz_thumb_writer_put_bx_reg""}]","{""instruction_bytes"": 88, ""instructions"": 39}"
692440,64,64,.text,thumb,False,global-functions,global-functions-3d6ca95892b3-001.asm,"[{""name"": ""zz_thumb_writer_put_blx_reg"", ""demangled"": ""zz_thumb_writer_put_blx_reg""}]","{""instruction_bytes"": 64, ""instructions"": 29}"
692504,100,100,.text,thumb,False,global-functions,global-functions-3d6ca95892b3-001.asm,"[{""name"": ""zz_thumb_writer_put_branch_imm"", ""demangled"": ""zz_thumb_writer_put_branch_imm""}]","{""instruction_bytes"": 98, ""instructions"": 46, ""undecoded_bytes"": 2}"
692604,12,12,.text,thumb,False,global-functions,global-functions-3d6ca95892b3-001.asm,"[{""name"": ""zz_thumb_writer_put_bl_imm"", ""demangled"": ""zz_thumb_writer_put_bl_imm""}]","{""instruction_bytes"": 12, ""instructions"": 5}"
692616,12,12,.text,thumb,False,global-functions,global-functions-3d6ca95892b3-001.asm,"[{""name"": ""zz_thumb_writer_put_blx_imm"", ""demangled"": ""zz_thumb_writer_put_blx_imm""}]","{""instruction_bytes"": 12, ""instructions"": 5}"
692628,12,12,.text,thumb,False,global-functions,global-functions-3d6ca95892b3-001.asm,"[{""name"": ""zz_thumb_writer_put_b_imm32"", ""demangled"": ""zz_thumb_writer_put_b_imm32""}]","{""instruction_bytes"": 12, ""instructions"": 5}"
692640,132,132,.text,thumb,False,global-functions,global-functions-3d6ca95892b3-001.asm,"[{""name"": ""zz_thumb_writer_put_ldr_reg_imm"", ""demangled"": ""zz_thumb_writer_put_ldr_reg_imm""}]","{""instruction_bytes"": 132, ""instructions"": 61}"
692772,124,124,.text,thumb,False,global-functions,global-functions-3d6ca95892b3-001.asm,"[{""name"": ""zz_thumb_writer_put_ldr_b_reg_address"", ""demangled"": ""zz_thumb_writer_put_ldr_b_reg_address""}]","{""instruction_bytes"": 124, ""instructions"": 55}"
692896,120,120,.text,thumb,False,global-functions,global-functions-3d6ca95892b3-001.asm,"[{""name"": ""zz_thumb_writer_put_ldr_reg_address"", ""demangled"": ""zz_thumb_writer_put_ldr_reg_address""}]","{""instruction_bytes"": 120, ""instructions"": 53}"
693016,128,128,.text,thumb,False,global-functions,global-functions-3d6ca95892b3-001.asm,"[{""name"": ""zz_thumb_writer_put_transfer_reg_reg_offset_T1"", ""demangled"": ""zz_thumb_writer_put_transfer_reg_reg_offset_T1""}]","{""instruction_bytes"": 128, ""instructions"": 60}"
693144,128,128,.text,thumb,False,global-functions,global-functions-3d6ca95892b3-001.asm,"[{""name"": ""zz_thumb_writer_put_transfer_reg_reg_offset_T2"", ""demangled"": ""zz_thumb_writer_put_transfer_reg_reg_offset_T2""}]","{""instruction_bytes"": 126, ""instructions"": 59, ""undecoded_bytes"": 2}"
693272,144,144,.text,thumb,False,global-functions,global-functions-3d6ca95892b3-001.asm,"[{""name"": ""zz_thumb_writer_put_transfer_reg_reg_offset_T3"", ""demangled"": ""zz_thumb_writer_put_transfer_reg_reg_offset_T3""}]","{""instruction_bytes"": 144, ""instructions"": 64}"
693416,200,200,.text,thumb,False,global-functions,global-functions-3d6ca95892b3-001.asm,"[{""name"": ""zz_thumb_writer_put_transfer_reg_reg_offset_T4"", ""demangled"": ""zz_thumb_writer_put_transfer_reg_reg_offset_T4""}]","{""instruction_bytes"": 200, ""instructions"": 92}"
693708,20,20,.text,thumb,False,global-functions,global-functions-3d6ca95892b3-001.asm,"[{""name"": ""zz_thumb_writer_put_ldr_reg_reg_offset"", ""demangled"": ""zz_thumb_writer_put_ldr_reg_reg_offset""}]","{""instruction_bytes"": 20, ""instructions"": 9}"
693728,20,20,.text,thumb,False,global-functions,global-functions-3d6ca95892b3-001.asm,"[{""name"": ""zz_thumb_writer_put_str_reg_reg_offset"", ""demangled"": ""zz_thumb_writer_put_str_reg_reg_offset""}]","{""instruction_bytes"": 20, ""instructions"": 9}"
693748,34,34,.text,thumb,False,global-functions,global-functions-3d6ca95892b3-001.asm,"[{""name"": ""zz_thumb_writer_put_ldr_index_reg_reg_offset"", ""demangled"": ""zz_thumb_writer_put_ldr_index_reg_reg_offset""}]","{""instruction_bytes"": 34, ""instructions"": 16}"
693782,32,32,.text,thumb,False,global-functions,global-functions-3d6ca95892b3-001.asm,"[{""name"": ""zz_thumb_writer_put_str_index_reg_reg_offset"", ""demangled"": ""zz_thumb_writer_put_str_index_reg_reg_offset""}]","{""instruction_bytes"": 32, ""instructions"": 15}"
693814,10,10,.text,thumb,False,global-functions,global-functions-3d6ca95892b3-001.asm,"[{""name"": ""zz_thumb_writer_put_str_reg_reg"", ""demangled"": ""zz_thumb_writer_put_str_reg_reg""}]","{""instruction_bytes"": 10, ""instructions"": 4}"
693824,10,10,.text,thumb,False,global-functions,global-functions-3d6ca95892b3-001.asm,"[{""name"": ""zz_thumb_writer_put_ldr_reg_reg"", ""demangled"": ""zz_thumb_writer_put_ldr_reg_reg""}]","{""instruction_bytes"": 10, ""instructions"": 4}"
693836,136,136,.text,thumb,False,global-functions,global-functions-3d6ca95892b3-001.asm,"[{""name"": ""zz_thumb_writer_put_add_reg_imm"", ""demangled"": ""zz_thumb_writer_put_add_reg_imm""}]","{""instruction_bytes"": 136, ""instructions"": 65}"
693972,10,10,.text,thumb,False,global-functions,global-functions-3d6ca95892b3-001.asm,"[{""name"": ""zz_thumb_writer_put_sub_reg_imm"", ""demangled"": ""zz_thumb_writer_put_sub_reg_imm""}]","{""instruction_bytes"": 10, ""instructions"": 4}"
693984,260,260,.text,thumb,False,global-functions,global-functions-3d6ca95892b3-001.asm,"[{""name"": ""zz_thumb_writer_put_add_reg_reg_imm"", ""demangled"": ""zz_thumb_writer_put_add_reg_reg_imm""}]","{""instruction_bytes"": 258, ""instructions"": 121, ""undecoded_bytes"": 2}"
694244,10,10,.text,thumb,False,global-functions,global-functions-3d6ca95892b3-001.asm,"[{""name"": ""zz_thumb_writer_put_sub_reg_reg_imm"", ""demangled"": ""zz_thumb_writer_put_sub_reg_reg_imm""}]","{""instruction_bytes"": 10, ""instructions"": 4}"
694256,68,68,.text,thumb,False,global-functions,global-functions-3d6ca95892b3-001.asm,"[{""name"": ""zz_thumb_writer_put_push_reg"", ""demangled"": ""zz_thumb_writer_put_push_reg""}]","{""instruction_bytes"": 64, ""instructions"": 29, ""undecoded_bytes"": 4}"
694324,68,68,.text,thumb,False,global-functions,global-functions-3d6ca95892b3-001.asm,"[{""name"": ""zz_thumb_writer_put_pop_reg"", ""demangled"": ""zz_thumb_writer_put_pop_reg""}]","{""instruction_bytes"": 64, ""instructions"": 29, ""undecoded_bytes"": 4}"
694392,104,104,.text,thumb,False,global-functions,global-functions-3d6ca95892b3-001.asm,"[{""name"": ""zz_thumb_writer_put_add_reg_reg_reg"", ""demangled"": ""zz_thumb_writer_put_add_reg_reg_reg""}]","{""instruction_bytes"": 104, ""instructions"": 47}"
694496,72,72,.text,thumb,False,global-functions,global-functions-3d6ca95892b3-001.asm,"[{""name"": ""zz_thumb_code_patch"", ""demangled"": ""zz_thumb_code_patch""}]","{""instruction_bytes"": 72, ""instructions"": 32}"
694568,84,84,.text,thumb,False,global-functions,global-functions-3d6ca95892b3-001.asm,"[{""name"": ""zz_thumb_relocate_code_patch"", ""demangled"": ""zz_thumb_relocate_code_patch""}]","{""instruction_bytes"": 84, ""instructions"": 37}"
694652,72,72,.text,thumb,False,global-functions,global-functions-3d6ca95892b3-001.asm,"[{""name"": ""zz_arm_code_patch"", ""demangled"": ""zz_arm_code_patch""}]","{""instruction_bytes"": 72, ""instructions"": 32}"
694724,84,84,.text,thumb,False,global-functions,global-functions-3d6ca95892b3-001.asm,"[{""name"": ""zz_arm_relocate_code_patch"", ""demangled"": ""zz_arm_relocate_code_patch""}]","{""instruction_bytes"": 84, ""instructions"": 37}"
694808,420,420,.text,thumb,False,global-functions,global-functions-3d6ca95892b3-001.asm,"[{""name"": ""ZzBuildInteceptorBackend"", ""demangled"": ""ZzBuildInteceptorBackend""}]","{""instruction_bytes"": 418, ""instructions"": 184, ""undecoded_bytes"": 2}"
695228,4,4,.text,thumb,False,global-functions,global-functions-3d6ca95892b3-001.asm,"[{""name"": ""ZzFreeTrampoline"", ""demangled"": ""ZzFreeTrampoline""}]","{""instruction_bytes"": 4, ""instructions"": 2}"
695232,260,260,.text,thumb,False,global-functions,global-functions-3d6ca95892b3-001.asm,"[{""name"": ""ZzPrepareTrampoline"", ""demangled"": ""ZzPrepareTrampoline""}]","{""instruction_bytes"": 260, ""instructions"": 123}"
695492,504,504,.text,thumb,False,global-functions,global-functions-3d6ca95892b3-001.asm,"[{""name"": ""ZzBuildEnterTransferTrampoline"", ""demangled"": ""ZzBuildEnterTransferTrampoline""}]","{""instruction_bytes"": 500, ""instructions"": 224, ""undecoded_bytes"": 4}"
695996,384,384,.text,thumb,False,global-functions,global-functions-3d6ca95892b3-001.asm,"[{""name"": ""ZzBuildEnterTrampoline"", ""demangled"": ""ZzBuildEnterTrampoline""}]","{""instruction_bytes"": 380, ""instructions"": 166, ""undecoded_bytes"": 4}"
696380,404,404,.text,thumb,False,global-functions,global-functions-3d6ca95892b3-001.asm,"[{""name"": ""ZzBuildDynamicBinaryInstrumentationTrampoline"", ""demangled"": ""ZzBuildDynamicBinaryInstrumentationTrampoline""}]","{""instruction_bytes"": 400, ""instructions"": 174, ""undecoded_bytes"": 4}"
696784,1380,1380,.text,thumb,False,global-functions,global-functions-3d6ca95892b3-001.asm,"[{""name"": ""ZzBuildInvokeTrampoline"", ""demangled"": ""ZzBuildInvokeTrampoline""}]","{""instruction_bytes"": 1376, ""instructions"": 613, ""undecoded_bytes"": 4}"
698164,328,328,.text,thumb,False,global-functions,global-functions-3d6ca95892b3-001.asm,"[{""name"": ""ZzBuildInsnLeaveTrampoline"", ""demangled"": ""ZzBuildInsnLeaveTrampoline""}]","{""instruction_bytes"": 324, ""instructions"": 141, ""undecoded_bytes"": 4}"
698492,328,328,.text,thumb,False,global-functions,global-functions-3d6ca95892b3-001.asm,"[{""name"": ""ZzBuildLeaveTrampoline"", ""demangled"": ""ZzBuildLeaveTrampoline""}]","{""instruction_bytes"": 324, ""instructions"": 141, ""undecoded_bytes"": 4}"
698820,1044,1044,.text,thumb,False,global-functions,global-functions-3d6ca95892b3-001.asm,"[{""name"": ""ZzActivateTrampoline"", ""demangled"": ""ZzActivateTrampoline""}]","{""instruction_bytes"": 1040, ""instructions"": 460, ""undecoded_bytes"": 4}"
699864,60,60,.text,thumb,False,global-functions,global-functions-3d6ca95892b3-001.asm,"[{""name"": ""ctx_save"", ""demangled"": ""ctx_save""}]","{""instruction_bytes"": 60, ""instructions"": 30}"
699924,56,56,.text,thumb,False,global-functions,global-functions-3d6ca95892b3-001.asm,"[{""name"": ""ctx_restore"", ""demangled"": ""ctx_restore""}]","{""instruction_bytes"": 56, ""instructions"": 28}"
699980,64,64,.text,thumb,False,global-functions,global-functions-3d6ca95892b3-001.asm,"[{""name"": ""dynamic_binary_instrumentation_invocation"", ""demangled"": ""dynamic_binary_instrumentation_invocation""}]","{""instruction_bytes"": 64, ""instructions"": 31}"
700044,132,132,.text,thumb,False,global-functions,global-functions-3d6ca95892b3-001.asm,"[{""name"": ""function_context_begin_invocation"", ""demangled"": ""function_context_begin_invocation""}]","{""instruction_bytes"": 132, ""instructions"": 61}"
700176,96,96,.text,thumb,False,global-functions,global-functions-3d6ca95892b3-001.asm,"[{""name"": ""insn_context_end_invocation"", ""demangled"": ""insn_context_end_invocation""}]","{""instruction_bytes"": 96, ""instructions"": 44}"
700272,92,92,.text,thumb,False,global-functions,global-functions-3d6ca95892b3-001.asm,"[{""name"": ""function_context_end_invocation"", ""demangled"": ""function_context_end_invocation""}]","{""instruction_bytes"": 92, ""instructions"": 42}"
700364,232,232,.text,thumb,False,global-functions,global-functions-3d6ca95892b3-001.asm,"[{""name"": ""zz_thumb_thunker_build_enter_thunk"", ""demangled"": ""zz_thumb_thunker_build_enter_thunk""}]","{""instruction_bytes"": 232, ""instructions"": 97}"
700596,232,232,.text,thumb,False,global-functions,global-functions-3d6ca95892b3-001.asm,"[{""name"": ""zz_thumb_thunker_build_insn_leave_thunk"", ""demangled"": ""zz_thumb_thunker_build_insn_leave_thunk""}]","{""instruction_bytes"": 232, ""instructions"": 97}"
700828,232,232,.text,thumb,False,global-functions,global-functions-3d6ca95892b3-001.asm,"[{""name"": ""zz_thumb_thunker_build_dynamic_binary_instrumentation_thunk"", ""demangled"": ""zz_thumb_thunker_build_dynamic_binary_instrumentation_thunk""}]","{""instruction_bytes"": 232, ""instructions"": 97}"
701060,220,220,.text,thumb,False,global-functions,global-functions-3d6ca95892b3-001.asm,"[{""name"": ""zz_thumb_thunker_build_leave_thunk"", ""demangled"": ""zz_thumb_thunker_build_leave_thunk""}]","{""instruction_bytes"": 220, ""instructions"": 92}"
701280,1056,1056,.text,thumb,False,global-functions,global-functions-3d6ca95892b3-001.asm,"[{""name"": ""ZzThunkerBuildThunk"", ""demangled"": ""ZzThunkerBuildThunk""}]","{""instruction_bytes"": 1056, ""instructions"": 473}"
702336,48,48,.text,thumb,False,global-functions,global-functions-3d6ca95892b3-001.asm,"[{""name"": ""zz_vm_read_string"", ""demangled"": ""zz_vm_read_string""}]","{""instruction_bytes"": 48, ""instructions"": 22}"
702384,148,148,.text,thumb,False,global-functions,global-functions-3d6ca95892b3-001.asm,"[{""name"": ""zz_vm_search_data"", ""demangled"": ""zz_vm_search_data""}]","{""instruction_bytes"": 148, ""instructions"": 71}"
702532,6,6,.text,thumb,False,global-functions,global-functions-3d6ca95892b3-001.asm,"[{""name"": ""zz_vm_align_floor"", ""demangled"": ""zz_vm_align_floor""}]","{""instruction_bytes"": 6, ""instructions"": 3}"
702538,10,10,.text,thumb,False,global-functions,global-functions-3d6ca95892b3-001.asm,"[{""name"": ""zz_vm_align_ceil"", ""demangled"": ""zz_vm_align_ceil""}]","{""instruction_bytes"": 10, ""instructions"": 5}"
702548,232,232,.text,thumb,False,global-functions,global-functions-3d6ca95892b3-001.asm,"[{""name"": ""zz_linux_vm_get_memory_layout_via_pid"", ""demangled"": ""zz_linux_vm_get_memory_layout_via_pid""}]","{""instruction_bytes"": 232, ""instructions"": 108}"
702780,180,180,.text,thumb,False,global-functions,global-functions-3d6ca95892b3-001.asm,"[{""name"": ""zz_linux_vm_search_code_cave"", ""demangled"": ""zz_linux_vm_search_code_cave""}]","{""instruction_bytes"": 180, ""instructions"": 84}"
702960,16,16,.text,thumb,False,global-functions,global-functions-3d6ca95892b3-001.asm,"[{""name"": ""PointerReadFailedHandler"", ""demangled"": ""PointerReadFailedHandler""}]","{""instruction_bytes"": 16, ""instructions"": 7}"
702976,140,140,.text,thumb,False,global-functions,global-functions-3d6ca95892b3-001.asm,"[{""name"": ""zz_posix_vm_check_address_valid_via_signal"", ""demangled"": ""zz_posix_vm_check_address_valid_via_signal""}]","{""instruction_bytes"": 130, ""instructions"": 59, ""undecoded_bytes"": 10}"
703116,6,6,.text,thumb,False,global-functions,global-functions-3d6ca95892b3-001.asm,"[{""name"": ""zz_posix_vm_get_page_size"", ""demangled"": ""zz_posix_vm_get_page_size""}]","{""instruction_bytes"": 6, ""instructions"": 3}"
703122,50,50,.text,thumb,False,global-functions,global-functions-3d6ca95892b3-001.asm,"[{""name"": ""zz_posix_vm_check_address_valid_via_msync"", ""demangled"": ""zz_posix_vm_check_address_valid_via_msync""}]","{""instruction_bytes"": 50, ""instructions"": 21}"
703172,112,112,.text,thumb,False,global-functions,global-functions-3d6ca95892b3-001.asm,"[{""name"": ""zz_posix_vm_protect"", ""demangled"": ""zz_posix_vm_protect""}]","{""instruction_bytes"": 112, ""instructions"": 52}"
703284,10,10,.text,thumb,False,global-functions,global-functions-3d6ca95892b3-001.asm,"[{""name"": ""zz_posix_vm_protect_as_executable"", ""demangled"": ""zz_posix_vm_protect_as_executable""}]","{""instruction_bytes"": 10, ""instructions"": 4}"
703294,10,10,.text,thumb,False,global-functions,global-functions-3d6ca95892b3-001.asm,"[{""name"": ""zz_posxi_vm_protect_as_writable"", ""demangled"": ""zz_posxi_vm_protect_as_writable""}]","{""instruction_bytes"": 10, ""instructions"": 4}"
703304,80,80,.text,thumb,False,global-functions,global-functions-3d6ca95892b3-001.asm,"[{""name"": ""zz_posix_vm_allocate_pages"", ""demangled"": ""zz_posix_vm_allocate_pages""}]","{""instruction_bytes"": 80, ""instructions"": 36}"
703384,28,28,.text,thumb,False,global-functions,global-functions-3d6ca95892b3-001.asm,"[{""name"": ""zz_posix_vm_allocate"", ""demangled"": ""zz_posix_vm_allocate""}]","{""instruction_bytes"": 28, ""instructions"": 11}"
703412,66,66,.text,thumb,False,global-functions,global-functions-3d6ca95892b3-001.asm,"[{""name"": ""zz_posix_vm_allocate_near_pages"", ""demangled"": ""zz_posix_vm_allocate_near_pages""}]","{""instruction_bytes"": 66, ""instructions"": 31}"
703480,120,120,.text,thumb,False,global-functions,global-functions-3d6ca95892b3-001.asm,"[{""name"": ""zz_posix_vm_search_text_code_cave"", ""demangled"": ""zz_posix_vm_search_text_code_cave""}]","{""instruction_bytes"": 120, ""instructions"": 54}"
703600,98,98,.text,thumb,False,global-functions,global-functions-3d6ca95892b3-001.asm,"[{""name"": ""zz_posix_vm_patch_code"", ""demangled"": ""zz_posix_vm_patch_code""}]","{""instruction_bytes"": 98, ""instructions"": 41}"
703698,34,34,.text,thumb,False,global-functions,global-functions-3d6ca95892b3-001.asm,"[{""name"": ""zz_posix_thread_new_thread_local_key_list"", ""demangled"": ""zz_posix_thread_new_thread_local_key_list""}]","{""instruction_bytes"": 34, ""instructions"": 15}"
703732,58,58,.text,thumb,False,global-functions,global-functions-3d6ca95892b3-001.asm,"[{""name"": ""zz_posix_thread_add_thread_local_key"", ""demangled"": ""zz_posix_thread_add_thread_local_key""}]","{""instruction_bytes"": 58, ""instructions"": 28}"
703792,68,68,.text,thumb,False,global-functions,global-functions-3d6ca95892b3-001.asm,"[{""name"": ""zz_posix_thread_free_thread_local_key"", ""demangled"": ""zz_posix_thread_free_thread_local_key""}]","{""instruction_bytes"": 66, ""instructions"": 33, ""undecoded_bytes"": 2}"
703860,28,28,.text,thumb,False,global-functions,global-functions-3d6ca95892b3-001.asm,"[{""name"": ""zz_posix_thread_initialize_thread_local_key_list"", ""demangled"": ""zz_posix_thread_initialize_thread_local_key_list""}]","{""instruction_bytes"": 28, ""instructions"": 13}"
703888,52,52,.text,thumb,False,global-functions,global-functions-3d6ca95892b3-001.asm,"[{""name"": ""zz_posix_thread_new_thread_local_key_ptr"", ""demangled"": ""zz_posix_thread_new_thread_local_key_ptr""}]","{""instruction_bytes"": 52, ""instructions"": 22}"
703940,52,52,.text,thumb,False,global-functions,global-functions-3d6ca95892b3-001.asm,"[{""name"": ""zz_posix_thread_get_current_thread_data"", ""demangled"": ""zz_posix_thread_get_current_thread_data""}]","{""instruction_bytes"": 52, ""instructions"": 25}"
703992,52,52,.text,thumb,False,global-functions,global-functions-3d6ca95892b3-001.asm,"[{""name"": ""zz_posix_thread_set_current_thread_data"", ""demangled"": ""zz_posix_thread_set_current_thread_data""}]","{""instruction_bytes"": 52, ""instructions"": 25}"
704044,8,8,.text,thumb,False,global-functions,global-functions-3d6ca95892b3-001.asm,"[{""name"": ""zz_posix_get_current_thread_id"", ""demangled"": ""zz_posix_get_current_thread_id""}]","{""instruction_bytes"": 8, ""instructions"": 3}"
705836,10,10,.text,thumb,False,global-functions,global-functions-3d6ca95892b3-001.asm,"[{""name"": ""_ZdlPv"", ""demangled"": ""operator delete(void*)""}]","{""instruction_bytes"": 10, ""instructions"": 4}"
705846,4,4,.text,thumb,False,global-functions,global-functions-3d6ca95892b3-001.asm,"[{""name"": ""_ZdaPv"", ""demangled"": ""operator delete[](void*)""}]","{""instruction_bytes"": 4, ""instructions"": 1}"
707876,112,112,.text,thumb,False,global-functions,global-functions-3d6ca95892b3-001.asm,"[{""name"": ""_Znwj"", ""demangled"": ""operator new(unsigned int)""}]","{""instruction_bytes"": 108, ""instructions"": 42, ""undecoded_bytes"": 4}"
708018,14,14,.text,thumb,False,global-functions,global-functions-3d6ca95892b3-001.asm,"[{""name"": ""_Znaj"", ""demangled"": ""operator new[](unsigned int)""}]","{""instruction_bytes"": 14, ""instructions"": 5}"
708276,400,400,.text,thumb,False,global-functions,global-functions-3d6ca95892b3-001.asm,"[{""name"": ""__gxx_personality_v0"", ""demangled"": ""__gxx_personality_v0""}]","{""instruction_bytes"": 400, ""instructions"": 154}"
709932,224,224,.text,thumb,False,std,std-a7f539744335-001.asm,"[{""name"": ""_ZSt25__stl_throw_runtime_errorPKc"", ""demangled"": ""std::__stl_throw_runtime_error(char const*)""}]","{""instruction_bytes"": 218, ""instructions"": 86, ""undecoded_bytes"": 6}"
710336,224,224,.text,thumb,False,std,std-a7f539744335-001.asm,"[{""name"": ""_ZSt23__stl_throw_range_errorPKc"", ""demangled"": ""std::__stl_throw_range_error(char const*)""}]","{""instruction_bytes"": 222, ""instructions"": 86, ""undecoded_bytes"": 2}"
710560,224,224,.text,thumb,False,std,std-a7f539744335-001.asm,"[{""name"": ""_ZSt24__stl_throw_out_of_rangePKc"", ""demangled"": ""std::__stl_throw_out_of_range(char const*)""}]","{""instruction_bytes"": 218, ""instructions"": 86, ""undecoded_bytes"": 6}"
710784,224,224,.text,thumb,False,std,std-a7f539744335-001.asm,"[{""name"": ""_ZSt24__stl_throw_length_errorPKc"", ""demangled"": ""std::__stl_throw_length_error(char const*)""}]","{""instruction_bytes"": 220, ""instructions"": 86, ""undecoded_bytes"": 4}"
711008,224,224,.text,thumb,False,std,std-a7f539744335-001.asm,"[{""name"": ""_ZSt28__stl_throw_invalid_argumentPKc"", ""demangled"": ""std::__stl_throw_invalid_argument(char const*)""}]","{""instruction_bytes"": 218, ""instructions"": 86, ""undecoded_bytes"": 6}"
711232,224,224,.text,thumb,False,std,std-a7f539744335-001.asm,"[{""name"": ""_ZSt26__stl_throw_overflow_errorPKc"", ""demangled"": ""std::__stl_throw_overflow_error(char const*)""}]","{""instruction_bytes"": 224, ""instructions"": 86}"
711456,120,120,.text,thumb,False,std::__Named_exception,std___Named_exception-8906c3f39b6a-001.asm,"[{""name"": ""_ZNSt17__Named_exceptionC1ERKSs"", ""demangled"": ""std::__Named_exception::__Named_exception(std::basic_string<char, std::char_traits<char>, std::allocator<char> > const&)""}, {""name"": ""_ZNSt17__Named_exceptionC2ERKSs"", ""demangled"": ""std::__Named_exception::__Named_exception(std::basic_string<char, std::char_traits<char>, std::allocator<char> > const&)""}]","{""instruction_bytes"": 120, ""instructions"": 45}"
711576,124,124,.text,thumb,False,std::__Named_exception,std___Named_exception-8906c3f39b6a-001.asm,"[{""name"": ""_ZNSt17__Named_exceptionC1ERKS_"", ""demangled"": ""std::__Named_exception::__Named_exception(std::__Named_exception const&)""}, {""name"": ""_ZNSt17__Named_exceptionC2ERKS_"", ""demangled"": ""std::__Named_exception::__Named_exception(std::__Named_exception const&)""}]","{""instruction_bytes"": 124, ""instructions"": 45}"
711700,110,110,.text,thumb,False,std::__Named_exception,std___Named_exception-8906c3f39b6a-001.asm,"[{""name"": ""_ZNSt17__Named_exceptionaSERKS_"", ""demangled"": ""std::__Named_exception::operator=(std::__Named_exception const&)""}]","{""instruction_bytes"": 110, ""instructions"": 41}"
711812,44,44,.text,thumb,False,std::logic_error,std_logic_error-c49869418fc1-001.asm,"[{""name"": ""_ZNSt11logic_errorD1Ev"", ""demangled"": ""std::logic_error::~logic_error()""}, {""name"": ""_ZNSt11logic_errorD2Ev"", ""demangled"": ""std::logic_error::~logic_error()""}, {""name"": ""_ZNSt11range_errorD1Ev"", ""demangled"": ""std::range_error::~range_error()""}, {""name"": ""_ZNSt11range_errorD2Ev"", ""demangled"": ""std::range_error::~range_error()""}, {""name"": ""_ZNSt12domain_errorD1Ev"", ""demangled"": ""std::domain_error::~domain_error()""}, {""name"": ""_ZNSt12domain_errorD2Ev"", ""demangled"": ""std::domain_error::~domain_error()""}, {""name"": ""_ZNSt12length_errorD1Ev"", ""demangled"": ""std::length_error::~length_error()""}, {""name"": ""_ZNSt12length_errorD2Ev"", ""demangled"": ""std::length_error::~length_error()""}, {""name"": ""_ZNSt12out_of_rangeD1Ev"", ""demangled"": ""std::out_of_range::~out_of_range()""}, {""name"": ""_ZNSt12out_of_rangeD2Ev"", ""demangled"": ""std::out_of_range::~out_of_range()""}, {""name"": ""_ZNSt13runtime_errorD1Ev"", ""demangled"": ""std::runtime_error::~runtime_error()""}, {""name"": ""_ZNSt13runtime_errorD2Ev"", ""demangled"": ""std::runtime_error::~runtime_error()""}, {""name"": ""_ZNSt14overflow_errorD1Ev"", ""demangled"": ""std::overflow_error::~overflow_error()""}, {""name"": ""_ZNSt14overflow_errorD2Ev"", ""demangled"": ""std::overflow_error::~overflow_error()""}, {""name"": ""_ZNSt15underflow_errorD1Ev"", ""demangled"": ""std::underflow_error::~underflow_error()""}, {""name"": ""_ZNSt15underflow_errorD2Ev"", ""demangled"": ""std::underflow_error::~underflow_error()""}, {""name"": ""_ZNSt16invalid_argumentD1Ev"", ""demangled"": ""std::invalid_argument::~invalid_argument()""}, {""name"": ""_ZNSt16invalid_argumentD2Ev"", ""demangled"": ""std::invalid_argument::~invalid_argument()""}, {""name"": ""_ZNSt17__Named_exceptionD1Ev"", ""demangled"": ""std::__Named_exception::~__Named_exception()""}, {""name"": ""_ZNSt17__Named_exceptionD2Ev"", ""demangled"": ""std::__Named_exception::~__Named_exception()""}]","{""instruction_bytes"": 44, ""instructions"": 17}"
711856,48,48,.text,thumb,False,std::__Named_exception,std___Named_exception-8906c3f39b6a-001.asm,"[{""name"": ""_ZNSt17__Named_exceptionD0Ev"", ""demangled"": ""std::__Named_exception::~__Named_exception()""}]","{""instruction_bytes"": 48, ""instructions"": 18}"
711904,6,6,.text,thumb,False,std::__Named_exception,std___Named_exception-8906c3f39b6a-001.asm,"[{""name"": ""_ZNKSt17__Named_exception4whatEv"", ""demangled"": ""std::__Named_exception::what() const""}]","{""instruction_bytes"": 6, ""instructions"": 2}"
711912,48,48,.text,thumb,False,std::logic_error,std_logic_error-c49869418fc1-001.asm,"[{""name"": ""_ZNSt11logic_errorD0Ev"", ""demangled"": ""std::logic_error::~logic_error()""}]","{""instruction_bytes"": 48, ""instructions"": 18}"
711960,48,48,.text,thumb,False,std::runtime_error,std_runtime_error-af9ade3ef94f-001.asm,"[{""name"": ""_ZNSt13runtime_errorD0Ev"", ""demangled"": ""std::runtime_error::~runtime_error()""}]","{""instruction_bytes"": 48, ""instructions"": 18}"
712008,48,48,.text,thumb,False,std::domain_error,std_domain_error-7db0c4e36c1d-001.asm,"[{""name"": ""_ZNSt12domain_errorD0Ev"", ""demangled"": ""std::domain_error::~domain_error()""}]","{""instruction_bytes"": 48, ""instructions"": 18}"
712056,48,48,.text,thumb,False,std::invalid_argument,std_invalid_argument-72e6f770281f-001.asm,"[{""name"": ""_ZNSt16invalid_argumentD0Ev"", ""demangled"": ""std::invalid_argument::~invalid_argument()""}]","{""instruction_bytes"": 48, ""instructions"": 18}"
712104,48,48,.text,thumb,False,std::length_error,std_length_error-6b6c38a207bc-001.asm,"[{""name"": ""_ZNSt12length_errorD0Ev"", ""demangled"": ""std::length_error::~length_error()""}]","{""instruction_bytes"": 48, ""instructions"": 18}"
712152,48,48,.text,thumb,False,std::out_of_range,std_out_of_range-ec4bb90656e6-001.asm,"[{""name"": ""_ZNSt12out_of_rangeD0Ev"", ""demangled"": ""std::out_of_range::~out_of_range()""}]","{""instruction_bytes"": 48, ""instructions"": 18}"
712200,48,48,.text,thumb,False,std::range_error,std_range_error-62bc2b5122a2-001.asm,"[{""name"": ""_ZNSt11range_errorD0Ev"", ""demangled"": ""std::range_error::~range_error()""}]","{""instruction_bytes"": 48, ""instructions"": 18}"
712248,48,48,.text,thumb,False,std::overflow_error,std_overflow_error-be2e01931d92-001.asm,"[{""name"": ""_ZNSt14overflow_errorD0Ev"", ""demangled"": ""std::overflow_error::~overflow_error()""}]","{""instruction_bytes"": 48, ""instructions"": 18}"
712296,48,48,.text,thumb,False,std::underflow_error,std_underflow_error-113b6eac661c-001.asm,"[{""name"": ""_ZNSt15underflow_errorD0Ev"", ""demangled"": ""std::underflow_error::~underflow_error()""}]","{""instruction_bytes"": 46, ""instructions"": 18, ""undecoded_bytes"": 2}"
712360,104,104,.text,thumb,False,std::__malloc_alloc,std___malloc_alloc-d6ca4730c201-001.asm,"[{""name"": ""_ZNSt14__malloc_alloc8allocateEj"", ""demangled"": ""std::__malloc_alloc::allocate(unsigned int)""}]","{""instruction_bytes"": 104, ""instructions"": 39}"
712464,52,52,.text,thumb,False,std::__malloc_alloc,std___malloc_alloc-d6ca4730c201-001.asm,"[{""name"": ""_ZNSt14__malloc_alloc18set_malloc_handlerEPFvvE"", ""demangled"": ""std::__malloc_alloc::set_malloc_handler(void (*)())""}]","{""instruction_bytes"": 52, ""instructions"": 22}"
713276,4,4,.text,thumb,False,std::__node_alloc,std___node_alloc-2807933855c6-001.asm,"[{""name"": ""_ZNSt12__node_alloc11_M_allocateERj"", ""demangled"": ""std::__node_alloc::_M_allocate(unsigned int&)""}]","{""instruction_bytes"": 4, ""instructions"": 1}"
713280,68,68,.text,thumb,False,std::__node_alloc,std___node_alloc-2807933855c6-001.asm,"[{""name"": ""_ZNSt12__node_alloc13_M_deallocateEPvj"", ""demangled"": ""std::__node_alloc::_M_deallocate(void*, unsigned int)""}]","{""instruction_bytes"": 68, ""instructions"": 26}"
714738,4,4,.text,thumb,False,std::priv::_Pthread_alloc,std_priv__Pthread_alloc-6095bc6e85ca-001.asm,"[{""name"": ""_ZNSt4priv14_Pthread_alloc8allocateERj"", ""demangled"": ""std::priv::_Pthread_alloc::allocate(unsigned int&)""}]","{""instruction_bytes"": 4, ""instructions"": 1}"
714742,52,52,.text,thumb,False,std::priv::_Pthread_alloc,std_priv__Pthread_alloc-6095bc6e85ca-001.asm,"[{""name"": ""_ZNSt4priv14_Pthread_alloc10deallocateEPvj"", ""demangled"": ""std::priv::_Pthread_alloc::deallocate(void*, unsigned int)""}]","{""instruction_bytes"": 52, ""instructions"": 18}"
714794,4,4,.text,thumb,False,std::priv::_Pthread_alloc,std_priv__Pthread_alloc-6095bc6e85ca-001.asm,"[{""name"": ""_ZNSt4priv14_Pthread_alloc8allocateERjPNS_31_Pthread_alloc_per_thread_stateE"", ""demangled"": ""std::priv::_Pthread_alloc::allocate(unsigned int&, std::priv::_Pthread_alloc_per_thread_state*)""}]","{""instruction_bytes"": 4, ""instructions"": 1}"
714798,82,82,.text,thumb,False,std::priv::_Pthread_alloc,std_priv__Pthread_alloc-6095bc6e85ca-001.asm,"[{""name"": ""_ZNSt4priv14_Pthread_alloc10deallocateEPvjPNS_31_Pthread_alloc_per_thread_stateE"", ""demangled"": ""std::priv::_Pthread_alloc::deallocate(void*, unsigned int, std::priv::_Pthread_alloc_per_thread_state*)""}]","{""instruction_bytes"": 82, ""instructions"": 27}"
714880,126,126,.text,thumb,False,std::priv::_Pthread_alloc,std_priv__Pthread_alloc-6095bc6e85ca-001.asm,"[{""name"": ""_ZNSt4priv14_Pthread_alloc10reallocateEPvjRj"", ""demangled"": ""std::priv::_Pthread_alloc::reallocate(void*, unsigned int, unsigned int&)""}]","{""instruction_bytes"": 126, ""instructions"": 47}"
715006,4,4,.text,thumb,False,std::priv::_Pthread_alloc,std_priv__Pthread_alloc-6095bc6e85ca-001.asm,"[{""name"": ""_ZNSt4priv14_Pthread_alloc23_S_get_per_thread_stateEv"", ""demangled"": ""std::priv::_Pthread_alloc::_S_get_per_thread_state()""}]","{""instruction_bytes"": 4, ""instructions"": 1}"
715012,0,16,.text,thumb,True,global-functions,global-functions-3d6ca95892b3-001.asm,"[{""name"": ""__cxa_end_cleanup"", ""demangled"": ""__cxa_end_cleanup""}]","{""instruction_bytes"": 16, ""instructions"": 5}"
715028,108,108,.text,thumb,False,global-functions,global-functions-3d6ca95892b3-001.asm,"[{""name"": ""__cxa_type_match"", ""demangled"": ""__cxa_type_match""}]","{""instruction_bytes"": 108, ""instructions"": 48}"
715136,74,74,.text,thumb,False,global-functions,global-functions-3d6ca95892b3-001.asm,"[{""name"": ""__cxa_begin_cleanup"", ""demangled"": ""__cxa_begin_cleanup""}]","{""instruction_bytes"": 74, ""instructions"": 28}"
715296,360,360,.text,thumb,False,global-functions,global-functions-3d6ca95892b3-001.asm,"[{""name"": ""__cxa_call_unexpected"", ""demangled"": ""__cxa_call_unexpected""}]","{""instruction_bytes"": 360, ""instructions"": 132}"
716696,18,18,.text,thumb,False,global-functions,global-functions-3d6ca95892b3-001.asm,"[{""name"": ""__gnu_thumb1_case_uqi"", ""demangled"": ""__gnu_thumb1_case_uqi""}]","{""instruction_bytes"": 18, ""instructions"": 9}"
716716,0,168,.text,arm,True,global-functions,global-functions-3d6ca95892b3-001.asm,"[{""name"": ""__aeabi_uidiv"", ""demangled"": ""__aeabi_uidiv""}]","{""instruction_bytes"": 168, ""instructions"": 42}"
716716,168,168,.text,arm,False,global-functions,global-functions-3d6ca95892b3-001.asm,"[{""name"": ""__udivsi3"", ""demangled"": ""__udivsi3""}]","{""instruction_bytes"": 168, ""instructions"": 42}"
716884,32,32,.text,arm,False,global-functions,global-functions-3d6ca95892b3-001.asm,"[{""name"": ""__aeabi_uidivmod"", ""demangled"": ""__aeabi_uidivmod""}]","{""instruction_bytes"": 32, ""instructions"": 8}"
716916,0,220,.text,arm,True,global-functions,global-functions-3d6ca95892b3-001.asm,"[{""name"": ""__aeabi_idiv"", ""demangled"": ""__aeabi_idiv""}]","{""instruction_bytes"": 220, ""instructions"": 55}"
716916,220,220,.text,arm,False,global-functions,global-functions-3d6ca95892b3-001.asm,"[{""name"": ""__divsi3"", ""demangled"": ""__divsi3""}]","{""instruction_bytes"": 220, ""instructions"": 55}"
717136,32,32,.text,arm,False,global-functions,global-functions-3d6ca95892b3-001.asm,"[{""name"": ""__aeabi_idivmod"", ""demangled"": ""__aeabi_idivmod""}]","{""instruction_bytes"": 32, ""instructions"": 8}"
717168,0,68,.text,arm,True,global-functions,global-functions-3d6ca95892b3-001.asm,"[{""name"": ""__aeabi_ldivmod"", ""demangled"": ""__aeabi_ldivmod""}]","{""instruction_bytes"": 68, ""instructions"": 17}"
717236,16,16,.text,arm,False,global-functions,global-functions-3d6ca95892b3-001.asm,"[{""name"": ""__aeabi_idiv0"", ""demangled"": ""__aeabi_idiv0""}, {""name"": ""__aeabi_ldiv0"", ""demangled"": ""__aeabi_ldiv0""}]","{""instruction_bytes"": 16, ""instructions"": 4}"
717252,60,60,.text,arm,False,global-functions,global-functions-3d6ca95892b3-001.asm,"[{""name"": ""__gnu_ldivmod_helper"", ""demangled"": ""__gnu_ldivmod_helper""}]","{""instruction_bytes"": 60, ""instructions"": 15}"
717312,60,60,.text,arm,False,global-functions,global-functions-3d6ca95892b3-001.asm,"[{""name"": ""__gnu_uldivmod_helper"", ""demangled"": ""__gnu_uldivmod_helper""}]","{""instruction_bytes"": 60, ""instructions"": 15}"
718432,8,8,.text,arm,False,global-functions,global-functions-3d6ca95892b3-001.asm,"[{""name"": ""_Unwind_GetCFA"", ""demangled"": ""_Unwind_GetCFA""}]","{""instruction_bytes"": 8, ""instructions"": 2}"
718440,164,164,.text,arm,False,global-functions,global-functions-3d6ca95892b3-001.asm,"[{""name"": ""__gnu_Unwind_RaiseException"", ""demangled"": ""__gnu_Unwind_RaiseException""}]","{""instruction_bytes"": 164, ""instructions"": 41}"
718604,28,28,.text,arm,False,global-functions,global-functions-3d6ca95892b3-001.asm,"[{""name"": ""__gnu_Unwind_ForcedUnwind"", ""demangled"": ""__gnu_Unwind_ForcedUnwind""}]","{""instruction_bytes"": 28, ""instructions"": 7}"
718632,116,116,.text,arm,False,global-functions,global-functions-3d6ca95892b3-001.asm,"[{""name"": ""__gnu_Unwind_Resume"", ""demangled"": ""__gnu_Unwind_Resume""}]","{""instruction_bytes"": 116, ""instructions"": 29}"
718748,32,32,.text,arm,False,global-functions,global-functions-3d6ca95892b3-001.asm,"[{""name"": ""__gnu_Unwind_Resume_or_Rethrow"", ""demangled"": ""__gnu_Unwind_Resume_or_Rethrow""}]","{""instruction_bytes"": 32, ""instructions"": 8}"
718780,4,4,.text,arm,False,global-functions,global-functions-3d6ca95892b3-001.asm,"[{""name"": ""_Unwind_Complete"", ""demangled"": ""_Unwind_Complete""}]","{""instruction_bytes"": 4, ""instructions"": 1}"
718784,24,24,.text,arm,False,global-functions,global-functions-3d6ca95892b3-001.asm,"[{""name"": ""_Unwind_DeleteException"", ""demangled"": ""_Unwind_DeleteException""}]","{""instruction_bytes"": 24, ""instructions"": 6}"
718808,92,92,.text,arm,False,global-functions,global-functions-3d6ca95892b3-001.asm,"[{""name"": ""_Unwind_VRS_Get"", ""demangled"": ""_Unwind_VRS_Get""}]","{""instruction_bytes"": 92, ""instructions"": 23}"
718940,92,92,.text,arm,False,global-functions,global-functions-3d6ca95892b3-001.asm,"[{""name"": ""_Unwind_VRS_Set"", ""demangled"": ""_Unwind_VRS_Set""}]","{""instruction_bytes"": 92, ""instructions"": 23}"
719076,200,200,.text,arm,False,global-functions,global-functions-3d6ca95892b3-001.asm,"[{""name"": ""__gnu_Unwind_Backtrace"", ""demangled"": ""__gnu_Unwind_Backtrace""}]","{""instruction_bytes"": 200, ""instructions"": 50}"
720280,8,8,.text,arm,False,global-functions,global-functions-3d6ca95892b3-001.asm,"[{""name"": ""__aeabi_unwind_cpp_pr0"", ""demangled"": ""__aeabi_unwind_cpp_pr0""}]","{""instruction_bytes"": 8, ""instructions"": 2}"
720288,8,8,.text,arm,False,global-functions,global-functions-3d6ca95892b3-001.asm,"[{""name"": ""__aeabi_unwind_cpp_pr1"", ""demangled"": ""__aeabi_unwind_cpp_pr1""}]","{""instruction_bytes"": 8, ""instructions"": 2}"
720296,8,8,.text,arm,False,global-functions,global-functions-3d6ca95892b3-001.asm,"[{""name"": ""__aeabi_unwind_cpp_pr2"", ""demangled"": ""__aeabi_unwind_cpp_pr2""}]","{""instruction_bytes"": 8, ""instructions"": 2}"
720304,864,864,.text,arm,False,global-functions,global-functions-3d6ca95892b3-001.asm,"[{""name"": ""_Unwind_VRS_Pop"", ""demangled"": ""_Unwind_VRS_Pop""}]","{""instruction_bytes"": 864, ""instructions"": 216}"
721168,20,20,.text,arm,False,global-functions,global-functions-3d6ca95892b3-001.asm,"[{""name"": ""__restore_core_regs"", ""demangled"": ""__restore_core_regs""}, {""name"": ""restore_core_regs"", ""demangled"": ""restore_core_regs""}]","{""instruction_bytes"": 20, ""instructions"": 5}"
721188,0,8,.text,arm,True,global-functions,global-functions-3d6ca95892b3-001.asm,"[{""name"": ""__gnu_Unwind_Restore_VFP"", ""demangled"": ""__gnu_Unwind_Restore_VFP""}]","{""instruction_bytes"": 8, ""instructions"": 2}"
721196,0,8,.text,arm,True,global-functions,global-functions-3d6ca95892b3-001.asm,"[{""name"": ""__gnu_Unwind_Save_VFP"", ""demangled"": ""__gnu_Unwind_Save_VFP""}]","{""instruction_bytes"": 8, ""instructions"": 2}"
721204,0,8,.text,arm,True,global-functions,global-functions-3d6ca95892b3-001.asm,"[{""name"": ""__gnu_Unwind_Restore_VFP_D"", ""demangled"": ""__gnu_Unwind_Restore_VFP_D""}]","{""instruction_bytes"": 8, ""instructions"": 2}"
721212,0,8,.text,arm,True,global-functions,global-functions-3d6ca95892b3-001.asm,"[{""name"": ""__gnu_Unwind_Save_VFP_D"", ""demangled"": ""__gnu_Unwind_Save_VFP_D""}]","{""instruction_bytes"": 8, ""instructions"": 2}"
721220,0,8,.text,arm,True,global-functions,global-functions-3d6ca95892b3-001.asm,"[{""name"": ""__gnu_Unwind_Restore_VFP_D_16_to_31"", ""demangled"": ""__gnu_Unwind_Restore_VFP_D_16_to_31""}]","{""instruction_bytes"": 8, ""instructions"": 2}"
721228,0,8,.text,arm,True,global-functions,global-functions-3d6ca95892b3-001.asm,"[{""name"": ""__gnu_Unwind_Save_VFP_D_16_to_31"", ""demangled"": ""__gnu_Unwind_Save_VFP_D_16_to_31""}]","{""instruction_bytes"": 8, ""instructions"": 2}"
721236,0,68,.text,arm,True,global-functions,global-functions-3d6ca95892b3-001.asm,"[{""name"": ""__gnu_Unwind_Restore_WMMXD"", ""demangled"": ""__gnu_Unwind_Restore_WMMXD""}]","{""instruction_bytes"": 68, ""instructions"": 17}"
721304,0,68,.text,arm,True,global-functions,global-functions-3d6ca95892b3-001.asm,"[{""name"": ""__gnu_Unwind_Save_WMMXD"", ""demangled"": ""__gnu_Unwind_Save_WMMXD""}]","{""instruction_bytes"": 68, ""instructions"": 17}"
721372,0,20,.text,arm,True,global-functions,global-functions-3d6ca95892b3-001.asm,"[{""name"": ""__gnu_Unwind_Restore_WMMXC"", ""demangled"": ""__gnu_Unwind_Restore_WMMXC""}]","{""instruction_bytes"": 20, ""instructions"": 5}"
721392,0,20,.text,arm,True,global-functions,global-functions-3d6ca95892b3-001.asm,"[{""name"": ""__gnu_Unwind_Save_WMMXC"", ""demangled"": ""__gnu_Unwind_Save_WMMXC""}]","{""instruction_bytes"": 20, ""instructions"": 5}"
721412,36,36,.text,arm,False,global-functions,global-functions-3d6ca95892b3-001.asm,"[{""name"": ""_Unwind_RaiseException"", ""demangled"": ""_Unwind_RaiseException""}, {""name"": ""___Unwind_RaiseException"", ""demangled"": ""___Unwind_RaiseException""}]","{""instruction_bytes"": 36, ""instructions"": 9}"
721448,36,36,.text,arm,False,global-functions,global-functions-3d6ca95892b3-001.asm,"[{""name"": ""_Unwind_Resume"", ""demangled"": ""_Unwind_Resume""}, {""name"": ""___Unwind_Resume"", ""demangled"": ""___Unwind_Resume""}]","{""instruction_bytes"": 36, ""instructions"": 9}"
721484,36,36,.text,arm,False,global-functions,global-functions-3d6ca95892b3-001.asm,"[{""name"": ""_Unwind_Resume_or_Rethrow"", ""demangled"": ""_Unwind_Resume_or_Rethrow""}, {""name"": ""___Unwind_Resume_or_Rethrow"", ""demangled"": ""___Unwind_Resume_or_Rethrow""}]","{""instruction_bytes"": 36, ""instructions"": 9}"
721520,36,36,.text,arm,False,global-functions,global-functions-3d6ca95892b3-001.asm,"[{""name"": ""_Unwind_ForcedUnwind"", ""demangled"": ""_Unwind_ForcedUnwind""}, {""name"": ""___Unwind_ForcedUnwind"", ""demangled"": ""___Unwind_ForcedUnwind""}]","{""instruction_bytes"": 36, ""instructions"": 9}"
721556,36,36,.text,arm,False,global-functions,global-functions-3d6ca95892b3-001.asm,"[{""name"": ""_Unwind_Backtrace"", ""demangled"": ""_Unwind_Backtrace""}, {""name"": ""___Unwind_Backtrace"", ""demangled"": ""___Unwind_Backtrace""}]","{""instruction_bytes"": 36, ""instructions"": 9}"
721732,920,920,.text,arm,False,global-functions,global-functions-3d6ca95892b3-001.asm,"[{""name"": ""__gnu_unwind_execute"", ""demangled"": ""__gnu_unwind_execute""}]","{""instruction_bytes"": 920, ""instructions"": 230}"
722652,64,64,.text,arm,False,global-functions,global-functions-3d6ca95892b3-001.asm,"[{""name"": ""__gnu_unwind_frame"", ""demangled"": ""__gnu_unwind_frame""}]","{""instruction_bytes"": 64, ""instructions"": 16}"
722716,16,16,.text,arm,False,global-functions,global-functions-3d6ca95892b3-001.asm,"[{""name"": ""_Unwind_GetRegionStart"", ""demangled"": ""_Unwind_GetRegionStart""}]","{""instruction_bytes"": 16, ""instructions"": 4}"
722732,28,28,.text,arm,False,global-functions,global-functions-3d6ca95892b3-001.asm,"[{""name"": ""_Unwind_GetLanguageSpecificData"", ""demangled"": ""_Unwind_GetLanguageSpecificData""}]","{""instruction_bytes"": 28, ""instructions"": 7}"
722760,8,8,.text,arm,False,global-functions,global-functions-3d6ca95892b3-001.asm,"[{""name"": ""_Unwind_GetDataRelBase"", ""demangled"": ""_Unwind_GetDataRelBase""}]","{""instruction_bytes"": 8, ""instructions"": 2}"
722768,8,8,.text,arm,False,global-functions,global-functions-3d6ca95892b3-001.asm,"[{""name"": ""_Unwind_GetTextRelBase"", ""demangled"": ""_Unwind_GetTextRelBase""}]","{""instruction_bytes"": 8, ""instructions"": 2}"
722776,380,380,.text,arm,False,global-functions,global-functions-3d6ca95892b3-001.asm,"[{""name"": ""__divdi3"", ""demangled"": ""__divdi3""}]","{""instruction_bytes"": 380, ""instructions"": 95}"
723156,268,268,.text,arm,False,global-functions,global-functions-3d6ca95892b3-001.asm,"[{""name"": ""__udivdi3"", ""demangled"": ""__udivdi3""}]","{""instruction_bytes"": 268, ""instructions"": 67}"
723424,28,28,.text,arm,False,global-functions,global-functions-3d6ca95892b3-001.asm,"[{""name"": ""__aeabi_llsr"", ""demangled"": ""__aeabi_llsr""}, {""name"": ""__lshrdi3"", ""demangled"": ""__lshrdi3""}]","{""instruction_bytes"": 28, ""instructions"": 7}"
723452,28,28,.text,arm,False,global-functions,global-functions-3d6ca95892b3-001.asm,"[{""name"": ""__aeabi_llsl"", ""demangled"": ""__aeabi_llsl""}, {""name"": ""__ashldi3"", ""demangled"": ""__ashldi3""}]","{""instruction_bytes"": 28, ""instructions"": 7}"
