section_index,section,file_offset,address,encoding,byte_length,text
1,.note.android.ident,320,320,ascii,7,Android
1,.note.android.ident,332,332,ascii,4,r16b
1,.note.android.ident,396,396,ascii,7,4479499
4,.dynstr,39313,39313,ascii,14,__cxa_finalize
4,.dynstr,39328,39328,ascii,4,LIBC
4,.dynstr,39333,39333,ascii,7,libc.so
4,.dynstr,39341,39341,ascii,16,libStormGLOFT.so
4,.dynstr,39358,39358,ascii,12,__cxa_atexit
4,.dynstr,39371,39371,ascii,27,_Z22posix_vm_get_page_sizev
4,.dynstr,39399,39399,ascii,7,sysconf
4,.dynstr,39407,39407,ascii,22,__aeabi_unwind_cpp_pr0
4,.dynstr,39430,39430,ascii,10,JNI_OnLoad
4,.dynstr,39441,39441,ascii,20,hook_export_function
4,.dynstr,39462,39462,ascii,29,_Z20hook_inline_functionPKcib
4,.dynstr,39492,39492,ascii,32,_Z20hook_import_functionPKcS0_Ph
4,.dynstr,39525,39525,ascii,31,_Z17my_glShaderSourcejiPKPKcPKi
4,.dynstr,39557,39557,ascii,19,_Z14my_glGetStringj
4,.dynstr,39577,39577,ascii,22,__aeabi_unwind_cpp_pr1
4,.dynstr,39600,39600,ascii,6,dlopen
4,.dynstr,39607,39607,ascii,8,libdl.so
4,.dynstr,39616,39616,ascii,16,__aeabi_uidivmod
4,.dynstr,39633,39633,ascii,6,strcmp
4,.dynstr,39640,39640,ascii,13,glGetShaderiv
4,.dynstr,39654,39654,ascii,38,_Z18glslopt_initialize14glslopt_target
4,.dynstr,39693,39693,ascii,6,strlen
4,.dynstr,39700,39700,ascii,5,_Znaj
4,.dynstr,39706,39706,ascii,29,_ZNSs10_M_replaceEPcS_PKcS1_b
4,.dynstr,39736,39736,ascii,7,strncat
4,.dynstr,39744,39744,ascii,6,_ZdlPv
4,.dynstr,39751,39751,ascii,38,_ZNSt12__node_alloc13_M_deallocateEPvj
4,.dynstr,39790,39790,ascii,6,strstr
4,.dynstr,39797,39797,ascii,5,_Znwj
4,.dynstr,39803,39803,ascii,6,strcat
4,.dynstr,39810,39810,ascii,35,_ZNSt12__node_alloc11_M_allocateERj
4,.dynstr,39846,39846,ascii,14,__aeabi_memcpy
4,.dynstr,39861,39861,ascii,59,_Z16glslopt_optimizeP11glslopt_ctx19glslopt_shader_typePKcj
4,.dynstr,39921,39921,ascii,39,_Z18glslopt_get_statusP14glslopt_shader
4,.dynstr,39961,39961,ascii,39,_Z18glslopt_get_outputP14glslopt_shader
4,.dynstr,40001,40001,ascii,19,__android_log_print
4,.dynstr,40021,40021,ascii,7,realloc
4,.dynstr,40029,40029,ascii,42,_Z21glslopt_shader_deleteP14glslopt_shader
4,.dynstr,40072,40072,ascii,14,glShaderSource
4,.dynstr,40087,40087,ascii,4,free
4,.dynstr,40092,40092,ascii,6,_ZdaPv
4,.dynstr,40099,40099,ascii,33,_Z15glslopt_cleanupP11glslopt_ctx
4,.dynstr,40133,40133,ascii,16,__stack_chk_fail
4,.dynstr,40150,40150,ascii,33,_ZSt24__stl_throw_length_errorPKc
4,.dynstr,40184,40184,ascii,33,_ZSt24__stl_throw_out_of_rangePKc
4,.dynstr,40218,40218,ascii,17,__stack_chk_guard
4,.dynstr,40236,40236,ascii,11,glGetString
4,.dynstr,40248,40248,ascii,24,_Z18ChangePagePropertymj
4,.dynstr,40273,40273,ascii,13,__aeabi_uidiv
4,.dynstr,40287,40287,ascii,8,mprotect
4,.dynstr,40296,40296,ascii,7,__errno
4,.dynstr,40304,40304,ascii,8,strerror
4,.dynstr,40313,40313,ascii,19,_Z11SafeMemReadmjPc
4,.dynstr,40333,40333,ascii,20,_Z12SafeMemWritemjPc
4,.dynstr,40354,40354,ascii,19,_Z11PatchOpcodePKcm
4,.dynstr,40374,40374,ascii,28,_Z15DecompressPVRTCjijiiiPKv
4,.dynstr,40403,40403,ascii,6,malloc
4,.dynstr,40410,40410,ascii,31,_Z19PVRTDecompressPVRTCPKviiiPh
4,.dynstr,40442,40442,ascii,30,_Z15my_glTexImage2DjiiiiijjPKv
4,.dynstr,40473,40473,ascii,10,glGetError
4,.dynstr,40484,40484,ascii,12,glTexImage2D
4,.dynstr,40497,40497,ascii,16,is16BitRendering
4,.dynstr,40514,40514,ascii,27,_Z14DecompressS3TCjijiiiPKv
4,.dynstr,40542,40542,ascii,35,_Z24BlockDecompressImageDXT1mmPKhPm
4,.dynstr,40578,40578,ascii,35,_Z24BlockDecompressImageDXT3mmPKhPm
4,.dynstr,40614,40614,ascii,35,_Z24BlockDecompressImageDXT5mmPKhPm
4,.dynstr,40650,40650,ascii,26,_Z13DecompressATCjijiiiPKv
4,.dynstr,40677,40677,ascii,27,_Z15DecompressATITCPKhPmmmj
4,.dynstr,40705,40705,ascii,26,_Z13DecompressETCjijiiiPKv
4,.dynstr,40732,40732,ascii,24,_Z14DecompressETC1PhS_ii
4,.dynstr,40757,40757,ascii,39,_Z25my_glCompressedTexImage2DjijiiiiPKv
4,.dynstr,40797,40797,ascii,35,_Z25convertRGBA8888ToRGBA4444PKhiPh
4,.dynstr,40833,40833,ascii,31,_Z21convertRGB888ToRGB565PKhiPh
4,.dynstr,40865,40865,ascii,21,_Z13my_glViewportiiii
4,.dynstr,40887,40887,ascii,10,glViewport
4,.dynstr,40898,40898,ascii,20,_Z12my_glScissoriiii
4,.dynstr,40919,40919,ascii,9,glScissor
4,.dynstr,40929,40929,ascii,24,_Z19IsLowMemoryPlatformv
4,.dynstr,40954,40954,ascii,5,fopen
4,.dynstr,40960,40960,ascii,6,fscanf
4,.dynstr,40967,40967,ascii,6,fclose
4,.dynstr,40974,40974,ascii,25,_ZNSs9_M_insertEPcPKcS1_b
4,.dynstr,41000,41000,ascii,15,__aeabi_memmove
4,.dynstr,41016,41016,ascii,12,isHighDevice
4,.dynstr,41029,41029,ascii,20,build_hook_info_list
4,.dynstr,41050,41050,ascii,5,dlsym
4,.dynstr,41056,41056,ascii,7,strncmp
4,.dynstr,41064,41064,ascii,14,is_func_hooked
4,.dynstr,41079,41079,ascii,6,getpid
4,.dynstr,41086,41086,ascii,4,hook
4,.dynstr,41091,41091,ascii,15,add_hooked_info
4,.dynstr,41107,41107,ascii,25,custom_lib_hook_info_root
4,.dynstr,41133,41133,ascii,16,hooked_info_root
4,.dynstr,41150,41150,ascii,20,storm_nativeSetPhone
4,.dynstr,41171,41171,ascii,15,__aeabi_memcpy4
4,.dynstr,41187,41187,ascii,12,hook_precall
4,.dynstr,41200,41200,ascii,13,hook_postcall
4,.dynstr,41214,41214,ascii,6,getuid
4,.dynstr,41221,41221,ascii,31,custom_hook_info_nativeSetPhone
4,.dynstr,41253,41253,ascii,9,my_height
4,.dynstr,41263,41263,ascii,8,my_width
4,.dynstr,41272,41272,ascii,10,orig_width
4,.dynstr,41283,41283,ascii,11,orig_height
4,.dynstr,41295,41295,ascii,18,storm_nativeResize
4,.dynstr,41314,41314,ascii,29,custom_hook_info_nativeResize
4,.dynstr,41344,41344,ascii,20,storm_nativeGetWidth
4,.dynstr,41365,41365,ascii,31,custom_hook_info_nativeGetWidth
4,.dynstr,41397,41397,ascii,12,MAX_DATA_LEN
4,.dynstr,41410,41410,ascii,22,find_file_path_from_fd
4,.dynstr,41433,41433,ascii,8,snprintf
4,.dynstr,41442,41442,ascii,8,readlink
4,.dynstr,41451,41451,ascii,7,sprintf
4,.dynstr,41459,41459,ascii,6,get_id
4,.dynstr,41466,41466,ascii,4,time
4,.dynstr,41471,41471,ascii,6,to_hex
4,.dynstr,41478,41478,ascii,15,array_to_string
4,.dynstr,41494,41494,ascii,4,open
4,.dynstr,41499,41499,ascii,4,read
4,.dynstr,41504,41504,ascii,5,close
4,.dynstr,41510,41510,ascii,5,lseek
4,.dynstr,41516,41516,ascii,4,exit
4,.dynstr,41521,41521,ascii,9,find_name
4,.dynstr,41531,41531,ascii,5,fgets
4,.dynstr,41537,41537,ascii,6,printf
4,.dynstr,41544,41544,ascii,6,strtok
4,.dynstr,41551,41551,ascii,6,sscanf
4,.dynstr,41558,41558,ascii,6,strcpy
4,.dynstr,41565,41565,ascii,7,strrchr
4,.dynstr,41573,41573,ascii,7,strncpy
4,.dynstr,41581,41581,ascii,12,find_libbase
4,.dynstr,41594,41594,ascii,15,hook_cacheflush
4,.dynstr,41610,41610,ascii,11,hook_direct
4,.dynstr,41622,41622,ascii,6,unhook
4,.dynstr,41629,41629,ascii,12,__aeabi_idiv
4,.dynstr,41642,41642,ascii,6,memcmp
4,.dynstr,41649,41649,ascii,27,_Z22util_number_is_power_2j
4,.dynstr,41677,41677,ascii,22,_Z11modifyPixeliiiiimi
4,.dynstr,41700,41700,ascii,39,_Z20ETCTextureDecompressPKvRKiS2_S0_S2_
4,.dynstr,41740,41740,ascii,8,ETC_DIFF
4,.dynstr,41749,41749,ascii,8,ETC_FLIP
4,.dynstr,41758,41758,ascii,35,_Z17PVRTDecompressETCPKvRKjS2_PvRKi
4,.dynstr,41794,41794,ascii,35,_Z20PVRTTextureLoadTiledPhjjPKhjjjb
4,.dynstr,41830,41830,ascii,26,_Z18PVRTTextureTwiddleRjjj
4,.dynstr,41857,41857,ascii,29,_Z20PVRTTextureDeTwiddleRjS_j
4,.dynstr,41887,41887,ascii,27,_Z17PVRTTextureCreatejjjjjb
4,.dynstr,41915,41915,ascii,15,_Z8PackRGBAhhhh
4,.dynstr,41931,41931,ascii,31,_Z19DecompressBlockDXT1mmmPKhPm
4,.dynstr,41963,41963,ascii,31,_Z19DecompressBlockDXT5mmmPKhPm
4,.dynstr,41995,41995,ascii,31,_Z19DecompressBlockDXT3mmmPKhPm
4,.dynstr,42027,42027,ascii,40,_Z27DecompressBlockDXT1InternalPKhPmmS0_
4,.dynstr,42068,42068,ascii,21,_Z14Color1555To888tPm
4,.dynstr,42090,42090,ascii,20,_Z13Color565To888tPm
4,.dynstr,42111,42111,ascii,16,_Z9GetColorsttPm
4,.dynstr,42128,42128,ascii,23,_ZNK10ColorBlock3GetEPm
4,.dynstr,42152,42152,ascii,30,_ZNK17InterporatedBlock3GetEPm
4,.dynstr,42183,42183,ascii,26,_ZNK13ExplicitBlock3GetEPm
4,.dynstr,42210,42210,ascii,31,_ZNK18ExplicitAlphaBlock3GetEPm
4,.dynstr,42242,42242,ascii,35,_ZNK22InterporatedAlphaBlock3GetEPm
4,.dynstr,42278,42278,ascii,55,_ZNK22InterporatedAlphaBlock22GetCompressedAlphaRampEPh
4,.dynstr,42334,42334,ascii,60,_ZN7rg_etc110etc1_block11pack_color5ERKNS_13color_quad_u8Ebj
4,.dynstr,42395,42395,ascii,42,_ZN7rg_etc110etc1_block11pack_color5Ejjjbj
4,.dynstr,42438,42438,ascii,42,_ZN7rg_etc110etc1_block13unpack_color5Etbj
4,.dynstr,42481,42481,ascii,49,_ZN7rg_etc110etc1_block13unpack_color5ERjS1_S1_tb
4,.dynstr,42531,42531,ascii,63,_ZN7rg_etc110etc1_block13unpack_color5ERNS_13color_quad_u8Ettbj
4,.dynstr,42595,42595,ascii,48,_ZN7rg_etc110etc1_block13unpack_delta3ERiS1_S1_t
4,.dynstr,42644,42644,ascii,51,_ZN7rg_etc110etc1_block13unpack_color5ERjS1_S1_ttbj
4,.dynstr,42696,42696,ascii,40,_ZN7rg_etc110etc1_block11pack_delta3Eiii
4,.dynstr,42737,42737,ascii,60,_ZN7rg_etc110etc1_block11pack_color4ERKNS_13color_quad_u8Ebj
4,.dynstr,42798,42798,ascii,42,_ZN7rg_etc110etc1_block11pack_color4Ejjjbj
4,.dynstr,42841,42841,ascii,42,_ZN7rg_etc110etc1_block13unpack_color4Etbj
4,.dynstr,42884,42884,ascii,49,_ZN7rg_etc110etc1_block13unpack_color4ERjS1_S1_tb
4,.dynstr,42934,42934,ascii,72,_ZN7rg_etc110etc1_block24get_diff_subblock_colorsEPNS_13color_quad_u8Etj
4,.dynstr,43007,43007,ascii,73,_ZN7rg_etc110etc1_block24get_diff_subblock_colorsEPNS_13color_quad_u8Ettj
4,.dynstr,43081,43081,ascii,71,_ZN7rg_etc110etc1_block23get_abs_subblock_colorsEPNS_13color_quad_u8Etj
4,.dynstr,43153,43153,ascii,37,_ZN7rg_etc117unpack_etc1_blockEPKvPjb
4,.dynstr,43191,43191,ascii,37,_ZN7rg_etc114etc1_optimizer7computeEv
4,.dynstr,43229,43229,ascii,110,_ZN7rg_etc114etc1_optimizer17evaluate_solutionERKNS_25etc1_solution_coordinatesERNS0_18potential_solutionEPS4_
4,.dynstr,43340,43340,ascii,115,_ZN7rg_etc114etc1_optimizer22evaluate_solution_fastERKNS_25etc1_solution_coordinatesERNS0_18potential_solutionEPS4_
4,.dynstr,43456,43456,ascii,61,_ZN7rg_etc114etc1_optimizer4initERKNS0_6paramsERNS0_7resultsE
4,.dynstr,43518,43518,ascii,55,_ZN7rg_etc119indirect_radix_sortIjtEEPT_jS2_S2_PKT0_jjb
4,.dynstr,43574,43574,ascii,15,__aeabi_memclr8
4,.dynstr,43590,43590,ascii,35,_ZN7rg_etc120pack_etc1_block_initEv
4,.dynstr,43626,43626,ascii,57,_ZN7rg_etc115pack_etc1_blockEPvPKjRNS_16etc1_pack_paramsE
4,.dynstr,43684,43684,ascii,15,__aeabi_memset8
4,.dynstr,43700,43700,ascii,84,_ZZN7rg_etc114etc1_optimizer6params22clear_optimizer_paramsEvE20s_default_scan_delta
4,.dynstr,43785,43785,ascii,45,_ZNSt6vectorIP17tagINLINEHOOKINFOSaIS1_EED2Ev
4,.dynstr,43831,43831,ascii,29,_Z10InlineHookPvPFvP7pt_regsE
4,.dynstr,43861,43861,ascii,7,HookArm
4,.dynstr,43869,43869,ascii,9,HookThumb
4,.dynstr,43879,43879,ascii,90,_ZNSt6vectorIP17tagINLINEHOOKINFOSaIS1_EE18_M_insert_overflowEPS1_RKS1_RKSt11__true_typejb
4,.dynstr,43970,43970,ascii,18,_Z12UnInlineHookPv
4,.dynstr,43989,43989,ascii,25,_Z12RegisterHookP7pt_regs
4,.dynstr,44015,44015,ascii,4,puts
4,.dynstr,44020,44020,ascii,5,abort
4,.dynstr,44026,44026,ascii,18,ChangePageProperty
4,.dynstr,44045,44045,ascii,17,GetModuleBaseAddr
4,.dynstr,44063,44063,ascii,7,strtoul
4,.dynstr,44071,44071,ascii,15,InitArmHookInfo
4,.dynstr,44087,44087,ascii,15,__aeabi_memset4
4,.dynstr,44103,44103,ascii,14,lengthFixArm32
4,.dynstr,44118,44118,ascii,17,InitThumbHookInfo
4,.dynstr,44136,44136,ascii,9,isThumb32
4,.dynstr,44146,44146,ascii,16,lengthFixThumb32
4,.dynstr,44163,44163,ascii,16,lengthFixThumb16
4,.dynstr,44180,44180,ascii,9,BuildStub
4,.dynstr,44190,44190,ascii,18,_shellcode_start_s
4,.dynstr,44209,44209,ascii,16,_shellcode_end_s
4,.dynstr,44226,44226,ascii,25,_hookstub_function_addr_s
4,.dynstr,44252,44252,ascii,20,_old_function_addr_s
4,.dynstr,44273,44273,ascii,14,BuildStubThumb
4,.dynstr,44288,44288,ascii,24,_shellcode_start_s_thumb
4,.dynstr,44313,44313,ascii,22,_shellcode_end_s_thumb
4,.dynstr,44336,44336,ascii,31,_hookstub_function_addr_s_thumb
4,.dynstr,44368,44368,ascii,26,_old_function_addr_s_thumb
4,.dynstr,44395,44395,ascii,16,BuildArmJumpCode
4,.dynstr,44412,44412,ascii,10,cacheflush
4,.dynstr,44423,44423,ascii,18,BuildThumbJumpCode
4,.dynstr,44442,44442,ascii,16,BuildOldFunction
4,.dynstr,44459,44459,ascii,4,mmap
4,.dynstr,44464,44464,ascii,14,fixPCOpcodeArm
4,.dynstr,44479,44479,ascii,21,BuildOldFunctionThumb
4,.dynstr,44501,44501,ascii,16,fixPCOpcodeThumb
4,.dynstr,44518,44518,ascii,17,RebuildHookTarget
4,.dynstr,44536,44536,ascii,22,RebuildHookTargetThumb
4,.dynstr,44559,44559,ascii,20,isTargetAddrInBackup
4,.dynstr,44580,44580,ascii,16,fixPCOpcodeArm32
4,.dynstr,44597,44597,ascii,18,fixPCOpcodeThumb32
4,.dynstr,44616,44616,ascii,18,fixPCOpcodeThumb16
4,.dynstr,44635,44635,ascii,6,getopt
4,.dynstr,44642,44642,ascii,6,getenv
4,.dynstr,44649,44649,ascii,6,strchr
4,.dynstr,44656,44656,ascii,7,fprintf
4,.dynstr,44664,44664,ascii,6,optind
4,.dynstr,44671,44671,ascii,8,optreset
4,.dynstr,44680,44680,ascii,6,optarg
4,.dynstr,44687,44687,ascii,6,opterr
4,.dynstr,44694,44694,ascii,4,__sF
4,.dynstr,44699,44699,ascii,6,optopt
4,.dynstr,44706,44706,ascii,11,getopt_long
4,.dynstr,44718,44718,ascii,16,getopt_long_only
4,.dynstr,44735,44735,ascii,15,__aeabi_idivmod
4,.dynstr,44751,44751,ascii,9,glcpp_lex
4,.dynstr,44761,44761,ascii,20,glcpp__create_buffer
4,.dynstr,44782,44782,ascii,11,glcpp_error
4,.dynstr,44794,44794,ascii,4,getc
4,.dynstr,44799,44799,ascii,5,fread
4,.dynstr,44805,44805,ascii,6,ferror
4,.dynstr,44812,44812,ascii,8,clearerr
4,.dynstr,44821,44821,ascii,13,glcpp_restart
4,.dynstr,44835,44835,ascii,13,ralloc_strdup
4,.dynstr,44849,44849,ascii,15,__aeabi_memclr4
4,.dynstr,44865,44865,ascii,19,glcpp__flush_buffer
4,.dynstr,44885,44885,ascii,23,glcpp__switch_to_buffer
4,.dynstr,44909,44909,ascii,11,glcpp_alloc
4,.dynstr,44921,44921,ascii,20,glcpp__delete_buffer
4,.dynstr,44942,44942,ascii,10,glcpp_free
4,.dynstr,44953,44953,ascii,23,glcpp_push_buffer_state
4,.dynstr,44977,44977,ascii,22,glcpp_pop_buffer_state
4,.dynstr,45000,45000,ascii,18,glcpp__scan_buffer
4,.dynstr,45019,45019,ascii,18,glcpp__scan_string
4,.dynstr,45038,45038,ascii,17,glcpp__scan_bytes
4,.dynstr,45056,45056,ascii,15,glcpp_get_extra
4,.dynstr,45072,45072,ascii,16,glcpp_get_lineno
4,.dynstr,45089,45089,ascii,16,glcpp_get_column
4,.dynstr,45106,45106,ascii,12,glcpp_get_in
4,.dynstr,45119,45119,ascii,13,glcpp_get_out
4,.dynstr,45133,45133,ascii,14,glcpp_get_leng
4,.dynstr,45148,45148,ascii,14,glcpp_get_text
4,.dynstr,45163,45163,ascii,15,glcpp_set_extra
4,.dynstr,45179,45179,ascii,16,glcpp_set_lineno
4,.dynstr,45196,45196,ascii,16,glcpp_set_column
4,.dynstr,45213,45213,ascii,12,glcpp_set_in
4,.dynstr,45226,45226,ascii,13,glcpp_set_out
4,.dynstr,45240,45240,ascii,15,glcpp_get_debug
4,.dynstr,45256,45256,ascii,15,glcpp_set_debug
4,.dynstr,45272,45272,ascii,14,glcpp_get_lval
4,.dynstr,45287,45287,ascii,14,glcpp_set_lval
4,.dynstr,45302,45302,ascii,14,glcpp_get_lloc
4,.dynstr,45317,45317,ascii,14,glcpp_set_lloc
4,.dynstr,45332,45332,ascii,14,glcpp_lex_init
4,.dynstr,45347,45347,ascii,14,__aeabi_memclr
4,.dynstr,45362,45362,ascii,20,glcpp_lex_init_extra
4,.dynstr,45383,45383,ascii,17,glcpp_lex_destroy
4,.dynstr,45401,45401,ascii,13,glcpp_realloc
4,.dynstr,45415,45415,ascii,27,glcpp_lex_set_source_string
4,.dynstr,45443,45443,ascii,18,glcpp_parser_parse
4,.dynstr,45462,45462,ascii,6,fwrite
4,.dynstr,45469,45469,ascii,5,fputc
4,.dynstr,45475,45475,ascii,28,ralloc_asprintf_rewrite_tail
4,.dynstr,45504,45504,ascii,11,ralloc_free
4,.dynstr,45516,45516,ascii,15,hash_table_find
4,.dynstr,45532,45532,ascii,17,hash_table_remove
4,.dynstr,45550,45550,ascii,7,strtoll
4,.dynstr,45558,45558,ascii,15,__aeabi_ldivmod
4,.dynstr,45574,45574,ascii,11,ralloc_size
4,.dynstr,45586,45586,ascii,12,ralloc_steal
4,.dynstr,45599,45599,ascii,18,glcpp_parser_debug
4,.dynstr,45618,45618,ascii,13,glcpp_warning
4,.dynstr,45632,45632,ascii,15,__aeabi_memcpy8
4,.dynstr,45648,45648,ascii,17,hash_table_insert
4,.dynstr,45666,45666,ascii,37,glcpp_parser_resolve_implicit_version
4,.dynstr,45704,45704,ascii,19,glcpp_parser_create
4,.dynstr,45724,45724,ascii,15,hash_table_ctor
4,.dynstr,45740,45740,ascii,22,hash_table_string_hash
4,.dynstr,45763,45763,ascii,20,glcpp_parser_destroy
4,.dynstr,45784,45784,ascii,15,hash_table_dtor
4,.dynstr,45800,45800,ascii,22,ralloc_asprintf_append
4,.dynstr,45823,45823,ascii,13,ralloc_strcat
4,.dynstr,45837,45837,ascii,15,ralloc_asprintf
4,.dynstr,45853,45853,ascii,29,ralloc_vasprintf_rewrite_tail
4,.dynstr,45883,45883,ascii,16,glcpp_preprocess
4,.dynstr,45900,45900,ascii,14,ralloc_strncat
4,.dynstr,45915,45915,ascii,11,glsl_strtod
4,.dynstr,45927,45927,ascii,6,strtod
4,.dynstr,45934,45934,ascii,11,glsl_strtof
4,.dynstr,45946,45946,ascii,18,_mesa_align_malloc
4,.dynstr,45965,45965,ascii,18,_mesa_align_calloc
4,.dynstr,45984,45984,ascii,6,calloc
4,.dynstr,45991,45991,ascii,16,_mesa_align_free
4,.dynstr,46008,46008,ascii,19,_mesa_align_realloc
4,.dynstr,46032,46032,ascii,5,ffsll
4,.dynstr,46038,46038,ascii,14,_mesa_bitcount
4,.dynstr,46053,46053,ascii,17,_mesa_bitcount_64
4,.dynstr,46071,46071,ascii,19,_mesa_round_to_even
4,.dynstr,46091,46091,ascii,5,floor
4,.dynstr,46097,46097,ascii,7,libm.so
4,.dynstr,46105,46105,ascii,19,_mesa_float_to_half
4,.dynstr,46125,46125,ascii,19,_mesa_half_to_float
4,.dynstr,46145,46145,ascii,12,_mesa_strdup
4,.dynstr,46158,46158,ascii,12,_mesa_strtof
4,.dynstr,46171,46171,ascii,18,_mesa_str_checksum
4,.dynstr,46190,46190,ascii,15,_mesa_vsnprintf
4,.dynstr,46206,46206,ascii,9,vsnprintf
4,.dynstr,46216,46216,ascii,14,_mesa_snprintf
4,.dynstr,46231,46231,ascii,16,hash_table_clear
4,.dynstr,46248,46248,ascii,21,_mesa_error_no_memory
4,.dynstr,46270,46270,ascii,18,hash_table_replace
4,.dynstr,46289,46289,ascii,23,hash_table_call_foreach
4,.dynstr,46313,46313,ascii,23,hash_table_pointer_hash
4,.dynstr,46337,46337,ascii,26,hash_table_pointer_compare
4,.dynstr,46364,46364,ascii,28,_mesa_symbol_table_pop_scope
4,.dynstr,46393,46393,ascii,29,_mesa_symbol_table_push_scope
4,.dynstr,46423,46423,ascii,31,_mesa_symbol_table_symbol_scope
4,.dynstr,46455,46455,ascii,30,_mesa_symbol_table_find_symbol
4,.dynstr,46486,46486,ascii,29,_mesa_symbol_table_add_symbol
4,.dynstr,46516,46516,ascii,6,strdup
4,.dynstr,46523,46523,ascii,36,_mesa_symbol_table_add_global_symbol
4,.dynstr,46560,46560,ascii,23,_mesa_symbol_table_ctor
4,.dynstr,46584,46584,ascii,23,_mesa_symbol_table_dtor
4,.dynstr,46608,46608,ascii,23,_mesa_hash_table_create
4,.dynstr,46632,46632,ascii,18,rzalloc_array_size
4,.dynstr,46651,46651,ascii,24,_mesa_hash_table_destroy
4,.dynstr,46676,46676,ascii,27,_mesa_hash_table_next_entry
4,.dynstr,46704,46704,ascii,32,_mesa_hash_table_set_deleted_key
4,.dynstr,46737,46737,ascii,23,_mesa_hash_table_search
4,.dynstr,46761,46761,ascii,23,_mesa_hash_table_insert
4,.dynstr,46785,46785,ascii,23,_mesa_hash_table_remove
4,.dynstr,46809,46809,ascii,29,_mesa_hash_table_random_entry
4,.dynstr,46839,46839,ascii,7,lrand48
4,.dynstr,46847,46847,ascii,15,_mesa_hash_data
4,.dynstr,46863,46863,ascii,17,_mesa_hash_string
4,.dynstr,46881,46881,ascii,22,_mesa_key_string_equal
4,.dynstr,46904,46904,ascii,23,_mesa_key_pointer_equal
4,.dynstr,46928,46928,ascii,14,ralloc_context
4,.dynstr,46943,46943,ascii,12,rzalloc_size
4,.dynstr,46956,46956,ascii,13,reralloc_size
4,.dynstr,46970,46970,ascii,17,ralloc_array_size
4,.dynstr,46988,46988,ascii,19,reralloc_array_size
4,.dynstr,47008,47008,ascii,13,ralloc_parent
4,.dynstr,47022,47022,ascii,23,ralloc_autofree_context
4,.dynstr,47046,47046,ascii,21,ralloc_set_destructor
4,.dynstr,47068,47068,ascii,14,ralloc_strndup
4,.dynstr,47083,47083,ascii,16,ralloc_vasprintf
4,.dynstr,47100,47100,ascii,13,printf_length
4,.dynstr,47114,47114,ascii,23,ralloc_vasprintf_append
4,.dynstr,47138,47138,ascii,33,_ZNK19ast_array_specifier5printEv
4,.dynstr,47172,47172,ascii,85,_Z28_mesa_ast_array_index_to_hirPvP22_mesa_glsl_parse_stateP9ir_rvalueS3_R7YYLTYPES5_
4,.dynstr,47258,47258,ascii,58,_Z16_mesa_glsl_errorP7YYLTYPEP22_mesa_glsl_parse_statePKcz
4,.dynstr,47317,47317,ascii,25,_ZNK9glsl_type8row_typeEv
4,.dynstr,47343,47343,ascii,35,_Z27glsl_compute_version_stringPvbj
4,.dynstr,47379,47379,ascii,61,_Z18_mesa_glsl_warningPK7YYLTYPEP22_mesa_glsl_parse_statePKcz
4,.dynstr,47441,47441,ascii,31,_ZNK9glsl_type11field_indexEPKc
4,.dynstr,47473,47473,ascii,69,_Z28check_builtin_array_max_sizePKcj7YYLTYPEP22_mesa_glsl_parse_state
4,.dynstr,47543,47543,ascii,42,_ZN20ir_dereference_arrayC1EP9ir_rvalueS1_
4,.dynstr,47586,47586,ascii,36,_ZN13ir_expressionC1EiP9ir_rvalueS1_
4,.dynstr,47623,47623,ascii,36,_ZN9exec_node18_ralloc_destructorEPv
4,.dynstr,47660,47660,ascii,26,_ZN9glsl_type10error_typeE
4,.dynstr,47687,47687,ascii,31,_ZN9glsl_type12get_instanceEjjj
4,.dynstr,47719,47719,ascii,25,_ZTV19ast_array_specifier
4,.dynstr,47745,47745,ascii,25,_ZTI19ast_array_specifier
4,.dynstr,47771,47771,ascii,53,_ZN8ast_node3hirEP9exec_listP22_mesa_glsl_parse_state
4,.dynstr,47825,47825,ascii,25,_ZTS19ast_array_specifier
4,.dynstr,47851,47851,ascii,13,_ZTI8ast_node
4,.dynstr,47865,47865,ascii,52,_ZN14ast_expression15operator_stringE13ast_operators
4,.dynstr,47918,47918,ascii,47,_ZN18ast_expression_binC2EiP14ast_expressionS1_
4,.dynstr,47966,47966,ascii,32,_ZN14ast_expressionC2EiPS_S0_S0_
4,.dynstr,47999,47999,ascii,24,_ZTV18ast_expression_bin
4,.dynstr,48024,48024,ascii,32,_ZNK18ast_expression_bin5printEv
4,.dynstr,48057,48057,ascii,24,_ZTI18ast_expression_bin
4,.dynstr,48082,48082,ascii,60,_ZN14ast_expression3hirEP9exec_listP22_mesa_glsl_parse_state
4,.dynstr,48143,48143,ascii,71,_ZN14ast_expression13hir_no_rvalueEP9exec_listP22_mesa_glsl_parse_state
4,.dynstr,48215,48215,ascii,24,_ZTS18ast_expression_bin
4,.dynstr,48240,48240,ascii,20,_ZTI14ast_expression
4,.dynstr,48261,48261,ascii,47,_ZN18ast_expression_binC1EiP14ast_expressionS1_
4,.dynstr,48309,48309,ascii,46,_Z16prototype_stringPK9glsl_typePKcP9exec_list
4,.dynstr,48356,48356,ascii,38,_Z23single_scalar_parameterP9exec_list
4,.dynstr,48395,48395,ascii,63,_Z30emit_inline_vector_constructorPK9glsl_typejP9exec_listS3_Pv
4,.dynstr,48459,48459,ascii,68,_ZN11ir_variableC1EPK9glsl_typePKc16ir_variable_mode14glsl_precision
4,.dynstr,48528,48528,ascii,39,_ZNK11ir_constant18get_uint_componentEj
4,.dynstr,48568,48568,ascii,38,_ZNK11ir_constant17get_int_componentEj
4,.dynstr,48607,48607,ascii,40,_ZNK11ir_constant19get_float_componentEj
4,.dynstr,48648,48648,ascii,39,_ZNK11ir_constant18get_bool_componentEj
4,.dynstr,48688,48688,ascii,45,_ZN23ir_dereference_variableC1EP11ir_variable
4,.dynstr,48734,48734,ascii,51,_ZN11ir_constantC1EPK9glsl_typePK16ir_constant_data
4,.dynstr,48786,48786,ascii,53,_ZN13ir_assignmentC1EP14ir_dereferenceP9ir_rvalueS3_j
4,.dynstr,48840,48840,ascii,34,_ZN10ir_swizzleC1EP9ir_rvaluejjjjj
4,.dynstr,48875,48875,ascii,58,_Z23assign_to_matrix_columnP11ir_variablejjP9ir_rvaluejjPv
4,.dynstr,48934,48934,ascii,21,_ZN11ir_constantC1Ejj
4,.dynstr,48956,48956,ascii,53,_ZN20ir_dereference_arrayC1EP11ir_variableP9ir_rvalue
4,.dynstr,49010,49010,ascii,63,_Z30emit_inline_matrix_constructorPK9glsl_typeiP9exec_listS3_Pv
4,.dynstr,49074,49074,ascii,29,_ZNK9glsl_type11column_typeEv
4,.dynstr,49104,49104,ascii,38,_ZN13ir_assignmentC1EP9ir_rvalueS1_S1_
4,.dynstr,49143,49143,ascii,33,_ZN10ir_swizzleC1EP9ir_rvaluePKjj
4,.dynstr,49177,49177,ascii,24,_ZN9glsl_type9vec4_typeE
4,.dynstr,49202,49202,ascii,62,_Z30emit_inline_record_constructorPK9glsl_typeP9exec_listS3_Pv
4,.dynstr,49265,49265,ascii,43,_ZN21ir_dereference_recordC1EP9ir_rvaluePKc
4,.dynstr,49309,49309,ascii,69,_ZN23ast_function_expression3hirEP9exec_listP22_mesa_glsl_parse_state
4,.dynstr,49379,49379,ascii,64,_ZNK18ast_type_specifier9glsl_typeEPPKcP22_mesa_glsl_parse_state
4,.dynstr,49444,49444,ascii,58,_ZN22_mesa_glsl_parse_state13check_versionEjjP7YYLTYPEPKcz
4,.dynstr,49503,49503,ascii,40,_ZN17glsl_symbol_table12get_functionEPKc
4,.dynstr,49544,49544,ascii,35,_ZN17glsl_symbol_table8get_typeEPKc
4,.dynstr,49580,49580,ascii,43,_Z38_mesa_glsl_get_builtin_function_shaderv
4,.dynstr,49624,49624,ascii,29,_ZN9ir_rvalue11error_valueEPv
4,.dynstr,49654,49654,ascii,40,_ZN17glsl_symbol_table12get_variableEPKc
4,.dynstr,49695,49695,ascii,38,_ZN11ir_function18has_user_signatureEv
4,.dynstr,49734,49734,ascii,77,_ZN11ir_function18matching_signatureEP22_mesa_glsl_parse_statePK9exec_listbPb
4,.dynstr,49812,49812,ascii,44,_Z39_mesa_glsl_initialize_builtin_functionsv
4,.dynstr,49857,49857,ascii,75,_Z32_mesa_glsl_find_builtin_functionP22_mesa_glsl_parse_statePKcP9exec_list
4,.dynstr,49933,49933,ascii,22,_ZN11ir_functionC1EPKc
4,.dynstr,49956,49956,ascii,58,_ZN17glsl_symbol_table19add_global_functionEP11ir_function
4,.dynstr,50015,50015,ascii,56,_Z13emit_functionP22_mesa_glsl_parse_stateP11ir_function
4,.dynstr,50072,50072,ascii,60,_ZNK21ir_function_signature15clone_prototypeEPvP10hash_table
4,.dynstr,50133,50133,ascii,54,_ZN13ir_expressionC1EiPK9glsl_typeP9ir_rvalueS4_S4_S4_
4,.dynstr,50188,50188,ascii,78,_ZN21ir_function_signature25constant_expression_valueEP9exec_listP10hash_table
4,.dynstr,50267,50267,ascii,21,_ZN11ir_constantC1Eij
4,.dynstr,50289,50289,ascii,42,_ZN11ir_constantC1EPK9glsl_typeP9exec_list
4,.dynstr,50332,50332,ascii,75,_ZN7ir_callC2EP21ir_function_signatureP23ir_dereference_variableP9exec_list
4,.dynstr,50408,50408,ascii,24,_ZN11ir_constantC1EPKS_j
4,.dynstr,50433,50433,ascii,45,_ZN11ir_variable26temporaries_allocate_namesE
4,.dynstr,50479,50479,ascii,39,_ZN9glsl_type18get_array_instanceEPKS_j
4,.dynstr,50519,50519,ascii,71,_ZNK9glsl_type25can_implicitly_convert_toEPKS_P22_mesa_glsl_parse_state
4,.dynstr,50591,50591,ascii,78,_Z25apply_implicit_conversionPK9glsl_typeRP9ir_rvalueP22_mesa_glsl_parse_state
4,.dynstr,50670,50670,ascii,33,_ZN13ir_expressionC1EiP9ir_rvalue
4,.dynstr,50704,50704,ascii,71,_ZN25ast_aggregate_initializer3hirEP9exec_listP22_mesa_glsl_parse_state
4,.dynstr,50776,50776,ascii,33,_ZNK9glsl_type15get_scalar_typeEv
4,.dynstr,50810,50810,ascii,41,_ZNK21ir_function_signature10is_builtinEv
4,.dynstr,50852,50852,ascii,76,_ZNK21ir_function_signature20is_builtin_availableEPK22_mesa_glsl_parse_state
4,.dynstr,50929,50929,ascii,12,_ZTV7ir_call
4,.dynstr,50942,50942,ascii,29,_ZTV23ast_function_expression
4,.dynstr,50972,50972,ascii,29,_ZTI23ast_function_expression
4,.dynstr,51002,51002,ascii,28,_ZNK14ast_expression5printEv
4,.dynstr,51031,51031,ascii,80,_ZN23ast_function_expression13hir_no_rvalueEP9exec_listP22_mesa_glsl_parse_state
4,.dynstr,51112,51112,ascii,29,_ZTS23ast_function_expression
4,.dynstr,51142,51142,ascii,31,_ZTV25ast_aggregate_initializer
4,.dynstr,51174,51174,ascii,31,_ZTI25ast_aggregate_initializer
4,.dynstr,51206,51206,ascii,82,_ZN25ast_aggregate_initializer13hir_no_rvalueEP9exec_listP22_mesa_glsl_parse_state
4,.dynstr,51289,51289,ascii,31,_ZTS25ast_aggregate_initializer
4,.dynstr,51321,51321,ascii,56,_Z16_mesa_ast_to_hirP9exec_listP22_mesa_glsl_parse_state
4,.dynstr,51378,51378,ascii,71,_Z31_mesa_glsl_initialize_variablesP9exec_listP22_mesa_glsl_parse_state
4,.dynstr,51450,51450,ascii,36,_ZN17glsl_symbol_table10push_scopeEv
4,.dynstr,51487,51487,ascii,65,_Z25detect_recursion_unlinkedP22_mesa_glsl_parse_stateP9exec_list
4,.dynstr,51553,51553,ascii,32,_ZN23ir_hierarchical_visitorC2Ev
4,.dynstr,51586,51586,ascii,44,_ZN23ir_hierarchical_visitor3runEP9exec_list
4,.dynstr,51631,51631,ascii,44,_ZN17glsl_symbol_table16disable_variableEPKc
4,.dynstr,51676,51676,ascii,35,_ZTV29interface_block_usage_visitor
4,.dynstr,51712,51712,ascii,80,_Z19validate_assignmentP22_mesa_glsl_parse_state7YYLTYPEPK9glsl_typeP9ir_rvalueb
4,.dynstr,51793,51793,ascii,89,_Z26get_scalar_boolean_operandP9exec_listP22_mesa_glsl_parse_stateP14ast_expressioniPKcPb
4,.dynstr,51883,51883,ascii,21,_ZN11ir_constantC1Ebj
4,.dynstr,51905,51905,ascii,64,_ZN14ast_expression6do_hirEP9exec_listP22_mesa_glsl_parse_stateb
4,.dynstr,51970,51970,ascii,40,_Z16higher_precisionP14ir_instructionS0_
4,.dynstr,52011,52011,ascii,90,_Z32_mesa_ast_field_selection_to_hirPK14ast_expressionP9exec_listP22_mesa_glsl_parse_state
4,.dynstr,52102,52102,ascii,21,_ZN11ir_constantC1Efj
4,.dynstr,52124,52124,ascii,24,_ZN9glsl_type9bool_typeE
4,.dynstr,52149,52149,ascii,38,_Z17precision_from_irP14ir_instruction
4,.dynstr,52188,52188,ascii,33,_ZNK9glsl_type15contains_opaqueEv
4,.dynstr,52222,52222,ascii,10,_ZTV5ir_if
4,.dynstr,52233,52233,ascii,38,_ZN10ir_builder5derefC2EP11ir_variable
4,.dynstr,52272,52272,ascii,45,_ZN10ir_builder6assignENS_5derefENS_7operandE
4,.dynstr,52318,52318,ascii,70,_ZN24ast_expression_statement3hirEP9exec_listP22_mesa_glsl_parse_state
4,.dynstr,52389,52389,ascii,68,_ZN22ast_compound_statement3hirEP9exec_listP22_mesa_glsl_parse_state
4,.dynstr,52458,52458,ascii,34,_ZN17glsl_symbol_table9pop_scopeEv
4,.dynstr,52493,52493,ascii,70,_ZNK24ast_fully_specified_type9glsl_typeEPPKcP22_mesa_glsl_parse_state
4,.dynstr,52564,52564,ascii,118,_Z19process_initializerP11ir_variableP15ast_declarationP24ast_fully_specified_typeP9exec_listP22_mesa_glsl_parse_state
4,.dynstr,52683,52683,ascii,28,_mesa_shader_stage_to_string
4,.dynstr,52712,52712,ascii,61,_Z28_mesa_ast_set_aggregate_typePK9glsl_typeP14ast_expression
4,.dynstr,52774,52774,ascii,36,_ZN11ir_constant4zeroEPvPK9glsl_type
4,.dynstr,52811,52811,ascii,59,_Z19validate_identifierPKc7YYLTYPEP22_mesa_glsl_parse_state
4,.dynstr,52871,52871,ascii,65,_ZN19ast_declarator_list3hirEP9exec_listP22_mesa_glsl_parse_state
4,.dynstr,52937,52937,ascii,52,_ZN17glsl_symbol_table24name_declared_this_scopeEPKc
4,.dynstr,52990,52990,ascii,29,_ZNK9glsl_type11atomic_sizeEv
4,.dynstr,53020,53020,ascii,34,_ZNK9glsl_type16contains_integerEv
4,.dynstr,53055,53055,ascii,45,_ZNK18ast_type_qualifier17has_interpolationEv
4,.dynstr,53101,53101,ascii,48,_ZNK18ast_type_qualifier20interpolation_stringEv
4,.dynstr,53150,53150,ascii,51,_ZN17glsl_symbol_table12add_variableEP11ir_variable
4,.dynstr,53202,53202,ascii,93,_ZN22_mesa_glsl_parse_state39check_explicit_uniform_location_allowedEP7YYLTYPEPK11ir_variable
4,.dynstr,53296,53296,ascii,35,_ZNK9glsl_type17uniform_locationsEv
4,.dynstr,53332,53332,ascii,91,_ZN22_mesa_glsl_parse_state37check_separate_shader_objects_allowedEP7YYLTYPEPK11ir_variable
4,.dynstr,53424,53424,ascii,92,_ZN22_mesa_glsl_parse_state38check_explicit_attrib_location_allowedEP7YYLTYPEPK11ir_variable
4,.dynstr,53517,53517,ascii,30,_Z11mode_stringPK11ir_variable
4,.dynstr,53548,53548,ascii,38,_ZNK18ast_type_qualifier10has_layoutEv
4,.dynstr,53587,53587,ascii,32,_ZNK9glsl_type14contains_imageEv
4,.dynstr,53620,53620,ascii,22,_Z17vertices_per_primj
4,.dynstr,53643,53643,ascii,40,_Z19depth_layout_string15ir_depth_layout
4,.dynstr,53684,53684,ascii,70,_ZN24ast_parameter_declarator3hirEP9exec_listP22_mesa_glsl_parse_state
4,.dynstr,53755,53755,ascii,89,_ZN24ast_parameter_declarator17parameters_to_hirEP9exec_listbS1_P22_mesa_glsl_parse_state
4,.dynstr,53845,53845,ascii,58,_ZN12ast_function3hirEP9exec_listP22_mesa_glsl_parse_state
4,.dynstr,53904,53904,ascii,48,_ZNK24ast_fully_specified_type14has_qualifiersEv
4,.dynstr,53953,53953,ascii,51,_ZN17glsl_symbol_table12add_functionEP11ir_function
4,.dynstr,54005,54005,ascii,80,_ZN11ir_function24exact_matching_signatureEP22_mesa_glsl_parse_statePK9exec_list
4,.dynstr,54086,54086,ascii,56,_ZN21ir_function_signature16qualifiers_matchEP9exec_list
4,.dynstr,54143,54143,ascii,87,_ZN21ir_function_signatureC1EPK9glsl_type14glsl_precisionPFbPK22_mesa_glsl_parse_stateE
4,.dynstr,54231,54231,ascii,58,_ZN21ir_function_signature18replace_parametersEP9exec_list
4,.dynstr,54290,54290,ascii,69,_ZN23ast_function_definition3hirEP9exec_listP22_mesa_glsl_parse_state
4,.dynstr,54360,54360,ascii,64,_ZN18ast_jump_statement3hirEP9exec_listP22_mesa_glsl_parse_state
4,.dynstr,54425,54425,ascii,83,_ZN23ast_iteration_statement16condition_to_hirEP9exec_listP22_mesa_glsl_parse_state
4,.dynstr,54509,54509,ascii,18,_ZTV12ir_loop_jump
4,.dynstr,54528,54528,ascii,16,_ZTV10ir_discard
4,.dynstr,54545,54545,ascii,24,_ZN9glsl_type9void_typeE
4,.dynstr,54570,54570,ascii,14,_ZTV9ir_return
4,.dynstr,54585,54585,ascii,69,_ZN23ast_selection_statement3hirEP9exec_listP22_mesa_glsl_parse_state
4,.dynstr,54655,54655,ascii,66,_ZN20ast_switch_statement3hirEP9exec_listP22_mesa_glsl_parse_state
4,.dynstr,54722,54722,ascii,75,_ZN20ast_switch_statement11test_to_hirEP9exec_listP22_mesa_glsl_parse_state
4,.dynstr,54798,54798,ascii,61,_ZN15ast_switch_body3hirEP9exec_listP22_mesa_glsl_parse_state
4,.dynstr,54860,54860,ascii,69,_ZN23ast_case_statement_list3hirEP9exec_listP22_mesa_glsl_parse_state
4,.dynstr,54930,54930,ascii,64,_ZN18ast_case_statement3hirEP9exec_listP22_mesa_glsl_parse_state
4,.dynstr,54995,54995,ascii,65,_ZN19ast_case_label_list3hirEP9exec_listP22_mesa_glsl_parse_state
4,.dynstr,55061,55061,ascii,60,_ZN14ast_case_label3hirEP9exec_listP22_mesa_glsl_parse_state
4,.dynstr,55122,55122,ascii,23,_ZN9glsl_type8int_typeE
4,.dynstr,55146,55146,ascii,24,_ZN9glsl_type9uint_typeE
4,.dynstr,55171,55171,ascii,69,_ZN23ast_iteration_statement3hirEP9exec_listP22_mesa_glsl_parse_state
4,.dynstr,55241,55241,ascii,15,_ZN7ir_loopC1Ev
4,.dynstr,55257,55257,ascii,64,_ZN18ast_type_specifier3hirEP9exec_listP22_mesa_glsl_parse_state
4,.dynstr,55322,55322,ascii,28,_ZTV22ir_precision_statement
4,.dynstr,55351,55351,ascii,5,msync
4,.dynstr,55357,55357,ascii,153,_Z40ast_process_structure_or_interface_blockP9exec_listP22_mesa_glsl_parse_stateS0_R7YYLTYPEPP17glsl_struct_fieldb18glsl_matrix_layoutb16ir_variable_mode
4,.dynstr,55511,55511,ascii,49,_ZNK18ast_type_qualifier21has_auxiliary_storageEv
4,.dynstr,55561,55561,ascii,25,_Z20interpolation_stringj
4,.dynstr,55587,55587,ascii,66,_ZN20ast_struct_specifier3hirEP9exec_listP22_mesa_glsl_parse_state
4,.dynstr,55654,55654,ascii,6,munmap
4,.dynstr,55661,55661,ascii,60,_ZN9glsl_type19get_record_instanceEPK17glsl_struct_fieldjPKc
4,.dynstr,55722,55722,ascii,47,_ZN17glsl_symbol_table8add_typeEPKcPK9glsl_type
4,.dynstr,55770,55770,ascii,6,perror
4,.dynstr,55777,55777,ascii,27,_ZTV21ir_typedecl_statement
4,.dynstr,55805,55805,ascii,18,pthread_key_create
4,.dynstr,55824,55824,ascii,65,_ZN19ast_interface_block3hirEP9exec_listP22_mesa_glsl_parse_state
4,.dynstr,55890,55890,ascii,87,_ZN9glsl_type22get_interface_instanceEPK17glsl_struct_fieldj22glsl_interface_packingPKc
4,.dynstr,55978,55978,ascii,71,_ZN17glsl_symbol_table13add_interfaceEPKcPK9glsl_type16ir_variable_mode
4,.dynstr,56050,56050,ascii,52,_ZN11ir_variable21reinit_interface_typeEPK9glsl_type
4,.dynstr,56103,56103,ascii,50,_ZN11ir_variable19init_interface_typeEPK9glsl_type
4,.dynstr,56154,56154,ascii,12,pthread_self
4,.dynstr,56167,56167,ascii,65,_ZN19ast_gs_input_layout3hirEP9exec_listP22_mesa_glsl_parse_state
4,.dynstr,56233,56233,ascii,19,pthread_setspecific
4,.dynstr,56253,56253,ascii,65,_ZN19ast_cs_input_layout3hirEP9exec_listP22_mesa_glsl_parse_state
4,.dynstr,56319,56319,ascii,19,pthread_getspecific
4,.dynstr,56339,56339,ascii,26,_ZN9glsl_type10ivec3_typeE
4,.dynstr,56366,56366,ascii,67,_ZN29interface_block_usage_visitor5visitEP23ir_dereference_variable
4,.dynstr,56434,56434,ascii,20,_ZTV14ast_expression
4,.dynstr,56455,56455,ascii,20,_ZTS14ast_expression
4,.dynstr,56476,56476,ascii,25,_ZTV19ast_interface_block
4,.dynstr,56502,56502,ascii,25,_ZTI19ast_interface_block
4,.dynstr,56528,56528,ascii,21,_ZNK8ast_node5printEv
4,.dynstr,56550,56550,ascii,25,_ZTS19ast_interface_block
4,.dynstr,56576,56576,ascii,25,_ZTV19ast_gs_input_layout
4,.dynstr,56602,56602,ascii,25,_ZTI19ast_gs_input_layout
4,.dynstr,56628,56628,ascii,25,_ZTS19ast_gs_input_layout
4,.dynstr,56654,56654,ascii,25,_ZTV19ast_cs_input_layout
4,.dynstr,56680,56680,ascii,25,_ZTI19ast_cs_input_layout
4,.dynstr,56706,56706,ascii,9,sigsetjmp
4,.dynstr,56716,56716,ascii,25,_ZTS19ast_cs_input_layout
4,.dynstr,56742,56742,ascii,9,sigaction
4,.dynstr,56752,56752,ascii,35,_ZTI29interface_block_usage_visitor
4,.dynstr,56788,56788,ascii,46,_ZN23ir_hierarchical_visitor5visitEP9ir_rvalue
4,.dynstr,56835,56835,ascii,10,siglongjmp
4,.dynstr,56846,56846,ascii,49,_ZN23ir_hierarchical_visitor5visitEP11ir_variable
4,.dynstr,56896,56896,ascii,49,_ZN23ir_hierarchical_visitor5visitEP11ir_constant
4,.dynstr,56946,56946,ascii,50,_ZN23ir_hierarchical_visitor5visitEP12ir_loop_jump
4,.dynstr,56997,56997,ascii,60,_ZN23ir_hierarchical_visitor5visitEP22ir_precision_statement
4,.dynstr,57058,57058,ascii,59,_ZN23ir_hierarchical_visitor5visitEP21ir_typedecl_statement
4,.dynstr,57118,57118,ascii,51,_ZN23ir_hierarchical_visitor11visit_enterEP7ir_loop
4,.dynstr,57170,57170,ascii,51,_ZN23ir_hierarchical_visitor11visit_leaveEP7ir_loop
4,.dynstr,57222,57222,ascii,66,_ZN23ir_hierarchical_visitor11visit_enterEP21ir_function_signature
4,.dynstr,57289,57289,ascii,66,_ZN23ir_hierarchical_visitor11visit_leaveEP21ir_function_signature
4,.dynstr,57356,57356,ascii,56,_ZN23ir_hierarchical_visitor11visit_enterEP11ir_function
4,.dynstr,57413,57413,ascii,56,_ZN23ir_hierarchical_visitor11visit_leaveEP11ir_function
4,.dynstr,57470,57470,ascii,58,_ZN23ir_hierarchical_visitor11visit_enterEP13ir_expression
4,.dynstr,57529,57529,ascii,58,_ZN23ir_hierarchical_visitor11visit_leaveEP13ir_expression
4,.dynstr,57588,57588,ascii,55,_ZN23ir_hierarchical_visitor11visit_enterEP10ir_texture
4,.dynstr,57644,57644,ascii,55,_ZN23ir_hierarchical_visitor11visit_leaveEP10ir_texture
4,.dynstr,57700,57700,ascii,55,_ZN23ir_hierarchical_visitor11visit_enterEP10ir_swizzle
4,.dynstr,57756,57756,ascii,55,_ZN23ir_hierarchical_visitor11visit_leaveEP10ir_swizzle
4,.dynstr,57812,57812,ascii,65,_ZN23ir_hierarchical_visitor11visit_enterEP20ir_dereference_array
4,.dynstr,57878,57878,ascii,65,_ZN23ir_hierarchical_visitor11visit_leaveEP20ir_dereference_array
4,.dynstr,57944,57944,ascii,66,_ZN23ir_hierarchical_visitor11visit_enterEP21ir_dereference_record
4,.dynstr,58011,58011,ascii,66,_ZN23ir_hierarchical_visitor11visit_leaveEP21ir_dereference_record
4,.dynstr,58078,58078,ascii,58,_ZN23ir_hierarchical_visitor11visit_enterEP13ir_assignment
4,.dynstr,58137,58137,ascii,58,_ZN23ir_hierarchical_visitor11visit_leaveEP13ir_assignment
4,.dynstr,58196,58196,ascii,51,_ZN23ir_hierarchical_visitor11visit_enterEP7ir_call
4,.dynstr,58248,58248,ascii,51,_ZN23ir_hierarchical_visitor11visit_leaveEP7ir_call
4,.dynstr,58300,58300,ascii,53,_ZN23ir_hierarchical_visitor11visit_enterEP9ir_return
4,.dynstr,58354,58354,ascii,53,_ZN23ir_hierarchical_visitor11visit_leaveEP9ir_return
4,.dynstr,58408,58408,ascii,55,_ZN23ir_hierarchical_visitor11visit_enterEP10ir_discard
4,.dynstr,58464,58464,ascii,55,_ZN23ir_hierarchical_visitor11visit_leaveEP10ir_discard
4,.dynstr,58520,58520,ascii,49,_ZN23ir_hierarchical_visitor11visit_enterEP5ir_if
4,.dynstr,58570,58570,ascii,49,_ZN23ir_hierarchical_visitor11visit_leaveEP5ir_if
4,.dynstr,58620,58620,ascii,59,_ZN23ir_hierarchical_visitor11visit_enterEP14ir_emit_vertex
4,.dynstr,58680,58680,ascii,59,_ZN23ir_hierarchical_visitor11visit_leaveEP14ir_emit_vertex
4,.dynstr,58740,58740,ascii,61,_ZN23ir_hierarchical_visitor11visit_enterEP16ir_end_primitive
4,.dynstr,58802,58802,ascii,61,_ZN23ir_hierarchical_visitor11visit_leaveEP16ir_end_primitive
4,.dynstr,58864,58864,ascii,35,_ZTS29interface_block_usage_visitor
4,.dynstr,58900,58900,ascii,29,_ZTI23ir_hierarchical_visitor
4,.dynstr,58930,58930,ascii,32,_ZNK18ast_type_specifier5printEv
4,.dynstr,58963,58963,ascii,39,_ZNK18ast_type_qualifier11has_storageEv
4,.dynstr,59003,59003,ascii,77,_ZN18ast_type_qualifier15merge_qualifierEP7YYLTYPEP22_mesa_glsl_parse_stateS_
4,.dynstr,59081,59081,ascii,91,_ZN18ast_type_qualifier18merge_in_qualifierEP7YYLTYPEP22_mesa_glsl_parse_stateS_RP8ast_node
4,.dynstr,59173,59173,ascii,16,_ZN8ast_nodeC2Ev
4,.dynstr,59190,59190,ascii,35,_ZN8ast_node18_ralloc_destructorEPv
4,.dynstr,59226,59226,ascii,24,_ZTV18ast_type_specifier
4,.dynstr,59251,59251,ascii,24,_ZTI18ast_type_specifier
4,.dynstr,59276,59276,ascii,24,_ZTS18ast_type_specifier
4,.dynstr,59301,59301,ascii,16,_mesa_new_shader
4,.dynstr,59318,59318,ascii,26,_ZN17glsl_symbol_tableC1Ev
4,.dynstr,59345,59345,ascii,45,_ZN17glsl_symbol_table18_ralloc_destructorEPv
4,.dynstr,59391,59391,ascii,24,_ZN9glsl_type9mat4_typeE
4,.dynstr,59416,59416,ascii,41,_Z36_mesa_glsl_release_builtin_functionsv
4,.dynstr,59458,59458,ascii,75,_ZN11ir_function18matching_signatureEP22_mesa_glsl_parse_statePK9exec_listb
4,.dynstr,59534,59534,ascii,26,_ZN9glsl_type10float_typeE
4,.dynstr,59561,59561,ascii,24,_ZN9glsl_type9vec2_typeE
4,.dynstr,59586,59586,ascii,24,_ZN9glsl_type9vec3_typeE
4,.dynstr,59611,59611,ascii,26,_ZN9glsl_type10ivec2_typeE
4,.dynstr,59638,59638,ascii,26,_ZN9glsl_type10ivec4_typeE
4,.dynstr,59665,59665,ascii,26,_ZN9glsl_type10uvec2_typeE
4,.dynstr,59692,59692,ascii,26,_ZN9glsl_type10uvec3_typeE
4,.dynstr,59719,59719,ascii,26,_ZN9glsl_type10uvec4_typeE
4,.dynstr,59746,59746,ascii,26,_ZN9glsl_type10bvec2_typeE
4,.dynstr,59773,59773,ascii,26,_ZN9glsl_type10bvec3_typeE
4,.dynstr,59800,59800,ascii,26,_ZN9glsl_type10bvec4_typeE
4,.dynstr,59827,59827,ascii,24,_ZN9glsl_type9mat2_typeE
4,.dynstr,59852,59852,ascii,24,_ZN9glsl_type9mat3_typeE
4,.dynstr,59877,59877,ascii,27,_ZN9glsl_type11mat2x3_typeE
4,.dynstr,59905,59905,ascii,27,_ZN9glsl_type11mat2x4_typeE
4,.dynstr,59933,59933,ascii,27,_ZN9glsl_type11mat3x2_typeE
4,.dynstr,59961,59961,ascii,27,_ZN9glsl_type11mat3x4_typeE
4,.dynstr,59989,59989,ascii,27,_ZN9glsl_type11mat4x2_typeE
4,.dynstr,60017,60017,ascii,27,_ZN9glsl_type11mat4x3_typeE
4,.dynstr,60045,60045,ascii,40,_ZN10ir_builder7operandC2EP11ir_variable
4,.dynstr,60086,60086,ascii,58,_ZN10ir_builder4exprE23ir_expression_operationNS_7operandE
4,.dynstr,60145,60145,ascii,32,_ZN10ir_builder3retENS_7operandE
4,.dynstr,60178,60178,ascii,50,_ZN10ir_builder10ir_factory4emitEP14ir_instruction
4,.dynstr,60229,60229,ascii,38,_ZN10ir_builder7swizzleENS_7operandEii
4,.dynstr,60268,60268,ascii,35,_ZN10ir_builder3mulENS_7operandES0_
4,.dynstr,60304,60304,ascii,35,_ZN10ir_builder3subENS_7operandES0_
4,.dynstr,60340,60340,ascii,35,_ZN10ir_builder3addENS_7operandES0_
4,.dynstr,60376,60376,ascii,69,_ZN10ir_builder10ir_factory9make_tempEPK9glsl_typePKc14glsl_precision
4,.dynstr,60446,60446,ascii,46,_ZN10ir_builder6assignENS_5derefENS_7operandEi
4,.dynstr,60493,60493,ascii,32,_ZN10ir_builder3negENS_7operandE
4,.dynstr,60526,60526,ascii,35,_ZN10ir_builder3divENS_7operandES0_
4,.dynstr,60562,60562,ascii,20,_ZN9glsl_type4bvecEj
4,.dynstr,60583,60583,ascii,30,_ZN9glsl_type14sampler1D_typeE
4,.dynstr,60614,60614,ascii,31,_ZN9glsl_type15isampler1D_typeE
4,.dynstr,60646,60646,ascii,31,_ZN9glsl_type15usampler1D_typeE
4,.dynstr,60678,60678,ascii,30,_ZN9glsl_type14sampler2D_typeE
4,.dynstr,60709,60709,ascii,31,_ZN9glsl_type15isampler2D_typeE
4,.dynstr,60741,60741,ascii,31,_ZN9glsl_type15usampler2D_typeE
4,.dynstr,60773,60773,ascii,30,_ZN9glsl_type14sampler3D_typeE
4,.dynstr,60804,60804,ascii,31,_ZN9glsl_type15isampler3D_typeE
4,.dynstr,60836,60836,ascii,31,_ZN9glsl_type15usampler3D_typeE
4,.dynstr,60868,60868,ascii,32,_ZN9glsl_type16samplerCube_typeE
4,.dynstr,60901,60901,ascii,33,_ZN9glsl_type17isamplerCube_typeE
4,.dynstr,60935,60935,ascii,33,_ZN9glsl_type17usamplerCube_typeE
4,.dynstr,60969,60969,ascii,36,_ZN9glsl_type20sampler1DShadow_typeE
4,.dynstr,61006,61006,ascii,36,_ZN9glsl_type20sampler2DShadow_typeE
4,.dynstr,61043,61043,ascii,38,_ZN9glsl_type22samplerCubeShadow_typeE
4,.dynstr,61082,61082,ascii,35,_ZN9glsl_type19sampler1DArray_typeE
4,.dynstr,61118,61118,ascii,36,_ZN9glsl_type20isampler1DArray_typeE
4,.dynstr,61155,61155,ascii,36,_ZN9glsl_type20usampler1DArray_typeE
4,.dynstr,61192,61192,ascii,35,_ZN9glsl_type19sampler2DArray_typeE
4,.dynstr,61228,61228,ascii,36,_ZN9glsl_type20isampler2DArray_typeE
4,.dynstr,61265,61265,ascii,36,_ZN9glsl_type20usampler2DArray_typeE
4,.dynstr,61302,61302,ascii,41,_ZN9glsl_type25sampler1DArrayShadow_typeE
4,.dynstr,61344,61344,ascii,41,_ZN9glsl_type25sampler2DArrayShadow_typeE
4,.dynstr,61386,61386,ascii,37,_ZN9glsl_type21samplerCubeArray_typeE
4,.dynstr,61424,61424,ascii,38,_ZN9glsl_type22isamplerCubeArray_typeE
4,.dynstr,61463,61463,ascii,38,_ZN9glsl_type22usamplerCubeArray_typeE
4,.dynstr,61502,61502,ascii,43,_ZN9glsl_type27samplerCubeArrayShadow_typeE
4,.dynstr,61546,61546,ascii,34,_ZN9glsl_type18sampler2DRect_typeE
4,.dynstr,61581,61581,ascii,35,_ZN9glsl_type19isampler2DRect_typeE
4,.dynstr,61617,61617,ascii,35,_ZN9glsl_type19usampler2DRect_typeE
4,.dynstr,61653,61653,ascii,40,_ZN9glsl_type24sampler2DRectShadow_typeE
4,.dynstr,61694,61694,ascii,34,_ZN9glsl_type18samplerBuffer_typeE
4,.dynstr,61729,61729,ascii,35,_ZN9glsl_type19isamplerBuffer_typeE
4,.dynstr,61765,61765,ascii,35,_ZN9glsl_type19usamplerBuffer_typeE
4,.dynstr,61801,61801,ascii,32,_ZN9glsl_type16sampler2DMS_typeE
4,.dynstr,61834,61834,ascii,33,_ZN9glsl_type17isampler2DMS_typeE
4,.dynstr,61868,61868,ascii,33,_ZN9glsl_type17usampler2DMS_typeE
4,.dynstr,61902,61902,ascii,37,_ZN9glsl_type21sampler2DMSArray_typeE
4,.dynstr,61940,61940,ascii,38,_ZN9glsl_type22isampler2DMSArray_typeE
4,.dynstr,61979,61979,ascii,17,pthread_cond_wait
4,.dynstr,61997,61997,ascii,38,_ZN9glsl_type22usampler2DMSArray_typeE
4,.dynstr,62036,62036,ascii,22,pthread_cond_broadcast
4,.dynstr,62059,62059,ascii,16,_ZTV10ir_texture
4,.dynstr,62076,62076,ascii,46,_ZN9ir_rvalueC2E12ir_node_type14glsl_precision
4,.dynstr,62123,62123,ascii,58,_ZN10ir_texture11set_samplerEP14ir_dereferencePK9glsl_type
4,.dynstr,62182,62182,ascii,20,_ZTV14ir_emit_vertex
4,.dynstr,62203,62203,ascii,22,_ZTV16ir_end_primitive
4,.dynstr,62226,62226,ascii,39,_ZN9glsl_type23samplerExternalOES_typeE
4,.dynstr,62266,62266,ascii,20,_ZN9glsl_type4ivecEj
4,.dynstr,62287,62287,ascii,26,_ZN17glsl_symbol_tableD1Ev
4,.dynstr,62314,62314,ascii,32,_ZN9glsl_type16atomic_uint_typeE
4,.dynstr,62347,62347,ascii,39,_ZNK9glsl_type21coordinate_componentsEv
4,.dynstr,62387,62387,ascii,28,_ZN9glsl_type12image2D_typeE
4,.dynstr,62416,62416,ascii,33,_ZN9glsl_type17uimageBuffer_typeE
4,.dynstr,62450,62450,ascii,34,_ZN9glsl_type18uimage1DArray_typeE
4,.dynstr,62485,62485,ascii,34,_ZN9glsl_type18uimage2DArray_typeE
4,.dynstr,62520,62520,ascii,36,_ZN9glsl_type20uimageCubeArray_typeE
4,.dynstr,62557,62557,ascii,31,_ZN9glsl_type15uimage2DMS_typeE
4,.dynstr,62589,62589,ascii,36,_ZN9glsl_type20uimage2DMSArray_typeE
4,.dynstr,62626,62626,ascii,28,_ZN9glsl_type12image1D_typeE
4,.dynstr,62655,62655,ascii,28,_ZN9glsl_type12image3D_typeE
4,.dynstr,62684,62684,ascii,32,_ZN9glsl_type16image2DRect_typeE
4,.dynstr,62717,62717,ascii,30,_ZN9glsl_type14imageCube_typeE
4,.dynstr,62748,62748,ascii,32,_ZN9glsl_type16imageBuffer_typeE
4,.dynstr,62781,62781,ascii,33,_ZN9glsl_type17image1DArray_typeE
4,.dynstr,62815,62815,ascii,33,_ZN9glsl_type17image2DArray_typeE
4,.dynstr,62849,62849,ascii,35,_ZN9glsl_type19imageCubeArray_typeE
4,.dynstr,62885,62885,ascii,30,_ZN9glsl_type14image2DMS_typeE
4,.dynstr,62916,62916,ascii,35,_ZN9glsl_type19image2DMSArray_typeE
4,.dynstr,62952,62952,ascii,29,_ZN9glsl_type13iimage1D_typeE
4,.dynstr,62982,62982,ascii,29,_ZN9glsl_type13iimage2D_typeE
4,.dynstr,63012,63012,ascii,29,_ZN9glsl_type13iimage3D_typeE
4,.dynstr,63042,63042,ascii,33,_ZN9glsl_type17iimage2DRect_typeE
4,.dynstr,63076,63076,ascii,31,_ZN9glsl_type15iimageCube_typeE
4,.dynstr,63108,63108,ascii,33,_ZN9glsl_type17iimageBuffer_typeE
4,.dynstr,63142,63142,ascii,34,_ZN9glsl_type18iimage1DArray_typeE
4,.dynstr,63177,63177,ascii,34,_ZN9glsl_type18iimage2DArray_typeE
4,.dynstr,63212,63212,ascii,18,pthread_mutex_lock
4,.dynstr,63231,63231,ascii,31,_ZN9glsl_type15iimage2DMS_typeE
4,.dynstr,63263,63263,ascii,18,pthread_mutex_init
4,.dynstr,63282,63282,ascii,36,_ZN9glsl_type20iimageCubeArray_typeE
4,.dynstr,63319,63319,ascii,21,pthread_mutex_destroy
4,.dynstr,63341,63341,ascii,36,_ZN9glsl_type20iimage2DMSArray_typeE
4,.dynstr,63378,63378,ascii,18,pthread_key_delete
4,.dynstr,63397,63397,ascii,29,_ZN9glsl_type13uimage1D_typeE
4,.dynstr,63427,63427,ascii,9,__assert2
4,.dynstr,63437,63437,ascii,29,_ZN9glsl_type13uimage2D_typeE
4,.dynstr,63467,63467,ascii,29,_ZN9glsl_type13uimage3D_typeE
4,.dynstr,63497,63497,ascii,33,_ZN9glsl_type17uimage2DRect_typeE
4,.dynstr,63531,63531,ascii,20,pthread_mutex_unlock
4,.dynstr,63552,63552,ascii,31,_ZN9glsl_type15uimageCube_typeE
4,.dynstr,63584,63584,ascii,32,_ZN10ir_builder3sinENS_7operandE
4,.dynstr,63617,63617,ascii,32,_ZN10ir_builder3cosENS_7operandE
4,.dynstr,63650,63650,ascii,32,_ZN10ir_builder3absENS_7operandE
4,.dynstr,63683,63683,ascii,7,dlclose
4,.dynstr,63691,63691,ascii,39,_ZN10ir_builder7greaterENS_7operandES0_
4,.dynstr,63731,63731,ascii,36,_ZN10ir_builder4lessENS_7operandES0_
4,.dynstr,63768,63768,ascii,38,_ZN10ir_builder6gequalENS_7operandES0_
4,.dynstr,63807,63807,ascii,56,_ZN10ir_builder7if_treeENS_7operandEP14ir_instructionS2_
4,.dynstr,63864,63864,ascii,33,_ZN10ir_builder4signENS_7operandE
4,.dynstr,63898,63898,ascii,32,_ZN10ir_builder3expENS_7operandE
4,.dynstr,63931,63931,ascii,33,_ZN10ir_builder4sqrtENS_7operandE
4,.dynstr,63965,63965,ascii,32,_ZN10ir_builder3logENS_7operandE
4,.dynstr,63998,63998,ascii,40,_ZN10ir_builder5clampENS_7operandES0_S0_
4,.dynstr,64039,64039,ascii,38,_ZN10ir_builder3lrpENS_7operandES0_S0_
4,.dynstr,64078,64078,ascii,39,_ZN10ir_builder4cselENS_7operandES0_S0_
4,.dynstr,64118,64118,ascii,32,_ZN10ir_builder3b2fENS_7operandE
4,.dynstr,64151,64151,ascii,38,_ZN10ir_builder6nequalENS_7operandES0_
4,.dynstr,64190,64190,ascii,37,_ZN10ir_builder5equalENS_7operandES0_
4,.dynstr,64228,64228,ascii,41,_ZN10ir_builder11bitcast_f2iENS_7operandE
4,.dynstr,64270,64270,ascii,20,_ZN9glsl_type4uvecEj
4,.dynstr,64291,64291,ascii,41,_ZN10ir_builder11bitcast_f2uENS_7operandE
4,.dynstr,64333,64333,ascii,8,memalign
4,.dynstr,64342,64342,ascii,19,_ZN9glsl_type3vecEj
4,.dynstr,64362,64362,ascii,41,_ZN10ir_builder11bitcast_i2fENS_7operandE
4,.dynstr,64404,64404,ascii,41,_ZN10ir_builder11bitcast_u2fENS_7operandE
4,.dynstr,64446,64446,ascii,35,_ZN10ir_builder3dotENS_7operandES0_
4,.dynstr,64482,64482,ascii,38,_ZN10ir_builder9swizzle_xENS_7operandE
4,.dynstr,64521,64521,ascii,38,_ZN10ir_builder9swizzle_yENS_7operandE
4,.dynstr,64560,64560,ascii,41,_ZN10ir_builder9logic_andENS_7operandES0_
4,.dynstr,64602,64602,ascii,38,_ZN10ir_builder9swizzle_zENS_7operandE
4,.dynstr,64641,64641,ascii,38,_ZN10ir_builder9swizzle_wENS_7operandE
4,.dynstr,64680,64680,ascii,64,_ZN10ir_builder4exprE23ir_expression_operationNS_7operandES1_S1_
4,.dynstr,64745,64745,ascii,54,_ZN10ir_builder15bitfield_insertENS_7operandES0_S0_S0_
4,.dynstr,64800,64800,ascii,38,_ZN10ir_builder3fmaENS_7operandES0_S0_
4,.dynstr,64839,64839,ascii,38,_ZN10ir_builder6rshiftENS_7operandES0_
4,.dynstr,64878,64878,ascii,39,_ZN10ir_builder7bit_andENS_7operandES0_
4,.dynstr,64918,64918,ascii,38,_ZN10ir_builder6bit_orENS_7operandES0_
4,.dynstr,64957,64957,ascii,37,_ZN10ir_builder5carryENS_7operandES0_
4,.dynstr,64995,64995,ascii,38,_ZN10ir_builder6borrowENS_7operandES0_
4,.dynstr,65034,65034,ascii,41,_ZN10ir_builder9imul_highENS_7operandES0_
4,.dynstr,65076,65076,ascii,53,_ZN10ir_builder23interpolate_at_centroidENS_7operandE
4,.dynstr,65130,65130,ascii,54,_ZN10ir_builder21interpolate_at_offsetENS_7operandES0_
4,.dynstr,65185,65185,ascii,54,_ZN10ir_builder21interpolate_at_sampleENS_7operandES0_
4,.dynstr,65240,65240,ascii,36,_ZN10ir_builder4min2ENS_7operandES0_
4,.dynstr,65277,65277,ascii,36,_ZN10ir_builder4max2ENS_7operandES0_
4,.dynstr,65314,65314,ascii,61,_ZN10ir_builder4exprE23ir_expression_operationNS_7operandES1_
4,.dynstr,65376,65376,ascii,27,_mesa_glsl_initialize_types
4,.dynstr,65404,65404,ascii,38,_ZN9glsl_type22_samplerCubeArray_typeE
4,.dynstr,65443,65443,ascii,44,_ZN9glsl_type28_samplerCubeArrayShadow_typeE
4,.dynstr,65488,65488,ascii,39,_ZN9glsl_type23_isamplerCubeArray_typeE
4,.dynstr,65528,65528,ascii,39,_ZN9glsl_type23_usamplerCubeArray_typeE
4,.dynstr,65568,65568,ascii,33,_ZN9glsl_type17_sampler2DMS_typeE
4,.dynstr,65602,65602,ascii,34,_ZN9glsl_type18_isampler2DMS_typeE
4,.dynstr,65637,65637,ascii,34,_ZN9glsl_type18_usampler2DMS_typeE
4,.dynstr,65672,65672,ascii,38,_ZN9glsl_type22_sampler2DMSArray_typeE
4,.dynstr,65711,65711,ascii,39,_ZN9glsl_type23_isampler2DMSArray_typeE
4,.dynstr,65751,65751,ascii,39,_ZN9glsl_type23_usampler2DMSArray_typeE
4,.dynstr,65791,65791,ascii,35,_ZN9glsl_type19_sampler2DRect_typeE
4,.dynstr,65827,65827,ascii,41,_ZN9glsl_type25_sampler2DRectShadow_typeE
4,.dynstr,65869,65869,ascii,36,_ZN9glsl_type20_sampler1DArray_typeE
4,.dynstr,65906,65906,ascii,36,_ZN9glsl_type20_sampler2DArray_typeE
4,.dynstr,65943,65943,ascii,42,_ZN9glsl_type26_sampler1DArrayShadow_typeE
4,.dynstr,65986,65986,ascii,42,_ZN9glsl_type26_sampler2DArrayShadow_typeE
4,.dynstr,66029,66029,ascii,40,_ZN9glsl_type24_samplerExternalOES_typeE
4,.dynstr,66070,66070,ascii,37,_ZN9glsl_type21_sampler2DShadow_typeE
4,.dynstr,66108,66108,ascii,31,_ZN9glsl_type15_sampler3D_typeE
4,.dynstr,66140,66140,ascii,29,_ZN9glsl_type13_image1D_typeE
4,.dynstr,66170,66170,ascii,29,_ZN9glsl_type13_image2D_typeE
4,.dynstr,66200,66200,ascii,29,_ZN9glsl_type13_image3D_typeE
4,.dynstr,66230,66230,ascii,33,_ZN9glsl_type17_image2DRect_typeE
4,.dynstr,66264,66264,ascii,31,_ZN9glsl_type15_imageCube_typeE
4,.dynstr,66296,66296,ascii,33,_ZN9glsl_type17_imageBuffer_typeE
4,.dynstr,66330,66330,ascii,34,_ZN9glsl_type18_image1DArray_typeE
4,.dynstr,66365,66365,ascii,34,_ZN9glsl_type18_image2DArray_typeE
4,.dynstr,66400,66400,ascii,36,_ZN9glsl_type20_imageCubeArray_typeE
4,.dynstr,66437,66437,ascii,31,_ZN9glsl_type15_image2DMS_typeE
4,.dynstr,66469,66469,ascii,36,_ZN9glsl_type20_image2DMSArray_typeE
4,.dynstr,66506,66506,ascii,30,_ZN9glsl_type14_iimage1D_typeE
4,.dynstr,66537,66537,ascii,30,_ZN9glsl_type14_iimage2D_typeE
4,.dynstr,66568,66568,ascii,30,_ZN9glsl_type14_iimage3D_typeE
4,.dynstr,66599,66599,ascii,34,_ZN9glsl_type18_iimage2DRect_typeE
4,.dynstr,66634,66634,ascii,32,_ZN9glsl_type16_iimageCube_typeE
4,.dynstr,66667,66667,ascii,34,_ZN9glsl_type18_iimageBuffer_typeE
4,.dynstr,66702,66702,ascii,35,_ZN9glsl_type19_iimage1DArray_typeE
4,.dynstr,66738,66738,ascii,35,_ZN9glsl_type19_iimage2DArray_typeE
4,.dynstr,66774,66774,ascii,37,_ZN9glsl_type21_iimageCubeArray_typeE
4,.dynstr,66812,66812,ascii,32,_ZN9glsl_type16_iimage2DMS_typeE
4,.dynstr,66845,66845,ascii,37,_ZN9glsl_type21_iimage2DMSArray_typeE
4,.dynstr,66883,66883,ascii,30,_ZN9glsl_type14_uimage1D_typeE
4,.dynstr,66914,66914,ascii,30,_ZN9glsl_type14_uimage2D_typeE
4,.dynstr,66945,66945,ascii,30,_ZN9glsl_type14_uimage3D_typeE
4,.dynstr,66976,66976,ascii,34,_ZN9glsl_type18_uimage2DRect_typeE
4,.dynstr,67011,67011,ascii,32,_ZN9glsl_type16_uimageCube_typeE
4,.dynstr,67044,67044,ascii,34,_ZN9glsl_type18_uimageBuffer_typeE
4,.dynstr,67079,67079,ascii,35,_ZN9glsl_type19_uimage1DArray_typeE
4,.dynstr,67115,67115,ascii,35,_ZN9glsl_type19_uimage2DArray_typeE
4,.dynstr,67151,67151,ascii,37,_ZN9glsl_type21_uimageCubeArray_typeE
4,.dynstr,67189,67189,ascii,32,_ZN9glsl_type16_uimage2DMS_typeE
4,.dynstr,67222,67222,ascii,37,_ZN9glsl_type21_uimage2DMSArray_typeE
4,.dynstr,67260,67260,ascii,33,_ZN9glsl_type17_atomic_uint_typeE
4,.dynstr,67294,67294,ascii,38,_ZN9glsl_typeC1Ej14glsl_base_typejjPKc
4,.dynstr,67333,67333,ascii,57,_ZN9glsl_typeC1Ej14glsl_base_type16glsl_sampler_dimbbjPKc
4,.dynstr,67391,67391,ascii,41,_ZN9glsl_typeC1EPK17glsl_struct_fieldjPKc
4,.dynstr,67433,67433,ascii,27,_ZN9glsl_type11_error_typeE
4,.dynstr,67461,67461,ascii,26,_ZN9glsl_type10_void_typeE
4,.dynstr,67488,67488,ascii,26,_ZN9glsl_type10_bool_typeE
4,.dynstr,67515,67515,ascii,27,_ZN9glsl_type11_bvec2_typeE
4,.dynstr,67543,67543,ascii,27,_ZN9glsl_type11_bvec3_typeE
4,.dynstr,67571,67571,ascii,27,_ZN9glsl_type11_bvec4_typeE
4,.dynstr,67599,67599,ascii,24,_ZN9glsl_type9_int_typeE
4,.dynstr,67624,67624,ascii,27,_ZN9glsl_type11_ivec2_typeE
4,.dynstr,67652,67652,ascii,27,_ZN9glsl_type11_ivec3_typeE
4,.dynstr,67680,67680,ascii,27,_ZN9glsl_type11_ivec4_typeE
4,.dynstr,67708,67708,ascii,26,_ZN9glsl_type10_uint_typeE
4,.dynstr,67735,67735,ascii,27,_ZN9glsl_type11_uvec2_typeE
4,.dynstr,67763,67763,ascii,27,_ZN9glsl_type11_uvec3_typeE
4,.dynstr,67791,67791,ascii,27,_ZN9glsl_type11_uvec4_typeE
4,.dynstr,67819,67819,ascii,27,_ZN9glsl_type11_float_typeE
4,.dynstr,67847,67847,ascii,26,_ZN9glsl_type10_vec2_typeE
4,.dynstr,67874,67874,ascii,26,_ZN9glsl_type10_vec3_typeE
4,.dynstr,67901,67901,ascii,26,_ZN9glsl_type10_vec4_typeE
4,.dynstr,67928,67928,ascii,26,_ZN9glsl_type10_mat2_typeE
4,.dynstr,67955,67955,ascii,26,_ZN9glsl_type10_mat3_typeE
4,.dynstr,67982,67982,ascii,26,_ZN9glsl_type10_mat4_typeE
4,.dynstr,68009,68009,ascii,28,_ZN9glsl_type12_mat2x3_typeE
4,.dynstr,68038,68038,ascii,28,_ZN9glsl_type12_mat2x4_typeE
4,.dynstr,68067,68067,ascii,28,_ZN9glsl_type12_mat3x2_typeE
4,.dynstr,68096,68096,ascii,28,_ZN9glsl_type12_mat3x4_typeE
4,.dynstr,68125,68125,ascii,28,_ZN9glsl_type12_mat4x2_typeE
4,.dynstr,68154,68154,ascii,28,_ZN9glsl_type12_mat4x3_typeE
4,.dynstr,68183,68183,ascii,31,_ZN9glsl_type15_sampler1D_typeE
4,.dynstr,68215,68215,ascii,31,_ZN9glsl_type15_sampler2D_typeE
4,.dynstr,68247,68247,ascii,33,_ZN9glsl_type17_samplerCube_typeE
4,.dynstr,68281,68281,ascii,35,_ZN9glsl_type19_samplerBuffer_typeE
4,.dynstr,68317,68317,ascii,32,_ZN9glsl_type16_isampler1D_typeE
4,.dynstr,68350,68350,ascii,32,_ZN9glsl_type16_isampler2D_typeE
4,.dynstr,68383,68383,ascii,32,_ZN9glsl_type16_isampler3D_typeE
4,.dynstr,68416,68416,ascii,34,_ZN9glsl_type18_isamplerCube_typeE
4,.dynstr,68451,68451,ascii,37,_ZN9glsl_type21_isampler1DArray_typeE
4,.dynstr,68489,68489,ascii,37,_ZN9glsl_type21_isampler2DArray_typeE
4,.dynstr,68527,68527,ascii,36,_ZN9glsl_type20_isampler2DRect_typeE
4,.dynstr,68564,68564,ascii,36,_ZN9glsl_type20_isamplerBuffer_typeE
4,.dynstr,68601,68601,ascii,32,_ZN9glsl_type16_usampler1D_typeE
4,.dynstr,68634,68634,ascii,32,_ZN9glsl_type16_usampler2D_typeE
4,.dynstr,68667,68667,ascii,32,_ZN9glsl_type16_usampler3D_typeE
4,.dynstr,68700,68700,ascii,34,_ZN9glsl_type18_usamplerCube_typeE
4,.dynstr,68735,68735,ascii,37,_ZN9glsl_type21_usampler1DArray_typeE
4,.dynstr,68773,68773,ascii,37,_ZN9glsl_type21_usampler2DArray_typeE
4,.dynstr,68811,68811,ascii,36,_ZN9glsl_type20_usampler2DRect_typeE
4,.dynstr,68848,68848,ascii,36,_ZN9glsl_type20_usamplerBuffer_typeE
4,.dynstr,68885,68885,ascii,37,_ZN9glsl_type21_sampler1DShadow_typeE
4,.dynstr,68923,68923,ascii,39,_ZN9glsl_type23_samplerCubeShadow_typeE
4,.dynstr,68963,68963,ascii,52,_ZN9glsl_type36_struct_gl_DepthRangeParameters_typeE
4,.dynstr,69016,69016,ascii,47,_ZN9glsl_type31_struct_gl_PointParameters_typeE
4,.dynstr,69064,69064,ascii,50,_ZN9glsl_type34_struct_gl_MaterialParameters_typeE
4,.dynstr,69115,69115,ascii,53,_ZN9glsl_type37_struct_gl_LightSourceParameters_typeE
4,.dynstr,69169,69169,ascii,52,_ZN9glsl_type36_struct_gl_LightModelParameters_typeE
4,.dynstr,69222,69222,ascii,50,_ZN9glsl_type34_struct_gl_LightModelProducts_typeE
4,.dynstr,69273,69273,ascii,45,_ZN9glsl_type29_struct_gl_LightProducts_typeE
4,.dynstr,69319,69319,ascii,45,_ZN9glsl_type29_struct_gl_FogParameters_typeE
4,.dynstr,69365,69365,ascii,51,_ZN9glsl_type35struct_gl_DepthRangeParameters_typeE
4,.dynstr,69417,69417,ascii,46,_ZN9glsl_type30struct_gl_PointParameters_typeE
4,.dynstr,69464,69464,ascii,49,_ZN9glsl_type33struct_gl_MaterialParameters_typeE
4,.dynstr,69514,69514,ascii,52,_ZN9glsl_type36struct_gl_LightSourceParameters_typeE
4,.dynstr,69567,69567,ascii,51,_ZN9glsl_type35struct_gl_LightModelParameters_typeE
4,.dynstr,69619,69619,ascii,49,_ZN9glsl_type33struct_gl_LightModelProducts_typeE
4,.dynstr,69669,69669,ascii,44,_ZN9glsl_type28struct_gl_LightProducts_typeE
4,.dynstr,69714,69714,ascii,44,_ZN9glsl_type28struct_gl_FogParameters_typeE
4,.dynstr,69759,69759,ascii,46,_ZN11ir_variable24enable_extension_warningEPKc
4,.dynstr,69806,69806,ascii,44,_Z20_mesa_glsl_lexer_lexP7YYSTYPEP7YYLTYPEPv
4,.dynstr,69851,69851,ascii,47,_Z31_mesa_glsl_lexer__create_bufferP7__sFILEiPv
4,.dynstr,69899,69899,ascii,39,_Z24_mesa_glsl_lexer_restartP7__sFILEPv
4,.dynstr,69939,69939,ascii,6,strtol
4,.dynstr,69946,69946,ascii,8,strtoull
4,.dynstr,69955,69955,ascii,54,_Z30_mesa_glsl_lexer__flush_bufferP15yy_buffer_statePv
4,.dynstr,70010,70010,ascii,58,_Z34_mesa_glsl_lexer__switch_to_bufferP15yy_buffer_statePv
4,.dynstr,70069,70069,ascii,29,_Z22_mesa_glsl_lexer_allocjPv
4,.dynstr,70099,70099,ascii,55,_Z31_mesa_glsl_lexer__delete_bufferP15yy_buffer_statePv
4,.dynstr,70155,70155,ascii,29,_Z21_mesa_glsl_lexer_freePvS_
4,.dynstr,70185,70185,ascii,58,_Z34_mesa_glsl_lexer_push_buffer_stateP15yy_buffer_statePv
4,.dynstr,70244,70244,ascii,39,_Z33_mesa_glsl_lexer_pop_buffer_statePv
4,.dynstr,70284,70284,ascii,38,_Z29_mesa_glsl_lexer__scan_bufferPcjPv
4,.dynstr,70323,70323,ascii,38,_Z29_mesa_glsl_lexer__scan_stringPKcPv
4,.dynstr,70362,70362,ascii,38,_Z28_mesa_glsl_lexer__scan_bytesPKcjPv
4,.dynstr,70401,70401,ascii,32,_Z26_mesa_glsl_lexer_get_extraPv
4,.dynstr,70434,70434,ascii,33,_Z27_mesa_glsl_lexer_get_linenoPv
4,.dynstr,70468,70468,ascii,33,_Z27_mesa_glsl_lexer_get_columnPv
4,.dynstr,70502,70502,ascii,29,_Z23_mesa_glsl_lexer_get_inPv
4,.dynstr,70532,70532,ascii,30,_Z24_mesa_glsl_lexer_get_outPv
4,.dynstr,70563,70563,ascii,31,_Z25_mesa_glsl_lexer_get_lengPv
4,.dynstr,70595,70595,ascii,31,_Z25_mesa_glsl_lexer_get_textPv
4,.dynstr,70627,70627,ascii,57,_Z26_mesa_glsl_lexer_set_extraP22_mesa_glsl_parse_statePv
4,.dynstr,70685,70685,ascii,34,_Z27_mesa_glsl_lexer_set_linenoiPv
4,.dynstr,70720,70720,ascii,34,_Z27_mesa_glsl_lexer_set_columniPv
4,.dynstr,70755,70755,ascii,38,_Z23_mesa_glsl_lexer_set_inP7__sFILEPv
4,.dynstr,70794,70794,ascii,39,_Z24_mesa_glsl_lexer_set_outP7__sFILEPv
4,.dynstr,70834,70834,ascii,32,_Z26_mesa_glsl_lexer_get_debugPv
4,.dynstr,70867,70867,ascii,33,_Z26_mesa_glsl_lexer_set_debugiPv
4,.dynstr,70901,70901,ascii,31,_Z25_mesa_glsl_lexer_get_lvalPv
4,.dynstr,70933,70933,ascii,40,_Z25_mesa_glsl_lexer_set_lvalP7YYSTYPEPv
4,.dynstr,70974,70974,ascii,31,_Z25_mesa_glsl_lexer_get_llocPv
4,.dynstr,71006,71006,ascii,40,_Z25_mesa_glsl_lexer_set_llocP7YYLTYPEPv
4,.dynstr,71047,71047,ascii,32,_Z25_mesa_glsl_lexer_lex_initPPv
4,.dynstr,71080,71080,ascii,63,_Z31_mesa_glsl_lexer_lex_init_extraP22_mesa_glsl_parse_statePPv
4,.dynstr,71144,71144,ascii,34,_Z28_mesa_glsl_lexer_lex_destroyPv
4,.dynstr,71179,71179,ascii,33,_Z24_mesa_glsl_lexer_reallocPvjS_
4,.dynstr,71213,71213,ascii,53,_Z21_mesa_glsl_lexer_ctorP22_mesa_glsl_parse_statePKc
4,.dynstr,71267,71267,ascii,50,_Z21_mesa_glsl_lexer_dtorP22_mesa_glsl_parse_state
4,.dynstr,71318,71318,ascii,35,_ZN11glslopt_ctxC2E14glslopt_target
4,.dynstr,71354,71354,ascii,54,_Z30initialize_context_to_defaultsP10gl_context6gl_api
4,.dynstr,71409,71409,ascii,29,_mesa_destroy_shader_compiler
4,.dynstr,71439,71439,ascii,52,_Z33glslopt_set_max_unroll_iterationsP11glslopt_ctxj
4,.dynstr,71492,71492,ascii,23,_ZN14glslopt_shaderC2Ev
4,.dynstr,71516,71516,ascii,62,_ZN22_mesa_glsl_parse_stateC1EP10gl_context15gl_shader_stagePv
4,.dynstr,71579,71579,ascii,45,_Z16_mesa_glsl_parseP22_mesa_glsl_parse_state
4,.dynstr,71625,71625,ascii,31,_Z16validate_ir_treeP9exec_list
4,.dynstr,71657,71657,ascii,79,_Z20_mesa_print_ir_metalP9exec_listP22_mesa_glsl_parse_statePc13PrintGlslModePi
4,.dynstr,71737,71737,ascii,76,_Z19_mesa_print_ir_glslP9exec_listP22_mesa_glsl_parse_statePc13PrintGlslMode
4,.dynstr,71814,71814,ascii,45,_Z22calculate_shader_statsP9exec_listPiS1_S1_
4,.dynstr,71860,71860,ascii,75,_Z23link_intrastage_shadersPvP10gl_contextP17gl_shader_programPP9gl_shaderj
4,.dynstr,71936,71936,ascii,35,_Z20do_function_inliningP9exec_list
4,.dynstr,71972,71972,ascii,32,_Z17do_dead_functionsP9exec_list
4,.dynstr,72005,72005,ascii,37,_Z22do_structure_splittingP9exec_list
4,.dynstr,72043,72043,ascii,35,_Z20do_if_simplificationP9exec_list
4,.dynstr,72079,72079,ascii,43,_Z28opt_flatten_nested_if_blocksP9exec_list
4,.dynstr,72123,72123,ascii,34,_Z19do_copy_propagationP9exec_list
4,.dynstr,72158,72158,ascii,43,_Z28do_copy_propagation_elementsP9exec_list
4,.dynstr,72202,72202,ascii,66,_Z22optimize_split_vectorsP9exec_listb26glsl_vector_splitting_mode
4,.dynstr,72269,72269,ascii,27,_Z12do_vectorizeP9exec_list
4,.dynstr,72297,72297,ascii,28,_Z12do_dead_codeP9exec_listb
4,.dynstr,72326,72326,ascii,36,_Z21do_dead_code_unlinkedP9exec_list
4,.dynstr,72363,72363,ascii,33,_Z18do_dead_code_localP9exec_list
4,.dynstr,72397,72397,ascii,31,_Z16do_tree_graftingP9exec_list
4,.dynstr,72429,72429,ascii,38,_Z23do_constant_propagationP9exec_list
4,.dynstr,72468,72468,ascii,35,_Z20do_constant_variableP9exec_list
4,.dynstr,72504,72504,ascii,44,_Z29do_constant_variable_unlinkedP9exec_list
4,.dynstr,72549,72549,ascii,34,_Z19do_constant_foldingP9exec_list
4,.dynstr,72584,72584,ascii,30,_Z15do_minmax_pruneP9exec_list
4,.dynstr,72615,72615,ascii,20,_Z6do_cseP9exec_list
4,.dynstr,72636,72636,ascii,32,_Z17do_rebalance_treeP9exec_list
4,.dynstr,72669,72669,ascii,58,_Z12do_algebraicP9exec_listbPK26gl_shader_compiler_options
4,.dynstr,72728,72728,ascii,34,_Z14do_lower_jumpsP9exec_listbbbbb
4,.dynstr,72763,72763,ascii,38,_Z23do_vec_index_to_swizzleP9exec_list
4,.dynstr,72802,72802,ascii,35,_Z19lower_vector_insertP9exec_listb
4,.dynstr,72838,72838,ascii,33,_Z18do_swizzle_swizzleP9exec_list
4,.dynstr,72872,72872,ascii,30,_Z15do_noop_swizzleP9exec_list
4,.dynstr,72903,72903,ascii,38,_Z21optimize_split_arraysP9exec_listbb
4,.dynstr,72942,72942,ascii,39,_Z24optimize_redundant_jumpsP9exec_list
4,.dynstr,72982,72982,ascii,37,_Z22analyze_loop_variablesP9exec_list
4,.dynstr,73020,73020,ascii,45,_Z17set_loop_controlsP9exec_listP10loop_state
4,.dynstr,73066,73066,ascii,70,_Z12unroll_loopsP9exec_listP10loop_statePK26gl_shader_compiler_options
4,.dynstr,73137,73137,ascii,19,_ZN10loop_stateD1Ev
4,.dynstr,73157,73157,ascii,34,_Z18lower_instructionsP9exec_listj
4,.dynstr,73192,73192,ascii,50,_ZN22_mesa_glsl_parse_state18_ralloc_destructorEPv
4,.dynstr,73243,73243,ascii,36,_ZN9exec_list18_ralloc_destructorEPv
4,.dynstr,73280,73280,ascii,23,_ZN14glslopt_shaderD2Ev
4,.dynstr,73304,73304,ascii,43,_Z22glslopt_get_raw_outputP14glslopt_shader
4,.dynstr,73348,73348,ascii,36,_Z15glslopt_get_logP14glslopt_shader
4,.dynstr,73385,73385,ascii,51,_Z30glslopt_shader_get_input_countP14glslopt_shader
4,.dynstr,73437,73437,ascii,53,_Z32glslopt_shader_get_uniform_countP14glslopt_shader
4,.dynstr,73491,73491,ascii,58,_Z37glslopt_shader_get_uniform_total_sizeP14glslopt_shader
4,.dynstr,73550,73550,ascii,53,_Z32glslopt_shader_get_texture_countP14glslopt_shader
4,.dynstr,73604,73604,ascii,107,_Z29glslopt_shader_get_input_descP14glslopt_shaderiPPKcP18glslopt_basic_typeP17glslopt_precisionPiS8_S8_S8_
4,.dynstr,73712,73712,ascii,109,_Z31glslopt_shader_get_uniform_descP14glslopt_shaderiPPKcP18glslopt_basic_typeP17glslopt_precisionPiS8_S8_S8_
4,.dynstr,73822,73822,ascii,109,_Z31glslopt_shader_get_texture_descP14glslopt_shaderiPPKcP18glslopt_basic_typeP17glslopt_precisionPiS8_S8_S8_
4,.dynstr,73932,73932,ascii,53,_Z24glslopt_shader_get_statsP14glslopt_shaderPiS1_S1_
4,.dynstr,73986,73986,ascii,49,_Z10visit_treeP14ir_instructionPFvS0_PvES1_S3_S1_
4,.dynstr,74036,74036,ascii,62,_ZN13ir_expression16get_num_operandsE23ir_expression_operation
4,.dynstr,74099,74099,ascii,44,_ZN13ir_assignment22whole_variable_writtenEv
4,.dynstr,74144,74144,ascii,68,_ZN22_mesa_glsl_parse_state25process_version_directiveEP7YYLTYPEiPKc
4,.dynstr,74213,74213,ascii,75,_Z28_mesa_glsl_process_extensionPKcP7YYLTYPES0_S2_P22_mesa_glsl_parse_state
4,.dynstr,74289,74289,ascii,32,_ZN14ast_expressionC1EiPS_S0_S0_
4,.dynstr,74322,74322,ascii,30,_ZTV24ast_parameter_declarator
4,.dynstr,74353,74353,ascii,30,_ZTV24ast_fully_specified_type
4,.dynstr,74384,74384,ascii,21,_ZN12ast_functionC1Ev
4,.dynstr,74406,74406,ascii,65,_ZN15ast_declarationC1EPKcP19ast_array_specifierP14ast_expression
4,.dynstr,74472,74472,ascii,54,_ZN19ast_declarator_listC1EP24ast_fully_specified_type
4,.dynstr,74527,74527,ascii,54,_ZN19ast_array_specifierC2ERK7YYLTYPEP14ast_expression
4,.dynstr,74582,74582,ascii,53,_ZN20ast_struct_specifierC1EPKcP19ast_declarator_list
4,.dynstr,74636,74636,ascii,41,_ZN22ast_compound_statementC1EiP8ast_node
4,.dynstr,74678,74678,ascii,29,_ZTV23ast_function_definition
4,.dynstr,74708,74708,ascii,49,_ZN24ast_expression_statementC1EP14ast_expression
4,.dynstr,74758,74758,ascii,61,_ZN23ast_selection_statementC1EP14ast_expressionP8ast_nodeS3_
4,.dynstr,74820,74820,ascii,55,_ZN20ast_switch_statementC1EP14ast_expressionP8ast_node
4,.dynstr,74876,74876,ascii,49,_ZN15ast_switch_bodyC1EP23ast_case_statement_list
4,.dynstr,74926,74926,ascii,39,_ZN14ast_case_labelC1EP14ast_expression
4,.dynstr,74966,74966,ascii,28,_ZN19ast_case_label_listC1Ev
4,.dynstr,74995,74995,ascii,48,_ZN18ast_case_statementC1EP19ast_case_label_list
4,.dynstr,75044,75044,ascii,32,_ZN23ast_case_statement_listC1Ev
4,.dynstr,75077,75077,ascii,65,_ZN23ast_iteration_statementC1EiP8ast_nodeS1_P14ast_expressionS1_
4,.dynstr,75143,75143,ascii,44,_ZN18ast_jump_statementC1EiP14ast_expression
4,.dynstr,75188,75188,ascii,72,_ZN19ast_interface_blockC2E18ast_type_qualifierPKcP19ast_array_specifier
4,.dynstr,75261,75261,ascii,75,_ZN22_mesa_glsl_parse_state36check_explicit_attrib_stream_allowedEP7YYLTYPE
4,.dynstr,75337,75337,ascii,10,strcasecmp
4,.dynstr,75348,75348,ascii,62,_ZN22_mesa_glsl_parse_stateC2EP10gl_context15gl_shader_stagePv
4,.dynstr,75411,75411,ascii,46,_ZN18ast_type_qualifier18_ralloc_destructorEPv
4,.dynstr,75458,75458,ascii,18,_mesa_shader_debug
4,.dynstr,75477,75477,ascii,76,_ZNK20_mesa_glsl_extension21compatible_with_stateEPK22_mesa_glsl_parse_state
4,.dynstr,75554,75554,ascii,76,_ZNK20_mesa_glsl_extension9set_flagsEP22_mesa_glsl_parse_state12ext_behavior
4,.dynstr,75631,75631,ascii,56,_Z30_mesa_ast_type_qualifier_printPK18ast_type_qualifier
4,.dynstr,75688,75688,ascii,13,_ZTV8ast_node
4,.dynstr,75702,75702,ascii,36,_ZNK22ast_compound_statement5printEv
4,.dynstr,75739,75739,ascii,41,_ZN22ast_compound_statementC2EiP8ast_node
4,.dynstr,75781,75781,ascii,28,_ZTV22ast_compound_statement
4,.dynstr,75810,75810,ascii,38,_ZNK24ast_expression_statement5printEv
4,.dynstr,75849,75849,ascii,49,_ZN24ast_expression_statementC2EP14ast_expression
4,.dynstr,75899,75899,ascii,30,_ZTV24ast_expression_statement
4,.dynstr,75930,75930,ascii,26,_ZNK12ast_function5printEv
4,.dynstr,75957,75957,ascii,7,putchar
4,.dynstr,75965,75965,ascii,21,_ZN12ast_functionC2Ev
4,.dynstr,75987,75987,ascii,18,_ZTV12ast_function
4,.dynstr,76006,76006,ascii,38,_ZNK24ast_fully_specified_type5printEv
4,.dynstr,76045,76045,ascii,38,_ZNK24ast_parameter_declarator5printEv
4,.dynstr,76084,76084,ascii,37,_ZNK23ast_function_definition5printEv
4,.dynstr,76122,76122,ascii,29,_ZNK15ast_declaration5printEv
4,.dynstr,76152,76152,ascii,65,_ZN15ast_declarationC2EPKcP19ast_array_specifierP14ast_expression
4,.dynstr,76218,76218,ascii,21,_ZTV15ast_declaration
4,.dynstr,76240,76240,ascii,33,_ZNK19ast_declarator_list5printEv
4,.dynstr,76274,76274,ascii,54,_ZN19ast_declarator_listC2EP24ast_fully_specified_type
4,.dynstr,76329,76329,ascii,25,_ZTV19ast_declarator_list
4,.dynstr,76355,76355,ascii,32,_ZNK18ast_jump_statement5printEv
4,.dynstr,76388,76388,ascii,44,_ZN18ast_jump_statementC2EiP14ast_expression
4,.dynstr,76433,76433,ascii,24,_ZTV18ast_jump_statement
4,.dynstr,76458,76458,ascii,37,_ZNK23ast_selection_statement5printEv
4,.dynstr,76496,76496,ascii,61,_ZN23ast_selection_statementC2EP14ast_expressionP8ast_nodeS3_
4,.dynstr,76558,76558,ascii,29,_ZTV23ast_selection_statement
4,.dynstr,76588,76588,ascii,34,_ZNK20ast_switch_statement5printEv
4,.dynstr,76623,76623,ascii,55,_ZN20ast_switch_statementC2EP14ast_expressionP8ast_node
4,.dynstr,76679,76679,ascii,26,_ZTV20ast_switch_statement
4,.dynstr,76706,76706,ascii,29,_ZNK15ast_switch_body5printEv
4,.dynstr,76736,76736,ascii,49,_ZN15ast_switch_bodyC2EP23ast_case_statement_list
4,.dynstr,76786,76786,ascii,21,_ZTV15ast_switch_body
4,.dynstr,76808,76808,ascii,28,_ZNK14ast_case_label5printEv
4,.dynstr,76837,76837,ascii,39,_ZN14ast_case_labelC2EP14ast_expression
4,.dynstr,76877,76877,ascii,20,_ZTV14ast_case_label
4,.dynstr,76898,76898,ascii,33,_ZNK19ast_case_label_list5printEv
4,.dynstr,76932,76932,ascii,28,_ZN19ast_case_label_listC2Ev
4,.dynstr,76961,76961,ascii,25,_ZTV19ast_case_label_list
4,.dynstr,76987,76987,ascii,32,_ZNK18ast_case_statement5printEv
4,.dynstr,77020,77020,ascii,48,_ZN18ast_case_statementC2EP19ast_case_label_list
4,.dynstr,77069,77069,ascii,24,_ZTV18ast_case_statement
4,.dynstr,77094,77094,ascii,37,_ZNK23ast_case_statement_list5printEv
4,.dynstr,77132,77132,ascii,32,_ZN23ast_case_statement_listC2Ev
4,.dynstr,77165,77165,ascii,29,_ZTV23ast_case_statement_list
4,.dynstr,77195,77195,ascii,37,_ZNK23ast_iteration_statement5printEv
4,.dynstr,77233,77233,ascii,65,_ZN23ast_iteration_statementC2EiP8ast_nodeS1_P14ast_expressionS1_
4,.dynstr,77299,77299,ascii,29,_ZTV23ast_iteration_statement
4,.dynstr,77329,77329,ascii,34,_ZNK20ast_struct_specifier5printEv
4,.dynstr,77364,77364,ascii,53,_ZN20ast_struct_specifierC2EPKcP19ast_declarator_list
4,.dynstr,77418,77418,ascii,26,_ZTV20ast_struct_specifier
4,.dynstr,77445,77445,ascii,25,_mesa_glsl_compile_shader
4,.dynstr,77471,77471,ascii,28,_Z11reparent_irP9exec_listPv
4,.dynstr,77500,77500,ascii,14,_mesa_print_ir
4,.dynstr,77515,77515,ascii,70,_Z22do_common_optimizationP9exec_listbbPK26gl_shader_compiler_optionsb
4,.dynstr,77586,77586,ascii,64,_Z31optimize_dead_builtin_variablesP9exec_list16ir_variable_mode
4,.dynstr,77651,77651,ascii,32,_Z17opt_flip_matricesP9exec_list
4,.dynstr,77684,77684,ascii,24,_mesa_glsl_release_types
4,.dynstr,77709,77709,ascii,36,_mesa_destroy_shader_compiler_caches
4,.dynstr,77746,77746,ascii,28,_ZTI22ast_compound_statement
4,.dynstr,77775,77775,ascii,30,_ZTI24ast_expression_statement
4,.dynstr,77806,77806,ascii,18,_ZTI12ast_function
4,.dynstr,77825,77825,ascii,21,_ZTI15ast_declaration
4,.dynstr,77847,77847,ascii,25,_ZTI19ast_declarator_list
4,.dynstr,77873,77873,ascii,24,_ZTI18ast_jump_statement
4,.dynstr,77898,77898,ascii,29,_ZTI23ast_selection_statement
4,.dynstr,77928,77928,ascii,26,_ZTI20ast_switch_statement
4,.dynstr,77955,77955,ascii,21,_ZTI15ast_switch_body
4,.dynstr,77977,77977,ascii,20,_ZTI14ast_case_label
4,.dynstr,77998,77998,ascii,25,_ZTI19ast_case_label_list
4,.dynstr,78024,78024,ascii,24,_ZTI18ast_case_statement
4,.dynstr,78049,78049,ascii,29,_ZTI23ast_case_statement_list
4,.dynstr,78079,78079,ascii,29,_ZTI23ast_iteration_statement
4,.dynstr,78109,78109,ascii,26,_ZTI20ast_struct_specifier
4,.dynstr,78136,78136,ascii,26,_ZTS20ast_struct_specifier
4,.dynstr,78163,78163,ascii,13,_ZTS8ast_node
4,.dynstr,78177,78177,ascii,30,_ZTI24ast_fully_specified_type
4,.dynstr,78208,78208,ascii,30,_ZTS24ast_fully_specified_type
4,.dynstr,78239,78239,ascii,30,_ZTI24ast_parameter_declarator
4,.dynstr,78270,78270,ascii,30,_ZTS24ast_parameter_declarator
4,.dynstr,78301,78301,ascii,29,_ZTI23ast_function_definition
4,.dynstr,78331,78331,ascii,29,_ZTS23ast_function_definition
4,.dynstr,78361,78361,ascii,28,_ZTS22ast_compound_statement
4,.dynstr,78390,78390,ascii,30,_ZTS24ast_expression_statement
4,.dynstr,78421,78421,ascii,18,_ZTS12ast_function
4,.dynstr,78440,78440,ascii,21,_ZTS15ast_declaration
4,.dynstr,78462,78462,ascii,25,_ZTS19ast_declarator_list
4,.dynstr,78488,78488,ascii,24,_ZTS18ast_jump_statement
4,.dynstr,78513,78513,ascii,29,_ZTS23ast_selection_statement
4,.dynstr,78543,78543,ascii,26,_ZTS20ast_switch_statement
4,.dynstr,78570,78570,ascii,21,_ZTS15ast_switch_body
4,.dynstr,78592,78592,ascii,20,_ZTS14ast_case_label
4,.dynstr,78613,78613,ascii,25,_ZTS19ast_case_label_list
4,.dynstr,78639,78639,ascii,24,_ZTS18ast_case_statement
4,.dynstr,78664,78664,ascii,29,_ZTS23ast_case_statement_list
4,.dynstr,78694,78694,ascii,29,_ZTS23ast_iteration_statement
4,.dynstr,78724,78724,ascii,16,_ZN8ast_nodeC1Ev
4,.dynstr,78741,78741,ascii,26,_ZN17glsl_symbol_tableC2Ev
4,.dynstr,78768,78768,ascii,26,_ZN17glsl_symbol_tableD2Ev
4,.dynstr,78795,78795,ascii,46,_ZN18symbol_table_entry18_ralloc_destructorEPv
4,.dynstr,78842,78842,ascii,36,_ZN17glsl_symbol_table9get_entryEPKc
4,.dynstr,78879,78879,ascii,59,_ZN17glsl_symbol_table13get_interfaceEPKc16ir_variable_mode
4,.dynstr,78939,78939,ascii,37,_ZN9glsl_type20init_ralloc_type_ctxEv
4,.dynstr,78977,78977,ascii,22,_ZN9glsl_type7mem_ctxE
4,.dynstr,79000,79000,ascii,38,_ZN9glsl_typeC2Ej14glsl_base_typejjPKc
4,.dynstr,79039,79039,ascii,57,_ZN9glsl_typeC2Ej14glsl_base_type16glsl_sampler_dimbbjPKc
4,.dynstr,79097,79097,ascii,41,_ZN9glsl_typeC2EPK17glsl_struct_fieldjPKc
4,.dynstr,79139,79139,ascii,65,_ZN9glsl_typeC2EPK17glsl_struct_fieldj22glsl_interface_packingPKc
4,.dynstr,79205,79205,ascii,34,_ZNK9glsl_type16contains_samplerEv
4,.dynstr,79240,79240,ascii,31,_ZNK9glsl_type13sampler_indexEv
4,.dynstr,79272,79272,ascii,31,_ZNK9glsl_type13get_base_typeEv
4,.dynstr,79304,79304,ascii,27,_ZN9glsl_type11array_typesE
4,.dynstr,79332,79332,ascii,28,_ZN9glsl_type12record_typesE
4,.dynstr,79361,79361,ascii,21,_ZN9glsl_typeC2EPKS_j
4,.dynstr,79383,79383,ascii,17,_ZN9glsl_typenwEj
4,.dynstr,79401,79401,ascii,35,_ZNK9glsl_type14record_compareEPKS_
4,.dynstr,79437,79437,ascii,40,_ZN9glsl_type18record_key_compareEPKvS1_
4,.dynstr,79478,79478,ascii,34,_ZN9glsl_type15record_key_hashEPKv
4,.dynstr,79513,79513,ascii,31,_ZN9glsl_type15interface_typesE
4,.dynstr,79545,79545,ascii,30,_ZNK9glsl_type10field_typeEPKc
4,.dynstr,79576,79576,ascii,35,_ZNK9glsl_type15field_precisionEPKc
4,.dynstr,79612,79612,ascii,33,_ZNK9glsl_type15component_slotsEv
4,.dynstr,79646,79646,ascii,39,_ZNK9glsl_type21std140_base_alignmentEb
4,.dynstr,79686,79686,ascii,29,_ZNK9glsl_type11std140_sizeEb
4,.dynstr,79716,79716,ascii,39,_ZNK9glsl_type21count_attribute_slotsEv
4,.dynstr,79756,79756,ascii,65,_ZN9glsl_typeC1EPK17glsl_struct_fieldj22glsl_interface_packingPKc
4,.dynstr,79822,79822,ascii,21,_ZN9glsl_typeC1EPKS_j
4,.dynstr,79844,79844,ascii,38,_ZN10ir_swizzle6createEP9ir_rvaluePKcj
4,.dynstr,79883,79883,ascii,14,_ZTV9ir_rvalue
4,.dynstr,79898,79898,ascii,24,_ZNK9ir_rvalue7is_zeroEv
4,.dynstr,79923,79923,ascii,23,_ZNK9ir_rvalue6is_oneEv
4,.dynstr,79947,79947,ascii,33,_ZNK9ir_rvalue15is_negative_oneEv
4,.dynstr,79981,79981,ascii,25,_ZNK9ir_rvalue8is_basisEv
4,.dynstr,80007,80007,ascii,38,_ZN13ir_assignment7set_lhsEP9ir_rvalue
4,.dynstr,80046,80046,ascii,46,_ZN10ir_swizzleC2EP9ir_rvalue15ir_swizzle_mask
4,.dynstr,80093,80093,ascii,53,_ZN13ir_assignmentC2EP14ir_dereferenceP9ir_rvalueS3_j
4,.dynstr,80147,80147,ascii,19,_ZTV13ir_assignment
4,.dynstr,80167,80167,ascii,38,_ZN13ir_assignmentC2EP9ir_rvalueS1_S1_
4,.dynstr,80206,80206,ascii,54,_ZN13ir_expressionC2EiPK9glsl_typeP9ir_rvalueS4_S4_S4_
4,.dynstr,80261,80261,ascii,19,_ZTV13ir_expression
4,.dynstr,80281,80281,ascii,33,_ZN13ir_expressionC2EiP9ir_rvalue
4,.dynstr,80315,80315,ascii,36,_ZN13ir_expressionC2EiP9ir_rvalueS1_
4,.dynstr,80352,80352,ascii,39,_ZN13ir_expressionC2EiP9ir_rvalueS1_S1_
4,.dynstr,80392,80392,ascii,61,_ZN13ir_expression15operator_stringE23ir_expression_operation
4,.dynstr,80454,80454,ascii,37,_ZN13ir_expression15operator_stringEv
4,.dynstr,80492,80492,ascii,36,_ZN13ir_expression12get_operatorEPKc
4,.dynstr,80529,80529,ascii,20,_ZN11ir_constantC2Ev
4,.dynstr,80550,80550,ascii,17,_ZTV11ir_constant
4,.dynstr,80568,80568,ascii,51,_ZN11ir_constantC2EPK9glsl_typePK16ir_constant_data
4,.dynstr,80620,80620,ascii,21,_ZN11ir_constantC2Efj
4,.dynstr,80642,80642,ascii,21,_ZN11ir_constantC2Ejj
4,.dynstr,80664,80664,ascii,21,_ZN11ir_constantC2Eij
4,.dynstr,80686,80686,ascii,21,_ZN11ir_constantC2Ebj
4,.dynstr,80708,80708,ascii,14,__aeabi_memset
4,.dynstr,80723,80723,ascii,24,_ZN11ir_constantC2EPKS_j
4,.dynstr,80748,80748,ascii,42,_ZN11ir_constantC2EPK9glsl_typeP9exec_list
4,.dynstr,80791,80791,ascii,38,_ZNK11ir_constant17get_array_elementEj
4,.dynstr,80830,80830,ascii,38,_ZN11ir_constant16get_record_fieldEPKc
4,.dynstr,80869,80869,ascii,34,_ZN11ir_constant11copy_offsetEPS_i
4,.dynstr,80904,80904,ascii,42,_ZN11ir_constant18copy_masked_offsetEPS_ij
4,.dynstr,80947,80947,ascii,32,_ZNK11ir_constant9has_valueEPKS_
4,.dynstr,80980,80980,ascii,29,_ZNK11ir_constant8is_valueEfi
4,.dynstr,81010,81010,ascii,27,_ZNK11ir_constant7is_zeroEv
4,.dynstr,81038,81038,ascii,26,_ZNK11ir_constant6is_oneEv
4,.dynstr,81065,81065,ascii,36,_ZNK11ir_constant15is_negative_oneEv
4,.dynstr,81102,81102,ascii,28,_ZNK11ir_constant8is_basisEv
4,.dynstr,81131,81131,ascii,39,_ZNK11ir_constant18is_uint16_constantEv
4,.dynstr,81171,81171,ascii,15,_ZN7ir_loopC2Ev
4,.dynstr,81187,81187,ascii,12,_ZTV7ir_loop
4,.dynstr,81200,81200,ascii,45,_ZN23ir_dereference_variableC2EP11ir_variable
4,.dynstr,81246,81246,ascii,29,_ZTV23ir_dereference_variable
4,.dynstr,81276,81276,ascii,42,_ZN20ir_dereference_arrayC2EP9ir_rvalueS1_
4,.dynstr,81319,81319,ascii,47,_ZN20ir_dereference_array9set_arrayEP9ir_rvalue
4,.dynstr,81367,81367,ascii,26,_ZTV20ir_dereference_array
4,.dynstr,81394,81394,ascii,53,_ZN20ir_dereference_arrayC2EP11ir_variableP9ir_rvalue
4,.dynstr,81448,81448,ascii,43,_ZN21ir_dereference_recordC2EP9ir_rvaluePKc
4,.dynstr,81492,81492,ascii,27,_ZTV21ir_dereference_record
4,.dynstr,81520,81520,ascii,46,_ZN21ir_dereference_recordC2EP11ir_variablePKc
4,.dynstr,81567,81567,ascii,32,_ZNK14ir_dereference9is_lvalueEv
4,.dynstr,81600,81600,ascii,32,_ZN10ir_texture13opcode_stringEv
4,.dynstr,81633,81633,ascii,31,_ZN10ir_texture10get_opcodeEPKc
4,.dynstr,81665,81665,ascii,30,_ZN10ir_swizzle9init_maskEPKjj
4,.dynstr,81696,81696,ascii,34,_ZN10ir_swizzleC2EP9ir_rvaluejjjjj
4,.dynstr,81731,81731,ascii,16,_ZTV10ir_swizzle
4,.dynstr,81748,81748,ascii,33,_ZN10ir_swizzleC2EP9ir_rvaluePKjj
4,.dynstr,81782,81782,ascii,39,_ZNK10ir_swizzle19variable_referencedEv
4,.dynstr,81822,81822,ascii,68,_ZN11ir_variableC2EPK9glsl_typePKc16ir_variable_mode14glsl_precision
4,.dynstr,81891,81891,ascii,17,_ZTV11ir_variable
4,.dynstr,81909,81909,ascii,26,_ZN11ir_variable8tmp_nameE
4,.dynstr,81936,81936,ascii,48,_ZN11ir_variable28determine_interpolation_modeEb
4,.dynstr,81985,81985,ascii,39,_ZN11ir_variable20warn_extension_tableE
4,.dynstr,82025,82025,ascii,42,_ZNK11ir_variable21get_extension_warningEv
4,.dynstr,82068,82068,ascii,87,_ZN21ir_function_signatureC2EPK9glsl_type14glsl_precisionPFbPK22_mesa_glsl_parse_stateE
4,.dynstr,82156,82156,ascii,27,_ZTV21ir_function_signature
4,.dynstr,82184,82184,ascii,22,_ZN11ir_functionC2EPKc
4,.dynstr,82207,82207,ascii,17,_ZTV11ir_function
4,.dynstr,82225,82225,ascii,43,_Z15visit_exec_listP9exec_listP10ir_visitor
4,.dynstr,82269,82269,ascii,38,_ZN9ir_rvalue21as_rvalue_to_saturateEv
4,.dynstr,82308,82308,ascii,23,_ZN14ir_instructionD2Ev
4,.dynstr,82332,82332,ascii,23,_ZN14ir_dereferenceD0Ev
4,.dynstr,82356,82356,ascii,34,_ZN9ir_rvalue6acceptEP10ir_visitor
4,.dynstr,82391,82391,ascii,42,_ZN9ir_rvalue25whole_variable_referencedEv
4,.dynstr,82434,82434,ascii,36,_ZNK9ir_rvalue18is_uint16_constantEv
4,.dynstr,82471,82471,ascii,20,_ZTV14ir_dereference
4,.dynstr,82492,82492,ascii,20,_ZTI14ir_dereference
4,.dynstr,82513,82513,ascii,47,_ZN9ir_rvalue6acceptEP23ir_hierarchical_visitor
4,.dynstr,82561,82561,ascii,44,_ZN14ir_instruction6equalsEPS_12ir_node_type
4,.dynstr,82606,82606,ascii,54,_ZN9ir_rvalue25constant_expression_valueEP10hash_table
4,.dynstr,82661,82661,ascii,20,_ZTS14ir_dereference
4,.dynstr,82682,82682,ascii,14,_ZTI9ir_rvalue
4,.dynstr,82697,82697,ascii,46,_ZN9ir_rvalueC1E12ir_node_type14glsl_precision
4,.dynstr,82744,82744,ascii,39,_ZN13ir_expressionC1EiP9ir_rvalueS1_S1_
4,.dynstr,82784,82784,ascii,20,_ZN11ir_constantC1Ev
4,.dynstr,82805,82805,ascii,46,_ZN21ir_dereference_recordC1EP11ir_variablePKc
4,.dynstr,82852,82852,ascii,46,_ZN10ir_swizzleC1EP9ir_rvalue15ir_swizzle_mask
4,.dynstr,82899,82899,ascii,65,_Z21call_for_basic_blocksP9exec_listPFvP14ir_instructionS2_PvES3_
4,.dynstr,82965,82965,ascii,49,_ZN10ir_builder6assignENS_5derefENS_7operandES1_i
4,.dynstr,83015,83015,ascii,48,_ZN10ir_builder6assignENS_5derefENS_7operandES1_
4,.dynstr,83064,83064,ascii,47,_ZN10ir_builder16swizzle_for_sizeENS_7operandEj
4,.dynstr,83112,83112,ascii,42,_ZN10ir_builder12swizzle_xxxxENS_7operandE
4,.dynstr,83155,83155,ascii,42,_ZN10ir_builder12swizzle_yyyyENS_7operandE
4,.dynstr,83198,83198,ascii,42,_ZN10ir_builder12swizzle_zzzzENS_7operandE
4,.dynstr,83241,83241,ascii,42,_ZN10ir_builder12swizzle_wwwwENS_7operandE
4,.dynstr,83284,83284,ascii,40,_ZN10ir_builder10swizzle_xyENS_7operandE
4,.dynstr,83325,83325,ascii,41,_ZN10ir_builder11swizzle_xyzENS_7operandE
4,.dynstr,83367,83367,ascii,42,_ZN10ir_builder12swizzle_xyzwENS_7operandE
4,.dynstr,83410,83410,ascii,40,_ZN10ir_builder10round_evenENS_7operandE
4,.dynstr,83451,83451,ascii,37,_ZN10ir_builder8saturateENS_7operandE
4,.dynstr,83489,83489,ascii,32,_ZN10ir_builder3rsqENS_7operandE
4,.dynstr,83522,83522,ascii,38,_ZN10ir_builder6lequalENS_7operandES0_
4,.dynstr,83561,83561,ascii,38,_ZN10ir_builder9logic_notENS_7operandE
4,.dynstr,83600,83600,ascii,40,_ZN10ir_builder8logic_orENS_7operandES0_
4,.dynstr,83641,83641,ascii,36,_ZN10ir_builder7bit_notENS_7operandE
4,.dynstr,83678,83678,ascii,38,_ZN10ir_builder6lshiftENS_7operandES0_
4,.dynstr,83717,83717,ascii,32,_ZN10ir_builder3f2iENS_7operandE
4,.dynstr,83750,83750,ascii,32,_ZN10ir_builder3i2fENS_7operandE
4,.dynstr,83783,83783,ascii,32,_ZN10ir_builder3i2uENS_7operandE
4,.dynstr,83816,83816,ascii,32,_ZN10ir_builder3u2iENS_7operandE
4,.dynstr,83849,83849,ascii,32,_ZN10ir_builder3f2uENS_7operandE
4,.dynstr,83882,83882,ascii,32,_ZN10ir_builder3u2fENS_7operandE
4,.dynstr,83915,83915,ascii,32,_ZN10ir_builder3i2bENS_7operandE
4,.dynstr,83948,83948,ascii,32,_ZN10ir_builder3b2iENS_7operandE
4,.dynstr,83981,83981,ascii,32,_ZN10ir_builder3f2bENS_7operandE
4,.dynstr,84014,84014,ascii,53,_ZN10ir_builder7if_treeENS_7operandEP14ir_instruction
4,.dynstr,84068,84068,ascii,36,_ZNK9ir_rvalue5cloneEPvP10hash_table
4,.dynstr,84105,84105,ascii,39,_ZNK11ir_variable5cloneEPvP10hash_table
4,.dynstr,84145,84145,ascii,38,_ZNK10ir_swizzle5cloneEPvP10hash_table
4,.dynstr,84184,84184,ascii,36,_ZNK9ir_return5cloneEPvP10hash_table
4,.dynstr,84221,84221,ascii,38,_ZNK10ir_discard5cloneEPvP10hash_table
4,.dynstr,84260,84260,ascii,40,_ZNK12ir_loop_jump5cloneEPvP10hash_table
4,.dynstr,84301,84301,ascii,32,_ZNK5ir_if5cloneEPvP10hash_table
4,.dynstr,84334,84334,ascii,34,_ZNK7ir_loop5cloneEPvP10hash_table
4,.dynstr,84369,84369,ascii,34,_ZNK7ir_call5cloneEPvP10hash_table
4,.dynstr,84404,84404,ascii,41,_ZNK13ir_expression5cloneEPvP10hash_table
4,.dynstr,84446,84446,ascii,51,_ZNK23ir_dereference_variable5cloneEPvP10hash_table
4,.dynstr,84498,84498,ascii,48,_ZNK20ir_dereference_array5cloneEPvP10hash_table
4,.dynstr,84547,84547,ascii,49,_ZNK21ir_dereference_record5cloneEPvP10hash_table
4,.dynstr,84597,84597,ascii,38,_ZNK10ir_texture5cloneEPvP10hash_table
4,.dynstr,84636,84636,ascii,41,_ZNK13ir_assignment5cloneEPvP10hash_table
4,.dynstr,84678,84678,ascii,39,_ZNK11ir_function5cloneEPvP10hash_table
4,.dynstr,84718,84718,ascii,49,_ZNK21ir_function_signature5cloneEPvP10hash_table
4,.dynstr,84768,84768,ascii,39,_ZNK11ir_constant5cloneEPvP10hash_table
4,.dynstr,84808,84808,ascii,50,_ZNK22ir_precision_statement5cloneEPvP10hash_table
4,.dynstr,84859,84859,ascii,49,_ZNK21ir_typedecl_statement5cloneEPvP10hash_table
4,.dynstr,84909,84909,ascii,35,_Z13clone_ir_listPvP9exec_listPKS0_
4,.dynstr,84945,84945,ascii,27,_ZTV21fixup_ir_call_visitor
4,.dynstr,84973,84973,ascii,13,_ZN5ir_ifD0Ev
4,.dynstr,84987,84987,ascii,30,_ZN5ir_if6acceptEP10ir_visitor
4,.dynstr,85018,85018,ascii,15,_ZN7ir_callD0Ev
4,.dynstr,85034,85034,ascii,32,_ZN7ir_call6acceptEP10ir_visitor
4,.dynstr,85067,85067,ascii,17,_ZN9ir_returnD0Ev
4,.dynstr,85085,85085,ascii,34,_ZN9ir_return6acceptEP10ir_visitor
4,.dynstr,85120,85120,ascii,21,_ZN12ir_loop_jumpD0Ev
4,.dynstr,85142,85142,ascii,38,_ZN12ir_loop_jump6acceptEP10ir_visitor
4,.dynstr,85181,85181,ascii,19,_ZN10ir_discardD0Ev
4,.dynstr,85201,85201,ascii,36,_ZN10ir_discard6acceptEP10ir_visitor
4,.dynstr,85238,85238,ascii,17,_ZN9ir_rvalueD0Ev
4,.dynstr,85256,85256,ascii,26,_ZNK9ir_rvalue9is_lvalueEv
4,.dynstr,85283,85283,ascii,37,_ZNK9ir_rvalue19variable_referencedEv
4,.dynstr,85321,85321,ascii,19,_ZN10ir_textureD0Ev
4,.dynstr,85341,85341,ascii,36,_ZN10ir_texture6acceptEP10ir_visitor
4,.dynstr,85378,85378,ascii,31,_ZN22ir_precision_statementD0Ev
4,.dynstr,85410,85410,ascii,48,_ZN22ir_precision_statement6acceptEP10ir_visitor
4,.dynstr,85459,85459,ascii,30,_ZN21ir_typedecl_statementD0Ev
4,.dynstr,85490,85490,ascii,47,_ZN21ir_typedecl_statement6acceptEP10ir_visitor
4,.dynstr,85538,85538,ascii,20,_ZN11ir_variableD0Ev
4,.dynstr,85559,85559,ascii,37,_ZN11ir_variable6acceptEP10ir_visitor
4,.dynstr,85597,85597,ascii,19,_ZN10ir_swizzleD0Ev
4,.dynstr,85617,85617,ascii,36,_ZN10ir_swizzle6acceptEP10ir_visitor
4,.dynstr,85654,85654,ascii,28,_ZNK10ir_swizzle9is_lvalueEv
4,.dynstr,85683,85683,ascii,15,_ZN7ir_loopD0Ev
4,.dynstr,85699,85699,ascii,32,_ZN7ir_loop6acceptEP10ir_visitor
4,.dynstr,85732,85732,ascii,32,_ZN23ir_dereference_variableD0Ev
4,.dynstr,85765,85765,ascii,49,_ZN23ir_dereference_variable6acceptEP10ir_visitor
4,.dynstr,85815,85815,ascii,52,_ZNK23ir_dereference_variable19variable_referencedEv
4,.dynstr,85868,85868,ascii,57,_ZN23ir_dereference_variable25whole_variable_referencedEv
4,.dynstr,85926,85926,ascii,29,_ZN20ir_dereference_arrayD0Ev
4,.dynstr,85956,85956,ascii,46,_ZN20ir_dereference_array6acceptEP10ir_visitor
4,.dynstr,86003,86003,ascii,49,_ZNK20ir_dereference_array19variable_referencedEv
4,.dynstr,86053,86053,ascii,30,_ZN21ir_dereference_recordD0Ev
4,.dynstr,86084,86084,ascii,47,_ZN21ir_dereference_record6acceptEP10ir_visitor
4,.dynstr,86132,86132,ascii,50,_ZNK21ir_dereference_record19variable_referencedEv
4,.dynstr,86183,86183,ascii,22,_ZN13ir_assignmentD0Ev
4,.dynstr,86206,86206,ascii,39,_ZN13ir_assignment6acceptEP10ir_visitor
4,.dynstr,86246,86246,ascii,20,_ZN11ir_functionD0Ev
4,.dynstr,86267,86267,ascii,37,_ZN11ir_function6acceptEP10ir_visitor
4,.dynstr,86305,86305,ascii,30,_ZN21ir_function_signatureD0Ev
4,.dynstr,86336,86336,ascii,47,_ZN21ir_function_signature6acceptEP10ir_visitor
4,.dynstr,86384,86384,ascii,20,_ZN11ir_constantD0Ev
4,.dynstr,86405,86405,ascii,37,_ZN11ir_constant6acceptEP10ir_visitor
4,.dynstr,86443,86443,ascii,49,_ZN21fixup_ir_call_visitor11visit_enterEP7ir_call
4,.dynstr,86493,86493,ascii,10,_ZTI5ir_if
4,.dynstr,86504,86504,ascii,43,_ZN5ir_if6acceptEP23ir_hierarchical_visitor
4,.dynstr,86548,86548,ascii,10,_ZTS5ir_if
4,.dynstr,86559,86559,ascii,20,_ZTI14ir_instruction
4,.dynstr,86580,86580,ascii,12,_ZTI7ir_call
4,.dynstr,86593,86593,ascii,45,_ZN7ir_call6acceptEP23ir_hierarchical_visitor
4,.dynstr,86639,86639,ascii,52,_ZN7ir_call25constant_expression_valueEP10hash_table
4,.dynstr,86692,86692,ascii,12,_ZTS7ir_call
4,.dynstr,86705,86705,ascii,14,_ZTI9ir_return
4,.dynstr,86720,86720,ascii,47,_ZN9ir_return6acceptEP23ir_hierarchical_visitor
4,.dynstr,86768,86768,ascii,14,_ZTS9ir_return
4,.dynstr,86783,86783,ascii,12,_ZTS7ir_jump
4,.dynstr,86796,86796,ascii,12,_ZTI7ir_jump
4,.dynstr,86809,86809,ascii,18,_ZTI12ir_loop_jump
4,.dynstr,86828,86828,ascii,51,_ZN12ir_loop_jump6acceptEP23ir_hierarchical_visitor
4,.dynstr,86880,86880,ascii,18,_ZTS12ir_loop_jump
4,.dynstr,86899,86899,ascii,16,_ZTI10ir_discard
4,.dynstr,86916,86916,ascii,49,_ZN10ir_discard6acceptEP23ir_hierarchical_visitor
4,.dynstr,86966,86966,ascii,16,_ZTS10ir_discard
4,.dynstr,86983,86983,ascii,14,_ZTS9ir_rvalue
4,.dynstr,86998,86998,ascii,16,_ZTI10ir_texture
4,.dynstr,87015,87015,ascii,49,_ZN10ir_texture6acceptEP23ir_hierarchical_visitor
4,.dynstr,87065,87065,ascii,54,_ZN10ir_texture6equalsEP14ir_instruction12ir_node_type
4,.dynstr,87120,87120,ascii,56,_ZN10ir_texture25constant_expression_valueEP10hash_table
4,.dynstr,87177,87177,ascii,16,_ZTS10ir_texture
4,.dynstr,87194,87194,ascii,28,_ZTI22ir_precision_statement
4,.dynstr,87223,87223,ascii,61,_ZN22ir_precision_statement6acceptEP23ir_hierarchical_visitor
4,.dynstr,87285,87285,ascii,28,_ZTS22ir_precision_statement
4,.dynstr,87314,87314,ascii,27,_ZTI21ir_typedecl_statement
4,.dynstr,87342,87342,ascii,60,_ZN21ir_typedecl_statement6acceptEP23ir_hierarchical_visitor
4,.dynstr,87403,87403,ascii,27,_ZTS21ir_typedecl_statement
4,.dynstr,87431,87431,ascii,17,_ZTI11ir_variable
4,.dynstr,87449,87449,ascii,50,_ZN11ir_variable6acceptEP23ir_hierarchical_visitor
4,.dynstr,87500,87500,ascii,17,_ZTS11ir_variable
4,.dynstr,87518,87518,ascii,16,_ZTI10ir_swizzle
4,.dynstr,87535,87535,ascii,49,_ZN10ir_swizzle6acceptEP23ir_hierarchical_visitor
4,.dynstr,87585,87585,ascii,54,_ZN10ir_swizzle6equalsEP14ir_instruction12ir_node_type
4,.dynstr,87640,87640,ascii,56,_ZN10ir_swizzle25constant_expression_valueEP10hash_table
4,.dynstr,87697,87697,ascii,16,_ZTS10ir_swizzle
4,.dynstr,87714,87714,ascii,12,_ZTI7ir_loop
4,.dynstr,87727,87727,ascii,45,_ZN7ir_loop6acceptEP23ir_hierarchical_visitor
4,.dynstr,87773,87773,ascii,12,_ZTS7ir_loop
4,.dynstr,87786,87786,ascii,29,_ZTI23ir_dereference_variable
4,.dynstr,87816,87816,ascii,62,_ZN23ir_dereference_variable6acceptEP23ir_hierarchical_visitor
4,.dynstr,87879,87879,ascii,67,_ZN23ir_dereference_variable6equalsEP14ir_instruction12ir_node_type
4,.dynstr,87947,87947,ascii,69,_ZN23ir_dereference_variable25constant_expression_valueEP10hash_table
4,.dynstr,88017,88017,ascii,29,_ZTS23ir_dereference_variable
4,.dynstr,88047,88047,ascii,26,_ZTI20ir_dereference_array
4,.dynstr,88074,88074,ascii,59,_ZN20ir_dereference_array6acceptEP23ir_hierarchical_visitor
4,.dynstr,88134,88134,ascii,64,_ZN20ir_dereference_array6equalsEP14ir_instruction12ir_node_type
4,.dynstr,88199,88199,ascii,66,_ZN20ir_dereference_array25constant_expression_valueEP10hash_table
4,.dynstr,88266,88266,ascii,26,_ZTS20ir_dereference_array
4,.dynstr,88293,88293,ascii,27,_ZTI21ir_dereference_record
4,.dynstr,88321,88321,ascii,60,_ZN21ir_dereference_record6acceptEP23ir_hierarchical_visitor
4,.dynstr,88382,88382,ascii,67,_ZN21ir_dereference_record25constant_expression_valueEP10hash_table
4,.dynstr,88450,88450,ascii,27,_ZTS21ir_dereference_record
4,.dynstr,88478,88478,ascii,19,_ZTI13ir_assignment
4,.dynstr,88498,88498,ascii,52,_ZN13ir_assignment6acceptEP23ir_hierarchical_visitor
4,.dynstr,88551,88551,ascii,59,_ZN13ir_assignment25constant_expression_valueEP10hash_table
4,.dynstr,88611,88611,ascii,19,_ZTS13ir_assignment
4,.dynstr,88631,88631,ascii,17,_ZTI11ir_function
4,.dynstr,88649,88649,ascii,50,_ZN11ir_function6acceptEP23ir_hierarchical_visitor
4,.dynstr,88700,88700,ascii,17,_ZTS11ir_function
4,.dynstr,88718,88718,ascii,27,_ZTI21ir_function_signature
4,.dynstr,88746,88746,ascii,60,_ZN21ir_function_signature6acceptEP23ir_hierarchical_visitor
4,.dynstr,88807,88807,ascii,27,_ZTS21ir_function_signature
4,.dynstr,88835,88835,ascii,17,_ZTI11ir_constant
4,.dynstr,88853,88853,ascii,50,_ZN11ir_constant6acceptEP23ir_hierarchical_visitor
4,.dynstr,88904,88904,ascii,55,_ZN11ir_constant6equalsEP14ir_instruction12ir_node_type
4,.dynstr,88960,88960,ascii,57,_ZN11ir_constant25constant_expression_valueEP10hash_table
4,.dynstr,89018,89018,ascii,17,_ZTS11ir_constant
4,.dynstr,89036,89036,ascii,27,_ZTI21fixup_ir_call_visitor
4,.dynstr,89064,89064,ascii,61,_ZN23ir_hierarchical_visitor5visitEP23ir_dereference_variable
4,.dynstr,89126,89126,ascii,27,_ZTS21fixup_ir_call_visitor
4,.dynstr,89154,89154,ascii,59,_ZN13ir_expression25constant_expression_valueEP10hash_table
4,.dynstr,89222,89222,ascii,5,sqrtf
4,.dynstr,89236,89236,ascii,4,exp2
4,.dynstr,89241,89241,ascii,6,truncf
4,.dynstr,89248,89248,ascii,5,ceilf
4,.dynstr,89254,89254,ascii,6,floorf
4,.dynstr,89265,89265,ascii,5,ldexp
4,.dynstr,89271,89271,ascii,113,_ZN21ir_function_signature44constant_expression_evaluate_expression_listERK9exec_listP10hash_tablePP11ir_constant
4,.dynstr,89385,89385,ascii,57,_ZN13ir_expression6equalsEP14ir_instruction12ir_node_type
4,.dynstr,89443,89443,ascii,23,_ZN14ir_instructionD0Ev
4,.dynstr,89467,89467,ascii,22,_ZN13ir_expressionD0Ev
4,.dynstr,89490,89490,ascii,39,_ZN13ir_expression6acceptEP10ir_visitor
4,.dynstr,89530,89530,ascii,20,_ZTV14ir_instruction
4,.dynstr,89551,89551,ascii,20,_ZTS14ir_instruction
4,.dynstr,89572,89572,ascii,14,_ZTS9exec_node
4,.dynstr,89587,89587,ascii,14,_ZTI9exec_node
4,.dynstr,89602,89602,ascii,19,_ZTI13ir_expression
4,.dynstr,89622,89622,ascii,52,_ZN13ir_expression6acceptEP23ir_hierarchical_visitor
4,.dynstr,89675,89675,ascii,19,_ZTS13ir_expression
4,.dynstr,89695,89695,ascii,60,_Z24do_expression_flatteningP9exec_listPFbP14ir_instructionE
4,.dynstr,89756,89756,ascii,38,_ZTV32ir_expression_flattening_visitor
4,.dynstr,89795,89795,ascii,41,_ZN32ir_expression_flattening_visitorD2Ev
4,.dynstr,89837,89837,ascii,65,_ZN32ir_expression_flattening_visitor13handle_rvalueEPP9ir_rvalue
4,.dynstr,89903,89903,ascii,41,_ZN32ir_expression_flattening_visitorD0Ev
4,.dynstr,89945,89945,ascii,38,_ZTI32ir_expression_flattening_visitor
4,.dynstr,89984,89984,ascii,52,_ZN17ir_rvalue_visitor11visit_leaveEP13ir_expression
4,.dynstr,90037,90037,ascii,49,_ZN17ir_rvalue_visitor11visit_leaveEP10ir_texture
4,.dynstr,90087,90087,ascii,49,_ZN17ir_rvalue_visitor11visit_leaveEP10ir_swizzle
4,.dynstr,90137,90137,ascii,59,_ZN17ir_rvalue_visitor11visit_leaveEP20ir_dereference_array
4,.dynstr,90197,90197,ascii,60,_ZN17ir_rvalue_visitor11visit_leaveEP21ir_dereference_record
4,.dynstr,90258,90258,ascii,52,_ZN17ir_rvalue_visitor11visit_leaveEP13ir_assignment
4,.dynstr,90311,90311,ascii,45,_ZN17ir_rvalue_visitor11visit_leaveEP7ir_call
4,.dynstr,90357,90357,ascii,47,_ZN17ir_rvalue_visitor11visit_leaveEP9ir_return
4,.dynstr,90405,90405,ascii,43,_ZN17ir_rvalue_visitor11visit_leaveEP5ir_if
4,.dynstr,90449,90449,ascii,53,_ZN17ir_rvalue_visitor11visit_leaveEP14ir_emit_vertex
4,.dynstr,90503,90503,ascii,55,_ZN17ir_rvalue_visitor11visit_leaveEP16ir_end_primitive
4,.dynstr,90559,90559,ascii,38,_ZTS32ir_expression_flattening_visitor
4,.dynstr,90598,90598,ascii,23,_ZTI17ir_rvalue_visitor
4,.dynstr,90622,90622,ascii,60,_ZN30ir_function_can_inline_visitor11visit_enterEP9ir_return
4,.dynstr,90683,90683,ascii,23,_Z10can_inlineP7ir_call
4,.dynstr,90707,90707,ascii,36,_ZTV30ir_function_can_inline_visitor
4,.dynstr,90744,90744,ascii,36,_ZTI30ir_function_can_inline_visitor
4,.dynstr,90781,90781,ascii,36,_ZTS30ir_function_can_inline_visitor
4,.dynstr,90818,90818,ascii,58,_Z23detect_recursion_linkedP17gl_shader_programP9exec_list
4,.dynstr,90877,90877,ascii,40,_Z12linker_errorP17gl_shader_programPKcz
4,.dynstr,90918,90918,ascii,29,_ZTV23ir_hierarchical_visitor
4,.dynstr,90948,90948,ascii,61,_Z19visit_list_elementsP23ir_hierarchical_visitorP9exec_listb
4,.dynstr,91010,91010,ascii,29,_ZTS23ir_hierarchical_visitor
4,.dynstr,91040,91040,ascii,32,_ZN23ir_hierarchical_visitorC1Ev
4,.dynstr,91073,91073,ascii,53,_ZN14ir_emit_vertex6acceptEP23ir_hierarchical_visitor
4,.dynstr,91127,91127,ascii,55,_ZN16ir_end_primitive6acceptEP23ir_hierarchical_visitor
4,.dynstr,91183,91183,ascii,23,_ZN14ir_emit_vertexD0Ev
4,.dynstr,91207,91207,ascii,40,_ZN14ir_emit_vertex6acceptEP10ir_visitor
4,.dynstr,91248,91248,ascii,42,_ZNK14ir_emit_vertex5cloneEPvP10hash_table
4,.dynstr,91291,91291,ascii,25,_ZN16ir_end_primitiveD0Ev
4,.dynstr,91317,91317,ascii,42,_ZN16ir_end_primitive6acceptEP10ir_visitor
4,.dynstr,91360,91360,ascii,44,_ZNK16ir_end_primitive5cloneEPvP10hash_table
4,.dynstr,91405,91405,ascii,20,_ZTI14ir_emit_vertex
4,.dynstr,91426,91426,ascii,20,_ZTS14ir_emit_vertex
4,.dynstr,91447,91447,ascii,22,_ZTI16ir_end_primitive
4,.dynstr,91470,91470,ascii,22,_ZTS16ir_end_primitive
4,.dynstr,91493,91493,ascii,58,_Z17import_prototypesPK9exec_listPS_P17glsl_symbol_tablePv
4,.dynstr,91552,91552,ascii,40,_ZN13string_buffer15asprintf_appendEPKcz
4,.dynstr,91593,91593,ascii,41,_Z26do_remove_unused_typedeclsP9exec_list
4,.dynstr,91635,91635,ascii,27,_ZTV21ir_print_glsl_visitor
4,.dynstr,91663,91663,ascii,60,_ZN13string_buffer22vasprintf_rewrite_tailEPjPKcSt9__va_list
4,.dynstr,91724,91724,ascii,19,_ZN10ir_visitorD2Ev
4,.dynstr,91744,91744,ascii,35,_ZN21ir_print_glsl_visitor6indentEv
4,.dynstr,91780,91780,ascii,48,_ZN21ir_print_glsl_visitor18end_statement_lineEv
4,.dynstr,91829,91829,ascii,44,_ZN21ir_print_glsl_visitor14newline_indentEv
4,.dynstr,91874,91874,ascii,46,_ZN21ir_print_glsl_visitor16newline_deindentEv
4,.dynstr,91921,91921,ascii,57,_ZN21ir_print_glsl_visitor14print_var_nameEP11ir_variable
4,.dynstr,91979,91979,ascii,73,_ZN21ir_print_glsl_visitor15print_precisionEP14ir_instructionPK9glsl_type
4,.dynstr,92053,92053,ascii,47,_ZN21ir_print_glsl_visitor5visitEP11ir_variable
4,.dynstr,92101,92101,ascii,49,_ZN10loop_state16get_for_inductorEPK11ir_variable
4,.dynstr,92151,92151,ascii,73,_ZN21ir_print_glsl_visitor22can_emit_canonical_forEP19loop_variable_state
4,.dynstr,92225,92225,ascii,57,_ZN21ir_print_glsl_visitor5visitEP21ir_function_signature
4,.dynstr,92283,92283,ascii,47,_ZN21ir_print_glsl_visitor5visitEP11ir_function
4,.dynstr,92331,92331,ascii,49,_ZN21ir_print_glsl_visitor5visitEP13ir_expression
4,.dynstr,92381,92381,ascii,46,_ZN21ir_print_glsl_visitor5visitEP10ir_texture
4,.dynstr,92428,92428,ascii,46,_ZN21ir_print_glsl_visitor5visitEP10ir_swizzle
4,.dynstr,92475,92475,ascii,59,_ZN21ir_print_glsl_visitor5visitEP23ir_dereference_variable
4,.dynstr,92535,92535,ascii,56,_ZN21ir_print_glsl_visitor5visitEP20ir_dereference_array
4,.dynstr,92592,92592,ascii,57,_ZN21ir_print_glsl_visitor5visitEP21ir_dereference_record
4,.dynstr,92650,92650,ascii,83,_ZN21ir_print_glsl_visitor26try_print_array_assignmentEP14ir_dereferenceP9ir_rvalue
4,.dynstr,92734,92734,ascii,81,_ZN21ir_print_glsl_visitor20emit_assignment_partEP14ir_dereferenceP9ir_rvaluejS3_
4,.dynstr,92816,92816,ascii,49,_ZN21ir_print_glsl_visitor5visitEP13ir_assignment
4,.dynstr,92866,92866,ascii,32,_Z11print_floatR13string_bufferf
4,.dynstr,92899,92899,ascii,47,_ZN21ir_print_glsl_visitor5visitEP11ir_constant
4,.dynstr,92947,92947,ascii,42,_ZN21ir_print_glsl_visitor5visitEP7ir_call
4,.dynstr,92990,92990,ascii,44,_ZN21ir_print_glsl_visitor5visitEP9ir_return
4,.dynstr,93035,93035,ascii,46,_ZN21ir_print_glsl_visitor5visitEP10ir_discard
4,.dynstr,93082,93082,ascii,40,_ZN21ir_print_glsl_visitor5visitEP5ir_if
4,.dynstr,93123,93123,ascii,56,_ZN21ir_print_glsl_visitor18emit_canonical_forEP7ir_loop
4,.dynstr,93180,93180,ascii,30,_ZN10loop_state3getEPK7ir_loop
4,.dynstr,93211,93211,ascii,42,_ZN21ir_print_glsl_visitor5visitEP7ir_loop
4,.dynstr,93254,93254,ascii,48,_ZN21ir_print_glsl_visitor5visitEP12ir_loop_jump
4,.dynstr,93303,93303,ascii,58,_ZN21ir_print_glsl_visitor5visitEP22ir_precision_statement
4,.dynstr,93362,93362,ascii,57,_ZN21ir_print_glsl_visitor5visitEP21ir_typedecl_statement
4,.dynstr,93420,93420,ascii,50,_ZN21ir_print_glsl_visitor5visitEP14ir_emit_vertex
4,.dynstr,93471,93471,ascii,52,_ZN21ir_print_glsl_visitor5visitEP16ir_end_primitive
4,.dynstr,93524,93524,ascii,30,_ZN21ir_print_glsl_visitorD0Ev
4,.dynstr,93555,93555,ascii,33,_ZN10ir_visitor5visitEP9ir_rvalue
4,.dynstr,93589,93589,ascii,27,_ZTI21ir_print_glsl_visitor
4,.dynstr,93617,93617,ascii,27,_ZTS21ir_print_glsl_visitor
4,.dynstr,93645,93645,ascii,16,_ZTS10ir_visitor
4,.dynstr,93662,93662,ascii,16,_ZTI10ir_visitor
4,.dynstr,93679,93679,ascii,29,_ZN19metal_print_contextC2EPc
4,.dynstr,93709,93709,ascii,35,_ZN26global_print_tracker_metalC2Ev
4,.dynstr,93745,93745,ascii,28,_ZTV22ir_print_metal_visitor
4,.dynstr,93774,93774,ascii,36,_ZN22ir_print_metal_visitor6indentEv
4,.dynstr,93811,93811,ascii,49,_ZN22ir_print_metal_visitor18end_statement_lineEv
4,.dynstr,93861,93861,ascii,45,_ZN22ir_print_metal_visitor14newline_indentEv
4,.dynstr,93907,93907,ascii,47,_ZN22ir_print_metal_visitor16newline_deindentEv
4,.dynstr,93955,93955,ascii,58,_ZN22ir_print_metal_visitor14print_var_nameEP11ir_variable
4,.dynstr,94014,94014,ascii,48,_ZN22ir_print_metal_visitor5visitEP11ir_variable
4,.dynstr,94063,94063,ascii,74,_ZN22ir_print_metal_visitor22can_emit_canonical_forEP19loop_variable_state
4,.dynstr,94138,94138,ascii,58,_ZN22ir_print_metal_visitor5visitEP21ir_function_signature
4,.dynstr,94197,94197,ascii,48,_ZN22ir_print_metal_visitor5visitEP11ir_function
4,.dynstr,94246,94246,ascii,50,_ZN22ir_print_metal_visitor5visitEP13ir_expression
4,.dynstr,94297,94297,ascii,47,_ZN22ir_print_metal_visitor5visitEP10ir_texture
4,.dynstr,94345,94345,ascii,47,_ZN22ir_print_metal_visitor5visitEP10ir_swizzle
4,.dynstr,94393,94393,ascii,60,_ZN22ir_print_metal_visitor5visitEP23ir_dereference_variable
4,.dynstr,94454,94454,ascii,57,_ZN22ir_print_metal_visitor5visitEP20ir_dereference_array
4,.dynstr,94512,94512,ascii,58,_ZN22ir_print_metal_visitor5visitEP21ir_dereference_record
4,.dynstr,94571,94571,ascii,82,_ZN22ir_print_metal_visitor20emit_assignment_partEP14ir_dereferenceP9ir_rvaluejS3_
4,.dynstr,94654,94654,ascii,50,_ZN22ir_print_metal_visitor5visitEP13ir_assignment
4,.dynstr,94705,94705,ascii,48,_ZN22ir_print_metal_visitor5visitEP11ir_constant
4,.dynstr,94754,94754,ascii,43,_ZN22ir_print_metal_visitor5visitEP7ir_call
4,.dynstr,94798,94798,ascii,45,_ZN22ir_print_metal_visitor5visitEP9ir_return
4,.dynstr,94844,94844,ascii,47,_ZN22ir_print_metal_visitor5visitEP10ir_discard
4,.dynstr,94892,94892,ascii,41,_ZN22ir_print_metal_visitor5visitEP5ir_if
4,.dynstr,94934,94934,ascii,57,_ZN22ir_print_metal_visitor18emit_canonical_forEP7ir_loop
4,.dynstr,94992,94992,ascii,43,_ZN22ir_print_metal_visitor5visitEP7ir_loop
4,.dynstr,95036,95036,ascii,49,_ZN22ir_print_metal_visitor5visitEP12ir_loop_jump
4,.dynstr,95086,95086,ascii,59,_ZN22ir_print_metal_visitor5visitEP22ir_precision_statement
4,.dynstr,95146,95146,ascii,58,_ZN22ir_print_metal_visitor5visitEP21ir_typedecl_statement
4,.dynstr,95205,95205,ascii,51,_ZN22ir_print_metal_visitor5visitEP14ir_emit_vertex
4,.dynstr,95257,95257,ascii,53,_ZN22ir_print_metal_visitor5visitEP16ir_end_primitive
4,.dynstr,95311,95311,ascii,31,_ZN22ir_print_metal_visitorD0Ev
4,.dynstr,95343,95343,ascii,28,_ZTI22ir_print_metal_visitor
4,.dynstr,95372,95372,ascii,28,_ZTS22ir_print_metal_visitor
4,.dynstr,95401,95401,ascii,28,_ZNK14ir_instruction5printEv
4,.dynstr,95430,95430,ascii,37,_ZNK14ir_instruction6fprintEP7__sFILE
4,.dynstr,95468,95468,ascii,22,_ZTV16ir_print_visitor
4,.dynstr,95491,95491,ascii,5,fputs
4,.dynstr,95497,95497,ascii,9,fprint_ir
4,.dynstr,95507,95507,ascii,33,_ZN16ir_print_visitorC2EP7__sFILE
4,.dynstr,95541,95541,ascii,25,_ZN16ir_print_visitorD2Ev
4,.dynstr,95567,95567,ascii,25,_ZN16ir_print_visitorD0Ev
4,.dynstr,95593,95593,ascii,30,_ZN16ir_print_visitor6indentEv
4,.dynstr,95624,95624,ascii,49,_ZN16ir_print_visitor11unique_nameEP11ir_variable
4,.dynstr,95674,95674,ascii,39,_ZN16ir_print_visitor5visitEP9ir_rvalue
4,.dynstr,95714,95714,ascii,42,_ZN16ir_print_visitor5visitEP11ir_variable
4,.dynstr,95757,95757,ascii,52,_ZN16ir_print_visitor5visitEP21ir_function_signature
4,.dynstr,95810,95810,ascii,42,_ZN16ir_print_visitor5visitEP11ir_function
4,.dynstr,95853,95853,ascii,44,_ZN16ir_print_visitor5visitEP13ir_expression
4,.dynstr,95898,95898,ascii,41,_ZN16ir_print_visitor5visitEP10ir_texture
4,.dynstr,95940,95940,ascii,41,_ZN16ir_print_visitor5visitEP10ir_swizzle
4,.dynstr,95982,95982,ascii,54,_ZN16ir_print_visitor5visitEP23ir_dereference_variable
4,.dynstr,96037,96037,ascii,51,_ZN16ir_print_visitor5visitEP20ir_dereference_array
4,.dynstr,96089,96089,ascii,52,_ZN16ir_print_visitor5visitEP21ir_dereference_record
4,.dynstr,96142,96142,ascii,44,_ZN16ir_print_visitor5visitEP13ir_assignment
4,.dynstr,96187,96187,ascii,42,_ZN16ir_print_visitor5visitEP11ir_constant
4,.dynstr,96230,96230,ascii,37,_ZN16ir_print_visitor5visitEP7ir_call
4,.dynstr,96268,96268,ascii,39,_ZN16ir_print_visitor5visitEP9ir_return
4,.dynstr,96308,96308,ascii,41,_ZN16ir_print_visitor5visitEP10ir_discard
4,.dynstr,96350,96350,ascii,35,_ZN16ir_print_visitor5visitEP5ir_if
4,.dynstr,96386,96386,ascii,37,_ZN16ir_print_visitor5visitEP7ir_loop
4,.dynstr,96424,96424,ascii,43,_ZN16ir_print_visitor5visitEP12ir_loop_jump
4,.dynstr,96468,96468,ascii,53,_ZN16ir_print_visitor5visitEP22ir_precision_statement
4,.dynstr,96522,96522,ascii,52,_ZN16ir_print_visitor5visitEP21ir_typedecl_statement
4,.dynstr,96575,96575,ascii,45,_ZN16ir_print_visitor5visitEP14ir_emit_vertex
4,.dynstr,96621,96621,ascii,47,_ZN16ir_print_visitor5visitEP16ir_end_primitive
4,.dynstr,96669,96669,ascii,22,_ZTI16ir_print_visitor
4,.dynstr,96692,96692,ascii,22,_ZTS16ir_print_visitor
4,.dynstr,96715,96715,ascii,33,_ZN16ir_print_visitorC1EP7__sFILE
4,.dynstr,96749,96749,ascii,25,_ZN16ir_print_visitorD1Ev
4,.dynstr,96775,96775,ascii,58,_ZN22ir_rvalue_base_visitor12rvalue_visitEP13ir_expression
4,.dynstr,96834,96834,ascii,55,_ZN22ir_rvalue_base_visitor12rvalue_visitEP10ir_texture
4,.dynstr,96890,96890,ascii,55,_ZN22ir_rvalue_base_visitor12rvalue_visitEP10ir_swizzle
4,.dynstr,96946,96946,ascii,65,_ZN22ir_rvalue_base_visitor12rvalue_visitEP20ir_dereference_array
4,.dynstr,97012,97012,ascii,66,_ZN22ir_rvalue_base_visitor12rvalue_visitEP21ir_dereference_record
4,.dynstr,97079,97079,ascii,58,_ZN22ir_rvalue_base_visitor12rvalue_visitEP13ir_assignment
4,.dynstr,97138,97138,ascii,51,_ZN22ir_rvalue_base_visitor12rvalue_visitEP7ir_call
4,.dynstr,97190,97190,ascii,53,_ZN22ir_rvalue_base_visitor12rvalue_visitEP9ir_return
4,.dynstr,97244,97244,ascii,49,_ZN22ir_rvalue_base_visitor12rvalue_visitEP5ir_if
4,.dynstr,97294,97294,ascii,59,_ZN22ir_rvalue_base_visitor12rvalue_visitEP14ir_emit_vertex
4,.dynstr,97354,97354,ascii,61,_ZN22ir_rvalue_base_visitor12rvalue_visitEP16ir_end_primitive
4,.dynstr,97416,97416,ascii,58,_ZN23ir_rvalue_enter_visitor11visit_enterEP13ir_expression
4,.dynstr,97475,97475,ascii,55,_ZN23ir_rvalue_enter_visitor11visit_enterEP10ir_texture
4,.dynstr,97531,97531,ascii,55,_ZN23ir_rvalue_enter_visitor11visit_enterEP10ir_swizzle
4,.dynstr,97587,97587,ascii,65,_ZN23ir_rvalue_enter_visitor11visit_enterEP20ir_dereference_array
4,.dynstr,97653,97653,ascii,66,_ZN23ir_rvalue_enter_visitor11visit_enterEP21ir_dereference_record
4,.dynstr,97720,97720,ascii,58,_ZN23ir_rvalue_enter_visitor11visit_enterEP13ir_assignment
4,.dynstr,97779,97779,ascii,51,_ZN23ir_rvalue_enter_visitor11visit_enterEP7ir_call
4,.dynstr,97831,97831,ascii,53,_ZN23ir_rvalue_enter_visitor11visit_enterEP9ir_return
4,.dynstr,97885,97885,ascii,49,_ZN23ir_rvalue_enter_visitor11visit_enterEP5ir_if
4,.dynstr,97935,97935,ascii,59,_ZN23ir_rvalue_enter_visitor11visit_enterEP14ir_emit_vertex
4,.dynstr,97995,97995,ascii,61,_ZN23ir_rvalue_enter_visitor11visit_enterEP16ir_end_primitive
4,.dynstr,98057,98057,ascii,23,_ZTV17ir_rvalue_visitor
4,.dynstr,98081,98081,ascii,23,_ZTS17ir_rvalue_visitor
4,.dynstr,98105,98105,ascii,28,_ZTS22ir_rvalue_base_visitor
4,.dynstr,98134,98134,ascii,28,_ZTI22ir_rvalue_base_visitor
4,.dynstr,98163,98163,ascii,29,_ZTV23ir_rvalue_enter_visitor
4,.dynstr,98193,98193,ascii,29,_ZTI23ir_rvalue_enter_visitor
4,.dynstr,98223,98223,ascii,29,_ZTS23ir_rvalue_enter_visitor
4,.dynstr,98253,98253,ascii,30,_ZTV24ir_stats_counter_visitor
4,.dynstr,98284,98284,ascii,52,_ZN24ir_stats_counter_visitor11visit_leaveEP7ir_loop
4,.dynstr,98337,98337,ascii,59,_ZN24ir_stats_counter_visitor11visit_leaveEP13ir_expression
4,.dynstr,98397,98397,ascii,56,_ZN24ir_stats_counter_visitor11visit_leaveEP10ir_texture
4,.dynstr,98454,98454,ascii,59,_ZN24ir_stats_counter_visitor11visit_leaveEP13ir_assignment
4,.dynstr,98514,98514,ascii,54,_ZN24ir_stats_counter_visitor11visit_leaveEP9ir_return
4,.dynstr,98569,98569,ascii,56,_ZN24ir_stats_counter_visitor11visit_leaveEP10ir_discard
4,.dynstr,98626,98626,ascii,50,_ZN24ir_stats_counter_visitor11visit_leaveEP5ir_if
4,.dynstr,98677,98677,ascii,30,_ZTI24ir_stats_counter_visitor
4,.dynstr,98708,98708,ascii,30,_ZTS24ir_stats_counter_visitor
4,.dynstr,98739,98739,ascii,60,_ZNK23ir_struct_usage_visitor16has_struct_entryEPK9glsl_type
4,.dynstr,98800,98800,ascii,61,_ZN23ir_struct_usage_visitor5visitEP23ir_dereference_variable
4,.dynstr,98862,98862,ascii,32,_ZN23ir_struct_usage_visitorC2Ev
4,.dynstr,98895,98895,ascii,29,_ZTV23ir_struct_usage_visitor
4,.dynstr,98925,98925,ascii,32,_ZN23ir_struct_usage_visitorD2Ev
4,.dynstr,98958,98958,ascii,29,_ZTV23ir_decl_removal_visitor
4,.dynstr,98988,98988,ascii,59,_ZN23ir_decl_removal_visitor5visitEP21ir_typedecl_statement
4,.dynstr,99048,99048,ascii,29,_ZTI23ir_struct_usage_visitor
4,.dynstr,99078,99078,ascii,29,_ZTS23ir_struct_usage_visitor
4,.dynstr,99108,99108,ascii,29,_ZTI23ir_decl_removal_visitor
4,.dynstr,99138,99138,ascii,29,_ZTS23ir_decl_removal_visitor
4,.dynstr,99168,99168,ascii,32,_ZN23ir_struct_usage_visitorC1Ev
4,.dynstr,99201,99201,ascii,32,_ZN23ir_struct_usage_visitorD1Ev
4,.dynstr,99234,99234,ascii,38,_Z15check_node_typeP14ir_instructionPv
4,.dynstr,99273,99273,ascii,37,_ZN28ir_variable_refcount_visitorC2Ev
4,.dynstr,99311,99311,ascii,34,_ZTV28ir_variable_refcount_visitor
4,.dynstr,99346,99346,ascii,37,_ZN28ir_variable_refcount_visitorD2Ev
4,.dynstr,99384,99384,ascii,48,_ZN26ir_variable_refcount_entryC2EP11ir_variable
4,.dynstr,99433,99433,ascii,68,_ZN28ir_variable_refcount_visitor18get_variable_entryEP11ir_variable
4,.dynstr,99502,99502,ascii,69,_ZN28ir_variable_refcount_visitor19find_variable_entryEP11ir_variable
4,.dynstr,99572,99572,ascii,54,_ZN28ir_variable_refcount_visitor5visitEP11ir_variable
4,.dynstr,99627,99627,ascii,66,_ZN28ir_variable_refcount_visitor5visitEP23ir_dereference_variable
4,.dynstr,99694,99694,ascii,71,_ZN28ir_variable_refcount_visitor11visit_enterEP21ir_function_signature
4,.dynstr,99766,99766,ascii,63,_ZN28ir_variable_refcount_visitor11visit_enterEP13ir_assignment
4,.dynstr,99830,99830,ascii,63,_ZN28ir_variable_refcount_visitor11visit_leaveEP13ir_assignment
4,.dynstr,99894,99894,ascii,34,_ZTI28ir_variable_refcount_visitor
4,.dynstr,99929,99929,ascii,34,_ZTS28ir_variable_refcount_visitor
4,.dynstr,99964,99964,ascii,37,_ZN28ir_variable_refcount_visitorC1Ev
4,.dynstr,100002,100002,ascii,37,_ZN28ir_variable_refcount_visitorD1Ev
4,.dynstr,100040,100040,ascii,48,_ZN26ir_variable_refcount_entryC1EP11ir_variable
4,.dynstr,100089,100089,ascii,73,_Z36link_assign_atomic_counter_resourcesP10gl_contextP17gl_shader_program
4,.dynstr,100163,100163,ascii,5,qsort
4,.dynstr,100169,100169,ascii,72,_Z35link_check_atomic_counter_resourcesP10gl_contextP17gl_shader_program
4,.dynstr,100242,100242,ascii,59,_Z19link_function_callsP17gl_shader_programP9gl_shaderPS2_j
4,.dynstr,100302,100302,ascii,74,_Z36validate_intrastage_interface_blocksP17gl_shader_programPPK9gl_shaderj
4,.dynstr,100377,100377,ascii,71,_Z32validate_interstage_inout_blocksP17gl_shader_programPK9gl_shaderS3_
4,.dynstr,100449,100449,ascii,71,_Z34validate_interstage_uniform_blocksP17gl_shader_programPP9gl_shaderi
4,.dynstr,100521,100521,ascii,46,_Z13process_blockPvP10hash_tableP11ir_variable
4,.dynstr,100568,100568,ascii,59,_ZN33link_uniform_block_active_visitor5visitEP11ir_variable
4,.dynstr,100628,100628,ascii,75,_ZN33link_uniform_block_active_visitor11visit_enterEP20ir_dereference_array
4,.dynstr,100704,100704,ascii,71,_ZN33link_uniform_block_active_visitor5visitEP23ir_dereference_variable
4,.dynstr,100776,100776,ascii,39,_ZTV33link_uniform_block_active_visitor
4,.dynstr,100816,100816,ascii,39,_ZTI33link_uniform_block_active_visitor
4,.dynstr,100856,100856,ascii,39,_ZTS33link_uniform_block_active_visitor
4,.dynstr,100896,100896,ascii,78,_Z19link_uniform_blocksPvP17gl_shader_programPP9gl_shaderjPP16gl_uniform_block
4,.dynstr,100975,100975,ascii,53,_ZN24program_resource_visitor7processEPK9glsl_typePKc
4,.dynstr,101029,101029,ascii,61,_Z34link_uniform_blocks_are_compatiblePK16gl_uniform_blockS1_
4,.dynstr,101091,101091,ascii,63,_ZN24program_resource_visitor11visit_fieldEPK9glsl_typePKcbS2_b
4,.dynstr,101155,101155,ascii,64,_ZN24program_resource_visitor11visit_fieldEPK17glsl_struct_field
4,.dynstr,101220,101220,ascii,30,_ZTI24program_resource_visitor
4,.dynstr,101251,101251,ascii,49,_ZN6linker11get_storageEP18gl_uniform_storagejPKc
4,.dynstr,101301,101301,ascii,90,_ZN6linker24copy_constant_to_storageEP17gl_constant_valuePK11ir_constant14glsl_base_typejj
4,.dynstr,101392,101392,ascii,56,_ZN6linker19set_sampler_bindingEP17gl_shader_programPKci
4,.dynstr,101449,101449,ascii,54,_ZN6linker17set_block_bindingEP17gl_shader_programPKci
4,.dynstr,101504,101504,ascii,88,_ZN6linker23set_uniform_initializerEPvP17gl_shader_programPKcPK9glsl_typeP11ir_constantj
4,.dynstr,101593,101593,ascii,54,_Z29link_set_uniform_initializersP17gl_shader_programj
4,.dynstr,101648,101648,ascii,61,_ZN24program_resource_visitor9recursionEPK9glsl_typePPcjbS2_b
4,.dynstr,101710,101710,ascii,52,_ZN24program_resource_visitor7processEP11ir_variable
4,.dynstr,101763,101763,ascii,64,_Z33link_cross_validate_uniform_blockPvPP16gl_uniform_blockPjS1_
4,.dynstr,101828,101828,ascii,54,_Z29link_assign_uniform_locationsP17gl_shader_programj
4,.dynstr,101883,101883,ascii,83,_ZN26parcel_out_uniform_storage15set_and_processEP17gl_shader_programP11ir_variable
4,.dynstr,101967,101967,ascii,44,_ZN18string_to_uint_map10delete_keyEPKvPvS2_
4,.dynstr,102012,102012,ascii,32,_ZTV26parcel_out_uniform_storage
4,.dynstr,102045,102045,ascii,32,_ZN18string_to_uint_map3putEjPKc
4,.dynstr,102078,102078,ascii,65,_ZN26parcel_out_uniform_storage11visit_fieldEPK9glsl_typePKcbS2_b
4,.dynstr,102144,102144,ascii,82,_ZN26parcel_out_uniform_storage15handle_samplersEPK9glsl_typeP18gl_uniform_storage
4,.dynstr,102227,102227,ascii,80,_ZN26parcel_out_uniform_storage13handle_imagesEPK9glsl_typeP18gl_uniform_storage
4,.dynstr,102308,102308,ascii,61,_ZN26parcel_out_uniform_storage11visit_fieldEPK9glsl_typePKcb
4,.dynstr,102370,102370,ascii,30,_ZTV24program_resource_visitor
4,.dynstr,102401,102401,ascii,30,_ZTS24program_resource_visitor
4,.dynstr,102432,102432,ascii,32,_ZTI26parcel_out_uniform_storage
4,.dynstr,102465,102465,ascii,32,_ZTS26parcel_out_uniform_storage
4,.dynstr,102498,102498,ascii,70,_Z32cross_validate_outputs_to_inputsP17gl_shader_programP9gl_shaderS2_
4,.dynstr,102569,102569,ascii,44,_ZN14tfeedback_decl4initEP10gl_contextPKvPKc
4,.dynstr,102614,102614,ascii,38,_Z27parse_program_resource_namePKcPS0_
4,.dynstr,102653,102653,ascii,35,_ZN14tfeedback_decl7is_sameERKS_S1_
4,.dynstr,102689,102689,ascii,70,_ZN14tfeedback_decl15assign_locationEP10gl_contextP17gl_shader_program
4,.dynstr,102760,102760,ascii,39,_ZNK14tfeedback_decl15get_num_outputsEv
4,.dynstr,102800,102800,ascii,91,_ZNK14tfeedback_decl5storeEP10gl_contextP17gl_shader_programP26gl_transform_feedback_infojj
4,.dynstr,102892,102892,ascii,69,_ZN14tfeedback_decl14find_candidateEP17gl_shader_programP10hash_table
4,.dynstr,102962,102962,ascii,82,_Z21parse_tfeedback_declsP10gl_contextP17gl_shader_programPKvjPPcP14tfeedback_decl
4,.dynstr,103045,103045,ascii,75,_Z20store_tfeedback_infoP10gl_contextP17gl_shader_programjP14tfeedback_decl
4,.dynstr,103121,103121,ascii,85,_ZN6linker28populate_consumer_input_setsEPvP9exec_listP10hash_tableS4_PP11ir_variable
4,.dynstr,103207,103207,ascii,69,_ZN6linker18get_matching_inputEPvPK11ir_variableP10hash_tableS5_PPS1_
4,.dynstr,103277,103277,ascii,96,_Z24assign_varying_locationsP10gl_contextPvP17gl_shader_programP9gl_shaderS5_jP14tfeedback_declj
4,.dynstr,103374,103374,ascii,57,_ZN29tfeedback_candidate_generator7processEP11ir_variable
4,.dynstr,103432,103432,ascii,58,_Z21lower_packed_varyingsPvj16ir_variable_modejP9gl_shader
4,.dynstr,103491,103491,ascii,42,_Z14linker_warningP17gl_shader_programPKcz
4,.dynstr,103534,103534,ascii,35,_ZTV29tfeedback_candidate_generator
4,.dynstr,103570,103570,ascii,74,_Z26check_against_output_limitP10gl_contextP17gl_shader_programP9gl_shader
4,.dynstr,103645,103645,ascii,73,_Z25check_against_input_limitP10gl_contextP17gl_shader_programP9gl_shader
4,.dynstr,103719,103719,ascii,64,_ZN29tfeedback_candidate_generator11visit_fieldEPK9glsl_typePKcb
4,.dynstr,103784,103784,ascii,35,_ZTI29tfeedback_candidate_generator
4,.dynstr,103820,103820,ascii,35,_ZTS29tfeedback_candidate_generator
4,.dynstr,103856,103856,ascii,49,_Z34link_invalidate_variable_locationsP9exec_list
4,.dynstr,103906,103906,ascii,68,_Z33validate_vertex_shader_executableP17gl_shader_programP9gl_shader
4,.dynstr,103975,103975,ascii,70,_Z35validate_fragment_shader_executableP17gl_shader_programP9gl_shader
4,.dynstr,104046,104046,ascii,70,_Z35validate_geometry_shader_executableP17gl_shader_programP9gl_shader
4,.dynstr,104117,104117,ascii,60,_Z22cross_validate_globalsP17gl_shader_programPP9gl_shaderjb
4,.dynstr,104178,104178,ascii,47,_Z23cross_validate_uniformsP17gl_shader_program
4,.dynstr,104226,104226,ascii,60,_Z15remap_variablesP14ir_instructionP9gl_shaderP10hash_table
4,.dynstr,104287,104287,ascii,59,_Z21move_non_declarationsP9exec_listP9exec_nodebP9gl_shader
4,.dynstr,104347,104347,ascii,47,_Z32link_get_main_function_signatureP9gl_shader
4,.dynstr,104395,104395,ascii,30,_Z15lower_vertex_idP9gl_shader
4,.dynstr,104426,104426,ascii,29,_ZN20array_sizing_visitorC2Ev
4,.dynstr,104456,104456,ascii,64,_ZN20array_sizing_visitor28fixup_unnamed_interface_typeEPKvPvS2_
4,.dynstr,104521,104521,ascii,26,_ZTV20array_sizing_visitor
4,.dynstr,104548,104548,ascii,26,_Z20find_available_slotsjj
4,.dynstr,104575,104575,ascii,61,_Z35assign_attribute_or_color_locationsP17gl_shader_programjj
4,.dynstr,104637,104637,ascii,65,_Z32demote_shader_inputs_and_outputsP9gl_shader16ir_variable_mode
4,.dynstr,104703,104703,ascii,49,_Z12link_shadersP10gl_contextP17gl_shader_program
4,.dynstr,104753,104753,ascii,22,_mesa_reference_shader
4,.dynstr,104776,104776,ascii,45,_Z28lower_named_interface_blocksPvP9gl_shader
4,.dynstr,104822,104822,ascii,33,_Z18lower_discard_flowP9exec_list
4,.dynstr,104856,104856,ascii,34,_Z19lower_clip_distanceP9gl_shader
4,.dynstr,104891,104891,ascii,73,_Z24do_dead_builtin_varyingsP10gl_contextP9gl_shaderS2_jP14tfeedback_decl
4,.dynstr,104965,104965,ascii,46,_ZN20array_sizing_visitor5visitEP11ir_variable
4,.dynstr,105012,105012,ascii,52,_ZN20array_sizing_visitor10fixup_typeEPPK9glsl_typej
4,.dynstr,105065,105065,ascii,67,_ZN20array_sizing_visitor24resize_interface_membersEPK9glsl_typePKj
4,.dynstr,105133,105133,ascii,26,_ZTI20array_sizing_visitor
4,.dynstr,105160,105160,ascii,26,_ZTS20array_sizing_visitor
4,.dynstr,105187,105187,ascii,55,_ZN13loop_variable16record_referenceEbbP13ir_assignment
4,.dynstr,105243,105243,ascii,19,_ZN10loop_stateC2Ev
4,.dynstr,105263,105263,ascii,19,_ZN10loop_stateD2Ev
4,.dynstr,105283,105283,ascii,32,_ZN10loop_state6insertEP7ir_loop
4,.dynstr,105316,105316,ascii,28,_ZN19loop_variable_stateC2Ev
4,.dynstr,105345,105345,ascii,47,_ZN19loop_variable_state18_ralloc_destructorEPv
4,.dynstr,105393,105393,ascii,51,_ZN10loop_state19insert_non_inductorEP11ir_variable
4,.dynstr,105445,105445,ascii,80,_ZN10loop_state15insert_inductorEP13loop_variableP19loop_variable_stateP7ir_loop
4,.dynstr,105526,105526,ascii,44,_ZN19loop_variable_state3getEPK11ir_variable
4,.dynstr,105571,105571,ascii,46,_ZN19loop_variable_state6insertEP11ir_variable
4,.dynstr,105618,105618,ascii,39,_ZN19loop_variable_state6insertEP5ir_if
4,.dynstr,105658,105658,ascii,55,_ZN19loop_variable_state13get_or_insertEP11ir_variableb
4,.dynstr,105714,105714,ascii,63,_Z18find_initial_valueP7ir_loopP11ir_variablePP14ir_instruction
4,.dynstr,105778,105778,ascii,66,_Z20calculate_iterationsP9ir_rvalueS0_S0_23ir_expression_operation
4,.dynstr,105845,105845,ascii,17,_ZTV11examine_rhs
4,.dynstr,105863,105863,ascii,49,_ZN11examine_rhs5visitEP23ir_dereference_variable
4,.dynstr,105913,105913,ascii,17,_ZTI11examine_rhs
4,.dynstr,105931,105931,ascii,17,_ZTS11examine_rhs
4,.dynstr,105949,105949,ascii,19,_ZN10loop_stateC1Ev
4,.dynstr,105969,105969,ascii,23,_ZTV17loop_unroll_count
4,.dynstr,105993,105993,ascii,45,_ZN17loop_unroll_count11visit_enterEP7ir_loop
4,.dynstr,106039,106039,ascii,52,_ZN17loop_unroll_count11visit_enterEP13ir_expression
4,.dynstr,106092,106092,ascii,59,_ZN17loop_unroll_count11visit_enterEP20ir_dereference_array
4,.dynstr,106152,106152,ascii,52,_ZN17loop_unroll_count11visit_enterEP13ir_assignment
4,.dynstr,106205,106205,ascii,23,_ZTI17loop_unroll_count
4,.dynstr,106229,106229,ascii,23,_ZTS17loop_unroll_count
4,.dynstr,106253,106253,ascii,28,_Z13lower_discardP9exec_list
4,.dynstr,106282,106282,ascii,39,_Z23lower_if_to_cond_assignP9exec_listj
4,.dynstr,106322,106322,ascii,41,_Z18check_control_flowP14ir_instructionPv
4,.dynstr,106364,106364,ascii,73,_Z25move_block_to_cond_assignPvP5ir_ifP9ir_rvalueP9exec_listP10hash_table
4,.dynstr,106438,106438,ascii,49,_ZN23ir_control_flow_visitor5visitEP11ir_variable
4,.dynstr,106488,106488,ascii,51,_ZN23ir_control_flow_visitor5visitEP13ir_expression
4,.dynstr,106540,106540,ascii,48,_ZN23ir_control_flow_visitor5visitEP10ir_texture
4,.dynstr,106589,106589,ascii,48,_ZN23ir_control_flow_visitor5visitEP10ir_swizzle
4,.dynstr,106638,106638,ascii,61,_ZN23ir_control_flow_visitor5visitEP23ir_dereference_variable
4,.dynstr,106700,106700,ascii,58,_ZN23ir_control_flow_visitor5visitEP20ir_dereference_array
4,.dynstr,106759,106759,ascii,59,_ZN23ir_control_flow_visitor5visitEP21ir_dereference_record
4,.dynstr,106819,106819,ascii,51,_ZN23ir_control_flow_visitor5visitEP13ir_assignment
4,.dynstr,106871,106871,ascii,49,_ZN23ir_control_flow_visitor5visitEP11ir_constant
4,.dynstr,106921,106921,ascii,44,_ZN23ir_control_flow_visitor5visitEP7ir_call
4,.dynstr,106966,106966,ascii,52,_ZN23ir_control_flow_visitor5visitEP14ir_emit_vertex
4,.dynstr,107019,107019,ascii,54,_ZN23ir_control_flow_visitor5visitEP16ir_end_primitive
4,.dynstr,107074,107074,ascii,29,_ZTS23ir_control_flow_visitor
4,.dynstr,107104,107104,ascii,29,_ZTI23ir_control_flow_visitor
4,.dynstr,107134,107134,ascii,31,_Z16do_mat_op_to_vecP9exec_list
4,.dynstr,107166,107166,ascii,26,_Z11lower_noiseP9exec_list
4,.dynstr,107193,107193,ascii,25,_ZTV19lower_noise_visitor
4,.dynstr,107219,107219,ascii,52,_ZN19lower_noise_visitor13handle_rvalueEPP9ir_rvalue
4,.dynstr,107272,107272,ascii,25,_ZTI19lower_noise_visitor
4,.dynstr,107298,107298,ascii,25,_ZTS19lower_noise_visitor
4,.dynstr,107324,107324,ascii,63,_ZN30brw_lower_offset_array_visitor13handle_rvalueEPP9ir_rvalue
4,.dynstr,107388,107388,ascii,34,_Z19lower_offset_arraysP9exec_list
4,.dynstr,107423,107423,ascii,36,_ZTV30brw_lower_offset_array_visitor
4,.dynstr,107460,107460,ascii,36,_ZTI30brw_lower_offset_array_visitor
4,.dynstr,107497,107497,ascii,36,_ZTS30brw_lower_offset_array_visitor
4,.dynstr,107534,107534,ascii,33,_Z18lower_output_readsP9exec_list
4,.dynstr,107568,107568,ascii,54,_ZN32lower_packed_varyings_gs_splicerC2EPvPK9exec_list
4,.dynstr,107623,107623,ascii,38,_ZTV32lower_packed_varyings_gs_splicer
4,.dynstr,107662,107662,ascii,68,_ZN32lower_packed_varyings_gs_splicer11visit_leaveEP14ir_emit_vertex
4,.dynstr,107731,107731,ascii,38,_ZTI32lower_packed_varyings_gs_splicer
4,.dynstr,107770,107770,ascii,38,_ZTS32lower_packed_varyings_gs_splicer
4,.dynstr,107809,107809,ascii,54,_ZN32lower_packed_varyings_gs_splicerC1EPvPK9exec_list
4,.dynstr,107864,107864,ascii,38,_Z22lower_packing_builtinsP9exec_listi
4,.dynstr,107903,107903,ascii,38,_ZN10ir_builder10ir_factory8constantEf
4,.dynstr,107942,107942,ascii,38,_ZN10ir_builder10ir_factory8constantEj
4,.dynstr,107981,107981,ascii,38,_ZN10ir_builder10ir_factory8constantEi
4,.dynstr,108020,108020,ascii,45,_Z19lower_ubo_referenceP9gl_shaderP9exec_list
4,.dynstr,108066,108066,ascii,52,_Z19compare_index_blockP9exec_listP11ir_variablejjPv
4,.dynstr,108119,108119,ascii,54,_Z35lower_variable_index_to_cond_assignP9exec_listbbbb
4,.dynstr,108174,108174,ascii,42,_Z27do_vec_index_to_cond_assignP9exec_list
4,.dynstr,108217,108217,ascii,39,_Z19is_extended_swizzleP13ir_expression
4,.dynstr,108257,108257,ascii,35,_Z19lower_quadop_vectorP9exec_listb
4,.dynstr,108293,108293,ascii,17,_Z10usage_failPKc
4,.dynstr,108311,108311,ascii,42,_Z14compile_shaderP10gl_contextP9gl_shader
4,.dynstr,108354,108354,ascii,8,dump_hir
4,.dynstr,108363,108363,ascii,8,dump_ast
4,.dynstr,108372,108372,ascii,8,dump_lir
4,.dynstr,108381,108381,ascii,4,main
4,.dynstr,108386,108386,ascii,5,fseek
4,.dynstr,108392,108392,ascii,5,ftell
4,.dynstr,108398,108398,ascii,7,do_link
4,.dynstr,108406,108406,ascii,63,_ZN26ir_array_splitting_visitor11split_derefEPP14ir_dereference
4,.dynstr,108470,108470,ascii,59,_ZN26ir_array_splitting_visitor13handle_rvalueEPP9ir_rvalue
4,.dynstr,108530,108530,ascii,61,_ZN26ir_array_splitting_visitor11visit_leaveEP13ir_assignment
4,.dynstr,108592,108592,ascii,32,_ZTV26ir_array_splitting_visitor
4,.dynstr,108625,108625,ascii,35,_ZN26ir_array_splitting_visitorD2Ev
4,.dynstr,108661,108661,ascii,35,_ZN26ir_array_splitting_visitorD0Ev
4,.dynstr,108697,108697,ascii,32,_ZTI26ir_array_splitting_visitor
4,.dynstr,108730,108730,ascii,32,_ZTS26ir_array_splitting_visitor
4,.dynstr,108763,108763,ascii,46,_ZN7ir_call15generate_inlineEP14ir_instruction
4,.dynstr,108810,108810,ascii,37,_ZTV31ir_variable_replacement_visitor
4,.dynstr,108848,108848,ascii,70,_ZN31ir_variable_replacement_visitor13replace_derefEPP14ir_dereference
4,.dynstr,108919,108919,ascii,65,_ZN31ir_variable_replacement_visitor14replace_rvalueEPP9ir_rvalue
4,.dynstr,108985,108985,ascii,63,_ZN31ir_variable_replacement_visitor11visit_leaveEP10ir_texture
4,.dynstr,109049,109049,ascii,73,_ZN31ir_variable_replacement_visitor11visit_leaveEP20ir_dereference_array
4,.dynstr,109123,109123,ascii,74,_ZN31ir_variable_replacement_visitor11visit_leaveEP21ir_dereference_record
4,.dynstr,109198,109198,ascii,59,_ZN31ir_variable_replacement_visitor11visit_leaveEP7ir_call
4,.dynstr,109258,109258,ascii,40,_ZN31ir_variable_replacement_visitorD2Ev
4,.dynstr,109299,109299,ascii,40,_ZN31ir_variable_replacement_visitorD0Ev
4,.dynstr,109340,109340,ascii,37,_ZTI31ir_variable_replacement_visitor
4,.dynstr,109378,109378,ascii,37,_ZTS31ir_variable_replacement_visitor
4,.dynstr,109416,109416,ascii,59,_ZN27ir_vector_splitting_visitor12split_rvalueEPP9ir_rvalue
4,.dynstr,109476,109476,ascii,60,_ZN27ir_vector_splitting_visitor13handle_rvalueEPP9ir_rvalue
4,.dynstr,109537,109537,ascii,62,_ZN27ir_vector_splitting_visitor11visit_leaveEP13ir_assignment
4,.dynstr,109600,109600,ascii,33,_ZTV27ir_vector_splitting_visitor
4,.dynstr,109634,109634,ascii,36,_ZN27ir_vector_splitting_visitorD2Ev
4,.dynstr,109671,109671,ascii,36,_ZN27ir_vector_splitting_visitorD0Ev
4,.dynstr,109708,109708,ascii,33,_ZTI27ir_vector_splitting_visitor
4,.dynstr,109742,109742,ascii,33,_ZTS27ir_vector_splitting_visitor
4,.dynstr,109776,109776,ascii,19,_ZN8s_symbolC2EPKcj
4,.dynstr,109796,109796,ascii,13,_ZTV8s_symbol
4,.dynstr,109810,109810,ascii,14,_ZN6s_listC2Ev
4,.dynstr,109825,109825,ascii,11,_ZTV6s_list
4,.dynstr,109837,109837,ascii,41,_ZN12s_expression15read_expressionEPvRPKc
4,.dynstr,109879,109879,ascii,7,strcspn
4,.dynstr,109887,109887,ascii,12,_ZTV7s_float
4,.dynstr,109900,109900,ascii,10,_ZTV5s_int
4,.dynstr,109911,109911,ascii,17,_ZN5s_int5printEv
4,.dynstr,109929,109929,ascii,19,_ZN7s_float5printEv
4,.dynstr,109949,109949,ascii,20,_ZN8s_symbol5printEv
4,.dynstr,109970,109970,ascii,18,_ZN6s_list5printEv
4,.dynstr,109989,109989,ascii,35,_ZN9s_pattern5matchEP12s_expression
4,.dynstr,110025,110025,ascii,38,_Z7s_matchP12s_expressionjP9s_patternb
4,.dynstr,110064,110064,ascii,28,_ZNK12s_expression7is_listEv
4,.dynstr,110093,110093,ascii,30,_ZNK12s_expression9is_symbolEv
4,.dynstr,110124,110124,ascii,25,_ZNK8s_number9is_numberEv
4,.dynstr,110150,110150,ascii,19,_ZNK5s_int6is_intEv
4,.dynstr,110170,110170,ascii,18,_ZN5s_int6fvalueEv
4,.dynstr,110189,110189,ascii,27,_ZNK12s_expression6is_intEv
4,.dynstr,110217,110217,ascii,20,_ZN7s_float6fvalueEv
4,.dynstr,110238,110238,ascii,25,_ZNK8s_symbol9is_symbolEv
4,.dynstr,110264,110264,ascii,30,_ZNK12s_expression9is_numberEv
4,.dynstr,110295,110295,ascii,21,_ZNK6s_list7is_listEv
4,.dynstr,110317,110317,ascii,6,strspn
4,.dynstr,110324,110324,ascii,13,_ZTI8s_symbol
4,.dynstr,110338,110338,ascii,11,_ZTI6s_list
4,.dynstr,110350,110350,ascii,10,_ZTI5s_int
4,.dynstr,110361,110361,ascii,10,_ZTS5s_int
4,.dynstr,110372,110372,ascii,13,_ZTS8s_number
4,.dynstr,110386,110386,ascii,18,_ZTS12s_expression
4,.dynstr,110405,110405,ascii,18,_ZTI12s_expression
4,.dynstr,110424,110424,ascii,13,_ZTI8s_number
4,.dynstr,110438,110438,ascii,12,_ZTI7s_float
4,.dynstr,110451,110451,ascii,12,_ZTS7s_float
4,.dynstr,110464,110464,ascii,13,_ZTS8s_symbol
4,.dynstr,110478,110478,ascii,11,_ZTS6s_list
4,.dynstr,110490,110490,ascii,19,_ZN8s_symbolC1EPKcj
4,.dynstr,110510,110510,ascii,14,_ZN6s_listC1Ev
4,.dynstr,110525,110525,ascii,14,ZzNewAllocator
4,.dynstr,110540,110540,ascii,31,ZzMemoryIsSupportAllocateRXPage
4,.dynstr,110572,110572,ascii,19,zz_malloc_with_zero
4,.dynstr,110592,110592,ascii,15,ZzNewMemoryPage
4,.dynstr,110608,110608,ascii,19,ZzMemoryGetPageSzie
4,.dynstr,110628,110628,ascii,21,ZzMemoryAllocatePages
4,.dynstr,110650,110650,ascii,27,ZzMemoryProtectAsExecutable
4,.dynstr,110678,110678,ascii,19,ZzNewNearMemoryPage
4,.dynstr,110698,110698,ascii,25,ZzMemoryAllocateNearPages
4,.dynstr,110724,110724,ascii,17,ZzNewNearCodeCave
4,.dynstr,110742,110742,ascii,22,ZzMemorySearchCodeCave
4,.dynstr,110765,110765,ascii,15,ZzAddMemoryPage
4,.dynstr,110781,110781,ascii,14,ZzNewCodeSlice
4,.dynstr,110796,110796,ascii,18,ZzNewNearCodeSlice
4,.dynstr,110815,110815,ascii,23,ZzInitializeInterceptor
4,.dynstr,110839,110839,ascii,24,ZzBuildInteceptorBackend
4,.dynstr,110864,110864,ascii,13,g_interceptor
4,.dynstr,110878,110878,ascii,23,ZzFindHookFunctionEntry
4,.dynstr,110902,110902,ascii,22,ZzAddHookFunctionEntry
4,.dynstr,110925,110925,ascii,29,ZzInitializeHookFunctionEntry
4,.dynstr,110955,110955,ascii,28,ZzThreadNewThreadLocalKeyPtr
4,.dynstr,110984,110984,ascii,23,ZzFreeHookFunctionEntry
4,.dynstr,111008,111008,ascii,29,ZzThreadFreeThreadLocalKeyPtr
4,.dynstr,111038,111038,ascii,16,ZzFreeTrampoline
4,.dynstr,111055,111055,ascii,11,ZzBuildHook
4,.dynstr,111067,111067,ascii,17,ZzBuildTrampoline
4,.dynstr,111085,111085,ascii,14,ZzBuildHookGOT
4,.dynstr,111100,111100,ascii,12,ZzEnableHook
4,.dynstr,111113,111113,ascii,20,ZzActivateTrampoline
4,.dynstr,111134,111134,ascii,13,ZzDisableHook
4,.dynstr,111148,111148,ascii,16,ZzDisableHookGOT
4,.dynstr,111165,111165,ascii,17,ZzMemoryPatchCode
4,.dynstr,111183,111183,ascii,6,ZzHook
4,.dynstr,111190,111190,ascii,13,ZzHookPrePost
4,.dynstr,111204,111204,ascii,13,ZzHookReplace
4,.dynstr,111218,111218,ascii,30,ZzDynamicBinaryInstrumentation
4,.dynstr,111249,111249,ascii,20,ZzHookOneInstruction
4,.dynstr,111270,111270,ascii,6,memset
4,.dynstr,111277,111277,ascii,18,ZzRuntimeCodePatch
4,.dynstr,111296,111296,ascii,23,ZzGetCurrentThreadStack
4,.dynstr,111320,111320,ascii,28,ZzThreadGetCurrentThreadData
4,.dynstr,111349,111349,ascii,16,ZzNewThreadStack
4,.dynstr,111366,111366,ascii,26,ZzThreadGetCurrentThreadID
4,.dynstr,111393,111393,ascii,28,ZzThreadSetCurrentThreadData
4,.dynstr,111422,111422,ascii,14,ZzNewCallStack
4,.dynstr,111437,111437,ascii,15,ZzFreeCallStack
4,.dynstr,111453,111453,ascii,14,ZzPopCallStack
4,.dynstr,111468,111468,ascii,15,ZzPushCallStack
4,.dynstr,111484,111484,ascii,18,ZzGetCallStackData
4,.dynstr,111503,111503,ascii,18,ZzNewCallStackData
4,.dynstr,111522,111522,ascii,18,ZzSetCallStackData
4,.dynstr,111541,111541,ascii,6,memcpy
4,.dynstr,111548,111548,ascii,21,HookZzDebugInfoEnable
4,.dynstr,111570,111570,ascii,12,g_debug_info
4,.dynstr,111583,111583,ascii,23,HookZzDebugInfoIsEnable
4,.dynstr,111607,111607,ascii,17,ZzObtainDebugInfo
4,.dynstr,111625,111625,ascii,19,ZzPrepareTrampoline
4,.dynstr,111645,111645,ascii,22,ZzBuildEnterTrampoline
4,.dynstr,111668,111668,ascii,26,ZzBuildInsnLeaveTrampoline
4,.dynstr,111695,111695,ascii,23,ZzBuildInvokeTrampoline
4,.dynstr,111719,111719,ascii,30,ZzBuildEnterTransferTrampoline
4,.dynstr,111750,111750,ascii,22,ZzBuildLeaveTrampoline
4,.dynstr,111773,111773,ascii,45,ZzBuildDynamicBinaryInstrumentationTrampoline
4,.dynstr,111819,111819,ascii,9,ZzHookGOT
4,.dynstr,111829,111829,ascii,25,zz_posix_vm_get_page_size
4,.dynstr,111855,111855,ascii,26,zz_posix_vm_allocate_pages
4,.dynstr,111882,111882,ascii,31,zz_posix_vm_allocate_near_pages
4,.dynstr,111914,111914,ascii,16,ZzMemoryAllocate
4,.dynstr,111931,111931,ascii,20,zz_posix_vm_allocate
4,.dynstr,111952,111952,ascii,22,zz_posix_vm_patch_code
4,.dynstr,111975,111975,ascii,33,zz_posix_vm_protect_as_executable
4,.dynstr,112009,112009,ascii,25,ZzMemoryProtectAsWritable
4,.dynstr,112035,112035,ascii,31,zz_posxi_vm_protect_as_writable
4,.dynstr,112067,112067,ascii,28,zz_linux_vm_search_code_cave
4,.dynstr,112096,112096,ascii,40,zz_posix_thread_new_thread_local_key_ptr
4,.dynstr,112137,112137,ascii,37,zz_posix_thread_free_thread_local_key
4,.dynstr,112175,112175,ascii,39,zz_posix_thread_get_current_thread_data
4,.dynstr,112215,112215,ascii,39,zz_posix_thread_set_current_thread_data
4,.dynstr,112255,112255,ascii,30,zz_posix_get_current_thread_id
4,.dynstr,112286,112286,ascii,12,get_insn_sub
4,.dynstr,112299,112299,ascii,10,insn_equal
4,.dynstr,112310,112310,ascii,17,zz_arm_reader_new
4,.dynstr,112328,112328,ascii,19,zz_arm_reader_reset
4,.dynstr,112348,112348,ascii,18,zz_arm_reader_init
4,.dynstr,112367,112367,ascii,18,zz_arm_reader_free
4,.dynstr,112386,112386,ascii,34,zz_arm_reader_read_one_instruction
4,.dynstr,112421,112421,ascii,14,GetARMInsnType
4,.dynstr,112436,112436,ascii,14,insn_is_thumb2
4,.dynstr,112451,112451,ascii,19,zz_thumb_reader_new
4,.dynstr,112471,112471,ascii,21,zz_thumb_reader_reset
4,.dynstr,112493,112493,ascii,20,zz_thumb_reader_init
4,.dynstr,112514,112514,ascii,20,zz_thumb_reader_free
4,.dynstr,112535,112535,ascii,36,zz_thumb_reader_read_one_instruction
4,.dynstr,112572,112572,ascii,16,GetTHUMBInsnType
4,.dynstr,112589,112589,ascii,24,zz_arm_register_describe
4,.dynstr,112614,112614,ascii,21,zz_arm_relocator_init
4,.dynstr,112636,112636,ascii,21,zz_arm_relocator_free
4,.dynstr,112658,112658,ascii,18,zz_arm_writer_free
4,.dynstr,112677,112677,ascii,22,zz_arm_relocator_reset
4,.dynstr,112700,112700,ascii,25,zz_arm_relocator_read_one
4,.dynstr,112726,112726,ascii,29,zz_arm_relocator_try_relocate
4,.dynstr,112756,112756,ascii,32,zz_arm_relocator_relocate_writer
4,.dynstr,112789,112789,ascii,38,zz_arm_relocator_register_literal_insn
4,.dynstr,112828,112828,ascii,26,zz_arm_relocator_write_one
4,.dynstr,112855,112855,ascii,21,__gnu_thumb1_case_uqi
4,.dynstr,112877,112877,ascii,26,zz_arm_writer_put_push_reg
4,.dynstr,112904,112904,ascii,35,zz_arm_writer_put_ldr_b_reg_address
4,.dynstr,112940,112940,ascii,29,zz_arm_writer_put_instruction
4,.dynstr,112970,112970,ascii,25,zz_arm_writer_put_pop_reg
4,.dynstr,112996,112996,ascii,33,zz_arm_writer_put_ldr_reg_reg_imm
4,.dynstr,113030,113030,ascii,23,zz_arm_writer_put_b_imm
4,.dynstr,113054,113054,ascii,33,zz_arm_writer_put_ldr_reg_address
4,.dynstr,113088,113088,ascii,23,zz_arm_writer_put_bytes
4,.dynstr,113112,113112,ascii,26,zz_arm_relocator_write_all
4,.dynstr,113139,113139,ascii,23,zz_thumb_relocator_init
4,.dynstr,113163,113163,ascii,23,zz_thumb_relocator_free
4,.dynstr,113187,113187,ascii,20,zz_thumb_writer_free
4,.dynstr,113208,113208,ascii,24,zz_thumb_relocator_reset
4,.dynstr,113233,113233,ascii,27,zz_thumb_relocator_read_one
4,.dynstr,113261,113261,ascii,31,zz_thumb_relocator_try_relocate
4,.dynstr,113293,113293,ascii,34,zz_thumb_relocator_relocate_writer
4,.dynstr,113328,113328,ascii,40,zz_thumb_relocator_register_literal_insn
4,.dynstr,113369,113369,ascii,41,zz_thumb_relocator_rewrite_LDR_literal_T1
4,.dynstr,113411,113411,ascii,37,zz_thumb_writer_put_ldr_b_reg_address
4,.dynstr,113449,113449,ascii,38,zz_thumb_writer_put_ldr_reg_reg_offset
4,.dynstr,113488,113488,ascii,41,zz_thumb_relocator_rewrite_LDR_literal_T2
4,.dynstr,113530,113530,ascii,33,zz_thumb_relocator_rewrite_ADR_T1
4,.dynstr,113564,113564,ascii,33,zz_thumb_relocator_rewrite_ADR_T2
4,.dynstr,113598,113598,ascii,33,zz_thumb_relocator_rewrite_ADR_T3
4,.dynstr,113632,113632,ascii,31,zz_thumb_relocator_rewrite_B_T1
4,.dynstr,113664,113664,ascii,23,zz_thumb_writer_put_nop
4,.dynstr,113688,113688,ascii,31,zz_thumb_writer_put_instruction
4,.dynstr,113720,113720,ascii,25,zz_thumb_writer_put_b_imm
4,.dynstr,113746,113746,ascii,35,zz_thumb_writer_put_ldr_reg_address
4,.dynstr,113782,113782,ascii,31,zz_thumb_relocator_rewrite_B_T2
4,.dynstr,113814,113814,ascii,31,zz_thumb_relocator_rewrite_B_T3
4,.dynstr,113846,113846,ascii,31,zz_thumb_relocator_rewrite_B_T4
4,.dynstr,113878,113878,ascii,45,zz_thumb_relocator_rewrite_BLBLX_immediate_T1
4,.dynstr,113924,113924,ascii,35,zz_thumb_relocator_rewrite_BLBLX_T2
4,.dynstr,113960,113960,ascii,28,zz_thumb_relocator_write_one
4,.dynstr,113989,113989,ascii,28,zz_thumb_writer_put_push_reg
4,.dynstr,114018,114018,ascii,27,zz_thumb_writer_put_pop_reg
4,.dynstr,114046,114046,ascii,25,zz_thumb_writer_put_bytes
4,.dynstr,114072,114072,ascii,28,zz_thumb_relocator_write_all
4,.dynstr,114101,114101,ascii,17,zz_arm_writer_new
4,.dynstr,114119,114119,ascii,19,zz_arm_writer_reset
4,.dynstr,114139,114139,ascii,18,zz_arm_writer_init
4,.dynstr,114158,114158,ascii,33,zz_arm_writer_reset_without_align
4,.dynstr,114192,114192,ascii,34,zz_arm_writer_near_jump_range_size
4,.dynstr,114227,114227,ascii,36,zz_arm_writer_put_ldr_reg_reg_imm_A1
4,.dynstr,114264,114264,ascii,39,zz_arm_writer_put_ldr_reg_reg_imm_index
4,.dynstr,114304,114304,ascii,37,zz_arm_writer_put_ldr_reg_imm_literal
4,.dynstr,114342,114342,ascii,33,zz_arm_writer_put_str_reg_reg_imm
4,.dynstr,114376,114376,ascii,33,zz_arm_writer_put_add_reg_reg_imm
4,.dynstr,114410,114410,ascii,33,zz_arm_writer_put_sub_reg_reg_imm
4,.dynstr,114444,114444,ascii,29,zz_arm_writer_put_bx_to_thumb
4,.dynstr,114474,114474,ascii,24,zz_arm_writer_put_bx_reg
4,.dynstr,114499,114499,ascii,21,zz_arm_writer_put_nop
4,.dynstr,114521,114521,ascii,19,zz_thumb_writer_new
4,.dynstr,114541,114541,ascii,21,zz_thumb_writer_reset
4,.dynstr,114563,114563,ascii,20,zz_thumb_writer_init
4,.dynstr,114584,114584,ascii,36,zz_thumb_writer_near_jump_range_size
4,.dynstr,114621,114621,ascii,26,zz_thumb_writer_put_bx_reg
4,.dynstr,114648,114648,ascii,27,zz_thumb_writer_put_blx_reg
4,.dynstr,114676,114676,ascii,30,zz_thumb_writer_put_branch_imm
4,.dynstr,114707,114707,ascii,26,zz_thumb_writer_put_bl_imm
4,.dynstr,114734,114734,ascii,27,zz_thumb_writer_put_blx_imm
4,.dynstr,114762,114762,ascii,27,zz_thumb_writer_put_b_imm32
4,.dynstr,114790,114790,ascii,31,zz_thumb_writer_put_ldr_reg_imm
4,.dynstr,114822,114822,ascii,46,zz_thumb_writer_put_transfer_reg_reg_offset_T1
4,.dynstr,114869,114869,ascii,46,zz_thumb_writer_put_transfer_reg_reg_offset_T2
4,.dynstr,114916,114916,ascii,46,zz_thumb_writer_put_transfer_reg_reg_offset_T3
4,.dynstr,114963,114963,ascii,46,zz_thumb_writer_put_transfer_reg_reg_offset_T4
4,.dynstr,115010,115010,ascii,38,zz_thumb_writer_put_str_reg_reg_offset
4,.dynstr,115049,115049,ascii,44,zz_thumb_writer_put_ldr_index_reg_reg_offset
4,.dynstr,115094,115094,ascii,44,zz_thumb_writer_put_str_index_reg_reg_offset
4,.dynstr,115139,115139,ascii,31,zz_thumb_writer_put_str_reg_reg
4,.dynstr,115171,115171,ascii,31,zz_thumb_writer_put_ldr_reg_reg
4,.dynstr,115203,115203,ascii,31,zz_thumb_writer_put_add_reg_imm
4,.dynstr,115235,115235,ascii,31,zz_thumb_writer_put_sub_reg_imm
4,.dynstr,115267,115267,ascii,35,zz_thumb_writer_put_add_reg_reg_imm
4,.dynstr,115303,115303,ascii,35,zz_thumb_writer_put_sub_reg_reg_imm
4,.dynstr,115339,115339,ascii,35,zz_thumb_writer_put_add_reg_reg_reg
4,.dynstr,115375,115375,ascii,19,zz_thumb_code_patch
4,.dynstr,115395,115395,ascii,28,zz_thumb_relocate_code_patch
4,.dynstr,115424,115424,ascii,17,zz_arm_code_patch
4,.dynstr,115442,115442,ascii,26,zz_arm_relocate_code_patch
4,.dynstr,115469,115469,ascii,19,ZzThunkerBuildThunk
4,.dynstr,115489,115489,ascii,8,ctx_save
4,.dynstr,115498,115498,ascii,11,ctx_restore
4,.dynstr,115510,115510,ascii,41,dynamic_binary_instrumentation_invocation
4,.dynstr,115552,115552,ascii,33,function_context_begin_invocation
4,.dynstr,115586,115586,ascii,27,insn_context_end_invocation
4,.dynstr,115614,115614,ascii,31,function_context_end_invocation
4,.dynstr,115646,115646,ascii,34,zz_thumb_thunker_build_enter_thunk
4,.dynstr,115681,115681,ascii,39,zz_thumb_thunker_build_insn_leave_thunk
4,.dynstr,115721,115721,ascii,59,zz_thumb_thunker_build_dynamic_binary_instrumentation_thunk
4,.dynstr,115781,115781,ascii,34,zz_thumb_thunker_build_leave_thunk
4,.dynstr,115816,115816,ascii,17,zz_vm_read_string
4,.dynstr,115834,115834,ascii,17,zz_vm_search_data
4,.dynstr,115852,115852,ascii,17,zz_vm_align_floor
4,.dynstr,115870,115870,ascii,16,zz_vm_align_ceil
4,.dynstr,115887,115887,ascii,37,zz_linux_vm_get_memory_layout_via_pid
4,.dynstr,115925,115925,ascii,24,PointerReadFailedHandler
4,.dynstr,115950,115950,ascii,42,zz_posix_vm_check_address_valid_via_signal
4,.dynstr,115993,115993,ascii,41,zz_posix_vm_check_address_valid_via_msync
4,.dynstr,116035,116035,ascii,19,zz_posix_vm_protect
4,.dynstr,116055,116055,ascii,33,zz_posix_vm_search_text_code_cave
4,.dynstr,116089,116089,ascii,41,zz_posix_thread_new_thread_local_key_list
4,.dynstr,116131,116131,ascii,36,zz_posix_thread_add_thread_local_key
4,.dynstr,116168,116168,ascii,23,g_thread_local_key_list
4,.dynstr,116192,116192,ascii,48,zz_posix_thread_initialize_thread_local_key_list
4,.dynstr,116241,116241,ascii,14,_Unwind_Resume
4,.dynstr,116256,116256,ascii,20,__gxx_personality_v0
4,.dynstr,116277,116277,ascii,23,_Unwind_DeleteException
4,.dynstr,116301,116301,ascii,22,_Unwind_RaiseException
4,.dynstr,116324,116324,ascii,21,__cxa_call_unexpected
4,.dynstr,116346,116346,ascii,31,_Unwind_GetLanguageSpecificData
4,.dynstr,116378,116378,ascii,22,_Unwind_GetRegionStart
4,.dynstr,116401,116401,ascii,15,_Unwind_VRS_Get
4,.dynstr,116417,116417,ascii,15,_Unwind_VRS_Set
4,.dynstr,116433,116433,ascii,19,__cxa_begin_cleanup
4,.dynstr,116453,116453,ascii,18,__gnu_unwind_frame
4,.dynstr,116472,116472,ascii,5,_ZTIv
4,.dynstr,116478,116478,ascii,32,_ZNKSt17__Named_exception4whatEv
4,.dynstr,116511,116511,ascii,22,_ZNSt11logic_errorD0Ev
4,.dynstr,116534,116534,ascii,22,_ZNSt11logic_errorD1Ev
4,.dynstr,116557,116557,ascii,22,_ZNSt11logic_errorD2Ev
4,.dynstr,116580,116580,ascii,22,_ZNSt11range_errorD0Ev
4,.dynstr,116603,116603,ascii,22,_ZNSt11range_errorD1Ev
4,.dynstr,116626,116626,ascii,22,_ZNSt11range_errorD2Ev
4,.dynstr,116649,116649,ascii,23,_ZNSt12domain_errorD0Ev
4,.dynstr,116673,116673,ascii,23,_ZNSt12domain_errorD1Ev
4,.dynstr,116697,116697,ascii,23,_ZNSt12domain_errorD2Ev
4,.dynstr,116721,116721,ascii,23,_ZNSt12length_errorD0Ev
4,.dynstr,116745,116745,ascii,23,_ZNSt12length_errorD1Ev
4,.dynstr,116769,116769,ascii,23,_ZNSt12length_errorD2Ev
4,.dynstr,116793,116793,ascii,23,_ZNSt12out_of_rangeD0Ev
4,.dynstr,116817,116817,ascii,23,_ZNSt12out_of_rangeD1Ev
4,.dynstr,116841,116841,ascii,23,_ZNSt12out_of_rangeD2Ev
4,.dynstr,116865,116865,ascii,24,_ZNSt13runtime_errorD0Ev
4,.dynstr,116890,116890,ascii,24,_ZNSt13runtime_errorD1Ev
4,.dynstr,116915,116915,ascii,24,_ZNSt13runtime_errorD2Ev
4,.dynstr,116940,116940,ascii,25,_ZNSt14overflow_errorD0Ev
4,.dynstr,116966,116966,ascii,25,_ZNSt14overflow_errorD1Ev
4,.dynstr,116992,116992,ascii,25,_ZNSt14overflow_errorD2Ev
4,.dynstr,117018,117018,ascii,26,_ZNSt15underflow_errorD0Ev
4,.dynstr,117045,117045,ascii,26,_ZNSt15underflow_errorD1Ev
4,.dynstr,117072,117072,ascii,26,_ZNSt15underflow_errorD2Ev
4,.dynstr,117099,117099,ascii,27,_ZNSt16invalid_argumentD0Ev
4,.dynstr,117127,117127,ascii,27,_ZNSt16invalid_argumentD1Ev
4,.dynstr,117155,117155,ascii,27,_ZNSt16invalid_argumentD2Ev
4,.dynstr,117183,117183,ascii,31,_ZNSt17__Named_exceptionC1ERKS_
4,.dynstr,117215,117215,ascii,31,_ZNSt17__Named_exceptionC1ERKSs
4,.dynstr,117247,117247,ascii,31,_ZNSt17__Named_exceptionC2ERKS_
4,.dynstr,117279,117279,ascii,31,_ZNSt17__Named_exceptionC2ERKSs
4,.dynstr,117311,117311,ascii,28,_ZNSt17__Named_exceptionD0Ev
4,.dynstr,117340,117340,ascii,28,_ZNSt17__Named_exceptionD1Ev
4,.dynstr,117369,117369,ascii,28,_ZNSt17__Named_exceptionD2Ev
4,.dynstr,117398,117398,ascii,31,_ZNSt17__Named_exceptionaSERKS_
4,.dynstr,117430,117430,ascii,32,_ZSt23__stl_throw_range_errorPKc
4,.dynstr,117463,117463,ascii,34,_ZSt25__stl_throw_runtime_errorPKc
4,.dynstr,117498,117498,ascii,35,_ZSt26__stl_throw_overflow_errorPKc
4,.dynstr,117534,117534,ascii,37,_ZSt28__stl_throw_invalid_argumentPKc
4,.dynstr,117572,117572,ascii,19,_ZTISt11logic_error
4,.dynstr,117592,117592,ascii,19,_ZTISt11range_error
4,.dynstr,117612,117612,ascii,20,_ZTISt12domain_error
4,.dynstr,117633,117633,ascii,20,_ZTISt12length_error
4,.dynstr,117654,117654,ascii,20,_ZTISt12out_of_range
4,.dynstr,117675,117675,ascii,21,_ZTISt13runtime_error
4,.dynstr,117697,117697,ascii,22,_ZTISt14overflow_error
4,.dynstr,117720,117720,ascii,23,_ZTISt15underflow_error
4,.dynstr,117744,117744,ascii,24,_ZTISt16invalid_argument
4,.dynstr,117769,117769,ascii,25,_ZTISt17__Named_exception
4,.dynstr,117795,117795,ascii,19,_ZTSSt11logic_error
4,.dynstr,117815,117815,ascii,19,_ZTSSt11range_error
4,.dynstr,117835,117835,ascii,20,_ZTSSt12domain_error
4,.dynstr,117856,117856,ascii,20,_ZTSSt12length_error
4,.dynstr,117877,117877,ascii,20,_ZTSSt12out_of_range
4,.dynstr,117898,117898,ascii,21,_ZTSSt13runtime_error
4,.dynstr,117920,117920,ascii,22,_ZTSSt14overflow_error
4,.dynstr,117943,117943,ascii,23,_ZTSSt15underflow_error
4,.dynstr,117967,117967,ascii,24,_ZTSSt16invalid_argument
4,.dynstr,117992,117992,ascii,25,_ZTSSt17__Named_exception
4,.dynstr,118018,118018,ascii,19,_ZTVSt11logic_error
4,.dynstr,118038,118038,ascii,19,_ZTVSt11range_error
4,.dynstr,118058,118058,ascii,20,_ZTVSt12domain_error
4,.dynstr,118079,118079,ascii,20,_ZTVSt12length_error
4,.dynstr,118100,118100,ascii,20,_ZTVSt12out_of_range
4,.dynstr,118121,118121,ascii,21,_ZTVSt13runtime_error
4,.dynstr,118143,118143,ascii,22,_ZTVSt14overflow_error
4,.dynstr,118166,118166,ascii,23,_ZTVSt15underflow_error
4,.dynstr,118190,118190,ascii,24,_ZTVSt16invalid_argument
4,.dynstr,118215,118215,ascii,25,_ZTVSt17__Named_exception
4,.dynstr,118241,118241,ascii,47,_ZNSt14__malloc_alloc18set_malloc_handlerEPFvvE
4,.dynstr,118289,118289,ascii,32,_ZNSt14__malloc_alloc8allocateEj
4,.dynstr,118322,118322,ascii,42,_ZNSt4priv14_Pthread_alloc10deallocateEPvj
4,.dynstr,118365,118365,ascii,80,_ZNSt4priv14_Pthread_alloc10deallocateEPvjPNS_31_Pthread_alloc_per_thread_stateE
4,.dynstr,118446,118446,ascii,44,_ZNSt4priv14_Pthread_alloc10reallocateEPvjRj
4,.dynstr,118491,118491,ascii,53,_ZNSt4priv14_Pthread_alloc23_S_get_per_thread_stateEv
4,.dynstr,118545,118545,ascii,38,_ZNSt4priv14_Pthread_alloc8allocateERj
4,.dynstr,118584,118584,ascii,76,_ZNSt4priv14_Pthread_alloc8allocateERjPNS_31_Pthread_alloc_per_thread_stateE
4,.dynstr,118661,118661,ascii,17,__cxa_end_cleanup
4,.dynstr,118679,118679,ascii,16,__cxa_type_match
4,.dynstr,118696,118696,ascii,6,_ZTIDh
4,.dynstr,118703,118703,ascii,6,_ZTIDi
4,.dynstr,118710,118710,ascii,6,_ZTIDn
4,.dynstr,118717,118717,ascii,6,_ZTIDs
4,.dynstr,118724,118724,ascii,7,_ZTIPDh
4,.dynstr,118732,118732,ascii,7,_ZTIPDi
4,.dynstr,118740,118740,ascii,7,_ZTIPDn
4,.dynstr,118748,118748,ascii,7,_ZTIPDs
4,.dynstr,118756,118756,ascii,8,_ZTIPKDh
4,.dynstr,118765,118765,ascii,8,_ZTIPKDi
4,.dynstr,118774,118774,ascii,8,_ZTIPKDn
4,.dynstr,118783,118783,ascii,8,_ZTIPKDs
4,.dynstr,118792,118792,ascii,7,_ZTIPKa
4,.dynstr,118800,118800,ascii,7,_ZTIPKb
4,.dynstr,118808,118808,ascii,7,_ZTIPKc
4,.dynstr,118816,118816,ascii,7,_ZTIPKd
4,.dynstr,118824,118824,ascii,7,_ZTIPKe
4,.dynstr,118832,118832,ascii,7,_ZTIPKf
4,.dynstr,118840,118840,ascii,7,_ZTIPKg
4,.dynstr,118848,118848,ascii,7,_ZTIPKh
4,.dynstr,118856,118856,ascii,7,_ZTIPKi
4,.dynstr,118864,118864,ascii,7,_ZTIPKj
4,.dynstr,118872,118872,ascii,7,_ZTIPKl
4,.dynstr,118880,118880,ascii,7,_ZTIPKm
4,.dynstr,118888,118888,ascii,7,_ZTIPKn
4,.dynstr,118896,118896,ascii,7,_ZTIPKo
4,.dynstr,118904,118904,ascii,7,_ZTIPKs
4,.dynstr,118912,118912,ascii,7,_ZTIPKt
4,.dynstr,118920,118920,ascii,7,_ZTIPKv
4,.dynstr,118928,118928,ascii,7,_ZTIPKw
4,.dynstr,118936,118936,ascii,7,_ZTIPKx
4,.dynstr,118944,118944,ascii,7,_ZTIPKy
4,.dynstr,118952,118952,ascii,6,_ZTIPa
4,.dynstr,118959,118959,ascii,6,_ZTIPb
4,.dynstr,118966,118966,ascii,6,_ZTIPc
4,.dynstr,118973,118973,ascii,6,_ZTIPd
4,.dynstr,118980,118980,ascii,6,_ZTIPe
4,.dynstr,118987,118987,ascii,6,_ZTIPf
4,.dynstr,118994,118994,ascii,6,_ZTIPg
4,.dynstr,119001,119001,ascii,6,_ZTIPh
4,.dynstr,119008,119008,ascii,6,_ZTIPi
4,.dynstr,119015,119015,ascii,6,_ZTIPj
4,.dynstr,119022,119022,ascii,6,_ZTIPl
4,.dynstr,119029,119029,ascii,6,_ZTIPm
4,.dynstr,119036,119036,ascii,6,_ZTIPn
4,.dynstr,119043,119043,ascii,6,_ZTIPo
4,.dynstr,119050,119050,ascii,6,_ZTIPs
4,.dynstr,119057,119057,ascii,6,_ZTIPt
4,.dynstr,119064,119064,ascii,6,_ZTIPv
4,.dynstr,119071,119071,ascii,6,_ZTIPw
4,.dynstr,119078,119078,ascii,6,_ZTIPx
4,.dynstr,119085,119085,ascii,6,_ZTIPy
4,.dynstr,119092,119092,ascii,5,_ZTIa
4,.dynstr,119098,119098,ascii,5,_ZTIb
4,.dynstr,119104,119104,ascii,5,_ZTIc
4,.dynstr,119110,119110,ascii,5,_ZTId
4,.dynstr,119116,119116,ascii,5,_ZTIe
4,.dynstr,119122,119122,ascii,5,_ZTIf
4,.dynstr,119128,119128,ascii,5,_ZTIg
4,.dynstr,119134,119134,ascii,5,_ZTIh
4,.dynstr,119140,119140,ascii,5,_ZTIi
4,.dynstr,119146,119146,ascii,5,_ZTIj
4,.dynstr,119152,119152,ascii,5,_ZTIl
4,.dynstr,119158,119158,ascii,5,_ZTIm
4,.dynstr,119164,119164,ascii,5,_ZTIn
4,.dynstr,119170,119170,ascii,5,_ZTIo
4,.dynstr,119176,119176,ascii,5,_ZTIs
4,.dynstr,119182,119182,ascii,5,_ZTIt
4,.dynstr,119188,119188,ascii,5,_ZTIw
4,.dynstr,119194,119194,ascii,5,_ZTIx
4,.dynstr,119200,119200,ascii,5,_ZTIy
4,.dynstr,119206,119206,ascii,6,_ZTSDh
4,.dynstr,119213,119213,ascii,6,_ZTSDi
4,.dynstr,119220,119220,ascii,6,_ZTSDn
4,.dynstr,119227,119227,ascii,6,_ZTSDs
4,.dynstr,119234,119234,ascii,7,_ZTSPDh
4,.dynstr,119242,119242,ascii,7,_ZTSPDi
4,.dynstr,119250,119250,ascii,7,_ZTSPDn
4,.dynstr,119258,119258,ascii,7,_ZTSPDs
4,.dynstr,119266,119266,ascii,8,_ZTSPKDh
4,.dynstr,119275,119275,ascii,8,_ZTSPKDi
4,.dynstr,119284,119284,ascii,8,_ZTSPKDn
4,.dynstr,119293,119293,ascii,8,_ZTSPKDs
4,.dynstr,119302,119302,ascii,7,_ZTSPKa
4,.dynstr,119310,119310,ascii,7,_ZTSPKb
4,.dynstr,119318,119318,ascii,7,_ZTSPKc
4,.dynstr,119326,119326,ascii,7,_ZTSPKd
4,.dynstr,119334,119334,ascii,7,_ZTSPKe
4,.dynstr,119342,119342,ascii,7,_ZTSPKf
4,.dynstr,119350,119350,ascii,7,_ZTSPKg
4,.dynstr,119358,119358,ascii,7,_ZTSPKh
4,.dynstr,119366,119366,ascii,7,_ZTSPKi
4,.dynstr,119374,119374,ascii,7,_ZTSPKj
4,.dynstr,119382,119382,ascii,7,_ZTSPKl
4,.dynstr,119390,119390,ascii,7,_ZTSPKm
4,.dynstr,119398,119398,ascii,7,_ZTSPKn
4,.dynstr,119406,119406,ascii,7,_ZTSPKo
4,.dynstr,119414,119414,ascii,7,_ZTSPKs
4,.dynstr,119422,119422,ascii,7,_ZTSPKt
4,.dynstr,119430,119430,ascii,7,_ZTSPKv
4,.dynstr,119438,119438,ascii,7,_ZTSPKw
4,.dynstr,119446,119446,ascii,7,_ZTSPKx
4,.dynstr,119454,119454,ascii,7,_ZTSPKy
4,.dynstr,119462,119462,ascii,6,_ZTSPa
4,.dynstr,119469,119469,ascii,6,_ZTSPb
4,.dynstr,119476,119476,ascii,6,_ZTSPc
4,.dynstr,119483,119483,ascii,6,_ZTSPd
4,.dynstr,119490,119490,ascii,6,_ZTSPe
4,.dynstr,119497,119497,ascii,6,_ZTSPf
4,.dynstr,119504,119504,ascii,6,_ZTSPg
4,.dynstr,119511,119511,ascii,6,_ZTSPh
4,.dynstr,119518,119518,ascii,6,_ZTSPi
4,.dynstr,119525,119525,ascii,6,_ZTSPj
4,.dynstr,119532,119532,ascii,6,_ZTSPl
4,.dynstr,119539,119539,ascii,6,_ZTSPm
4,.dynstr,119546,119546,ascii,6,_ZTSPn
4,.dynstr,119553,119553,ascii,6,_ZTSPo
4,.dynstr,119560,119560,ascii,6,_ZTSPs
4,.dynstr,119567,119567,ascii,6,_ZTSPt
4,.dynstr,119574,119574,ascii,6,_ZTSPv
4,.dynstr,119581,119581,ascii,6,_ZTSPw
4,.dynstr,119588,119588,ascii,6,_ZTSPx
4,.dynstr,119595,119595,ascii,6,_ZTSPy
4,.dynstr,119602,119602,ascii,5,_ZTSa
4,.dynstr,119608,119608,ascii,5,_ZTSb
4,.dynstr,119614,119614,ascii,5,_ZTSc
4,.dynstr,119620,119620,ascii,5,_ZTSd
4,.dynstr,119626,119626,ascii,5,_ZTSe
4,.dynstr,119632,119632,ascii,5,_ZTSf
4,.dynstr,119638,119638,ascii,5,_ZTSg
4,.dynstr,119644,119644,ascii,5,_ZTSh
4,.dynstr,119650,119650,ascii,5,_ZTSi
4,.dynstr,119656,119656,ascii,5,_ZTSj
4,.dynstr,119662,119662,ascii,5,_ZTSl
4,.dynstr,119668,119668,ascii,5,_ZTSm
4,.dynstr,119674,119674,ascii,5,_ZTSn
4,.dynstr,119680,119680,ascii,5,_ZTSo
4,.dynstr,119686,119686,ascii,5,_ZTSs
4,.dynstr,119692,119692,ascii,5,_ZTSt
4,.dynstr,119698,119698,ascii,5,_ZTSv
4,.dynstr,119704,119704,ascii,5,_ZTSw
4,.dynstr,119710,119710,ascii,5,_ZTSx
4,.dynstr,119716,119716,ascii,5,_ZTSy
4,.dynstr,119722,119722,ascii,6,_edata
4,.dynstr,119729,119729,ascii,4,_end
4,.dynstr,119734,119734,ascii,11,__bss_start
4,.dynstr,119746,119746,ascii,23,__gnu_Unwind_Find_exidx
4,.dynstr,119770,119770,ascii,5,raise
4,.dynstr,119776,119776,ascii,9,__udivsi3
4,.dynstr,119786,119786,ascii,13,__aeabi_idiv0
4,.dynstr,119800,119800,ascii,8,__divsi3
4,.dynstr,119809,119809,ascii,13,__aeabi_ldiv0
4,.dynstr,119823,119823,ascii,20,__gnu_ldivmod_helper
4,.dynstr,119844,119844,ascii,8,__divdi3
4,.dynstr,119853,119853,ascii,21,__gnu_uldivmod_helper
4,.dynstr,119875,119875,ascii,9,__udivdi3
4,.dynstr,119885,119885,ascii,22,__aeabi_unwind_cpp_pr2
4,.dynstr,119908,119908,ascii,26,__gnu_Unwind_Restore_VFP_D
4,.dynstr,119935,119935,ascii,24,__gnu_Unwind_Restore_VFP
4,.dynstr,119960,119960,ascii,35,__gnu_Unwind_Restore_VFP_D_16_to_31
4,.dynstr,119996,119996,ascii,26,__gnu_Unwind_Restore_WMMXD
4,.dynstr,120023,120023,ascii,26,__gnu_Unwind_Restore_WMMXC
4,.dynstr,120050,120050,ascii,17,restore_core_regs
4,.dynstr,120068,120068,ascii,14,_Unwind_GetCFA
4,.dynstr,120083,120083,ascii,27,__gnu_Unwind_RaiseException
4,.dynstr,120111,120111,ascii,25,__gnu_Unwind_ForcedUnwind
4,.dynstr,120137,120137,ascii,19,__gnu_Unwind_Resume
4,.dynstr,120157,120157,ascii,30,__gnu_Unwind_Resume_or_Rethrow
4,.dynstr,120188,120188,ascii,16,_Unwind_Complete
4,.dynstr,120205,120205,ascii,22,__gnu_Unwind_Backtrace
4,.dynstr,120228,120228,ascii,20,__gnu_unwind_execute
4,.dynstr,120249,120249,ascii,15,_Unwind_VRS_Pop
4,.dynstr,120265,120265,ascii,23,__gnu_Unwind_Save_VFP_D
4,.dynstr,120289,120289,ascii,21,__gnu_Unwind_Save_VFP
4,.dynstr,120311,120311,ascii,32,__gnu_Unwind_Save_VFP_D_16_to_31
4,.dynstr,120344,120344,ascii,23,__gnu_Unwind_Save_WMMXD
4,.dynstr,120368,120368,ascii,23,__gnu_Unwind_Save_WMMXC
4,.dynstr,120392,120392,ascii,19,__restore_core_regs
4,.dynstr,120412,120412,ascii,24,___Unwind_RaiseException
4,.dynstr,120437,120437,ascii,16,___Unwind_Resume
4,.dynstr,120454,120454,ascii,27,___Unwind_Resume_or_Rethrow
4,.dynstr,120482,120482,ascii,25,_Unwind_Resume_or_Rethrow
4,.dynstr,120508,120508,ascii,22,___Unwind_ForcedUnwind
4,.dynstr,120531,120531,ascii,20,_Unwind_ForcedUnwind
4,.dynstr,120552,120552,ascii,19,___Unwind_Backtrace
4,.dynstr,120572,120572,ascii,17,_Unwind_Backtrace
4,.dynstr,120590,120590,ascii,22,_Unwind_GetDataRelBase
4,.dynstr,120613,120613,ascii,22,_Unwind_GetTextRelBase
4,.dynstr,120636,120636,ascii,12,__aeabi_llsl
4,.dynstr,120649,120649,ascii,12,__aeabi_llsr
4,.dynstr,120662,120662,ascii,9,__lshrdi3
4,.dynstr,120672,120672,ascii,9,__ashldi3
4,.dynstr,120682,120682,ascii,9,liblog.so
4,.dynstr,120692,120692,ascii,7,libz.so
4,.dynstr,120700,120700,ascii,9,libEGL.so
4,.dynstr,120710,120710,ascii,15,libGLESv1_CM.so
4,.dynstr,120726,120726,ascii,12,libGLESv2.so
4,.dynstr,120739,120739,ascii,13,libandroid.so
4,.dynstr,120753,120753,ascii,12,libstdc++.so
12,.text,220735,220735,ascii,7,JyDxDzD
12,.text,220821,220821,ascii,5,#xDyD
12,.text,220919,220919,ascii,5,#xDyD
12,.text,220949,220949,ascii,4,#xDO
12,.text,221011,221011,ascii,5,#xDyD
12,.text,221041,221041,ascii,5,#xDyD
12,.text,221071,221071,ascii,5,#xDyD
12,.text,221101,221101,ascii,5,#xDyD
12,.text,221131,221131,ascii,5,#xDyD
12,.text,221161,221161,ascii,5,#xDyD
12,.text,221191,221191,ascii,5,#xDyD
12,.text,221221,221221,ascii,5,#xDyD
12,.text,221251,221251,ascii,5,#xDyD
12,.text,221281,221281,ascii,5,#xDyD
12,.text,221311,221311,ascii,5,#xDyD
12,.text,221341,221341,ascii,5,#xDyD
12,.text,221371,221371,ascii,5,#xDyD
12,.text,221401,221401,ascii,5,#xDyD
12,.text,221431,221431,ascii,5,#xDyD
12,.text,221461,221461,ascii,5,#xDyD
12,.text,221491,221491,ascii,5,#xDyD
12,.text,221521,221521,ascii,5,#xDyD
12,.text,221551,221551,ascii,5,#xDyD
12,.text,221581,221581,ascii,5,#xDyD
12,.text,224181,224181,ascii,5,"""xDyD"
12,.text,224199,224199,ascii,5,"""xDyD"
12,.text,224219,224219,ascii,5,"""xDyD"
12,.text,224243,224243,ascii,5,"""xDyD"
12,.text,224267,224267,ascii,5,"""xDyD"
12,.text,224291,224291,ascii,5,"""xDyD"
12,.text,225124,225124,ascii,11,atomic_uint
12,.text,225168,225168,ascii,21,gl_MaterialParameters
12,.text,225200,225200,ascii,24,gl_LightSourceParameters
12,.text,225236,225236,ascii,23,gl_LightModelParameters
12,.text,225268,225268,ascii,21,gl_LightModelProducts
12,.text,225300,225300,ascii,16,gl_LightProducts
12,.text,225328,225328,ascii,16,gl_FogParameters
12,.text,225355,225355,ascii,5,IxDyD
12,.text,225403,225403,ascii,5,JxDyD
12,.text,225436,225436,ascii,40,Can't allocate C++ runtime pthread_key_t
12,.text,225503,225503,ascii,5,!|D F
12,.text,225517,225517,ascii,5,JxDzD
12,.text,225704,225704,ascii,17,libDungeonHunter2
12,.text,225732,225732,ascii,14,glShaderSource
12,.text,225752,225752,ascii,11,glGetString
12,.text,228284,228284,ascii,37,FAIL glslopt_optimize! ShaderID == %i
12,.text,228328,228328,ascii,20,Optimized shader: %i
12,.text,228456,228456,ascii,9,Mali-T604
12,.text,228468,228468,ascii,22,OpenGL ES GLSL ES 1.00
12,.text,228492,228492,ascii,62,GL_OES_compressed_ETC1_RGB8_texture GL_ARM_mali_program_binary
12,.text,228556,228556,ascii,13,OpenGL ES 2.0
12,.text,229008,229008,ascii,19,SafeMemRead success
12,.text,229044,229044,ascii,20,pszOutBuffer is null
12,.text,229328,229328,ascii,20,SafeMemWrite success
12,.text,229368,229368,ascii,17,pszBuffer is null
12,.text,229748,229748,ascii,16,In ModifyIBored.
12,.text,229772,229772,ascii,18,Opcode[%02d]:0x%2X
12,.text,229796,229796,ascii,14,patch success.
12,.text,229816,229816,ascii,30,get module base address error.
12,.text,230984,230984,ascii,40,glTexImage2D return GL_INVALID_OPERATION
12,.text,231032,231032,ascii,37,glTexImage2D return error code 0x%04x
12,.text,232692,232692,ascii,13,/proc/meminfo
12,.text,232712,232712,ascii,17,MemTotal: %llu kB
12,.text,234740,234740,ascii,16,custom_hook_info
12,.text,234764,234764,ascii,10,StormGLOFT
12,.text,234776,234776,ascii,34,Build custom hook info list failed
12,.text,234820,234820,ascii,36,Build custom hooked info list failed
12,.text,234864,234864,ascii,17,dlopen %s failed 
12,.text,234892,234892,ascii,19,Hooked %s in lib %s
12,.text,236000,236000,ascii,14,/proc/%d/fd/%d
12,.text,236020,236020,ascii,57,"Error finding path for uid:%d, pid:%d, fd:%d, errormsg:%s"
12,.text,236428,236428,ascii,30,Malloc in array_to_string fail
12,.text,237784,237784,ascii,10,not an elf
12,.text,237836,237836,ascii,4,read
12,.text,237860,237860,ascii,11,elf error 1
12,.text,237984,237984,ascii,11,elf error 2
12,.text,238004,238004,ascii,17,elf error 3 %d %d
12,.text,238028,238028,ascii,17,elf error 4 %d %d
12,.text,238048,238048,ascii,7,.strtab
12,.text,238056,238056,ascii,7,.dynstr
12,.text,238068,238068,ascii,22,too many string tables
12,.text,238100,238100,ascii,22,too many symbol tables
12,.text,238156,238156,ascii,4,read
12,.text,238424,238424,ascii,18,hook info node: %s
12,.text,238992,238992,ascii,24,cannot find function: %s
12,.text,239032,239032,ascii,19,cannot find lib: %s
12,.text,239636,239636,ascii,13,/proc/%d/maps
12,.text,239660,239660,ascii,30,%08lx-%08lx %*s %*s %*s %*s %s
12,.text,239692,239692,ascii,25,Can't open %s for reading
12,.text,240172,240172,ascii,15,cannot find lib
12,.text,240908,240908,ascii,10,addr  = %x
12,.text,240920,240920,ascii,11,hookf = %lx
12,.text,240940,240940,ascii,24,addr 0x%x and hook 0x%lx
12,.text,240965,240965,ascii,13, don't match!
12,.text,240984,240984,ascii,9,orig = %x
12,.text,241816,241816,ascii,22,hooking:   %s = 0x%lx 
12,.text,241844,241844,ascii,31,warning hook is not thumb 0x%lx
12,.text,241884,241884,ascii,17,THUMB using 0x%lx
12,.text,241908,241908,ascii,15,ARM using 0x%lx
12,.text,241932,241932,ascii,14,can't find: %s
12,.text,242552,242552,ascii,29,unhooking %s = %x  hook = %x 
12,.text,265930,265930,ascii,4,`B8 
12,.text,266378,266378,ascii,4,`B8 
12,.text,276212,276212,ascii,10,InlineHook
12,.text,276228,276228,ascii,16,HookThumb Start.
12,.text,276252,276252,ascii,15,HookThumb fail.
12,.text,276272,276272,ascii,13,HookArm fail.
12,.text,276600,276600,ascii,16,In RegisterHook.
12,.text,276824,276824,ascii,20,Hook is auto loaded!
12,.text,276848,276848,ascii,24,In hook_inline_function.
12,.text,276880,276880,ascii,28,uiHookAddr is %X in arm mode
12,.text,276916,276916,ascii,30,uiHookAddr is %X in thumb mode
12,.text,276956,276956,ascii,22,get module base error.
12,.text,277412,277412,ascii,13,out of memory
12,.text,277428,277428,ascii,6,vector
12,.text,278040,278040,ascii,9,Pid is %d
12,.text,278052,278052,ascii,13,/proc/%d/maps
12,.text,278068,278068,ascii,15,/proc/self/maps
12,.text,278092,278092,ascii,8,Get map.
12,.text,278348,278348,ascii,27,Arm32 Opcode to fix %d : %x
12,.text,278376,278376,ascii,15,Fix length : %d
12,.text,279204,279204,ascii,8,P11 : %x
12,.text,279240,279240,ascii,21,is_thumb32_count : %d
12,.text,279264,279264,ascii,43,The last ins is thumb32. Length will be 10.
12,.text,279312,279312,ascii,47,The last ins is not thumb32. Length will be 12.
12,.text,279364,279364,ascii,14,Hook Info Init
12,.text,281444,281444,ascii,14,pHookAddr : %p
12,.text,281460,281460,ascii,17,backupLength : %x
12,.text,282228,282228,ascii,9,HookArm()
12,.text,282508,282508,ascii,11,HookThumb()
12,.text,283376,283376,ascii,17,getTypeInArm : %x
12,.text,284340,284340,ascii,18,Fixing Arm !!!!!!!
12,.text,285448,285448,ascii,22,THE ARM32 OPCODE IS %x
12,.text,285724,285724,ascii,27,BLX_ARM BL_ARM B_ARM BX_ARM
12,.text,285752,285752,ascii,14,BLX_ARM BL_ARM
12,.text,285824,285824,ascii,7,BLX_ARM
12,.text,285832,285832,ascii,16,BLX_ARM : X : %d
12,.text,285864,285864,ascii,7,ADD_ARM
12,.text,285884,285884,ascii,6,BX_ARM
12,.text,285896,285896,ascii,12,BL_ARM B_ARM
12,.text,285916,285916,ascii,7,BLX_ARM
12,.text,285928,285928,ascii,12,top_bit : %d
12,.text,285944,285944,ascii,10,imm32 : %d
12,.text,285956,285956,ascii,7,PC : %d
12,.text,286020,286020,ascii,7,LDR_ARM
12,.text,286968,286968,ascii,20,Fixing Thumb !!!!!!!
12,.text,287040,287040,ascii,27,high_instruction addr : %px
12,.text,287068,287068,ascii,26,low_instruction addr : %px
12,.text,287100,287100,ascii,27,Current opcode is thumb32 !
12,.text,288228,288228,ascii,28,THE THUMB32 LOW OPCODE IS %x
12,.text,288260,288260,ascii,24,THE THUMB32 OPCODE IS %x
12,.text,288440,288440,ascii,22,BLX_THUMB32 BL_THUMB32
12,.text,288464,288464,ascii,10,B1_THUMB32
12,.text,288536,288536,ascii,11,BLX_THUMB32
12,.text,288548,288548,ascii,24,blx_thumb32 : value : %x
12,.text,288888,288888,ascii,10,BL_THUMB32
12,.text,290892,290892,ascii,32,B1_THUMB16 B2_THUMB16 BX_THUMB16
12,.text,291064,291064,ascii,10,BX_THUMB16
12,.text,291088,291088,ascii,35,MOV_THUMB16 ADR_THUMB16 LDR_THUMB16
12,.text,291124,291124,ascii,11,MOV_THUMB16
12,.text,291140,291140,ascii,11,ADD_THUMB16
12,.text,291156,291156,ascii,11,LDR_THUMB16
12,.text,291172,291172,ascii,11,ADR_THUMB16
12,.text,291188,291188,ascii,13,OTHER_THUMB16
12,.text,291208,291208,ascii,10,CB_THUMB16
12,.text,291442,291442,ascii,4,xDyD
12,.text,291470,291470,ascii,8,h$xDyDzD
12,.text,291504,291504,ascii,6,P$yDzD
12,.text,291646,291646,ascii,4, F-!
12,.text,291666,291666,ascii,4,xDyD
12,.text,291686,291686,ascii,4,+FyD
12,.text,291748,291748,ascii,4,l#xD
12,.text,291754,291754,ascii,4,h3zD
12,.text,291767,291767,ascii,4,h~DJ
12,.text,291776,291776,ascii,4,*FCF
12,.text,291796,291796,ascii,6,P#yDzD
12,.text,291824,291824,ascii,4,xDyD
12,.text,291876,291876,ascii,4,*FCF
12,.text,291957,291957,ascii,6,IxDyDO
12,.text,291982,291982,ascii,4,xDyD
12,.text,292030,292030,ascii,6,@F!FZF
12,.text,292051,292051,ascii,5,IxDyD
12,.text,292059,292059,ascii,5,H3FxD
12,.text,292081,292081,ascii,4,P:-5
12,.text,292094,292094,ascii,4, F)F
12,.text,292122,292122,ascii,5,0xSF`
12,.text,292139,292139,ascii,4,`HEV
12,.text,292160,292160,ascii,4,@FZF
12,.text,292171,292171,ascii,5,JyDzD
12,.text,292220,292220,ascii,4, x:(
12,.text,292231,292231,ascii,5,IxDyD
12,.text,292251,292251,ascii,4,`?%k
12,.text,292276,292276,ascii,4,xHxD
12,.text,292318,292318,ascii,10,sHsIxDsJyD
12,.text,292338,292338,ascii,4, x:(
12,.text,292344,292344,ascii,10,oH*FoIxDyD
12,.text,292362,292362,ascii,4,mHxD
12,.text,292369,292369,ascii,5,`%x:-
12,.text,292380,292380,ascii,14,JNKI~DKJyDzD6h
12,.text,292414,292414,ascii,8,EHEIxDyD
12,.text,292433,292433,ascii,9,`BHBIxDyD
12,.text,292450,292450,ascii,8,NHNIxDyD
12,.text,292459,292459,ascii,5,`MHxD
12,.text,292482,292482,ascii,4,>HxD
12,.text,292504,292504,ascii,10,9H:IxD:JyD
12,.text,292524,292524,ascii,4, x:(
12,.text,292530,292530,ascii,10,6H*F6IxDyD
12,.text,292548,292548,ascii,4,3HxD
12,.text,292560,292560,ascii,15,POSIXLY_CORRECT
12,.text,292961,292961,ascii,5,F@FQF
12,.text,293023,293023,ascii,5,FUFZE
12,.text,293035,293035,ascii,4,;*DT
12,.text,293044,293044,ascii,5,"""`.FD"
12,.text,293191,293191,ascii,7,"8(F1F""F"
12,.text,293265,293265,ascii,4,*phA
12,.text,293274,293274,ascii,4,cHxD
12,.text,293292,293292,ascii,12,"_H""F_I+FxDyD"
12,.text,293344,293344,ascii,4,UHxD
12,.text,293360,293360,ascii,4,RHxD
12,.text,293378,293378,ascii,10,OH*FOIxDyD
12,.text,293396,293396,ascii,4,LHxD
12,.text,293410,293410,ascii,4,:IyD
12,.text,293420,293420,ascii,4,1HxD
12,.text,293438,293438,ascii,12,".H""F.I+FxDyD"
12,.text,293458,293458,ascii,4,+HxD
12,.text,293467,293467,ascii,4,`? @
12,.text,293482,293482,ascii,6,'JyDzD
12,.text,293508,293508,ascii,4,"""HxD"
12,.text,293518,293518,ascii,4,!HxD
12,.text,293541,293541,ascii,5,IxDyD
12,.text,294149,294149,ascii,4,DJbQ
12,.text,294247,294247,ascii,4,DJbQ
12,.text,294345,294345,ascii,4,DJbQ
12,.text,294443,294443,ascii,4,DJbQ
12,.text,294541,294541,ascii,4,DJbQ
12,.text,294639,294639,ascii,4,DJbQ
12,.text,294775,294775,ascii,4,DJbQ
12,.text,294875,294875,ascii,6,*3DKbY
12,.text,294954,294954,ascii,4,!0Zh
12,.text,295008,295008,ascii,4,"""0Zh"
12,.text,295097,295097,ascii,4,DJbQ
12,.text,295309,295309,ascii,5,I}D|D
12,.text,295415,295415,ascii,5,D(`pF
12,.text,295461,295461,ascii,5,!1p.`
12,.text,295838,295838,ascii,4,",F`i"
12,.text,295853,295853,ascii,4,"""ehA"
12,.text,295968,295968,ascii,6,""" RhrD"
12,.text,295995,295995,ascii,5,`BF h
12,.text,296008,296008,ascii,4,@h+h
12,.text,296034,296034,ascii,4,-h(F
12,.text,296079,296079,ascii,4,h+hQ
12,.text,296137,296137,ascii,5,!@hpD
12,.text,296224,296224,ascii,4,hh)F
12,.text,296280,296280,ascii,5,!0X`R
12,.text,296409,296409,ascii,5,8(`pF
12,.text,296449,296449,ascii,6,$yDzD1
12,.text,296475,296475,ascii,6,4yD{D1
12,.text,296551,296551,ascii,5,8(`pF
12,.text,296641,296641,ascii,4,DJbQ
12,.text,296801,296801,ascii,4,DJbQ
12,.text,296888,296888,ascii,4, `2D
12,.text,296991,296991,ascii,4,DJbQ
12,.text,297087,297087,ascii,4,DJbQ
12,.text,297185,297185,ascii,4,DJbQ
12,.text,297289,297289,ascii,4,DJbQ
12,.text,297435,297435,ascii,4,DJbQ
12,.text,297501,297501,ascii,5, 0p.`
12,.text,297575,297575,ascii,4,DJbQ
12,.text,297755,297755,ascii,4,DJbQ
12,.text,297857,297857,ascii,4,DJbQ
12,.text,297955,297955,ascii,4,DJbQ
12,.text,298017,298017,ascii,5, 0p.`
12,.text,298093,298093,ascii,4,DJbQ
12,.text,298196,298196,ascii,4, `zD
12,.text,298271,298271,ascii,4,DJbQ
12,.text,298369,298369,ascii,4,DJbQ
12,.text,298467,298467,ascii,4,DJbQ
12,.text,298565,298565,ascii,4,DJbQ
12,.text,298663,298663,ascii,4,DJbQ
12,.text,298763,298763,ascii,4,DJbQ
12,.text,298859,298859,ascii,4,DJbQ
12,.text,298959,298959,ascii,4,DJbQ
12,.text,299061,299061,ascii,4,DJbQ
12,.text,299171,299171,ascii,4,DJbQ
12,.text,299272,299272,ascii,9, `zD3DKbY
12,.text,299328,299328,ascii,4,&FtF
12,.text,299427,299427,ascii,4,DJbQ
12,.text,299539,299539,ascii,4,DJbQ
12,.text,299645,299645,ascii,4,DJbQ
12,.text,299791,299791,ascii,4,DJbQ
12,.text,299937,299937,ascii,4,DJbQ
12,.text,300051,300051,ascii,4,DJbQ
12,.text,300160,300160,ascii,4, `2D
12,.text,300293,300293,ascii,4,DJbQ
12,.text,300407,300407,ascii,4,DJbQ
12,.text,300452,300452,ascii,4,&FtF
12,.text,300586,300586,ascii,4,&FtF
12,.text,300608,300608,ascii,4,&FtF
12,.text,300674,300674,ascii,4,&FtF
12,.text,300770,300770,ascii,4,&FtF
12,.text,300796,300796,ascii,4,&FtF
12,.text,300850,300850,ascii,4,&FtF
12,.text,300955,300955,ascii,4,hriR
12,.text,300960,300960,ascii,5,  SjX
12,.text,300973,300973,ascii,10,`6j6H3DSbZ
12,.text,301004,301004,ascii,4,5HxD
12,.text,301022,301022,ascii,4,/HxD
12,.text,301030,301030,ascii,4,(HxD
12,.text,301044,301044,ascii,4,*HxD
12,.text,301058,301058,ascii,4,#HxD
12,.text,301068,301068,ascii,28,input in flex scanner failed
12,.text,301100,301100,ascii,43,fatal error - scanner input buffer overflow
12,.text,301144,301144,ascii,45,out of dynamic memory in yy_get_next_buffer()
12,.text,301308,301308,ascii,52,out of dynamic memory in glcpp_ensure_buffer_stack()
12,.text,301403,301403,ascii,9, )Fpa0FBF
12,.text,301432,301432,ascii,47,out of dynamic memory in glcpp__create_buffer()
12,.text,301711,301711,ascii,4,hbiB
12,.text,301729,301729,ascii,5," )F""F"
12,.text,301739,301739,ascii,4,haiQ
12,.text,301751,301751,ascii,6,"h""ebbQ"
12,.text,301789,301789,ascii,5,F F1F
12,.text,301805,301805,ascii,5,b%`pi
12,.text,301890,301890,ascii,4,`j!~
12,.text,301897,301897,ascii,6,h`ibjP
12,.text,301918,301918,ascii,5,!P`iP
12,.text,301931,301931,ascii,6,"h""ebbP"
12,.text,301947,301947,ascii,5,x!c v
12,.text,301990,301990,ascii,4,! `i
12,.text,302027,302027,ascii,5,pBhSp
12,.text,302077,302077,ascii,4,eHbR
12,.text,302111,302111,ascii,4,haiQ
12,.text,302120,302120,ascii,4,`j!~
12,.text,302127,302127,ascii,6,haibjQ
12,.text,302156,302156,ascii,5, PaiQ
12,.text,302169,302169,ascii,6,"h""ebbQ"
12,.text,302185,302185,ascii,5,x!c v
12,.text,302233,302233,ascii,4,`aiy
12,.text,302249,302249,ascii,6,"h""ebbQ"
12,.text,302265,302265,ascii,5,x!c v
12,.text,302303,302303,ascii,4,%(F]
12,.text,302364,302364,ascii,45,out of dynamic memory in glcpp__scan_buffer()
12,.text,302425,302425,ascii,5,"F(F""F"
12,.text,302468,302468,ascii,6, FIF2F
12,.text,302483,302483,ascii,9,UBFHp F)F
12,.text,302520,302520,ascii,33,bad buffer in glcpp__scan_bytes()
12,.text,302556,302556,ascii,44,out of dynamic memory in glcpp__scan_bytes()
12,.text,302605,302605,ascii,6,hpGAi)
12,.text,302625,302625,ascii,6, pGAi)
12,.text,302640,302640,ascii,4,@jpG
12,.text,302645,302645,ascii,7, pG@hpG
12,.text,302665,302665,ascii,6,`pGJi*
12,.text,302696,302696,ascii,38,glcpp_set_lineno called with no buffer
12,.text,302748,302748,ascii,4,HbpG
12,.text,302764,302764,ascii,38,glcpp_set_column called with no buffer
12,.text,302804,302804,ascii,4,H`pG
12,.text,302967,302967,ascii,4,$ F]
12,.text,303007,303007,ascii,4,"""aiA"
12,.text,303012,303012,ascii,4,   F
12,.text,303069,303069,ascii,5,F F*F
12,.text,303108,303108,ascii,4,xDyD
12,.text,303227,303227,ascii,4,FxDO
12,.text,303634,303634,ascii,6,`APFZF
12,.text,303648,303648,ascii,4,!F*F
12,.text,303986,303986,ascii,6,"""h0F)F"
12,.text,304005,304005,ascii,5,"""0F)F"
12,.text,304054,304054,ascii,4,!FzD
12,.text,304108,304108,ascii,4,!FzD
12,.text,304347,304347,ascii,5,LxD!F
12,.text,304364,304364,ascii,4,!FxD
12,.text,304378,304378,ascii,4,!FxD
12,.text,304391,304391,ascii,4,))F#
12,.text,304396,304396,ascii,4,zDP8
12,.text,304407,304407,ascii,5,Lhh!F
12,.text,304694,304694,ascii,4,!FzD
12,.text,304734,304734,ascii,5,L(!F#
12,.text,304740,304740,ascii,4,zD<8
12,.text,304772,304772,ascii,5,",(!F#"
12,.text,304778,304778,ascii,4,zDP8
12,.text,304852,304852,ascii,4,zD(8
12,.text,304864,304864,ascii,4,zD<8
12,.text,304886,304886,ascii,4,la F
12,.text,305062,305062,ascii,5, mH@-
12,.text,305112,305112,ascii,5, mP@-
12,.text,305148,305148,ascii,5, mP@-
12,.text,305845,305845,ascii,7,p(`(F!F
12,.text,306191,306191,ascii,4,", F@"
12,.text,306218,306218,ascii,4,zD F
12,.text,306226,306226,ascii,4,(F!F
12,.text,306248,306248,ascii,8,T9!FzD{D
12,.text,306272,306272,ascii,6,zD{D<8
12,.text,306300,306300,ascii,6,zD{D F
12,.text,306322,306322,ascii,6,!FzD<8
12,.text,306444,306444,ascii,4,{D(8
12,.text,306484,306484,ascii,4,zD F
12,.text,306615,306615,ascii,4, yD1
12,.text,306650,306650,ascii,4,xDF\
12,.text,306696,306696,ascii,14,Starting parse
12,.text,306804,306804,ascii,9,   $%d = 
12,.text,306933,306933,ascii,7,& FzD)F
12,.text,307022,307022,ascii,8,4& F)FzD
12,.text,307096,307096,ascii,4,& vF
12,.text,307136,307136,ascii,5, FIFr
12,.text,307322,307322,ascii,4,xA2F
12,.text,307528,307528,ascii,5,((FFS
12,.text,307671,307671,ascii,4,(FF?
12,.text,307695,307695,ascii,4,FDb0
12,.text,307746,307746,ascii,4,"@F""F"
12,.text,307852,307852,ascii,6,"@F1F""F"
12,.text,307884,307884,ascii,5, FQFl
12,.text,308056,308056,ascii,4,AFxD
12,.text,308092,308092,ascii,4,XF1F
12,.text,308188,308188,ascii,8,HFRF#FuF
12,.text,308222,308222,ascii,4,qFuF
12,.text,308276,308276,ascii,4,aHxD
12,.text,308304,308304,ascii,9,[M\L}D|D6
12,.text,308316,308316,ascii,8,RFCF)\ F
12,.text,308436,308436,ascii,27,Stack size increased to %lu
12,.text,308468,308468,ascii,17,Entering state %d
12,.text,308488,308488,ascii,17,Reading a token: 
12,.text,308512,308512,ascii,13,Next token is
12,.text,308528,308528,ascii,20,Now at end of input.
12,.text,308552,308552,ascii,8,Shifting
12,.text,308592,308592,ascii,4,else
12,.text,308741,308741,ascii,6,F?(yDQ
12,.text,308816,308816,ascii,4,) !F
12,.text,308840,308840,ascii,10,nterm %s (
12,.text,308856,308856,ascii,10,token %s (
12,.text,308872,308872,ascii,11,%d.%d-%d.%d
12,.text,308930,308930,ascii,4,XF !
12,.text,309014,309014,ascii,6,(FAFJF
12,.text,309040,309040,ascii,4,0FIF
12,.text,309052,309052,ascii,4,0F!F
12,.text,309060,309060,ascii,4,hhIF
12,.text,309095,309095,ascii,9,J@F)FKFzD
12,.text,309108,309108,ascii,6,hh1FJF
12,.text,309185,309185,ascii,7,hEF)h F
12,.text,309222,309222,ascii,6,(FYF#F
12,.text,309248,309248,ascii,4, FIF
12,.text,309313,309313,ascii,9,J(FYFSFzD
12,.text,309330,309330,ascii,4,!FRF
12,.text,309348,309348,ascii,30,"Duplicate macro parameter ""%s"""
12,.text,309444,309444,ascii,4, F0!
12,.text,309476,309476,ascii,6, FIFBF
12,.text,309631,309631,ascii,9,& FZFyDem
12,.text,310168,310168,ascii,4,|I F
12,.text,310186,310186,ascii,4,yI F
12,.text,310204,310204,ascii,4,uI F
12,.text,310222,310222,ascii,4,rI F
12,.text,310240,310240,ascii,4,nI F
12,.text,310258,310258,ascii,4,kI F
12,.text,310274,310274,ascii,4,hI F
12,.text,310292,310292,ascii,4,dI F
12,.text,310308,310308,ascii,6,aIyD F
12,.text,310326,310326,ascii,4,cI F
12,.text,310350,310350,ascii,4,^I F
12,.text,310382,310382,ascii,4,WI F
12,.text,310408,310408,ascii,4,xDzD
12,.text,310456,310456,ascii,19,GL_ARB_draw_buffers
12,.text,310476,310476,ascii,30,GL_ARB_separate_shader_objects
12,.text,310508,310508,ascii,24,GL_ARB_texture_rectangle
12,.text,310536,310536,ascii,28,GL_AMD_shader_trinary_minmax
12,.text,310568,310568,ascii,20,GL_EXT_texture_array
12,.text,310704,310704,ascii,5,GL_ES
12,.text,310793,310793,ascii,4,`e`]
12,.text,310835,310835,ascii,5,```)h
12,.text,310905,310905,ascii,5,+0FAF
12,.text,310948,310948,ascii,9,Stack now
12,.text,310985,310985,ascii,8,K~D{D6h3
12,.text,311027,311027,ascii,4,IyDQ
12,.text,311081,311081,ascii,5,o\.&F
12,.text,311127,311127,ascii,5,!u\UT
12,.text,311216,311216,ascii,5,uHxDP
12,.text,311616,311616,ascii,6,(x p%(
12,.text,311746,311746,ascii,6,0F)FBF
12,.text,311757,311757,ascii,4, !F]
12,.text,311788,311788,ascii,8,Deleting
12,.text,311837,311837,ascii,5,JxDzD
12,.text,311883,311883,ascii,7,L0F|D!F
12,.text,311894,311894,ascii,6,0d0F!F
12,.text,311906,311906,ascii,4,pd0F
12,.text,312038,312038,ascii,4,(FIF
12,.text,312204,312204,ascii,6,(FYF#F
12,.text,312239,312239,ascii,5,F(FQF
12,.text,312268,312268,ascii,4,AhYE
12,.text,312313,312313,ascii,5,@yD F
12,.text,312328,312328,ascii,6,RI FyD
12,.text,312340,312340,ascii,4,hh!F
12,.text,312366,312366,ascii,4,0h!F
12,.text,312389,312389,ascii,5,F(F0!
12,.text,312403,312403,ascii,7,p ` FIF
12,.text,312460,312460,ascii,5,( (FO
12,.text,312486,312486,ascii,4,(FQF
12,.text,312512,312512,ascii,5,\FHFx
12,.text,312560,312560,ascii,4,^FIF
12,.text,312748,312748,ascii,4,^Fvh
12,.text,312807,312807,ascii,5,F F0!
12,.text,312917,312917,ascii,5,0IFBF
12,.text,312944,312944,ascii,39,"""defined"" not followed by an identifier"
12,.text,313020,313020,ascii,4,@F0!
12,.text,313048,313048,ascii,4,@FaF
12,.text,313066,313066,ascii,4,EF(F
12,.text,313226,313226,ascii,4,0h<(
12,.text,313396,313396,ascii,4,0F0!
12,.text,313542,313542,ascii,4,(F!F
12,.text,313550,313550,ascii,6,(F!F2F
12,.text,313562,313562,ascii,4,(F!F
12,.text,313570,313570,ascii,8,RF(F!F&F
12,.text,313586,313586,ascii,4,PF1F
12,.text,313888,313888,ascii,9,"Pasting """
12,.text,313900,313900,ascii,7,""" and """
12,.text,313908,313908,ascii,44,""" does not give a valid preprocessing token."
12,.text,313960,313960,ascii,53,'##' cannot appear at either end of a macro expansion
12,.text,314076,314076,ascii,4,HF@h
12,.text,314107,314107,ascii,5,FFhXF
12,.text,314472,314472,ascii,4,4h h
12,.text,314530,314530,ascii,4,@F!F
12,.text,314611,314611,ascii,7,F(F!FJF
12,.text,314664,314664,ascii,4,@F0!
12,.text,314848,314848,ascii,55,Error: macro %s invoked with %d arguments (expected %d)
12,.text,314908,314908,ascii,40,Macro %s call has unbalanced parentheses
12,.text,315047,315047,ascii,17,99999999999999999
12,.text,315071,315071,ascii,13,"9 ""$&(6*,.024"
12,.text,315164,315164,ascii,7,defined
12,.text,315257,315257,ascii,7,J(F!FzD
12,.text,315288,315288,ascii,5,(F!F]
12,.text,315316,315316,ascii,45,"Macro names starting with ""GL_"" are reserved."
12,.text,315462,315462,ascii,4,(h!h
12,.text,315482,315482,ascii,4,mh(h
12,.text,315494,315494,ascii,4,dh h
12,.text,315578,315578,ascii,4,Z@H@
12,.text,315684,315684,ascii,4,!h0h
12,.text,315694,315694,ascii,4,vhdh
12,.text,315759,315759,ascii,5,p(`0F
12,.text,315791,315791,ascii,6,!BF#F]
12,.text,315870,315870,ascii,6,"(F1F""F"
12,.text,315884,315884,ascii,4,(F1F
12,.text,315932,315932,ascii,31,%u:%u(%u): preprocessor error: 
12,.text,316030,316030,ascii,6,"(F1F""F"
12,.text,316044,316044,ascii,4,(F1F
12,.text,316092,316092,ascii,33,%u:%u(%u): preprocessor warning: 
12,.text,316188,316188,ascii,4,vI(F
12,.text,316314,316314,ascii,4, F1F
12,.text,316373,316373,ascii,5,FHF\!
12,.text,316470,316470,ascii,4, F1F
12,.text,316568,316568,ascii,4,(F1F
12,.text,316602,316602,ascii,4,il@F
12,.text,316610,316610,ascii,4,)lHF
12,.text,316624,316624,ascii,4,"(F,m"
12,.text,316668,316668,ascii,16,Unterminated #if
12,.text,316856,316856,ascii,6,(F!F2F
12,.text,316974,316974,ascii,4,!0pG
12,.text,317003,317003,ascii,4,FpGP
12,.text,317544,317544,ascii,4,(F!F
12,.text,317885,317885,ascii,5,F)h@F
12,.text,317906,317906,ascii,4,&F6h
12,.text,317915,317915,ascii,5,hAFjh
12,.text,317978,317978,ascii,4,PFIF
12,.text,318028,318028,ascii,17,hash_table_insert
12,.text,318082,318082,ascii,4,",F$h"
12,.text,318091,318091,ascii,5,hIFrh
12,.text,318130,318130,ascii,4,H`(`
12,.text,318152,318152,ascii,18,hash_table_replace
12,.text,318183,318183,ascii,5,F)h@F
12,.text,318204,318204,ascii,4,&F6h
12,.text,318213,318213,ascii,5,hAFjh
12,.text,318228,318228,ascii,4,A`qh
12,.text,318233,318233,ascii,4,`0F]
12,.text,318445,318445,ascii,4,h``H
12,.text,318464,318464,ascii,29,_mesa_symbol_table_push_scope
12,.text,318772,318772,ascii,29,_mesa_symbol_table_add_symbol
12,.text,318962,318962,ascii,4, `p`
12,.text,318988,318988,ascii,36,_mesa_symbol_table_add_global_symbol
12,.text,319047,319047,ascii,5,JxDzD
12,.text,319062,319062,ascii,4, ` F
12,.text,319201,319201,ascii,5,( `yD
12,.text,319221,319221,ascii,4,$ F]
12,.text,319346,319346,ascii,4,"*D""D"
12,.text,319505,319505,ascii,5,FLF0h
12,.text,319528,319528,ascii,4,(hXE
12,.text,319534,319534,ascii,4,rh@F
12,.text,319546,319546,ascii,4,1iXF
12,.text,319631,319631,ascii,5,hXF!F
12,.text,319685,319685,ascii,5,h)iXF
12,.text,319808,319808,ascii,4, FRF
12,.text,320111,320111,ascii,4,FahI
12,.text,320338,320338,ascii,4,(F!F
12,.text,320413,320413,ascii,4,`Ah!
12,.text,320514,320514,ascii,6,uC F)F
12,.text,320528,320528,ascii,4, F)F
12,.text,320539,320539,ascii,4,$ F]
12,.text,320859,320859,ascii,7,0|DyD `
12,.text,320972,320972,ascii,4,)F2F
12,.text,321028,321028,ascii,5,4F@Fa
12,.text,321038,321038,ascii,4,")F""F"
12,.text,321077,321077,ascii,5,F(F!F
12,.text,321140,321140,ascii,4,AFRF
12,.text,321193,321193,ascii,8,"F0F)F""F]"
12,.text,321336,321336,ascii,4,0F!F
12,.text,321348,321348,ascii,8,0F!F*FCF
12,.text,321576,321576,ascii,8,iF0F*F#F
12,.text,321686,321686,ascii,4, h)D
12,.text,321702,321702,ascii,8,)FRFCF0D
12,.text,321729,321729,ascii,5, QFBF
12,.text,321880,321880,ascii,4,!`0h
12,.text,321912,321912,ascii,4,6h0h
12,.text,321928,321928,ascii,4,[ ] 
12,.text,321965,321965,ascii,4,FHh@
12,.text,321976,321976,ascii,4, iAh
12,.text,322044,322044,ascii,4,0FQF
12,.text,322056,322056,ascii,4,0FQF
12,.text,322082,322082,ascii,4, i@h
12,.text,322140,322140,ascii,4,(iAh
12,.text,322156,322156,ascii,4,@i@h
12,.text,322210,322210,ascii,6,(hAj(F
12,.text,322222,322222,ascii,4,)iJh
12,.text,322317,322317,ascii,7,JzDHFQF
12,.text,322328,322328,ascii,4,(i@h
12,.text,322377,322377,ascii,7,JzDHFQF
12,.text,322388,322388,ascii,6,(i@i@h
12,.text,322433,322433,ascii,7,FHFQFzD
12,.text,322562,322562,ascii,8,cJHFQFzD
12,.text,322600,322600,ascii,8,[JHFQFzD
12,.text,322612,322612,ascii,4,)iHh
12,.text,322632,322632,ascii,4,@F !
12,.text,322641,322641,ascii,5,FUHxD
12,.text,322654,322654,ascii,6,"0F)F""F"
12,.text,322698,322698,ascii,4,"@F,!"
12,.text,322707,322707,ascii,5,FCHxD
12,.text,322720,322720,ascii,8,0F^!*F#F
12,.text,322742,322742,ascii,4,@F !
12,.text,322751,322751,ascii,5,F6HxD
12,.text,322764,322764,ascii,6,"0F)F""F"
12,.text,322774,322774,ascii,4,2HxD
12,.text,322786,322786,ascii,5,)JzD1
12,.text,322792,322792,ascii,54,cannot dereference non-array / non-matrix / non-vector
12,.text,322848,322848,ascii,32,array index must be integer type
12,.text,322884,322884,ascii,26,array index must be scalar
12,.text,322912,322912,ascii,5,error
12,.text,322920,322920,ascii,6,matrix
12,.text,322928,322928,ascii,5,array
12,.text,322936,322936,ascii,6,vector
12,.text,323021,323021,ascii,4,hpGt
12,.text,323033,323033,ascii,4,IyDQ
12,.text,323099,323099,ascii,6,H!jxDP
12,.text,323184,323184,ascii,4,hF*F
12,.text,323212,323212,ascii,4,lFzD
12,.text,323300,323300,ascii,4,%s%s
12,.text,323343,323343,ascii,5, pGBh
12,.text,323354,323354,ascii,4,pGIh
12,.text,323425,323425,ascii,5,20F)F
12,.text,323564,323564,ascii,4, hii
12,.text,323581,323581,ascii,5,0 `(i
12,.text,323648,323648,ascii,4,(i@h
12,.text,323664,323664,ascii,4,(F!F
12,.text,323678,323678,ascii,4,(F!F
12,.text,323692,323692,ascii,4,(F!F
12,.text,323706,323706,ascii,4,(F!F
12,.text,323813,323813,ascii,5,hXF)F
12,.text,323834,323834,ascii,4, i1F
12,.text,323851,323851,ascii,5,Fh!HF
12,.text,323870,323870,ascii,4, F1F
12,.text,323878,323878,ascii,4,HF !
12,.text,323894,323894,ascii,6,"0FYF""F"
12,.text,323922,323922,ascii,6,1`Hhp`
12,.text,323941,323941,ascii,4,=.FV
12,.text,324034,324034,ascii,4,XF !
12,.text,324124,324124,ascii,6,)`Hhh`
12,.text,324131,324131,ascii,5,`M`1h
12,.text,324143,324143,ascii,4,FTDV
12,.text,324165,324165,ascii,5,F?HxD
12,.text,324233,324233,ascii,5,F-HxD
12,.text,324242,324242,ascii,4, FAF
12,.text,324320,324320,ascii,4,0F)F
12,.text,324328,324328,ascii,4,HF !
12,.text,324374,324374,ascii,6,)`Hhh`
12,.text,324396,324396,ascii,8,vec_ctor
12,.text,324459,324459,ascii,5,F+HxD
12,.text,324465,324465,ascii,5,h F)F
12,.text,324474,324474,ascii,4, F1F
12,.text,324484,324484,ascii,4,HF !
12,.text,324500,324500,ascii,6,"0FYF""F"
12,.text,324522,324522,ascii,4,B XE
12,.text,324528,324528,ascii,4,HF !
12,.text,324564,324564,ascii,4,(FQF
12,.text,324578,324578,ascii,6,UFHF !
12,.text,324669,324669,ascii,5,FxDD!
12,.text,324710,324710,ascii,4,PFYF
12,.text,324962,324962,ascii,4,XF !
12,.text,324978,324978,ascii,4,XFh!
12,.text,324994,324994,ascii,4,(F1F
12,.text,325006,325006,ascii,4,PF*F
12,.text,325014,325014,ascii,4,XF !
12,.text,325030,325030,ascii,6,QFBF(F
12,.text,325090,325090,ascii,4,@FD!
12,.text,325107,325107,ascii,5,h0F!F
12,.text,325178,325178,ascii,4,(F1F
12,.text,325188,325188,ascii,4,@F !
12,.text,325204,325204,ascii,6,0F)FJF
12,.text,325372,325372,ascii,4,PF !
12,.text,325388,325388,ascii,4,PFh!
12,.text,325404,325404,ascii,4,(F1F
12,.text,325416,325416,ascii,4,XF*F
12,.text,325424,325424,ascii,4,PF !
12,.text,325440,325440,ascii,4,PFh!
12,.text,325456,325456,ascii,4,(F1F
12,.text,325468,325468,ascii,4,@F*F
12,.text,325496,325496,ascii,4,PF !
12,.text,325514,325514,ascii,6,(FAFKF
12,.text,325525,325525,ascii,5,FPF !
12,.text,325548,325548,ascii,4,(FBF
12,.text,325567,325567,ascii,7,6)`Hhh`
12,.text,325674,325674,ascii,4,HFD!
12,.text,325723,325723,ascii,5,`qhA`
12,.text,325731,325731,ascii,5,!p`HF
12,.text,325748,325748,ascii,4,(FYF
12,.text,325756,325756,ascii,4,HF !
12,.text,325774,325774,ascii,6,HF)FBF
12,.text,325872,325872,ascii,4,(FYF
12,.text,325966,325966,ascii,4,HFYF
12,.text,325978,325978,ascii,4,KFQF
12,.text,326011,326011,ascii,5,`QhA`
12,.text,326108,326108,ascii,4,HFD!
12,.text,326128,326128,ascii,4, FAF
12,.text,326244,326244,ascii,4,HFh!
12,.text,326272,326272,ascii,4, F2F
12,.text,326320,326320,ascii,4, F)F
12,.text,326328,326328,ascii,4,HF !
12,.text,326350,326350,ascii,4,(F!F
12,.text,326452,326452,ascii,4,XF1F
12,.text,326462,326462,ascii,4, F !
12,.text,326480,326480,ascii,4,ZF@F
12,.text,326516,326516,ascii,4, F !
12,.text,326536,326536,ascii,4,)FJF
12,.text,326542,326542,ascii,4,B# F
12,.text,326566,326566,ascii,6,"""F(FAF"
12,.text,326597,326597,ascii,5,BHhh`
12,.text,326638,326638,ascii,4,JIyD
12,.text,326646,326646,ascii,4,HFh!
12,.text,326662,326662,ascii,4,0F!F
12,.text,326672,326672,ascii,4,HF !
12,.text,326688,326688,ascii,6,XF)F2F
12,.text,326706,326706,ascii,4,AF%F
12,.text,326724,326724,ascii,4,HF !
12,.text,326760,326760,ascii,4,0F!F
12,.text,326768,326768,ascii,4,HF !
12,.text,326784,326784,ascii,6, FYF2F
12,.text,326803,326803,ascii,7,"4""`Qha`"
12,.text,326811,326811,ascii,5,"`T`,F"
12,.text,326844,326844,ascii,8,mat_ctor
12,.text,326864,326864,ascii,12,mat_ctor_mat
12,.text,326896,326896,ascii,12,mat_ctor_vec
12,.text,327003,327003,ascii,5,F@FD!
12,.text,327015,327015,ascii,5,F?HxD
12,.text,327021,327021,ascii,5,h(F1F
12,.text,327036,327036,ascii,4,(FIF
12,.text,327062,327062,ascii,4, F)F
12,.text,327088,327088,ascii,4,LFh`
12,.text,327128,327128,ascii,4,@F !
12,.text,327157,327157,ascii,4,F`iP
12,.text,327215,327215,ascii,5,"F(F""F"
12,.text,327244,327244,ascii,4,Hhh`
12,.text,327249,327249,ascii,5,`M` i
12,.text,327276,327276,ascii,11,record_ctor
12,.text,327334,327334,ascii,4,*F`h
12,.text,327520,327520,ascii,5,F`0`O
12,.text,327574,327574,ascii,6,B!&CdF
12,.text,327640,327640,ascii,4,HFx!
12,.text,327728,327728,ascii,6,@FRF+F
12,.text,327740,327740,ascii,4,hiYF
12,.text,327749,327749,ascii,5,FhiYF
12,.text,327767,327767,ascii,5,FhiYF
12,.text,327797,327797,ascii,9,F)FzD0F#F
12,.text,327816,327816,ascii,4,hiYF
12,.text,327825,327825,ascii,5,F(F1F
12,.text,327864,327864,ascii,6,"X,#jzD"
12,.text,327968,327968,ascii,6,)F[FzD
12,.text,328052,328052,ascii,4,@FQF
12,.text,328096,328096,ascii,4,@FQF
12,.text,328164,328164,ascii,6,0F)F#F
12,.text,328194,328194,ascii,4,(FYF
12,.text,328218,328218,ascii,6,EF !(F
12,.text,328244,328244,ascii,4,0FYF
12,.text,328252,328252,ascii,4,hi1F
12,.text,328260,328260,ascii,4,(F1F
12,.text,328268,328268,ascii,4,HF1F
12,.text,328299,328299,ascii,5,aHFEF
12,.text,328525,328525,ascii,4,i^(@
12,.text,328546,328546,ascii,4, i@h
12,.text,328722,328722,ascii,4,@9{D
12,.text,328732,328732,ascii,4,<9{D
12,.text,328742,328742,ascii,4,49{D
12,.text,328752,328752,ascii,4,49{D
12,.text,328762,328762,ascii,4,$9{D
12,.text,328779,328779,ascii,4,i^(?
12,.text,328842,328842,ascii,4,HFYF
12,.text,328939,328939,ascii,5,((FYF
12,.text,328969,328969,ascii,7,F*`Qhi`
12,.text,328977,328977,ascii,4,`U`%
12,.text,329010,329010,ascii,4, F !
12,.text,329026,329026,ascii,6, F1FJF
12,.text,329047,329047,ascii,7,F!`Hh``
12,.text,329082,329082,ascii,4, FAF
12,.text,329120,329120,ascii,4,D`(F
12,.text,329136,329136,ascii,4, FAF
12,.text,329167,329167,ascii,4,i^(.
12,.text,329177,329177,ascii,5,"F,!@F"
12,.text,329240,329240,ascii,4,(F[F
12,.text,329284,329284,ascii,6, FIF*F
12,.text,329320,329320,ascii,4,2hPF
12,.text,329419,329419,utf-16le-ascii-subset,8,Dhx(
12,.text,329439,329439,ascii,5,iyD0F
12,.text,329554,329554,ascii,4,HFD!
12,.text,329652,329652,ascii,4,(FYF
12,.text,329660,329660,ascii,6, F)FRF
12,.text,329744,329744,ascii,4,HF !
12,.text,329760,329760,ascii,4,HFh!
12,.text,329776,329776,ascii,4, FAF
12,.text,329786,329786,ascii,6,"XF1F""F"
12,.text,329997,329997,ascii,7,4``ph `
12,.text,330007,330007,ascii,9,`phD`hh.F
12,.text,330032,330032,ascii,4,HFh!
12,.text,330058,330058,ascii,4,(FQF
12,.text,330162,330162,ascii,4,PFYF
12,.text,330182,330182,ascii,4,PFYF
12,.text,330249,330249,ascii,7,IzD`iyD
12,.text,330261,330261,ascii,5,%0FD!
12,.text,330280,330280,ascii,4, FIF
12,.text,330302,330302,ascii,6, F1F*F
12,.text,330337,330337,ascii,5,`0`(F
12,.text,330366,330366,ascii,4,(F!F
12,.text,330374,330374,ascii,4,0F(!
12,.text,330398,330398,ascii,6, FQF*F
12,.text,330438,330438,ascii,4, `D`
12,.text,330464,330464,ascii,4,(h1F
12,.text,330492,330492,ascii,4,(hdi
12,.text,330612,330612,ascii,4,PFh!
12,.text,330630,330630,ascii,4,B!HF
12,.text,330648,330648,ascii,4,PF !
12,.text,330664,330664,ascii,6, F1F*F
12,.text,330684,330684,ascii,4,B!HF
12,.text,330716,330716,ascii,4,PFh!
12,.text,330725,330725,ascii,5,FDHxD
12,.text,330738,330738,ascii,6,(F!FJF
12,.text,330752,330752,ascii,4,OJzD
12,.text,330758,330758,ascii,4,OJzD
12,.text,330764,330764,ascii,4,OJzD
12,.text,330770,330770,ascii,4,OJzD
12,.text,330776,330776,ascii,6,KJzDci
12,.text,330792,330792,ascii,4,PF !
12,.text,330801,330801,ascii,5,F2HxD
12,.text,330826,330826,ascii,4,(FJF
12,.text,330844,330844,ascii,39,too many parameters to `%s' constructor
12,.text,330884,330884,ascii,50,cannot construct `%s' from a non-numeric data type
12,.text,330936,330936,ascii,35,cannot construct `%s' from a matrix
12,.text,330980,330980,ascii,10,matrix_tmp
12,.text,331291,331291,ascii,5,"F,F@h"
12,.text,331319,331319,ascii,7,F(i1FRF
12,.text,331336,331336,ascii,4,(F1F
12,.text,331391,331391,ascii,7,(a`ih!`
12,.text,331401,331401,ascii,7,`ihMFL`
12,.text,331438,331438,ascii,4,PFh!
12,.text,331447,331447,ascii,5,FnHxD
12,.text,331462,331462,ascii,4, FYF
12,.text,331499,331499,ascii,5,F@FQF
12,.text,331560,331560,ascii,4,PFD!
12,.text,331569,331569,ascii,5,FJHxD
12,.text,331588,331588,ascii,4,(FYF
12,.text,331654,331654,ascii,4,@F !
12,.text,331670,331670,ascii,4,@Fh!
12,.text,331686,331686,ascii,4, F)F
12,.text,331698,331698,ascii,4,"XF""F"
12,.text,331706,331706,ascii,4,@F !
12,.text,331722,331722,ascii,6, FYF2F
12,.text,331743,331743,ascii,7,"5""`Qha`"
12,.text,331812,331812,ascii,55,"type error in array constructor: expected: %s, found %s"
12,.text,331872,331872,ascii,10,array_ctor
12,.text,331904,331904,ascii,7,exactly
12,.text,331912,331912,ascii,8,at least
12,.text,331924,331924,ascii,45,array constructor must have %s %u parameter%s
12,.text,332056,332056,ascii,6,hiYFRF
12,.text,332085,332085,ascii,5,0A`!h
12,.text,332095,332095,ascii,7,`$h``(i
12,.text,332150,332150,ascii,4,HFQF
12,.text,332238,332238,ascii,4,PFh!
12,.text,332247,332247,ascii,5,F'HxD
12,.text,332262,332262,ascii,4,0F)F
12,.text,332278,332278,ascii,4,(FSF
12,.text,332292,332292,ascii,61,parameter type mismatch in constructor for `%s.%s' (%s vs %s)
12,.text,332356,332356,ascii,47,insufficient parameters to constructor for `%s'
12,.text,332435,332435,ascii,5,F i@h
12,.text,332480,332480,ascii,4,"@F,!"
12,.text,332522,332522,ascii,4,"@F,!"
12,.text,332531,332531,ascii,5,F~HxD
12,.text,332574,332574,ascii,4,"@F,!"
12,.text,332583,332583,ascii,5,FnHxD
12,.text,332622,332622,ascii,4,"@F,!"
12,.text,332631,332631,ascii,5,F_HxD
12,.text,332640,332640,ascii,4,(FIF
12,.text,332648,332648,ascii,4,"@F,!"
12,.text,332680,332680,ascii,4,"@F,!"
12,.text,332689,332689,ascii,5,FXHxD
12,.text,332698,332698,ascii,4,(FIF
12,.text,332706,332706,ascii,4,"@F,!"
12,.text,332744,332744,ascii,4,"@F,!"
12,.text,332753,332753,ascii,5,FIHxD
12,.text,332772,332772,ascii,4,"@F,!"
12,.text,332781,332781,ascii,5,F>HxD
12,.text,332800,332800,ascii,4,"@F,!"
12,.text,332809,332809,ascii,5,F8HxD
12,.text,332834,332834,ascii,4,"@F,!"
12,.text,332843,332843,ascii,5,F+HxD
12,.text,332868,332868,ascii,4,"@F,!"
12,.text,332877,332877,ascii,5,F$HxD
12,.text,332896,332896,ascii,4,"@F,!"
12,.text,332928,332928,ascii,4,2F#F
12,.text,332940,332940,ascii,4,"@F,!"
12,.text,332972,332972,ascii,6,(F2F#F
12,.text,333079,333079,ascii,6,&(FBFP
12,.text,333088,333088,ascii,4,KhIF
12,.text,333136,333136,ascii,4,-h(h
12,.text,333199,333199,ascii,4,QEl}
12,.text,333222,333222,ascii,4, F)F
12,.text,333306,333306,ascii,4, F)F
12,.text,333349,333349,ascii,5,F F[F
12,.text,333452,333452,ascii,4,4Fhh
12,.text,333479,333479,ascii,7,F0iAFZF
12,.text,333496,333496,ascii,4,0FAF
12,.text,333577,333577,ascii,7,(a`qh!`
12,.text,333587,333587,ascii,5,`qhL`
12,.text,333622,333622,ascii,4,XFh!
12,.text,333646,333646,ascii,4, F)F
12,.text,333695,333695,ascii,7,KjhxD{D
12,.text,333718,333718,ascii,4,zDYF
12,.text,333728,333728,ascii,4,XFD!
12,.text,333737,333737,ascii,5,FvHxD
12,.text,333756,333756,ascii,4,0F)F
12,.text,333818,333818,ascii,4,gHxD
12,.text,333844,333844,ascii,4,XF !
12,.text,333862,333862,ascii,4,XFh!
12,.text,333878,333878,ascii,4, FQF
12,.text,333890,333890,ascii,4,"HF""F"
12,.text,333898,333898,ascii,4,XF !
12,.text,333914,333914,ascii,6, FIF2F
12,.text,333956,333956,ascii,4,XF !
12,.text,334004,334004,ascii,6,!`Hh``
12,.text,334043,334043,ascii,5,F0HxD
12,.text,334092,334092,ascii,56,"type error in matrix constructor: expected: %s, found %s"
12,.text,334152,334152,ascii,56,"type error in vector constructor: expected: %s, found %s"
12,.text,334216,334216,ascii,12,vec_mat_ctor
12,.text,334309,334309,ascii,4,"=,FT"
12,.text,334332,334332,ascii,4,(F1F
12,.text,334357,334357,ascii,9,FHF1FBF+F
12,.text,334383,334383,ascii,4,"=,FT"
12,.text,334400,334400,ascii,5,   %s
12,.text,334433,334433,ascii,4,%4hL
12,.text,334507,334507,ascii,5,8+FrF
12,.text,334616,334616,ascii,7,texture
12,.text,334624,334624,ascii,6,shadow
12,.text,334665,334665,ascii,5,"h""Faa"
12,.text,334711,334711,ascii,5,FVh2`
12,.text,334834,334834,ascii,5,(FJFP
12,.text,334842,334842,ascii,4,KhAF
12,.text,334847,334847,ascii,5,G-h(h
12,.text,334856,334856,ascii,4,HFAF
12,.text,335001,335001,ascii,5,`)F0F
12,.text,335028,335028,ascii,4,0xg(
12,.text,335034,335034,ascii,4,pxl(
12,.text,335122,335122,ascii,4,SJzD
12,.text,335128,335128,ascii,4,PJzD
12,.text,335134,335134,ascii,4,IFCi
12,.text,335206,335206,ascii,4," F,F"
12,.text,335225,335225,ascii,7,_shk`sh
12,.text,335264,335264,ascii,6,E`@Fn`
12,.text,335308,335308,ascii,4,@FIF
12,.text,335318,335318,ascii,4,@FIF
12,.text,335360,335360,ascii,12,gl_FragColor
12,.text,335376,335376,ascii,11,gl_FragData
12,.text,335388,335388,ascii,63,fragment shader writes to both `gl_FragColor' and `gl_FragData'
12,.text,335502,335502,ascii,4,1IyD
12,.text,335508,335508,ascii,4,.IyD
12,.text,335579,335579,ascii,4,=hh8
12,.text,335646,335646,ascii,4,0lPE
12,.text,335725,335725,ascii,5,F!hCh
12,.text,335793,335793,ascii,5,F hqh
12,.text,335860,335860,ascii,4,"(F,!"
12,.text,335894,335894,ascii,4,(F2F
12,.text,335984,335984,ascii,4,Iiji
12,.text,335996,335996,ascii,4,(FBF
12,.text,336096,336096,ascii,5,value
12,.text,336104,336104,ascii,11,initializer
12,.text,336116,336116,ascii,55,%s of type %s cannot be assigned to variable of type %s
12,.text,336172,336172,ascii,42,implicitly sized arrays cannot be assigned
12,.text,336253,336253,ascii,5,"F""FxD"
12,.text,336268,336268,ascii,8,Ej(hCh(F
12,.text,336279,336279,ascii,5,F0iAh
12,.text,336344,336344,ascii,4,!FKF
12,.text,336353,336353,ascii,7, 0p Fh!
12,.text,336420,336420,ascii,33,%s of `%s' must be scalar boolean
12,.text,336484,336484,ascii,4,xD<i
12,.text,336549,336549,ascii,7,JzDhF)F
12,.text,336592,336592,ascii,11,gl_TexCoord
12,.text,336604,336604,ascii,15,gl_ClipDistance
12,.text,336692,336692,ascii,4,1j/)
12,.text,336710,336710,utf-16le-ascii-subset,8,0000
12,.text,336724,336724,utf-16le-ascii-subset,8,llll
12,.text,336800,336800,ascii,4,pjRF
12,.text,336805,336805,ascii,5,hKhAF
12,.text,336819,336819,ascii,5,hKhAF
12,.text,336859,336859,ascii,5,"F,!hh"
12,.text,336908,336908,ascii,5,!2xDP
12,.text,336920,336920,ascii,4,pjRF
12,.text,336925,336925,ascii,5,hKhAF
12,.text,336933,336933,ascii,4,FRF!
12,.text,336941,336941,ascii,5,hKhAF
12,.text,336952,336952,ascii,4, iBh
12,.text,337006,337006,ascii,4, FRF
12,.text,337027,337027,ascii,5,iIh@h
12,.text,337046,337046,ascii,4,pjRF
12,.text,337051,337051,ascii,5,hKhAF
12,.text,337065,337065,ascii,5,hKhAF
12,.text,337101,337101,ascii,5,"FPF,!"
12,.text,337128,337128,ascii,4,!01j
12,.text,337156,337156,ascii,4,QFzD
12,.text,337206,337206,ascii,4,pjRF
12,.text,337211,337211,ascii,5,hKhAF
12,.text,337219,337219,ascii,4,FRF!
12,.text,337227,337227,ascii,5,hKhAF
12,.text,337239,337239,ascii,5,i i2j
12,.text,337253,337253,ascii,5,"FPF,!"
12,.text,337286,337286,ascii,4,pjRF
12,.text,337291,337291,ascii,5,hKhAF
12,.text,337299,337299,ascii,4,FRF!
12,.text,337307,337307,ascii,5,hKhAF
12,.text,337319,337319,ascii,5,i i2j
12,.text,337333,337333,ascii,5,"FPF,!"
12,.text,337398,337398,ascii,4,PF#F
12,.text,337414,337414,ascii,4,pjRF
12,.text,337419,337419,ascii,5,hKhAF
12,.text,337433,337433,ascii,5,hKhAF
12,.text,337447,337447,ascii,5,iSF2j
12,.text,337459,337459,ascii,5,"FPF,!"
12,.text,337488,337488,ascii,4,xD1j
12,.text,337540,337540,ascii,4,pjRF
12,.text,337545,337545,ascii,5,hKhAF
12,.text,337553,337553,ascii,4,FRF!
12,.text,337561,337561,ascii,5,hKhAF
12,.text,337650,337650,ascii,4,PFh!
12,.text,337682,337682,ascii,4,pjRF
12,.text,337687,337687,ascii,5,hKhAF
12,.text,337695,337695,ascii,4,FRF!
12,.text,337703,337703,ascii,5,hKhAF
12,.text,337715,337715,ascii,5,i i2j
12,.text,337729,337729,ascii,5,"FPF,!"
12,.text,337791,337791,ascii,5,FRF3d
12,.text,337797,337797,ascii,5,hKhAF
12,.text,337833,337833,ascii,5,"FPF,!"
12,.text,337860,337860,ascii,4,!01j
12,.text,337895,337895,ascii,5,FRF3d
12,.text,337901,337901,ascii,5,hKhAF
12,.text,337909,337909,ascii,4,FPF!
12,.text,337942,337942,ascii,4,pjRF
12,.text,337947,337947,ascii,5,hKhAF
12,.text,337967,337967,ascii,5,hKhAF
12,.text,338002,338002,ascii,4,SF@F
12,.text,338020,338020,ascii,4,pjRF
12,.text,338025,338025,ascii,5,hKhAF
12,.text,338036,338036,ascii,4, i@h
12,.text,338050,338050,ascii,4,QFzD
12,.text,338088,338088,ascii,4,pjRF
12,.text,338093,338093,ascii,5,hKhAF
12,.text,338116,338116,ascii,4,QFzD
12,.text,338182,338182,ascii,5,1jxD!
12,.text,338212,338212,ascii,4,pjRF
12,.text,338217,338217,ascii,5,hKhAF
12,.text,338225,338225,ascii,4,FRF!
12,.text,338233,338233,ascii,5,hKhAF
12,.text,338245,338245,ascii,5,iRF i
12,.text,338255,338255,ascii,5,"FPF,!"
12,.text,338284,338284,ascii,4,xD1j
12,.text,338328,338328,ascii,4,pjRF
12,.text,338333,338333,ascii,5,hKhAF
12,.text,338348,338348,ascii,4,PFyD
12,.text,338446,338446,ascii,6,(FQF2F
12,.text,338490,338490,ascii,4,PFYF
12,.text,338506,338506,ascii,4,p.xD
12,.text,338546,338546,ascii,4,%FA`
12,.text,338619,338619,ascii,4,a F@
12,.text,338714,338714,ascii,4,(FIF
12,.text,338722,338722,ascii,4,(FQF
12,.text,338730,338730,ascii,4,@F !
12,.text,338748,338748,ascii,4,0F)F
12,.text,338792,338792,ascii,4,XFQF
12,.text,338800,338800,ascii,4,@F !
12,.text,338816,338816,ascii,4,@Fh!
12,.text,338842,338842,ascii,6,(FYF2F
12,.text,338888,338888,ascii,4,QF F
12,.text,338905,338905,ascii,5,@QF2F
12,.text,338936,338936,ascii,6,@FQF2F
12,.text,338949,338949,ascii,6,"FPF,!"""
12,.text,338984,338984,ascii,7,xD6jyD!
12,.text,339062,339062,ascii,6, FQF2F
12,.text,339286,339286,ascii,4,@FIF
12,.text,339298,339298,ascii,4,(F !
12,.text,339314,339314,ascii,4,(Fh!
12,.text,339342,339342,ascii,6, FAFJF
12,.text,339440,339440,ascii,5,@FQFO
12,.text,339453,339453,ascii,6,"FPF,!!"
12,.text,339488,339488,ascii,6,xD3jyD
12,.text,339511,339511,ascii,4,h Fo
12,.text,339516,339516,ascii,4,pjRF
12,.text,339521,339521,ascii,5,hKhAF
12,.text,339529,339529,ascii,4,FRF!
12,.text,339537,339537,ascii,5,hKhAF
12,.text,339549,339549,ascii,5,iRF i
12,.text,339559,339559,ascii,5,"FPF,!"
12,.text,339608,339608,ascii,4, F*F
12,.text,339670,339670,ascii,4,QFZF
12,.text,339710,339710,ascii,4,@FQF
12,.text,339753,339753,ascii,5,hShRF
12,.text,339767,339767,ascii,5,hKh!F
12,.text,339827,339827,ascii,5,(AhzD
12,.text,339846,339846,ascii,4,QF@i
12,.text,339952,339952,ascii,4,PFD!
12,.text,339969,339969,ascii,5,h(F1F
12,.text,339988,339988,ascii,4,L(!F
12,.text,339994,339994,ascii,4,(FzD
12,.text,340194,340194,ascii,6,0FAFRF
12,.text,340209,340209,ascii,5,jRFAh
12,.text,340235,340235,ascii,5,hKhAF
12,.text,340243,340243,ascii,4,FRF!
12,.text,340251,340251,ascii,5,hKhAF
12,.text,340270,340270,ascii,6,"PFQF""F"
12,.text,340348,340348,ascii,4, F)F
12,.text,340354,340354,ascii,4,PFh!
12,.text,340378,340378,ascii,4,1k F
12,.text,340390,340390,ascii,4,PFh!
12,.text,340414,340414,ascii,4,1k F
12,.text,340426,340426,ascii,4,PFh!
12,.text,340450,340450,ascii,4,1k F
12,.text,340462,340462,ascii,4,PFh!
12,.text,340486,340486,ascii,4,1k F
12,.text,340596,340596,ascii,23,pre-decrement operation
12,.text,340620,340620,ascii,23,pre-increment operation
12,.text,340652,340652,ascii,24,post-decrement operation
12,.text,340680,340680,ascii,24,post-increment operation
12,.text,340754,340754,ascii,5,uk(h 
12,.text,340781,340781,ascii,7,%PFIFzD
12,.text,340808,340808,ascii,4,AFJF
12,.text,340818,340818,ascii,4,ChXF
12,.text,340826,340826,ascii,4,-h(h
12,.text,340871,340871,ascii,5,"FPF,!"
12,.text,340902,340902,ascii,6,"!0""F1j"
12,.text,340982,340982,ascii,4, F)F
12,.text,341056,341056,ascii,4,(F!F
12,.text,341064,341064,ascii,6,PF)FJF
12,.text,341126,341126,ascii,4,(F!F
12,.text,341137,341137,ascii,4,"""qj!"
12,.text,341256,341256,ascii,4,QFzD
12,.text,341272,341272,ascii,4,QFzD
12,.text,341293,341293,ascii,5,"hPF,!"
12,.text,341356,341356,ascii,6,!# FS!
12,.text,341390,341390,ascii,6,!# FU!
12,.text,341507,341507,ascii,5,h F)F
12,.text,341524,341524,ascii,4,0F !
12,.text,341542,341542,ascii,4,0F!F
12,.text,341657,341657,ascii,5,FtHxD
12,.text,341666,341666,ascii,4,(FAF
12,.text,341678,341678,ascii,4,(FIF
12,.text,341686,341686,ascii,4, F !
12,.text,341704,341704,ascii,4,0F)F
12,.text,341754,341754,ascii,4,(FIF
12,.text,341785,341785,ascii,5,FdHxD
12,.text,341791,341791,ascii,5,h F)F
12,.text,341804,341804,ascii,4, FIF
12,.text,341812,341812,ascii,4,PF !
12,.text,341830,341830,ascii,4,0F!F
12,.text,341878,341878,ascii,4, FIF
12,.text,341890,341890,ascii,4, i@h
12,.text,341910,341910,ascii,4,QFzD
12,.text,341958,341958,ascii,6,FH1jxD
12,.text,341984,341984,ascii,4,QFzD
12,.text,341992,341992,ascii,4,BHxD
12,.text,342004,342004,ascii,4,QFzD
12,.text,342012,342012,ascii,4,;HxD
12,.text,342036,342036,ascii,15,`%s' undeclared
12,.text,342064,342064,ascii,16,_post_incdec_tmp
12,.text,342084,342084,ascii,9,condition
12,.text,342432,342432,ascii,4,SFAF
12,.text,342475,342475,ascii,4,",EFN"
12,.text,342520,342520,ascii,4,00Ah
12,.text,342542,342542,ascii,4,)FzD
12,.text,342563,342563,ascii,5, !iJh
12,.text,342692,342692,ascii,4,(FD!
12,.text,342728,342728,ascii,4, F1F
12,.text,342826,342826,ascii,4,HFAF
12,.text,342834,342834,ascii,4,HF!F
12,.text,342842,342842,ascii,4,(F !
12,.text,342858,342858,ascii,6,0FYFJF
12,.text,342914,342914,ascii,4,@F!F
12,.text,342930,342930,ascii,4,"0F,!"
12,.text,342952,342952,ascii,4,(h1F
12,.text,342965,342965,ascii,7,F F^!BF
12,.text,343024,343024,ascii,6,"@F,!UF"
12,.text,343039,343039,ascii,5,F@HxD
12,.text,343076,343076,ascii,4,HF}i
12,.text,343103,343103,ascii,5,F(F !
12,.text,343113,343113,ascii,5,FOHxD
12,.text,343126,343126,ascii,6, FYFJF
12,.text,343304,343304,ascii,16,assignment to %s
12,.text,343324,343324,ascii,37,assignment to read-only variable '%s'
12,.text,343364,343364,ascii,32,whole array assignment forbidden
12,.text,343400,343400,ascii,24,non-lvalue in assignment
12,.text,343440,343440,ascii,14,assignment_tmp
12,.text,343514,343514,ascii,4,1FZF
12,.text,343524,343524,ascii,6, F)FZF
12,.text,343538,343538,ascii,4,1h(h
12,.text,343634,343634,ascii,8,KJPFYFzD
12,.text,343646,343646,ascii,4,IHxD
12,.text,343666,343666,ascii,4,PFYF
12,.text,343674,343674,ascii,4,_HxD
12,.text,343682,343682,ascii,4,PFYF
12,.text,343690,343690,ascii,4,OHxD
12,.text,343750,343750,ascii,8,MJPFYFzD
12,.text,343762,343762,ascii,4,KHxD
12,.text,343784,343784,ascii,4,0FeF
12,.text,343810,343810,ascii,4,0Fth
12,.text,343842,343842,ascii,8,8JPFYFzD
12,.text,343854,343854,ascii,4,6HxD
12,.text,343870,343870,ascii,4,@Fth
12,.text,343884,343884,ascii,8,/JPFYFzD
12,.text,343896,343896,ascii,4,-HxD
12,.text,343902,343902,ascii,4,0Fth
12,.text,343916,343916,ascii,4,B! F
12,.text,343944,343944,ascii,60,could not implicitly convert operands to arithmetic operator
12,.text,344012,344012,ascii,42,base type mismatch for arithmetic operator
12,.text,344192,344192,ascii,8,6J0F)FzD
12,.text,344204,344204,ascii,4,4HxD
12,.text,344218,344218,ascii,4,0F)F
12,.text,344226,344226,ascii,4, HxD
12,.text,344234,344234,ascii,4,0F)F
12,.text,344242,344242,ascii,4,'HxD
12,.text,344248,344248,ascii,8,&J0F)FzD
12,.text,344260,344260,ascii,4,$HxD
12,.text,344284,344284,ascii,25,operator '%%' is reserved
12,.text,344316,344316,ascii,37,LHS of operator %% must be an integer
12,.text,344360,344360,ascii,37,RHS of operator %% must be an integer
12,.text,344559,344559,ascii,7,F@F!FzD
12,.text,344570,344570,ascii,5,;HxD&
12,.text,344577,344577,ascii,4,HxD#
12,.text,344591,344591,ascii,5,F@F!F
12,.text,344600,344600,ascii,4, HxD
12,.text,344615,344615,ascii,5,F@F!F
12,.text,344624,344624,ascii,4,)HxD
12,.text,344639,344639,ascii,7,F@F!FzD
12,.text,344650,344650,ascii,4,%HxD
12,.text,344676,344676,ascii,55,LHS of operator %s must be an integer or integer vector
12,.text,344736,344736,ascii,55,RHS of operator %s must be an integer or integer vector
12,.text,344829,344829,ascii,5,"FU""L."
12,.text,344846,344846,ascii,4,"XF,!"
12,.text,344870,344870,ascii,8,"(F1F""FCF"
12,.text,344940,344940,ascii,5,@i !P
12,.text,344962,344962,ascii,4,(hYF
12,.text,344975,344975,ascii,5,FPF2F
12,.text,344984,344984,ascii,4,XF !
12,.text,345013,345013,ascii,5,F(F2F
12,.text,345024,345024,ascii,6,XFRF+F
12,.text,345042,345042,ascii,4,"XF,!"
12,.text,345060,345060,ascii,6,0F*FSF
12,.text,345114,345114,ascii,4,UHxD
12,.text,345122,345122,ascii,4,THxD
12,.text,345130,345130,ascii,4,XF !
12,.text,345152,345152,ascii,4,(hIF
12,.text,345165,345165,ascii,5,FHFh!
12,.text,345182,345182,ascii,4,0FQF
12,.text,345192,345192,ascii,6, F)F2F
12,.text,345202,345202,ascii,4,HF !
12,.text,345231,345231,ascii,5,FHFh!
12,.text,345250,345250,ascii,4,0FQF
12,.text,345260,345260,ascii,6,@F)F2F
12,.text,345272,345272,ascii,6,"XF""FCF"
12,.text,345290,345290,ascii,4,"XF,!"
12,.text,345308,345308,ascii,6,"0F""F+F"
12,.text,345404,345404,ascii,4,XFh!
12,.text,345593,345593,ascii,7,F@F!FzD
12,.text,345604,345604,ascii,5,=HxD%
12,.text,345611,345611,ascii,4,"HxD"""
12,.text,345625,345625,ascii,5,F@F!F
12,.text,345649,345649,ascii,5,F@F!F
12,.text,345658,345658,ascii,4,!HxD
12,.text,345673,345673,ascii,5,F@F!F
12,.text,345682,345682,ascii,4,(HxD
12,.text,345689,345689,ascii,5,h5F(F
12,.text,345724,345724,ascii,30,LHS of `%s' must be an integer
12,.text,345760,345760,ascii,30,RHS of `%s' must be an integer
12,.text,345796,345796,ascii,45,operands of `%s' must have the same base type
12,.text,346034,346034,ascii,5,"(F""FP"
12,.text,346042,346042,ascii,4,Kh1F
12,.text,346047,346047,ascii,5,G-h(h
12,.text,346102,346102,ascii,4,1j`i
12,.text,346111,346111,ascii,6,F0j(`5
12,.text,346266,346266,ascii,4,ChXF
12,.text,346354,346354,ascii,4,)FzD
12,.text,346430,346430,ascii,4,5J)F
12,.text,346442,346442,ascii,4,3HxD
12,.text,346448,346448,ascii,4,.J)F
12,.text,346460,346460,ascii,4,",HxD"
12,.text,346500,346500,ascii,31,array size must be integer type
12,.text,346532,346532,ascii,30,array size must be scalar type
12,.text,346564,346564,ascii,22,array size must be > 0
12,.text,346588,346588,ascii,47,array size must be a constant valued expression
12,.text,346683,346683,ascii,5,FVFxD
12,.text,346748,346748,ascii,4,(Fx!
12,.text,346817,346817,ascii,5, xDyD
12,.text,346882,346882,ascii,4,0FQF
12,.text,346899,346899,ascii,5,hKh!F
12,.text,347060,347060,ascii,4,2`1q
12,.text,347220,347220,ascii,4,",H-J"
12,.text,347232,347232,ascii,4, 0zD
12,.text,347284,347284,ascii,26,cannot initialize uniforms
12,.text,347312,347312,ascii,33,cannot initialize opaque variable
12,.text,347356,347356,ascii,38,cannot initialize %s shader input / %s
12,.text,347408,347408,ascii,5,const
12,.text,347464,347464,ascii,4, xg(
12,.text,347470,347470,ascii,4,`xl(
12,.text,347494,347494,ascii,6,hFAF#F
12,.text,347532,347532,ascii,6,hFAF#F
12,.text,347548,347548,ascii,42,identifier `%s' uses reserved `gl_' prefix
12,.text,347596,347596,ascii,41,identifier `%s' uses reserved `__' string
12,.text,347710,347710,ascii,4,lj h
12,.text,347789,347789,ascii,7,h(FAFRF
12,.text,347799,347799,ascii,7,h(FAFJF
12,.text,347808,347808,ascii,8,si(FAFZF
12,.text,347820,347820,ascii,4,$h h
12,.text,347836,347836,ascii,4,nj0h
12,.text,347925,347925,ascii,7,hXFAFRF
12,.text,347934,347934,ascii,8,"kiXFAF""F"
12,.text,347944,347944,ascii,8,kiXFAFJF
12,.text,347956,347956,ascii,4,6h0h
12,.text,347966,347966,ascii,4,(jBF
12,.text,347973,347973,ascii,5,hKh!F
12,.text,348096,348096,ascii,4,@i@h
12,.text,348124,348124,ascii,4,AFzD
12,.text,348167,348167,ascii,5,'@h{D
12,.text,348224,348224,ascii,6,AFzD3F
12,.text,348243,348243,ascii,5, QFCF
12,.text,348253,348253,ascii,5,F@FD!
12,.text,348270,348270,ascii,4,(j!F
12,.text,348323,348323,ascii,5,0AFzD
12,.text,348336,348336,ascii,4,AFzD
12,.text,348355,348355,ascii,5,0AFzD
12,.text,348466,348466,ascii,4,H&3F
12,.text,348474,348474,ascii,4,zDAF
12,.text,348520,348520,ascii,4,zDAF
12,.text,348534,348534,ascii,6,1FBF 0
12,.text,348622,348622,ascii,6,siAFzD
12,.text,348670,348670,ascii,5,\SxDk
12,.text,348800,348800,ascii,7,L5xD{D)
12,.text,348814,348814,ascii,7,"D5xD{D"""
12,.text,348828,348828,ascii,6,@5xD{D
12,.text,348836,348836,ascii,4,0i@h
12,.text,348850,348850,ascii,4,AFzD
12,.text,348904,348904,ascii,4,zDAF
12,.text,348998,348998,ascii,4,x4AF
12,.text,349004,349004,ascii,6,|$xD{D
12,.text,349036,349036,ascii,4,(j 0
12,.text,349077,349077,ascii,5,jyDzD
12,.text,349130,349130,ascii,4,(j 0
12,.text,349142,349142,ascii,4,(j 0
12,.text,349178,349178,ascii,4,AFzD
12,.text,349200,349200,ascii,4,AFzD
12,.text,349227,349227,ascii,5,"!d""xD"
12,.text,349254,349254,ascii,4,0iAh
12,.text,349300,349300,ascii,4,AFzD
12,.text,349330,349330,ascii,4,Axl)
12,.text,349440,349440,ascii,4,0F*j
12,.text,349489,349489,ascii,5,0AFzD
12,.text,349532,349532,ascii,4,AFzD
12,.text,349670,349670,ascii,6,q`0`F`
12,.text,349692,349692,ascii,4,AFhJ
12,.text,349778,349778,ascii,4,AFzD
12,.text,349830,349830,ascii,4,AFzD
12,.text,349840,349840,ascii,6,(I)JyD
12,.text,349872,349872,ascii,55,all uses of `invariant' keyword must be at global scope
12,.text,349936,349936,ascii,51,undeclared variable `%s' cannot be marked invariant
12,.text,350012,350012,ascii,17,empty declaration
12,.text,350048,350048,ascii,9,array of 
12,.text,350332,350332,ascii,4,p)XF
12,.text,350339,350339,ascii,5,0IFzD
12,.text,350382,350382,ascii,4,@)XF
12,.text,350389,350389,ascii,5,0IFzD
12,.text,350543,350543,ascii,5,FXFIF
12,.text,350565,350565,ascii,7,(XFIFzD
12,.text,350595,350595,ascii,7,(XFIFzD
12,.text,350719,350719,ascii,5,PPF)F
12,.text,350738,350738,ascii,8,((XFIFzD
12,.text,350837,350837,ascii,7,FXFIFzD
12,.text,350883,350883,ascii,7,'zDXFIF
12,.text,350910,350910,ascii,5,TFJFT
12,.text,350922,350922,ascii,4,C!@F
12,.text,350934,350934,ascii,4,N1!`
12,.text,350942,350942,ascii,4,"""y""q"
12,.text,350968,350968,ascii,4,QA!`
12,.text,350989,350989,ascii,5,PyD(F
12,.text,351014,351014,ascii,8,XszDIFxD
12,.text,351046,351046,ascii,4,(FyD
12,.text,351090,351090,ascii,8,",'XFIFzD"
12,.text,351386,351386,ascii,8,(&zDXFIF
12,.text,351419,351419,ascii,5,CJY h
12,.text,351438,351438,ascii,6,HFYFRF
12,.text,351584,351584,ascii,6,HFYFRF
12,.text,351598,351598,ascii,4,H%zD
12,.text,351642,351642,ascii,5,XFIFV
12,.text,351648,351648,ascii,6,HFYFRF
12,.text,351662,351662,ascii,5,!h yA
12,.text,351753,351753,ascii,4,$zDG
12,.text,351762,351762,ascii,4,!` q
12,.text,351769,351769,ascii,4,  q!
12,.text,351810,351810,ascii,4,x$IF
12,.text,351816,351816,ascii,6,XFzD+F
12,.text,351886,351886,ascii,4,Fivh
12,.text,351910,351910,ascii,4, $zD
12,.text,351918,351918,ascii,8,",$zDXFIF"
12,.text,351969,351969,ascii,7,$zDXFIF
12,.text,352007,352007,ascii,7,#XFIFzD
12,.text,352069,352069,ascii,7,#XFIFzD
12,.text,352103,352103,ascii,7,#XFIFzD
12,.text,352133,352133,ascii,7,JXFIFzD
12,.text,352147,352147,ascii,7,JXFIFzD
12,.text,352229,352229,ascii,7,JzDXFIF
12,.text,352291,352291,ascii,4,"""!hb"
12,.text,352298,352298,ascii,4,!` q
12,.text,352313,352313,ascii,7,JXFIFzD
12,.text,352337,352337,ascii,7, HFYFSF
12,.text,352370,352370,ascii,4,mihh
12,.text,352399,352399,ascii,7,JXFIFzD
12,.text,352410,352410,ascii,4,"""y h"
12,.text,352544,352544,ascii,8,~JXFIFzD
12,.text,352564,352564,ascii,8,wJXFIFzD
12,.text,352590,352590,ascii,8,rJXFIFzD
12,.text,352636,352636,ascii,4,"""y!h"
12,.text,352690,352690,ascii,4," `""q"
12,.text,352704,352704,ascii,5,EJzDu
12,.text,352726,352726,ascii,6,zDXFIF
12,.text,352760,352760,ascii,58,`attribute' variables may not be declared in the %s shader
12,.text,352832,352832,ascii,43,varying variables may not be of type struct
12,.text,352896,352896,ascii,20,pixel_center_integer
12,.text,353632,353632,ascii,4,eJzD
12,.text,353638,353638,ascii,4,cJzD
12,.text,353656,353656,ascii,4,bIyD
12,.text,353752,353752,ascii,4,IFzD
12,.text,353772,353772,ascii,4,AhPF
12,.text,353788,353788,ascii,4,?JzD
12,.text,353820,353820,ascii,4,IFzD
12,.text,353828,353828,ascii,4,"""y!h"
12,.text,353864,353864,ascii,4,)JIF
12,.text,353872,353872,ascii,4,zDCF
12,.text,353880,353880,ascii,8,"""y!h0y!`"
12,.text,353912,353912,ascii,13,gl_FrontColor
12,.text,353928,353928,ascii,12,gl_BackColor
12,.text,353944,353944,ascii,22,gl_FrontSecondaryColor
12,.text,353968,353968,ascii,21,gl_BackSecondaryColor
12,.text,353992,353992,ascii,8,gl_Color
12,.text,354004,354004,ascii,17,gl_SecondaryColor
12,.text,354067,354067,ascii,4,FjH5
12,.text,354098,354098,ascii,4,"""F0j"
12,.text,354124,354124,ascii,6,!FzD+F
12,.text,354136,354136,ascii,4,!FzD
12,.text,354144,354144,ascii,4,ZHxD
12,.text,354166,354166,ascii,4,!FzD
12,.text,354234,354234,ascii,4,[HxD
12,.text,354259,354259,ascii,5,FUHxD
12,.text,354304,354304,ascii,6," 0)F""F"
12,.text,354322,354322,ascii,5,0j.FV
12,.text,354380,354380,ascii,4,!FzD
12,.text,354388,354388,ascii,4,7HxD
12,.text,354424,354424,ascii,6," Fx!d"""
12,.text,354512,354512,ascii,29,formal parameter lacks a name
12,.text,354544,354544,ascii,53,arrays passed as parameters must have a declared size
12,.text,354616,354616,ascii,40,arrays cannot be out or inout parameters
12,.text,354695,354695,ascii,4,h(hx
12,.text,354706,354706,ascii,5,",FIFT"
12,.text,354720,354720,ascii,4,Ch F
12,.text,354828,354828,ascii,39,`void' parameter must be only parameter
12,.text,354980,354980,ascii,4,)FKF
12,.text,355192,355192,ascii,4,hiIF
12,.text,355208,355208,ascii,4,(F !
12,.text,355230,355230,ascii,4,PFIF
12,.text,355238,355238,ascii,4,hiQF
12,.text,355296,355296,ascii,4,PF)F
12,.text,355336,355336,ascii,6,)FKFtJ
12,.text,355356,355356,ascii,4,0i@E
12,.text,355378,355378,ascii,6,)FkJKF
12,.text,355430,355430,ascii,4,)FKF
12,.text,355441,355441,ascii,7,&cIHFyD
12,.text,355478,355478,ascii,4,)FZJ
12,.text,355514,355514,ascii,4,)FRJ
12,.text,355530,355530,ascii,4,(F@!
12,.text,355539,355539,ascii,5,FMHxD
12,.text,355552,355552,ascii,4, jAF
12,.text,355650,355650,ascii,6,)F%JKF
12,.text,355672,355672,ascii,61,declaration of function `%s' not allowed within function body
12,.text,355736,355736,ascii,45,function `%s' has undeclared return type `%s'
12,.text,355816,355816,ascii,23,function `%s' redefined
12,.text,355892,355892,ascii,6,40ShRF
12,.text,355976,355976,ascii,8,@FQFsiJF
12,.text,356020,356020,ascii,4,hjRF
12,.text,356062,356062,ascii,4, iAh
12,.text,356148,356148,ascii,25,parameter `%s' redeclared
12,.text,356247,356247,ascii,5,h*FCh
12,.text,356268,356268,ascii,4,AF*F
12,.text,356325,356325,ascii,5,hPF1F
12,.text,356334,356334,ascii,4,PFIF
12,.text,356342,356342,ascii,4,(Fh!
12,.text,356368,356368,ascii,4,(F !
12,.text,356384,356384,ascii,6,"(FQF""F"
12,.text,356447,356447,ascii,5,"""1jxD"
12,.text,356483,356483,ascii,7,h*FKhAF
12,.text,356627,356627,ascii,5,FuHxD
12,.text,356747,356747,ascii,5,F`HxD
12,.text,356798,356798,ascii,4,)FOJ
12,.text,356869,356869,ascii,5,F?HxD
12,.text,356882,356882,ascii,4,=HxD
12,.text,356960,356960,ascii,43,break may only appear in a loop or a switch
12,.text,357016,357016,ascii,34,continue may only appear in a loop
12,.text,357052,357052,ascii,46,`discard' may only appear in a fragment shader
12,.text,357181,357181,ascii,7,h*FKhIF
12,.text,357196,357196,ascii,4,0iAh
12,.text,357216,357216,ascii,4,"(F,!"
12,.text,357225,357225,ascii,5,F:HxD
12,.text,357234,357234,ascii,4, FAF
12,.text,357252,357252,ascii,4,"(F,!"
12,.text,357305,357305,ascii,4,a0F@
12,.text,357418,357418,ascii,4,)F@i
12,.text,357472,357472,ascii,37,loop condition must be scalar boolean
12,.text,357547,357547,ascii,5,hKhAF
12,.text,357600,357600,ascii,4,)F@i
12,.text,357612,357612,ascii,4,"(F,!"
12,.text,357621,357621,ascii,5,F9HxD
12,.text,357634,357634,ascii,4,7H!F
12,.text,357666,357666,ascii,4,aa!F
12,.text,357701,357701,ascii,5,hKh1F
12,.text,357733,357733,ascii,5,hKhIF
12,.text,357804,357804,ascii,45,if-statement condition must be scalar boolean
12,.text,357895,357895,ascii,5,hKhYF
12,.text,357944,357944,ascii,4,!F@i
12,.text,358016,358016,ascii,4, Fh!
12,.text,358034,358034,ascii,4,PFIF
12,.text,358052,358052,ascii,4, FD!
12,.text,358075,358075,ascii,5,#{HxD
12,.text,358146,358146,ascii,4, F !
12,.text,358166,358166,ascii,6,@F)FRF
12,.text,358234,358234,ascii,4, FD!
12,.text,358320,358320,ascii,4, F !
12,.text,358336,358336,ascii,6,0F)FRF
12,.text,358442,358442,ascii,4,"hj""F"
12,.text,358447,358447,ascii,5,hKhYF
12,.text,358508,358508,ascii,50,switch-statement expression must be scalar integer
12,.text,358576,358576,ascii,22,switch_is_fallthru_tmp
12,.text,358600,358600,ascii,19,switch_is_break_tmp
12,.text,358620,358620,ascii,15,run_default_tmp
12,.text,358657,358657,ascii,5,hKh!F
12,.text,358665,358665,ascii,5,F0FD!
12,.text,358675,358675,ascii,5,F#HxD
12,.text,358684,358684,ascii,4,(FIF
12,.text,358780,358780,ascii,6,0F)FBF
12,.text,358824,358824,ascii,15,switch_test_tmp
12,.text,358958,358958,ascii,5,"0F""FP"
12,.text,358966,358966,ascii,4,KhQF
12,.text,359068,359068,ascii,4,6h0h
12,.text,359084,359084,ascii,4, Fh!
12,.text,359093,359093,ascii,5,FhHxD
12,.text,359102,359102,ascii,4,HFQF
12,.text,359146,359146,ascii,4, F !
12,.text,359162,359162,ascii,6,0F)FJF
12,.text,359220,359220,ascii,4,IJzD
12,.text,359286,359286,ascii,4, Fh!
12,.text,359312,359312,ascii,4, F !
12,.text,359330,359330,ascii,6,0FQF*F
12,.text,359349,359349,ascii,7,F1`Hhp`
12,.text,359400,359400,ascii,4,F`0`
12,.text,359543,359543,ascii,5,hKh!F
12,.text,359549,359549,ascii,5,GHFh!
12,.text,359559,359559,ascii,5,FGHxD
12,.text,359568,359568,ascii,4,PFYF
12,.text,359638,359638,ascii,4,HF !
12,.text,359654,359654,ascii,8,@F)FRF3F
12,.text,359724,359724,ascii,4,"HF,!"
12,.text,359768,359768,ascii,4,ha(F
12,.text,359792,359792,ascii,5, FJFP
12,.text,359800,359800,ascii,4,Kh1F
12,.text,359805,359805,ascii,5,G$h h
12,.text,359872,359872,ascii,5,"0F""FP"
12,.text,359880,359880,ascii,4,Kh)F
12,.text,359885,359885,ascii,5,G6h0h
12,.text,359945,359945,ascii,5,h(F!F
12,.text,359966,359966,ascii,4,0Fh!
12,.text,360001,360001,ascii,7,h2FKhQF
12,.text,360074,360074,ascii,4,1F@i
12,.text,360134,360134,ascii,4,@F1F
12,.text,360204,360204,ascii,4,@FIF
12,.text,360222,360222,ascii,4,0Fh!
12,.text,360248,360248,ascii,4,"0F,!"
12,.text,360264,360264,ascii,8, FL!*FCF
12,.text,360276,360276,ascii,4,0F !
12,.text,360295,360295,ascii,5,!(F#F
12,.text,360352,360352,ascii,4,1F@i
12,.text,360364,360364,ascii,4,0Fh!
12,.text,360373,360373,ascii,5,FsHxD
12,.text,360421,360421,ascii,5,FhHxD
12,.text,360430,360430,ascii,4,@FIF
12,.text,360448,360448,ascii,4,"0F,!"
12,.text,360464,360464,ascii,8,PFL!*FCF
12,.text,360492,360492,ascii,8,XKWJAh{D
12,.text,360566,360566,ascii,4,@F2F
12,.text,360576,360576,ascii,5,EJzD;
12,.text,360582,360582,ascii,4,EJ1F
12,.text,360600,360600,ascii,4,0F !
12,.text,360609,360609,ascii,5,F?HxD
12,.text,360625,360625,ascii,5,!(FSF
12,.text,360686,360686,ascii,4,@F2F
12,.text,360698,360698,ascii,4,&JzD
12,.text,360720,360720,ascii,20,duplicate case value
12,.text,360744,360744,ascii,31,this is the previous case label
12,.text,360776,360776,ascii,57,switch statement case label must be a constant expression
12,.text,360915,360915,ascii,7,"h""FKhAF"
12,.text,360933,360933,ascii,5,F'HxD
12,.text,361004,361004,ascii,4,"(F""F"
12,.text,361017,361017,ascii,5,"h""FKh"
12,.text,361033,361033,ascii,5,"h""FKh"
12,.text,361054,361054,ascii,4,"(F""F"
12,.text,361173,361173,ascii,7,hJFKhYF
12,.text,361191,361191,ascii,5,"!d""xD"
12,.text,361274,361274,ascii,4,zDIF
12,.text,361326,361326,ascii,4,+jyD
12,.text,361357,361357,ascii,5,FEHxD
12,.text,361444,361444,ascii,4,HFD!
12,.text,361453,361453,ascii,5,F/HxD
12,.text,361516,361516,ascii,47,precision qualifiers do not apply to structures
12,.text,361564,361564,ascii,51,default precision statements do not apply to arrays
12,.text,361620,361620,ascii,15,precision %s %s
12,.text,361648,361648,ascii,18,#default precision
12,.text,361829,361829,ascii,4,n@j 
12,.text,362268,362268,ascii,4,cJYF
12,.text,362296,362296,ascii,4,]JYF
12,.text,362326,362326,ascii,4,TJYF
12,.text,362364,362364,ascii,4,IJYF
12,.text,362376,362376,ascii,4,ph1F
12,.text,362384,362384,ascii,4,qiJz
12,.text,362404,362404,ascii,4,pi@h
12,.text,362448,362448,ascii,4, q-h
12,.text,362524,362524,ascii,62,embedded structure definitions are not allowed in GLSL ES 1.00
12,.text,362588,362588,ascii,61,uniform in non-default uniform block contains opaque variable
12,.text,362745,362745,ascii,7,F@F)FzD
12,.text,362785,362785,ascii,7,F@F)FzD
12,.text,362851,362851,ascii,6,FaFzDX
12,.text,362863,362863,ascii,6,FaFzDX
12,.text,362891,362891,ascii,4,FPH5
12,.text,363002,363002,ascii,4,2jIF
12,.text,363067,363067,ascii,5,F9HxD
12,.text,363136,363136,ascii,4,0`F`
12,.text,363220,363220,ascii,47,embedded structure declarations are not allowed
12,.text,363268,363268,ascii,30,struct `%s' previously defined
12,.text,363576,363576,ascii,8,IF#nBF(F
12,.text,363630,363630,ascii,4,`0zD
12,.text,363674,363674,ascii,4,1FzD
12,.text,363736,363736,ascii,4,piyD
12,.text,363811,363811,ascii,4,x_)@
12,.text,363856,363856,ascii,4,1FzD
12,.text,363866,363866,ascii,4,0FD!
12,.text,363938,363938,ascii,4,B0(`
12,.text,364034,364034,ascii,4,zD1F
12,.text,364073,364073,ascii,5,01FzD
12,.text,364082,364082,ascii,4, j)h
12,.text,364092,364092,ascii,8,UQ)``lQF
12,.text,364170,364170,ascii,5,Yxl)?
12,.text,364184,364184,ascii,4,1FzD
12,.text,364280,364280,ascii,4,ciHF
12,.text,364294,364294,ascii,4,ai@i
12,.text,364440,364440,ascii,4,1FzD
12,.text,364494,364494,ascii,4,1FHF
12,.text,364502,364502,ascii,4,0FD!
12,.text,364534,364534,ascii,4,HFSF
12,.text,364658,364658,ascii,4,0a0F
12,.text,364680,364680,ascii,4,AhHF
12,.text,364700,364700,ascii,4,UQ!`
12,.text,364756,364756,ascii,6,eIpiyD
12,.text,364776,364776,ascii,4,1FzD
12,.text,364800,364800,ascii,4,1FzD
12,.text,364816,364816,ascii,4,jIyD
12,.text,364854,364854,ascii,4,1FzD
12,.text,364910,364910,ascii,4,NF|D
12,.text,365006,365006,ascii,4,"PF""F"
12,.text,365030,365030,ascii,4,"DI""F"
12,.text,365082,365082,ascii,4,1FzD
12,.text,365140,365140,ascii,7,UNKNOWN
12,.text,365148,365148,ascii,12,gl_PerVertex
12,.text,365172,365172,ascii,63,gl_PerVertex output may not be redeclared with an instance name
12,.text,365248,365248,ascii,48,gl_PerVertex input must be redeclared as gl_in[]
12,.text,365389,365389,ascii,7, !F(d(F
12,.text,365409,365409,ascii,5,F i!d
12,.text,365504,365504,ascii,4,!FzD
12,.text,365532,365532,ascii,4,",J!F"
12,.text,365540,365540,ascii,4,zDSF
12,.text,365565,365565,ascii,4,>5FU
12,.text,365586,365586,ascii,4,1kQE
12,.text,365592,365592,ascii,4,@iQF
12,.text,365604,365604,ascii,6,piBFSF
12,.text,365614,365614,ascii,4,HF!F
12,.text,365644,365644,ascii,4,0iAh
12,.text,365665,365665,ascii,4,>5FU
12,.text,365894,365894,ascii,4,zDYF
12,.text,365939,365939,ascii,5,FUHxD
12,.text,365948,365948,ascii,4,0FIF
12,.text,365976,365976,ascii,4,0FQF
12,.text,366062,366062,ascii,4,0Fh!
12,.text,366078,366078,ascii,6, FQFBF
12,.text,366088,366088,ascii,6,0Fh!tc
12,.text,366106,366106,ascii,6, FQFBF
12,.text,366160,366160,ascii,63,compute shader input layout does not match previous declaration
12,.text,366228,366228,ascii,54,local_size_%c exceeds MAX_COMPUTE_WORK_GROUP_SIZE (%d)
12,.text,366338,366338,ascii,4,0F!F
12,.text,366346,366346,ascii,5,.`(F]
12,.text,366531,366531,ascii,7,F(F!FBF
12,.text,366564,366564,ascii,53,GL_ARB_explicit_attrib_location extension or GLSL 330
12,.text,366620,366620,ascii,11,GLSL ES 300
12,.text,366707,366707,ascii,7,F(F!FBF
12,.text,366728,366728,ascii,52,GL_ARB_separate_shader_objects extension or GLSL 420
12,.text,366784,366784,ascii,40,GL_EXT_separate_shader_objects extension
12,.text,366921,366921,ascii,5, pG@x
12,.text,367006,367006,ascii,8,pGsmooth
12,.text,367016,367016,ascii,4,flat
12,.text,367024,367024,ascii,13,noperspective
12,.text,367186,367186,ascii,4, @(C
12,.text,367235,367235,ascii,4,F|j_
12,.text,367360,367360,ascii,4,zD#F
12,.text,367488,367488,ascii,4,kJAF
12,.text,367597,367597,ascii,4,@%@m
12,.text,367627,367627,ascii,4,F%`E
12,.text,367647,367647,ascii,4,C>k@
12,.text,367687,367687,ascii,4,09iD
12,.text,367772,367772,ascii,32,duplicate layout qualifiers used
12,.text,367808,367808,ascii,42,conflicting primitive type qualifiers used
12,.text,367856,367856,ascii,55,geometry shader set conflicting invocations (%d and %d)
12,.text,367949,367949,ascii,5,FxD9i
12,.text,368125,368125,ascii,9,JzDPFYFuF
12,.text,368304,368304,ascii,4,kJYF
12,.text,368310,368310,ascii,4,uFzD
12,.text,368374,368374,ascii,4,XF$!
12,.text,368383,368383,ascii,5,F[HxD
12,.text,368402,368402,ascii,6,XH.bxD
12,.text,368480,368480,ascii,4,"XF,!"
12,.text,368489,368489,ascii,5,F?HxD
12,.text,368508,368508,ascii,4,;HxD
12,.text,368528,368528,ascii,6, ih` h
12,.text,368580,368580,ascii,5,'JzDV
12,.text,368588,368588,ascii,6,PFYFuF
12,.text,368612,368612,ascii,30,invalid input layout qualifier
12,.text,368644,368644,ascii,44,invalid geometry shader input primitive type
12,.text,368696,368696,ascii,36,invalid input layout qualifiers used
12,.text,368784,368784,ascii,6,KHxD@h
12,.text,368820,368820,ascii,6,12~Dp`
12,.text,368832,368832,ascii,4,qh0`
12,.text,368845,368845,ascii,5,F>HxD
12,.text,368879,368879,ascii,5,F6HxD
12,.text,368885,368885,ascii,5,h(F!F
12,.text,368920,368920,ascii,4,0h)F
12,.text,368934,368934,ascii,4,phD!
12,.text,368972,368972,ascii,4,0h)F
12,.text,369045,369045,ascii,5,JxDzD
12,.text,369108,369108,ascii,28,gl_ModelViewProjectionMatrix
12,.text,369144,369144,ascii,9,gl_Vertex
12,.text,369185,369185,ascii,5,L|D`h
12,.text,369244,369244,ascii,4,")F""F"
12,.text,369273,369273,ascii,4,hpGn
12,.text,369300,369300,ascii,4,yDxD
12,.text,369391,369391,ascii,5, yD+F
12,.text,369443,369443,ascii,5, yD+F
12,.text,369458,369458,ascii,12,\O!!RFSF|D F
12,.text,369476,369476,ascii,8, F!!ZF[F
12,.text,369489,369489,ascii,9,F F!!JFKF
12,.text,369503,369503,ascii,9,F F!!BFCF
12,.text,369540,369540,ascii,8," F""!RFSF"
12,.text,369553,369553,ascii,9,"F F""!ZF[F"
12,.text,369573,369573,ascii,9,"F F""!ZF[F"
12,.text,369592,369592,ascii,6,"""!""F#F"
12,.text,369611,369611,ascii,5, BF+F
12,.text,369663,369663,ascii,5, BFKF
12,.text,369715,369715,ascii,5, yDKF
12,.text,369749,369749,ascii,5,F F%F
12,.text,369769,369769,ascii,5, yDCF
12,.text,369925,369925,ascii,5, yD+F
12,.text,369977,369977,ascii,5, yD+F
12,.text,370029,370029,ascii,5, yD+F
12,.text,370081,370081,ascii,5, yD+F
12,.text,370135,370135,ascii,5, yD+F
12,.text,370187,370187,ascii,5, yD+F
12,.text,370201,370201,ascii,9,LY RFSF|D
12,.text,370222,370222,ascii,8,Y !FJFKF
12,.text,370245,370245,ascii,5,FY !F
12,.text,370254,370254,ascii,4,BFCF
12,.text,370267,370267,ascii,5,FY !F
12,.text,370276,370276,ascii,4,JFKF
12,.text,370307,370307,ascii,5,!RFSF
12,.text,370321,370321,ascii,5,!ZF[F
12,.text,370335,370335,ascii,5,!BFCF
12,.text,370349,370349,ascii,5,!JFKF
12,.text,370381,370381,ascii,5,!RFSF
12,.text,370395,370395,ascii,5,!ZF[F
12,.text,370409,370409,ascii,5,!BFCF
12,.text,370423,370423,ascii,5,!JFKF
12,.text,370455,370455,ascii,5,!RFSF
12,.text,370469,370469,ascii,5,!ZF[F
12,.text,370483,370483,ascii,5,!BFCF
12,.text,370497,370497,ascii,5,!JFKF
12,.text,370531,370531,ascii,5,!RFSF
12,.text,370545,370545,ascii,5,!ZF[F
12,.text,370559,370559,ascii,5,!BFCF
12,.text,370573,370573,ascii,5,!JFKF
12,.text,370607,370607,ascii,5,!RFSF
12,.text,370621,370621,ascii,5,!ZF[F
12,.text,370635,370635,ascii,5,!BFCF
12,.text,370649,370649,ascii,5,!JFKF
12,.text,370683,370683,ascii,5,!RFSF
12,.text,370697,370697,ascii,5,!ZF[F
12,.text,370711,370711,ascii,5,!BFCF
12,.text,370725,370725,ascii,5,!JFKF
12,.text,370759,370759,ascii,5,!RFSF
12,.text,370773,370773,ascii,5,!ZF[F
12,.text,370787,370787,ascii,5,!BFCF
12,.text,370801,370801,ascii,5,!JFKF
12,.text,370943,370943,ascii,5,!RFSF
12,.text,370957,370957,ascii,5,!ZF[F
12,.text,370971,370971,ascii,5,!BFCF
12,.text,370986,370986,ascii,4, F%F
12,.text,371089,371089,ascii,5,!RFSF
12,.text,371103,371103,ascii,7,"!ZF[F,F"
12,.text,371119,371119,ascii,5,!BFCF
12,.text,371153,371153,ascii,5, yD+F
12,.text,371169,371169,ascii,9,!RFSF|D F
12,.text,371187,371187,ascii,5,!ZF[F
12,.text,371201,371201,ascii,5,!BFCF
12,.text,371253,371253,ascii,11,H !RFSF|D F
12,.text,371270,371270,ascii,8, F !ZF[F
12,.text,371283,371283,ascii,9,F F !BFCF
12,.text,371299,371299,ascii,5,F F !
12,.text,371332,371332,ascii,8, F !RFSF
12,.text,371345,371345,ascii,9,F F !ZF[F
12,.text,371359,371359,ascii,9,F F !BFCF
12,.text,371375,371375,ascii,5,F F !
12,.text,371397,371397,ascii,5, yD+F
12,.text,371411,371411,ascii,5,!RFSF
12,.text,371425,371425,ascii,5,!ZF[F
12,.text,371439,371439,ascii,5,!BFCF
12,.text,371473,371473,ascii,5, yD+F
12,.text,371487,371487,ascii,5,!RFSF
12,.text,371501,371501,ascii,5,!ZF[F
12,.text,371515,371515,ascii,5,!BFCF
12,.text,371549,371549,ascii,5, yD+F
12,.text,371560,371560,ascii,8,E !FRFSF
12,.text,371578,371578,ascii,8,E !FZF[F
12,.text,371596,371596,ascii,8,E !FBFCF
12,.text,371626,371626,ascii,4,JFKF
12,.text,371636,371636,ascii,8,E !FZF[F
12,.text,371653,371653,ascii,9,FE !FBFCF
12,.text,371671,371671,ascii,9,FE !FJFKF
12,.text,371757,371757,ascii,5, yD+F
12,.text,371771,371771,ascii,9,VW RFSF}D
12,.text,371796,371796,ascii,8,W )FZF[F
12,.text,371814,371814,ascii,8,W )FBFCF
12,.text,371832,371832,ascii,8,W )FJFKF
12,.text,371850,371850,ascii,8,W )FZF[F
12,.text,371868,371868,ascii,8,W )FBFCF
12,.text,371886,371886,ascii,8,W )FJFKF
12,.text,371912,371912,ascii,4,"""F#F"
12,.text,371978,371978,ascii,4,W )F
12,.text,371994,371994,ascii,4,W )F
12,.text,372010,372010,ascii,4,W )F
12,.text,372031,372031,ascii,5,ExD|D
12,.text,372046,372046,ascii,4,*F+F
12,.text,372076,372076,ascii,6,W ZF[F
12,.text,372101,372101,ascii,7,hW *F+F
12,.text,372130,372130,ascii,6,W BFCF
12,.text,372141,372141,ascii,9,FW !FZF[F
12,.text,372159,372159,ascii,9,FW !F*F+F
12,.text,372177,372177,ascii,9,FW !FBFCF
12,.text,372290,372290,ascii,6,"1F""F#F"
12,.text,372310,372310,ascii,4,X !F
12,.text,372362,372362,ascii,4,X !F
12,.text,372378,372378,ascii,4,X !F
12,.text,372394,372394,ascii,4,X !F
12,.text,372418,372418,ascii,4,"""F#F"
12,.text,372484,372484,ascii,4,X )F
12,.text,372500,372500,ascii,4,X )F
12,.text,372516,372516,ascii,4,X )F
12,.text,372542,372542,ascii,6,")F""F#F"
12,.text,372554,372554,ascii,8,X )FZF[F
12,.text,372573,372573,ascii,5,FX )F
12,.text,372589,372589,ascii,9,FX )FBFCF
12,.text,372607,372607,ascii,5,FX )F
12,.text,372627,372627,ascii,5,FX YF
12,.text,372641,372641,ascii,9,FX YFBFCF
12,.text,372744,372744,ascii,8,|D F)F*F
12,.text,372762,372762,ascii,4, F1F
12,.text,372778,372778,ascii,4, FAF
12,.text,372794,372794,ascii,4, FIF
12,.text,372804,372804,ascii,6, F1F2F
12,.text,372816,372816,ascii,6, FAFBF
12,.text,372828,372828,ascii,6, FIFJF
12,.text,372842,372842,ascii,6, F)F*F
12,.text,372858,372858,ascii,4, F1F
12,.text,372874,372874,ascii,4, FAF
12,.text,372890,372890,ascii,4, FIF
12,.text,372900,372900,ascii,6, F1F2F
12,.text,372912,372912,ascii,6, FAFBF
12,.text,372924,372924,ascii,6, FIFJF
12,.text,372940,372940,ascii,6, F)F*F
12,.text,372956,372956,ascii,4, F1F
12,.text,372972,372972,ascii,4, FYF
12,.text,372988,372988,ascii,4, FQF
12,.text,372997,372997,ascii,7,F F1F2F
12,.text,373009,373009,ascii,7,F FYFZF
12,.text,373021,373021,ascii,7,F FQFRF
12,.text,373120,373120,ascii,4, F!F
12,.text,373170,373170,ascii,4,0F1F
12,.text,373180,373180,ascii,4,@FAF
12,.text,373190,373190,ascii,4,HFIF
12,.text,373200,373200,ascii,8,]F`H!FxD
12,.text,373222,373222,ascii,6,1F[HxD
12,.text,373234,373234,ascii,4,(FRF
12,.text,373244,373244,ascii,8,AFWHFFxD
12,.text,373258,373258,ascii,4,(FZF
12,.text,373268,373268,ascii,6,IFRHxD
12,.text,373280,373280,ascii,4,(FBF
12,.text,373288,373288,ascii,4,"NM""F"
12,.text,373894,373894,ascii,6,"(F!F""F"
12,.text,373907,373907,ascii,7,F(FQFRF
12,.text,373923,373923,ascii,7,F(FYFZF
12,.text,373939,373939,ascii,7,F(FAFBF
12,.text,374048,374048,ascii,4, F!F
12,.text,374060,374060,ascii,4, F)F
12,.text,374070,374070,ascii,4, F1F
12,.text,374083,374083,ascii,5,F FIF
12,.text,374093,374093,ascii,5,F(F)F
12,.text,374103,374103,ascii,5,F0F1F
12,.text,374115,374115,ascii,5,FHFIF
12,.text,374158,374158,ascii,4, F!F
12,.text,374170,374170,ascii,4, F)F
12,.text,374180,374180,ascii,4, FQF
12,.text,374189,374189,ascii,5,F FIF
12,.text,374199,374199,ascii,5,F(F)F
12,.text,374209,374209,ascii,5,FPFQF
12,.text,374219,374219,ascii,5,FHFIF
12,.text,374305,374305,ascii,5, yDSF
12,.text,374357,374357,ascii,5, yD#F
12,.text,374411,374411,ascii,5, yDSF
12,.text,374460,374460,ascii,6,BF+FyD
12,.text,374512,374512,ascii,4,"""F+F"
12,.text,374572,374572,ascii,4,"""F+F"
12,.text,374615,374615,ascii,5,h F1F
12,.text,374758,374758,ascii,6,(FYFBF
12,.text,374772,374772,ascii,4,T$IF
12,.text,374880,374880,ascii,4,(FBF
12,.text,375000,375000,ascii,4,(FBF
12,.text,375012,375012,ascii,4,4%IF
12,.text,375124,375124,ascii,4,(FAF
12,.text,375248,375248,ascii,4,(FBF
12,.text,375366,375366,ascii,4,(FBF
12,.text,375388,375388,ascii,4,1FBF
12,.text,375490,375490,ascii,4,(FQF
12,.text,375500,375500,ascii,4,1FBF
12,.text,375593,375593,ascii,4,F1Fu
12,.text,375738,375738,ascii,4,(FAF
12,.text,375748,375748,ascii,6,^FRF1F
12,.text,375881,375881,ascii,5, yDSF
12,.text,375917,375917,ascii,5,F@FEF
12,.text,375937,375937,ascii,5, yDSF
12,.text,375989,375989,ascii,5, JFCF
12,.text,376003,376003,ascii,7,HD!|D`h
12,.text,376032,376032,ascii,4,XF1F
12,.text,376046,376046,ascii,4,`hD!
12,.text,376068,376068,ascii,4, F1F
12,.text,376297,376297,ascii,5, yD+F
12,.text,376334,376334,ascii,4,|D`h
12,.text,376392,376392,ascii,4,0FAF
12,.text,376400,376400,ascii,4,YFHh
12,.text,376422,376422,ascii,4,(FAF
12,.text,376444,376444,ascii,6,@!3FZF
12,.text,376527,376527,ascii,5, yDKF
12,.text,376557,376557,ascii,5,F F%F
12,.text,376587,376587,ascii,5, yDCF
12,.text,376639,376639,ascii,5, yDCF
12,.text,376946,376946,ascii,8,(\D!}Dhh
12,.text,376978,376978,ascii,4, FYF
12,.text,377002,377002,ascii,4,YFRF
12,.text,377142,377142,ascii,6,LFD!`h
12,.text,377178,377178,ascii,4,YFRF
12,.text,377629,377629,ascii,7,ND!|D`h
12,.text,377720,377720,ascii,4,HF1F
12,.text,378130,378130,ascii,6,zDXF!F
12,.text,378145,378145,ascii,7,FXF!FzD
12,.text,378163,378163,ascii,7,FXF!FzD
12,.text,378544,378544,ascii,4, b(F
12,.text,379709,379709,ascii,5,F#FF 
12,.text,379739,379739,ascii,7,F+FF QF
12,.text,379767,379767,ascii,7,F#FF QF
12,.text,379795,379795,ascii,7,F#FF QF
12,.text,379823,379823,ascii,7,F#FF QF
12,.text,379851,379851,ascii,7,F#FF QF
12,.text,379879,379879,ascii,7,F#FF QF
12,.text,379907,379907,ascii,7,F#FF QF
12,.text,379939,379939,ascii,7,F#FF }D
12,.text,379971,379971,ascii,5,FF )F
12,.text,379999,379999,ascii,7,F+FF !F
12,.text,380027,380027,ascii,7,F+FF !F
12,.text,380101,380101,ascii,7,F#FH QF
12,.text,380129,380129,ascii,7,F+FH QF
12,.text,380159,380159,ascii,7,F#FH AF
12,.text,380187,380187,ascii,7,F#FH AF
12,.text,380215,380215,ascii,7,F#FH AF
12,.text,380243,380243,ascii,7,F#FH AF
12,.text,380271,380271,ascii,7,F#FH AF
12,.text,380299,380299,ascii,7,F#FH AF
12,.text,380333,380333,ascii,5,FH }D
12,.text,380363,380363,ascii,5,FH )F
12,.text,380391,380391,ascii,7,F+FH !F
12,.text,380419,380419,ascii,7,F+FH !F
12,.text,380493,380493,ascii,7,F#FG AF
12,.text,380521,380521,ascii,7,F+FG AF
12,.text,380551,380551,ascii,7,F#FG QF
12,.text,380579,380579,ascii,7,F#FG QF
12,.text,380607,380607,ascii,7,F#FG QF
12,.text,380635,380635,ascii,7,F#FG QF
12,.text,380663,380663,ascii,7,F#FG QF
12,.text,380691,380691,ascii,7,F#FG QF
12,.text,380725,380725,ascii,5,FG }D
12,.text,380755,380755,ascii,5,FG )F
12,.text,380783,380783,ascii,7,F+FG !F
12,.text,380811,380811,ascii,7,F+FG !F
12,.text,380885,380885,ascii,7,F#FI QF
12,.text,380913,380913,ascii,7,F+FI QF
12,.text,380943,380943,ascii,7,F#FI AF
12,.text,380971,380971,ascii,7,F#FI AF
12,.text,380999,380999,ascii,7,F#FI AF
12,.text,381027,381027,ascii,7,F#FI AF
12,.text,381055,381055,ascii,7,F#FI AF
12,.text,381083,381083,ascii,7,F#FI AF
12,.text,381117,381117,ascii,5,FI }D
12,.text,381147,381147,ascii,5,FI )F
12,.text,381175,381175,ascii,7,F+FI !F
12,.text,381203,381203,ascii,7,F+FI !F
12,.text,381275,381275,ascii,7,F#FK AF
12,.text,381303,381303,ascii,7,F3FK AF
12,.text,381331,381331,ascii,7,F3FK AF
12,.text,381359,381359,ascii,7,F3FK AF
12,.text,381387,381387,ascii,7,F3FK AF
12,.text,381415,381415,ascii,7,F3FK AF
12,.text,381443,381443,ascii,7,F3FK AF
12,.text,381471,381471,ascii,7,F3FK AF
12,.text,381503,381503,ascii,5,FK |D
12,.text,381531,381531,ascii,7,F3FK !F
12,.text,381559,381559,ascii,7,F3FK !F
12,.text,381585,381585,ascii,7,F+FK !F
12,.text,381613,381613,ascii,7,F+FK AF
12,.text,381641,381641,ascii,7,F3FK AF
12,.text,381671,381671,ascii,5,FK AF
12,.text,381703,381703,ascii,7,FK 1FCF
12,.text,381791,381791,ascii,7,F#FJ 1F
12,.text,381819,381819,ascii,7,F#FJ 1F
12,.text,381847,381847,ascii,7,F#FJ 1F
12,.text,381875,381875,ascii,7,F#FJ 1F
12,.text,381903,381903,ascii,7,F#FJ 1F
12,.text,381931,381931,ascii,7,F#FJ 1F
12,.text,381959,381959,ascii,7,F#FJ 1F
12,.text,381987,381987,ascii,7,F#FJ 1F
12,.text,382016,382016,ascii,4,#F1L
12,.text,382021,382021,ascii,5,FJ |D
12,.text,382051,382051,ascii,5,FJ !F
12,.text,382079,382079,ascii,7,F#FJ )F
12,.text,382107,382107,ascii,7,F#FJ )F
12,.text,382493,382493,ascii,7,F#FJ IF
12,.text,382525,382525,ascii,7,FJ IF[F
12,.text,382557,382557,ascii,7,FJ IFNF
12,.text,382587,382587,ascii,7,FJ 1FCF
12,.text,382675,382675,ascii,5,![FRF
12,.text,382689,382689,ascii,5,!RFKF
12,.text,382703,382703,ascii,5,!RFCF
12,.text,382719,382719,ascii,5," ""F+F"
12,.text,382759,382759,ascii,5,"!""F+F"
12,.text,382775,382775,ascii,5,!ZF[F
12,.text,382789,382789,ascii,5,!JFKF
12,.text,382803,382803,ascii,5,!BFCF
12,.text,382814,382814,ascii,6,"H!""F+F"
12,.text,382834,382834,ascii,4,TBxD
12,.text,383053,383053,ascii,4,h F}
12,.text,383075,383075,ascii,4,h Fy
12,.text,383097,383097,ascii,4,h F{
12,.text,383163,383163,ascii,4,h Fv
12,.text,383229,383229,ascii,4,h F~
12,.text,383334,383334,ascii,4,%FxD
12,.text,383341,383341,ascii,4,h F|
12,.text,383361,383361,ascii,5,DxD|D
12,.text,383369,383369,ascii,4,h Fx
12,.text,383391,383391,ascii,4,h Fz
12,.text,383413,383413,ascii,4,h Fw
12,.text,383435,383435,ascii,4,h Ft
12,.text,383452,383452,ascii,4,1FxD
12,.text,383545,383545,ascii,5,TxD}D
12,.text,383553,383553,ascii,4,h(Fs
12,.text,383575,383575,ascii,4,h(Fr
12,.text,383597,383597,ascii,4,h(Fq
12,.text,383617,383617,ascii,5,TxD}D
12,.text,383625,383625,ascii,4,h(Fp
12,.text,383640,383640,ascii,4,1FxD
12,.text,383647,383647,ascii,4,h(Fo
12,.text,383662,383662,ascii,4,1FxD
12,.text,383669,383669,ascii,4,h(Fn
12,.text,383684,383684,ascii,4,.FxD
12,.text,383691,383691,ascii,6,h(FEFm
12,.text,383710,383710,ascii,4,)FxD
12,.text,383717,383717,ascii,4,h0Fl
12,.text,383732,383732,ascii,4,)FxD
12,.text,383739,383739,ascii,4,h0Fk
12,.text,383930,383930,ascii,4,QFJF
12,.text,384028,384028,ascii,4,"""F%F"
12,.text,384099,384099,ascii,4,HQF}
12,.text,384117,384117,ascii,4,HQFy
12,.text,384135,384135,ascii,4,HQF{
12,.text,384251,384251,ascii,4,HQF~
12,.text,384339,384339,ascii,4,h|Dx
12,.text,384344,384344,ascii,4,2F!F
12,.text,384359,384359,ascii,4,h!Fz
12,.text,384377,384377,ascii,4,h!Fw
12,.text,384415,384415,ascii,4,hQF|
12,.text,384429,384429,ascii,4,WD!Q
12,.text,384434,384434,ascii,4,}Dhh
12,.text,384464,384464,ascii,4,@FzD
12,.text,384478,384478,ascii,4,hhD!
12,.text,384498,384498,ascii,4,HF1F
12,.text,384516,384516,ascii,4,hhD!
12,.text,384536,384536,ascii,4,4( F
12,.text,384560,384560,ascii,4,H(YF
12,.text,384678,384678,ascii,4,(FAF
12,.text,384686,384686,ascii,6, F)FZF
12,.text,384714,384714,ascii,4,(FIF
12,.text,384722,384722,ascii,4, F%b
12,.text,384756,384756,ascii,4,1FRF
12,.text,384854,384854,ascii,4,2FYF
12,.text,384960,384960,ascii,4,"YF""F"
12,.text,385125,385125,ascii,4,iYFv
12,.text,385207,385207,ascii,5, YF2F
12,.text,385283,385283,ascii,4,iYFz
12,.text,385303,385303,ascii,5," YF""F"
12,.text,385328,385328,ascii,4,"yD""F"
12,.text,385582,385582,ascii,4,!FZF
12,.text,385735,385735,ascii,5, AF2F
12,.text,385909,385909,ascii,4,JLF~
12,.text,385914,385914,ascii,4,"AF""F"
12,.text,385954,385954,ascii,4,2FEF
12,.text,385976,385976,ascii,4,"""F&F"
12,.text,385987,385987,ascii,4,MJFW
12,.text,385997,385997,ascii,4,*|Dx
12,.text,386017,386017,ascii,4,Z!Fz
12,.text,386037,386037,ascii,5, !F2F
12,.text,386070,386070,ascii,4,)F2F
12,.text,386479,386479,ascii,5, !F2F
12,.text,386618,386618,ascii,4,"AF""F"
12,.text,386638,386638,ascii,4,AF*F
12,.text,386666,386666,ascii,4,AFZF
12,.text,386704,386704,ascii,4,"""F&F"
12,.text,386888,386888,ascii,4,"AF""F"
12,.text,386971,386971,ascii,5, AFRF
12,.text,386989,386989,ascii,5, AF*F
12,.text,387170,387170,ascii,4,i2yD
12,.text,387200,387200,ascii,6,1FJF[F
12,.text,387241,387241,ascii,5, BF3F
12,.text,387266,387266,ascii,4,"""F+F"
12,.text,387287,387287,ascii,5, JF[F
12,.text,387309,387309,ascii,5, BF3F
12,.text,387335,387335,ascii,7," ""F+F^F"
12,.text,387376,387376,ascii,4,1F4F
12,.text,387421,387421,ascii,4, [FO
12,.text,387437,387437,ascii,5, !F+F
12,.text,387470,387470,ascii,4,3F*F
12,.text,387483,387483,ascii,7, QF2F[F
12,.text,387510,387510,ascii,5,QFBFO
12,.text,387629,387629,ascii,7, QFJF3F
12,.text,387666,387666,ascii,4,JF+F
12,.text,387677,387677,ascii,7, QFBF#F
12,.text,387719,387719,ascii,7, QFJF+F
12,.text,387790,387790,ascii,4,ZF3F
12,.text,387816,387816,ascii,4,"""F+F"
12,.text,387827,387827,ascii,7, QFBFKF
12,.text,387867,387867,ascii,7," QF""F+F"
12,.text,387928,387928,ascii,4,2FSF
12,.text,387955,387955,ascii,5, *F[F
12,.text,387975,387975,ascii,5, !FKF
12,.text,387999,387999,ascii,5, 2FSF
12,.text,388015,388015,ascii,7, AF*F[F
12,.text,388081,388081,ascii,6, AFJFO
12,.text,388131,388131,ascii,5, AF*F
12,.text,388302,388302,ascii,4,i2yD
12,.text,388316,388316,ascii,4,@FIF
12,.text,388338,388338,ascii,4,@F!F
12,.text,388360,388360,ascii,4,@FQF
12,.text,388380,388380,ascii,4,@F3F
12,.text,388398,388398,ascii,4,@F3F
12,.text,388416,388416,ascii,4,@F3F
12,.text,388436,388436,ascii,4,@F+F
12,.text,388454,388454,ascii,4,@F+F
12,.text,388472,388472,ascii,4,@F+F
12,.text,388490,388490,ascii,6,@F)F3F
12,.text,388510,388510,ascii,4,@F3F
12,.text,388530,388530,ascii,4,@F3F
12,.text,388548,388548,ascii,4,@F3F
12,.text,388568,388568,ascii,4,@F3F
12,.text,388588,388588,ascii,4,@F3F
12,.text,388602,388602,ascii,4,!F&F
12,.text,388612,388612,ascii,4,@F#F
12,.text,388630,388630,ascii,4,@F#F
12,.text,388650,388650,ascii,4,@F#F
12,.text,388676,388676,ascii,4,@F+F
12,.text,388694,388694,ascii,6,@F!F+F
12,.text,388714,388714,ascii,4,@F+F
12,.text,388750,388750,ascii,4,XF+F
12,.text,388764,388764,ascii,4,XF+F
12,.text,388786,388786,ascii,4,XF#F
12,.text,388808,388808,ascii,4,XF3F
12,.text,388821,388821,ascii,7,FXFIF3F
12,.text,388844,388844,ascii,5,XF3FO
12,.text,388978,388978,ascii,6,XF#F)F
12,.text,388996,388996,ascii,6,XFAF#F
12,.text,389014,389014,ascii,4,XF#F
12,.text,389032,389032,ascii,4,XF#F
12,.text,389048,389048,ascii,4,XF#F
12,.text,389064,389064,ascii,6,XF#FVF
12,.text,389086,389086,ascii,4,XF#F
12,.text,389102,389102,ascii,4,XF#F
12,.text,389118,389118,ascii,4,XF#F
12,.text,389136,389136,ascii,6,XF)F#F
12,.text,389156,389156,ascii,4,XF#F
12,.text,389172,389172,ascii,4,XF#F
12,.text,389208,389208,ascii,6,XF!F+F
12,.text,389226,389226,ascii,4,XF+F
12,.text,389246,389246,ascii,4,XF3F
12,.text,389259,389259,ascii,7,FXF!F3F
12,.text,389275,389275,ascii,7,FXFAF3F
12,.text,389358,389358,ascii,4,r2yD
12,.text,389383,389383,ascii,7, JF1FCF
12,.text,389416,389416,ascii,4,2FSF
12,.text,389439,389439,ascii,5, ZF#F
12,.text,389461,389461,ascii,8, )FZFCFO
12,.text,389479,389479,ascii,7, )F2FSF
12,.text,389507,389507,ascii,5, #F*F
12,.text,389552,389552,ascii,4,QF3F
12,.text,389587,389587,ascii,7, QFZFCF
12,.text,389640,389640,ascii,4,KF2F
12,.text,389660,389660,ascii,4,QFBF
12,.text,389758,389758,ascii,4,BF+F
12,.text,389814,389814,ascii,4,JF3F
12,.text,389835,389835,ascii,5, BF+F
12,.text,389857,389857,ascii,5," ""F[F"
12,.text,389871,389871,ascii,7, QFJF3F
12,.text,389946,389946,ascii,4,JF3F
12,.text,389989,389989,ascii,8, QFZF+FO
12,.text,390007,390007,ascii,9, QFJF3FUF
12,.text,390039,390039,ascii,5, #F*F
12,.text,390088,390088,ascii,6,IFRF3F
12,.text,390127,390127,ascii,7, IFZFCF
12,.text,390163,390163,ascii,5, 3FJF
12,.text,390186,390186,ascii,4,#FZF
12,.text,390241,390241,ascii,6, AFZFO
12,.text,390291,390291,ascii,5, AF2F
12,.text,390456,390456,ascii,4,r2yD
12,.text,390475,390475,ascii,5, YFBF
12,.text,390915,390915,ascii,5, 1F*F
12,.text,390933,390933,ascii,5," 1F""F"
12,.text,391028,391028,ascii,4,r2yD
12,.text,391045,391045,ascii,7, YFJF#F
12,.text,391084,391084,ascii,4,ZFCF
12,.text,391108,391108,ascii,4,2F+F
12,.text,391129,391129,ascii,5, JF#F
12,.text,391153,391153,ascii,5," ""FCF"
12,.text,391179,391179,ascii,5, yD+F
12,.text,391214,391214,ascii,4,JFCF
12,.text,391266,391266,ascii,4,*F3F
12,.text,391279,391279,ascii,5, !FCF
12,.text,391310,391310,ascii,4,[FBF
12,.text,391321,391321,ascii,7, IF*F3F
12,.text,391348,391348,ascii,4,IFLF
12,.text,391429,391429,ascii,5, QF2F
12,.text,391502,391502,ascii,4,r2yD
12,.text,391517,391517,ascii,7, QFJF#F
12,.text,391569,391569,ascii,5,&ZF+F
12,.text,391585,391585,ascii,5, QF#F
12,.text,391593,391593,ascii,4,&VFO
12,.text,391627,391627,ascii,7, 1FZF+F
12,.text,391686,391686,ascii,4,ZF+F
12,.text,391696,391696,ascii,4,1F4F
12,.text,391709,391709,ascii,5, BF3F
12,.text,391729,391729,ascii,5, !FKF
12,.text,391749,391749,ascii,7, QFZF+F
12,.text,391778,391778,ascii,4,3F*F
12,.text,391856,391856,ascii,4,QF*F
12,.text,391873,391873,ascii,5, QF*F
12,.text,391966,391966,ascii,5,AFJFO
12,.text,392107,392107,ascii,5,$AFZF
12,.text,392130,392130,ascii,5,"AF""FO"
12,.text,392174,392174,ascii,4,ZF^F
12,.text,392325,392325,ascii,4,J*Fv
12,.text,392346,392346,ascii,4,"""F%F"
12,.text,392406,392406,ascii,4,*F.F
12,.text,392454,392454,ascii,5,tF2F[
12,.text,392465,392465,ascii,4,j|Dx
12,.text,392483,392483,ascii,4,j!Fz
12,.text,392533,392533,ascii,5, !F2F
12,.text,392554,392554,ascii,5,!F2FO
12,.text,392697,392697,ascii,5, )FBF
12,.text,392785,392785,ascii,5, IF*F
12,.text,393084,393084,ascii,4,1F*F
12,.text,393101,393101,ascii,7," 1F""F5F"
12,.text,393124,393124,ascii,4,")F""F"
12,.text,393144,393144,ascii,4,")F""F"
12,.text,393238,393238,ascii,4,r2yD
12,.text,393259,393259,ascii,7, !F2F+F
12,.text,393305,393305,ascii,5, ZF#F
12,.text,393330,393330,ascii,4,RF3F
12,.text,393373,393373,ascii,5, ZF#F
12,.text,393387,393387,ascii,7, AFRF3F
12,.text,393436,393436,ascii,4,%F4F
12,.text,393449,393449,ascii,7, !FZF3F
12,.text,393497,393497,ascii,5, JFSF
12,.text,393517,393517,ascii,7, YF3FRF
12,.text,393548,393548,ascii,4,+F2F
12,.text,393675,393675,ascii,5, RF+F
12,.text,393695,393695,ascii,5, YF#F
12,.text,393721,393721,ascii,5, BF3F
12,.text,393735,393735,ascii,7, IFRF+F
12,.text,393783,393783,ascii,6, IF2FO
12,.text,393807,393807,ascii,5, !F2F
12,.text,393906,393906,ascii,4,r2yD
12,.text,393923,393923,ascii,7, !FZF+F
12,.text,393960,393960,ascii,4,RFCF
12,.text,393983,393983,ascii,5, 2F#F
12,.text,394003,394003,ascii,5, IF+F
12,.text,394029,394029,ascii,7, YF*FCF
12,.text,394047,394047,ascii,7, YF2F#F
12,.text,394108,394108,ascii,4,*FSF
12,.text,394118,394118,ascii,4,2F4F
12,.text,394131,394131,ascii,5, YF3F
12,.text,394147,394147,ascii,5, YFCF
12,.text,394195,394195,ascii,7," YF""F3F"
12,.text,394244,394244,ascii,4,JFMF
12,.text,394313,394313,ascii,5, 1F+F
12,.text,394324,394324,ascii,4,1F4F
12,.text,394337,394337,ascii,5, JF3F
12,.text,394357,394357,ascii,5, !FSF
12,.text,394381,394381,ascii,5, ZF+F
12,.text,394395,394395,ascii,7, AFJF3F
12,.text,394443,394443,ascii,6, AF2FO
12,.text,394465,394465,ascii,5, AF2F
12,.text,394564,394564,ascii,4,r2yD
12,.text,394616,394616,ascii,4,|D`h
12,.text,394682,394682,ascii,4,!FxD
12,.text,394718,394718,ascii,4,YFJF
12,.text,394740,394740,ascii,4,~Dph
12,.text,394802,394802,ascii,4,1FxD
12,.text,395181,395181,ascii,5,F!F0F
12,.text,395628,395628,ascii,4,"yD""F"
12,.text,395647,395647,ascii,7," ""FyD+F"
12,.text,395698,395698,ascii,4,yD+F
12,.text,395713,395713,ascii,7," ""FyD+F"
12,.text,395751,395751,ascii,4,FVFO
12,.text,395759,395759,ascii,7," )F""F3F"
12,.text,395777,395777,ascii,7," )F""F3F"
12,.text,395805,395805,ascii,7," ""F}D[F"
12,.text,395825,395825,ascii,7," )F""F[F"
12,.text,395941,395941,ascii,7," AF""F[F"
12,.text,395965,395965,ascii,7," AF""F[F"
12,.text,396018,396018,ascii,4,yDKF
12,.text,396033,396033,ascii,7," ""FyDKF"
12,.text,396058,396058,ascii,4,"""FxD"
12,.text,396084,396084,ascii,4,RF3F
12,.text,396116,396116,ascii,4,yD3F
12,.text,396131,396131,ascii,7," ""FyD3F"
12,.text,396173,396173,ascii,7," ""F}DKF"
12,.text,396199,396199,ascii,5," ""FKF"
12,.text,396227,396227,ascii,5, |DKF
12,.text,396245,396245,ascii,7, !F*FKF
12,.text,396275,396275,ascii,7,D*FIF#F
12,.text,396289,396289,ascii,7, IF*F#F
12,.text,396348,396348,ascii,4,yD#F
12,.text,396413,396413,ascii,7, 1F*F#F
12,.text,396437,396437,ascii,5, *F#F
12,.text,396489,396489,ascii,5,DYF#F
12,.text,396545,396545,ascii,7, YF2F#F
12,.text,396569,396569,ascii,7, AF*F3F
12,.text,396615,396615,ascii,7, *F3F|D
12,.text,396651,396651,ascii,7, !F*F3F
12,.text,396694,396694,ascii,4,yD3F
12,.text,396709,396709,ascii,7, *FyD3F
12,.text,396751,396751,ascii,7, *F3FyD
12,.text,396801,396801,ascii,5,DIF#F
12,.text,396827,396827,ascii,7, IF*F#F
12,.text,396847,396847,ascii,7, IF*F#F
12,.text,396901,396901,ascii,5,DAF#F
12,.text,396929,396929,ascii,7, AF2F#F
12,.text,396951,396951,ascii,7, AF2F#F
12,.text,396992,396992,ascii,4,AF2F
12,.text,397028,397028,ascii,4,yD+F
12,.text,397096,397096,ascii,4,yD+F
12,.text,397111,397111,ascii,7, 2FyD+F
12,.text,397162,397162,ascii,4,yD+F
12,.text,397173,397173,ascii,7, AF2F+F
12,.text,397262,397262,ascii,4,yD+F
12,.text,397277,397277,ascii,7, 2FyD+F
12,.text,397328,397328,ascii,4,AF[F
12,.text,397345,397345,ascii,7, 2FyD[F
12,.text,397385,397385,ascii,5, AF2F
12,.text,397409,397409,ascii,7, 2FyD+F
12,.text,397493,397493,ascii,5,D2F[F
12,.text,397527,397527,ascii,7, QF2F+F
12,.text,397597,397597,ascii,7," QF""F[F"
12,.text,397627,397627,ascii,7," QF""F+F"
12,.text,397671,397671,ascii,5," }D""F"
12,.text,397680,397680,ascii,4,)F3F
12,.text,397709,397709,ascii,5," ""F3F"
12,.text,397759,397759,ascii,5,DYF#F
12,.text,397785,397785,ascii,7, YF*F#F
12,.text,397803,397803,ascii,7, YF*F#F
12,.text,397843,397843,ascii,5, YF*F
12,.text,397875,397875,ascii,7, YF*F3F
12,.text,397897,397897,ascii,7, YF*F3F
12,.text,397942,397942,ascii,6,YF*F#F
12,.text,397973,397973,ascii,7, YF*F#F
12,.text,398005,398005,ascii,5, YF*F
12,.text,398047,398047,ascii,5, *F#F
12,.text,398079,398079,ascii,7, AF*F#F
12,.text,398101,398101,ascii,7, AF*F#F
12,.text,398135,398135,ascii,7, AF*FSF
12,.text,398181,398181,ascii,5,DYF3F
12,.text,398209,398209,ascii,7, YF*F3F
12,.text,398255,398255,ascii,5," ""F+F"
12,.text,398279,398279,ascii,7," YF""F+F"
12,.text,398333,398333,ascii,5, YF#F
12,.text,398359,398359,ascii,7, YF2F#F
12,.text,398379,398379,ascii,7, YF2F#F
12,.text,398422,398422,ascii,5,YF2FO
12,.text,398453,398453,ascii,5, 2F#F
12,.text,398498,398498,ascii,4,ZFQF
12,.text,398681,398681,ascii,4,XQF}
12,.text,398699,398699,ascii,4,XQFy
12,.text,398717,398717,ascii,4,X]F{
12,.text,398722,398722,ascii,4,QF*F
12,.text,398737,398737,ascii,4,hQFx
12,.text,398762,398762,ascii,4,JFNF
12,.text,398906,398906,ascii,4,*F.F
12,.text,399046,399046,ascii,4,ZF]F
12,.text,399061,399061,ascii,4,XIFz
12,.text,399079,399079,ascii,4,XIFw
12,.text,399104,399104,ascii,4,YF*F
12,.text,399130,399130,ascii,5,YF*FO
12,.text,399151,399151,ascii,5, YF*F
12,.text,399169,399169,ascii,7, YF*F^F
12,.text,399193,399193,ascii,4, ZFO
12,.text,399834,399834,ascii,4,"""FSF"
12,.text,399975,399975,ascii,5," ""FSF"
12,.text,400071,400071,ascii,5," 1F""F"
12,.text,400165,400165,ascii,5, )FJF
12,.text,400341,400341,ascii,5, !FJF
12,.text,400370,400370,ascii,4,AFJF
12,.text,400391,400391,ascii,5, AFJF
12,.text,400550,400550,ascii,4,2FKF
12,.text,400615,400615,ascii,5, 2FKF
12,.text,400664,400664,ascii,4,YF*F
12,.text,400716,400716,ascii,4,BFSF
12,.text,400724,400724,ascii,4,YF]F
12,.text,400757,400757,ascii,7, )F2FKF
12,.text,400789,400789,ascii,5, SF*F
12,.text,400815,400815,ascii,5, ZFCF
12,.text,400850,400850,ascii,6,|D!FKF
12,.text,400929,400929,ascii,6, YFKFO
12,.text,400945,400945,ascii,7, YF*F#F
12,.text,400998,400998,ascii,4,YF2F
12,.text,401019,401019,ascii,5, YF2F
12,.text,401118,401118,ascii,4,XL%!
12,.text,401124,401124,ascii,4,|D F
12,.text,401135,401135,ascii,9,F F%!RFSF
12,.text,401149,401149,ascii,9,F F%!BFCF
12,.text,401167,401167,ascii,5,F F%!
12,.text,401189,401189,ascii,5, yD3F
12,.text,401204,401204,ascii,8, F(!BFCF
12,.text,401220,401220,ascii,8, F(!2F3F
12,.text,401235,401235,ascii,9,F F(!RFSF
12,.text,401254,401254,ascii,6,"(!""F#F"
12,.text,401327,401327,ascii,5, yD+F
12,.text,401342,401342,ascii,6,&!BFCF
12,.text,401359,401359,ascii,5,FXF&!
12,.text,401373,401373,ascii,9,FXF&!*F+F
12,.text,401389,401389,ascii,5,FXF&!
12,.text,401411,401411,ascii,5, yD3F
12,.text,401422,401422,ascii,8,XF)!BFCF
12,.text,401442,401442,ascii,6,XFRFSF
12,.text,401453,401453,ascii,9,FXF)!*F+F
12,.text,401471,401471,ascii,9,FXF)!JFKF
12,.text,401547,401547,ascii,5, yD3F
12,.text,401558,401558,ascii,8,XF'!BFCF
12,.text,401571,401571,ascii,9,FXF'!RFSF
12,.text,401587,401587,ascii,5,FXF'!
12,.text,401599,401599,ascii,9,FXF'!JFKF
12,.text,401623,401623,ascii,5, yD+F
12,.text,401634,401634,ascii,8,XF*!BFCF
12,.text,401647,401647,ascii,9,FXF*!RFSF
12,.text,401663,401663,ascii,5,FXF*!
12,.text,401677,401677,ascii,9,"FXF*!""F#F"
12,.text,401701,401701,ascii,5, yD+F
12,.text,401755,401755,ascii,5, yD[F
12,.text,401769,401769,ascii,13,"kDF<!""F~D#F0F"
12,.text,401789,401789,ascii,9,"F0F<!""F[F"
12,.text,401803,401803,ascii,9,"F0F<!""F+F"
12,.text,401824,401824,ascii,8,"<!xD""F+F"
12,.text,401847,401847,ascii,5, yDSF
12,.text,401903,401903,ascii,5, yDKF
12,.text,401955,401955,ascii,5, yDKF
12,.text,402007,402007,ascii,5, yDKF
12,.text,402271,402271,ascii,5,FPF7!
12,.text,402285,402285,ascii,5,FPF7!
12,.text,402299,402299,ascii,5,FPF7!
12,.text,402313,402313,ascii,5,FPF7!
12,.text,402327,402327,ascii,5,FPF7!
12,.text,402381,402381,ascii,7,FPF8!#F
12,.text,402407,402407,ascii,7,FPF8!#F
12,.text,402433,402433,ascii,7,FPF8!#F
12,.text,402459,402459,ascii,7,FPF8!#F
12,.text,402485,402485,ascii,7,FPF8!#F
12,.text,402511,402511,ascii,7,FPF8!#F
12,.text,402537,402537,ascii,7,FPF8!#F
12,.text,402563,402563,ascii,7,FPF8!+F
12,.text,402617,402617,ascii,7,FPF:!#F
12,.text,402643,402643,ascii,7,FPF:!#F
12,.text,402669,402669,ascii,7,FPF:!#F
12,.text,402695,402695,ascii,7,FPF:!#F
12,.text,402721,402721,ascii,7,FPF:!#F
12,.text,402747,402747,ascii,7,FPF:!#F
12,.text,402773,402773,ascii,7,FPF:!#F
12,.text,402799,402799,ascii,7,FPF:!+F
12,.text,402855,402855,ascii,7,FXF9!#F
12,.text,402881,402881,ascii,7,FXF9!#F
12,.text,402907,402907,ascii,7,FXF9!#F
12,.text,402933,402933,ascii,7,FXF9!#F
12,.text,402959,402959,ascii,7,FXF9!#F
12,.text,402985,402985,ascii,7,FXF9!#F
12,.text,403011,403011,ascii,7,FXF9!#F
12,.text,403037,403037,ascii,7,FXF9!+F
12,.text,403127,403127,ascii,5, JF+F
12,.text,403142,403142,ascii,8,"] YF""F#F"
12,.text,403168,403168,ascii,4,] SF
12,.text,403186,403186,ascii,4,ZF[F
12,.text,403206,403206,ascii,4,] yD
12,.text,403214,403214,ascii,4,BFCF
12,.text,403263,403263,ascii,5,FXF!F
12,.text,403273,403273,ascii,5,F@F)F
12,.text,403291,403291,ascii,5, JFSF
12,.text,403353,403353,ascii,5, yDSF
12,.text,403411,403411,ascii,5, yD+F
12,.text,403457,403457,ascii,5,IRF+F
12,.text,403513,403513,ascii,5, JF+F
12,.text,403573,403573,ascii,5, yDKF
12,.text,403623,403623,ascii,5, JFSF
12,.text,403673,403673,ascii,5," ""F+F"
12,.text,404372,404372,ascii,5,frexp
12,.text,404392,404392,ascii,12,umulExtended
12,.text,404412,404412,ascii,19,interpolateAtOffset
12,.text,404432,404432,ascii,19,interpolateAtSample
12,.text,404456,404456,ascii,13,atomicCounter
12,.text,404476,404476,ascii,22,atomicCounterIncrement
12,.text,404504,404504,ascii,22,atomicCounterDecrement
12,.text,404528,404528,ascii,4,min3
12,.text,404536,404536,ascii,4,max3
12,.text,404544,404544,ascii,4,mid3
12,.text,404560,404560,ascii,13,memoryBarrier
12,.text,404627,404627,ascii,5,F$IxD
12,.text,404644,404644,ascii,4,Hh !
12,.text,404666,404666,ascii,4, F)F
12,.text,404702,404702,ascii,4,DcB`
12,.text,404727,404727,ascii,5,H!FxD
12,.text,404799,404799,ascii,7,HD!xD@h
12,.text,404888,404888,ascii,7,counter
12,.text,404919,404919,ascii,4,F;HD
12,.text,404929,404929,ascii,4,",xDO"
12,.text,404953,404953,ascii,4,",yDO"
12,.text,404973,404973,ascii,4,",2HO"
12,.text,404980,404980,ascii,6,yD#FxD
12,.text,404997,404997,ascii,4,",.HO"
12,.text,405004,405004,ascii,6,yD#FxD
12,.text,405021,405021,ascii,4,",*HO"
12,.text,405028,405028,ascii,6,yD#FxD
12,.text,405045,405045,ascii,4,",&HO"
12,.text,405052,405052,ascii,6,yD#FxD
12,.text,405069,405069,ascii,4,",""HO"
12,.text,405076,405076,ascii,6,yD#FxD
12,.text,405100,405100,ascii,4,xD#F
12,.text,405216,405216,ascii,28,__intrinsic_image_atomic_xor
12,.text,405248,405248,ascii,33,__intrinsic_image_atomic_exchange
12,.text,405284,405284,ascii,19,imageAtomicExchange
12,.text,405304,405304,ascii,34,__intrinsic_image_atomic_comp_swap
12,.text,405340,405340,ascii,19,imageAtomicCompSwap
12,.text,405422,405422,ascii,4,Hh@!
12,.text,405444,405444,ascii,4, F1F
12,.text,405638,405638,ascii,4,l$xD
12,.text,405678,405678,ascii,6,PDH`{D
12,.text,405691,405691,ascii,5,hxD6h
12,.text,405715,405715,ascii,5,hxD6h
12,.text,406027,406027,ascii,7,H !xD@h
12,.text,406052,406052,ascii,4, FAF
12,.text,406201,406201,ascii,5,HD!xD
12,.text,406232,406232,ascii,4,(F1F
12,.text,406253,406253,ascii,5,F`hD!
12,.text,406275,406275,ascii,5,J FAF
12,.text,406335,406335,ascii,7,HD!xD@h
12,.text,406382,406382,ascii,6, `(j``
12,.text,406427,406427,ascii,5, QF2F
12,.text,406462,406462,ascii,4,"(F""F"
12,.text,406599,406599,ascii,5,i1F j
12,.text,406928,406928,ascii,5,image
12,.text,406940,406940,ascii,5,arg%d
12,.text,406952,406952,ascii,8,_ret_val
12,.text,407057,407057,ascii,4,>4FT
12,.text,407100,407100,ascii,4,(F1F
12,.text,407133,407133,ascii,4,>4FT
12,.text,407160,407160,ascii,4,(i@h
12,.text,407175,407175,ascii,5,!xD@h
12,.text,407207,407207,ascii,7,H(!xD@h
12,.text,407234,407234,ascii,6, F)F2F
12,.text,407342,407342,ascii,4,0F!F
12,.text,407350,407350,ascii,5,.`(F]
12,.text,407403,407403,ascii,5,F*HxD
12,.text,407409,407409,ascii,5,h0F)F
12,.text,407424,407424,ascii,6,0FzD!F
12,.text,407436,407436,ascii,4,$J!F
12,.text,407504,407504,ascii,4,5!0F
12,.text,407631,407631,ascii,5,F*HxD
12,.text,407637,407637,ascii,5,h0F)F
12,.text,407652,407652,ascii,6,0FzD!F
12,.text,407664,407664,ascii,4,$J!F
12,.text,407831,407831,ascii,9,F)H*NxD~D
12,.text,407855,407855,ascii,5,F%HxD
12,.text,407874,407874,ascii,4,(F!F
12,.text,407884,407884,ascii,4,!J!F
12,.text,408012,408012,ascii,5,theta
12,.text,408039,408039,ascii,9,"F!H""NxD~D"
12,.text,408082,408082,ascii,4, F)F
12,.text,408211,408211,ascii,9,"F,H-NxD~D"
12,.text,408235,408235,ascii,5,F(HxD
12,.text,408244,408244,ascii,4, FAF
12,.text,408258,408258,ascii,4, F)F
12,.text,408268,408268,ascii,4,"""J)F"
12,.text,408427,408427,ascii,9,"F,H-LxD|D"
12,.text,408451,408451,ascii,5,F(HxD
12,.text,408470,408470,ascii,4,0FIF
12,.text,408480,408480,ascii,4,%JIF
12,.text,408546,408546,ascii,6,"@FIF""F"
12,.text,408620,408620,ascii,8,y_over_x
12,.text,408696,408696,ascii,4,0FAF
12,.text,408712,408712,ascii,4,0F!F
12,.text,408747,408747,ascii,5,B(F!F
12,.text,408820,408820,ascii,4,@F!F
12,.text,408844,408844,ascii,4,@FQF
12,.text,408853,408853,ascii,5,F`z!F
12,.text,408917,408917,ascii,5,F(FQF
12,.text,409078,409078,ascii,4,wA(F
12,.text,409228,409228,ascii,4,",!EF"
12,.text,409254,409254,ascii,4,hhh!
12,.text,409345,409345,ascii,7,Nh!~Dph
12,.text,409400,409400,ascii,6,5Fh!hh
12,.text,409470,409470,ascii,4,hhh!
12,.text,409486,409486,ascii,4,(FQF
12,.text,409579,409579,ascii,9,FDHh!xD@h
12,.text,409618,409618,ascii,4,1F(F
12,.text,409678,409678,ascii,4,AFEF
12,.text,409792,409792,ascii,5,vec_y
12,.text,409800,409800,ascii,5,vec_x
12,.text,409812,409812,ascii,10,vec_result
12,.text,409875,409875,ascii,9,F4H5NxD~D
12,.text,409899,409899,ascii,5,F0HxD
12,.text,409908,409908,ascii,4,(FAF
12,.text,409922,409922,ascii,4,(F!F
12,.text,409932,409932,ascii,4,*J!F
12,.text,410123,410123,ascii,9,F4H5NxD~D
12,.text,410147,410147,ascii,5,F0HxD
12,.text,410156,410156,ascii,4,(FAF
12,.text,410170,410170,ascii,4,(F!F
12,.text,410180,410180,ascii,4,*J!F
12,.text,410371,410371,ascii,9,F7H8NxD~D
12,.text,410395,410395,ascii,5,F3HxD
12,.text,410414,410414,ascii,4,(F!F
12,.text,410424,410424,ascii,4,.J!F
12,.text,410631,410631,ascii,9,F>H?MxD}D
12,.text,410655,410655,ascii,5,F:HxD
12,.text,410664,410664,ascii,4,0FQF
12,.text,410678,410678,ascii,4,0F!F
12,.text,410688,410688,ascii,4,4J!F
12,.text,410783,410783,ascii,5,Fhhh!
12,.text,410812,410812,ascii,4,0F)F
12,.text,410919,410919,ascii,9,F6H7MxD}D
12,.text,410943,410943,ascii,5,F2HxD
12,.text,410952,410952,ascii,4,0FAF
12,.text,410966,410966,ascii,4,0F!F
12,.text,410976,410976,ascii,4,",J!F"
12,.text,411047,411047,ascii,5,Fhhh!
12,.text,411076,411076,ascii,4,0F)F
12,.text,411203,411203,ascii,5,F@HxD
12,.text,411209,411209,ascii,5,h(F1F
12,.text,411224,411224,ascii,4,(F!F
12,.text,411234,411234,ascii,4,;J!F
12,.text,411519,411519,ascii,5,FCHxD
12,.text,411525,411525,ascii,5,hPF!F
12,.text,411540,411540,ascii,4,PF)F
12,.text,411574,411574,ascii,4,0F)F
12,.text,411588,411588,ascii,4,5J)F
12,.text,411865,411865,ascii,7,F=JxDzD
12,.text,411889,411889,ascii,5,F8HxD
12,.text,411895,411895,ascii,5,hXF)F
12,.text,411910,411910,ascii,4,XFIF
12,.text,411924,411924,ascii,4,`hD!
12,.text,411942,411942,ascii,4,0FQF
12,.text,411956,411956,ascii,4,`hD!
12,.text,411974,411974,ascii,4, FQF
12,.text,412012,412012,ascii,4,xD@h
12,.text,412124,412124,ascii,6,minVal
12,.text,412132,412132,ascii,6,maxVal
12,.text,412189,412189,ascii,5,F9HxD
12,.text,412195,412195,ascii,5,hHF)F
12,.text,412210,412210,ascii,4,HFQF
12,.text,412244,412244,ascii,4,0FQF
12,.text,412292,412292,ascii,4,#JQF
12,.text,412487,412487,ascii,5,F8HxD
12,.text,412493,412493,ascii,5,hXF1F
12,.text,412508,412508,ascii,4,XFQF
12,.text,412542,412542,ascii,4,(FQF
12,.text,412817,412817,ascii,5,FqHxD
12,.text,412823,412823,ascii,5,hXF)F
12,.text,412838,412838,ascii,4,XFQF
12,.text,412872,412872,ascii,4, F1F
12,.text,412886,412886,ascii,4,dJ1F
12,.text,413276,413276,ascii,4,edge
12,.text,413341,413341,ascii,5,FxHxD
12,.text,413350,413350,ascii,4,(FQF
12,.text,413364,413364,ascii,4,(F1F
12,.text,413398,413398,ascii,4, F1F
12,.text,413432,413432,ascii,4,0FYF
12,.text,413446,413446,ascii,4,dJYF
12,.text,413630,413630,ascii,6, F)F2F
12,.text,413828,413828,ascii,5,edge0
12,.text,413836,413836,ascii,5,edge1
12,.text,413871,413871,ascii,9,F(H)NxD~D
12,.text,413895,413895,ascii,5,F$HxD
12,.text,413914,413914,ascii,4, F)F
12,.text,414071,414071,ascii,9,F:H;LxD|D
12,.text,414095,414095,ascii,5,F6HxD
12,.text,414114,414114,ascii,4,0FAF
12,.text,414223,414223,ascii,7,Hh!xD@h
12,.text,414250,414250,ascii,4, FAF
12,.text,414258,414258,ascii,4,0F!F
12,.text,414351,414351,ascii,9,F&H'NxD~D
12,.text,414375,414375,ascii,5,"F""HxD"
12,.text,414394,414394,ascii,4, F)F
12,.text,414543,414543,ascii,9,F&H'NxD~D
12,.text,414567,414567,ascii,5,"F""HxD"
12,.text,414586,414586,ascii,4, F)F
12,.text,414735,414735,ascii,9,F&H'NxD~D
12,.text,414759,414759,ascii,5,"F""HxD"
12,.text,414778,414778,ascii,4, F)F
12,.text,414927,414927,ascii,9,F&H'NxD~D
12,.text,414951,414951,ascii,5,"F""HxD"
12,.text,414970,414970,ascii,4, F)F
12,.text,415243,415243,ascii,9,F(H)NxD~D
12,.text,415267,415267,ascii,5,F$HxD
12,.text,415286,415286,ascii,4,(F!F
12,.text,415475,415475,ascii,5,FMHxD
12,.text,415481,415481,ascii,5,h(F1F
12,.text,415496,415496,ascii,4,(FQF
12,.text,415530,415530,ascii,4, FQF
12,.text,415547,415547,ascii,5,#?JxD
12,.text,415923,415923,ascii,5,F'HxD
12,.text,415942,415942,ascii,4,(F1F
12,.text,415952,415952,ascii,4,"""J1F"
12,.text,416139,416139,ascii,5,FJHxD
12,.text,416148,416148,ascii,4,@FIF
12,.text,416162,416162,ascii,4,@F1F
12,.text,416196,416196,ascii,4, F1F
12,.text,416230,416230,ascii,4,(F1F
12,.text,416244,416244,ascii,4,5J1F
12,.text,416342,416342,ascii,4, F)F
12,.text,416387,416387,ascii,5,F F)F
12,.text,416452,416452,ascii,4,Nref
12,.text,416507,416507,ascii,5,F?HxD
12,.text,416516,416516,ascii,4,(FIF
12,.text,416530,416530,ascii,4,(F!F
12,.text,416564,416564,ascii,4,0F!F
12,.text,416578,416578,ascii,4,1J!F
12,.text,416799,416799,ascii,5,JxDzD
12,.text,416829,416829,ascii,5,h F1F
12,.text,416844,416844,ascii,4, FIF
12,.text,416880,416880,ascii,4,(FIF
12,.text,416934,416934,ascii,4,@FYF
12,.text,416975,416975,ascii,5,#yDIh
12,.text,416996,416996,ascii,4,0FYF
12,.text,417056,417056,ascii,4,0FYF
12,.text,417076,417076,ascii,8,fMh!}Dhh
12,.text,417126,417126,ascii,4,hhh!
12,.text,417234,417234,ascii,4,hhh!
12,.text,417389,417389,ascii,5,FPF!F
12,.text,417468,417468,ascii,7,n_dot_i
12,.text,417531,417531,ascii,5,F?HxD
12,.text,417537,417537,ascii,5,hPF!F
12,.text,417549,417549,ascii,5,%PFIF
12,.text,417582,417582,ascii,4,0FIF
12,.text,417594,417594,ascii,4,3JIF
12,.text,417661,417661,ascii,5,% F)F
12,.text,417671,417671,ascii,5,FPF)F
12,.text,417681,417681,ascii,5,F0F)F
12,.text,417823,417823,ascii,5,FOHxD
12,.text,417865,417865,ascii,5,FGHxD
12,.text,417871,417871,ascii,5,hPF!F
12,.text,417886,417886,ascii,4,PF)F
12,.text,417934,417934,ascii,4,0F)F
12,.text,417948,417948,ascii,4,5JIF
12,.text,418019,418019,ascii,5,% F)F
12,.text,418192,418192,ascii,6,hmxD~D
12,.text,418201,418201,ascii,4,hph<
12,.text,418238,418238,ascii,4,DRxD
12,.text,418262,418262,ascii,4,4-xD
12,.text,418314,418314,ascii,4,0F)F
12,.text,418327,418327,ascii,7,F0F)FzD
12,.text,418349,418349,ascii,7,F0F)FzD
12,.text,418371,418371,ascii,7,F0F)FzD
12,.text,418393,418393,ascii,7,F0F)FzD
12,.text,418418,418418,ascii,4,0FzD
12,.text,418436,418436,ascii,4,0FzD
12,.text,418454,418454,ascii,4,0FzD
12,.text,418472,418472,ascii,4,0FzD
12,.text,418490,418490,ascii,4,0FzD
12,.text,418502,418502,ascii,4,"p,)F"
12,.text,418508,418508,ascii,4,0FzD
12,.text,418520,418520,ascii,4,"d,)F"
12,.text,418526,418526,ascii,4,0FzD
12,.text,418538,418538,ascii,4,"T,)F"
12,.text,418544,418544,ascii,4,0FzD
12,.text,418556,418556,ascii,4,"H,)F"
12,.text,418562,418562,ascii,4,0FzD
12,.text,418574,418574,ascii,4,"8,)F"
12,.text,418580,418580,ascii,4,0FzD
12,.text,418592,418592,ascii,4,",,)F"
12,.text,418598,418598,ascii,4,0FzD
12,.text,418616,418616,ascii,4,0FzD
12,.text,418634,418634,ascii,4,0FzD
12,.text,418652,418652,ascii,4,0FzD
12,.text,421728,421728,ascii,5,adj_0
12,.text,421757,421757,ascii,5,OxD|D
12,.text,421765,421765,ascii,4,h`h^
12,.text,421886,421886,ascii,4,@FYF
12,.text,421899,421899,ascii,7,F@FYFzD
12,.text,421919,421919,ascii,7,F@FYFzD
12,.text,421941,421941,ascii,7,F@FYFzD
12,.text,421960,421960,ascii,4,T/YF
12,.text,421966,421966,ascii,4,@FzD
12,.text,421978,421978,ascii,4,D/YF
12,.text,421984,421984,ascii,4,@FzD
12,.text,421996,421996,ascii,4,8/YF
12,.text,422002,422002,ascii,4,@FzD
12,.text,422014,422014,ascii,4,(/YF
12,.text,422020,422020,ascii,4,@FzD
12,.text,422038,422038,ascii,4,@FzD
12,.text,422056,422056,ascii,4,@FzD
12,.text,422074,422074,ascii,4,@FzD
12,.text,422092,422092,ascii,4,@FzD
12,.text,422110,422110,ascii,4,@FzD
12,.text,422128,422128,ascii,4,@FzD
12,.text,422146,422146,ascii,4,@FzD
12,.text,422164,422164,ascii,4,@FzD
12,.text,422182,422182,ascii,4,@FzD
12,.text,422200,422200,ascii,4,@FzD
12,.text,422218,422218,ascii,4,@FzD
12,.text,424480,424480,ascii,4,X2@F
12,.text,427403,427403,ascii,5,FCHxD
12,.text,427433,427433,ascii,7,FD!}Dhh
12,.text,427445,427445,ascii,5,F;HxD
12,.text,427464,427464,ascii,4,HF!F
12,.text,427474,427474,ascii,4,6J1F
12,.text,427556,427556,ascii,4,XFAF
12,.text,427565,427565,ascii,5,FHF)F
12,.text,427715,427715,ascii,9,FQHRLxD|D
12,.text,427739,427739,ascii,5,FMHxD
12,.text,427758,427758,ascii,4,(F1F
12,.text,427771,427771,ascii,5,#HJxD
12,.text,428087,428087,ascii,5,FaJxD
12,.text,428113,428113,ascii,5,F\HxD
12,.text,428122,428122,ascii,4,0FYF
12,.text,428136,428136,ascii,6,0FzDAF
12,.text,428148,428148,ascii,4,IF*F
12,.text,428235,428235,ascii,5,!xD@h
12,.text,428252,428252,ascii,4, F1F
12,.text,428260,428260,ascii,6,(F!FJF
12,.text,428294,428294,ascii,8,2Hh!xD@h
12,.text,428307,428307,ascii,5,F/HxD
12,.text,428332,428332,ascii,8,*ND!~Dph
12,.text,428345,428345,ascii,5,F(HxD
12,.text,428354,428354,ascii,4, FAF
12,.text,428424,428424,ascii,4,0F!F
12,.text,428673,428673,ascii,5,h0F!F
12,.text,428690,428690,ascii,6,0F)FzD
12,.text,428728,428728,ascii,4,(BHF
12,.text,428856,428856,ascii,4,PF1F
12,.text,428864,428864,ascii,6,@FQF*F
12,.text,428887,428887,ascii,5,!xD@h
12,.text,428904,428904,ascii,4,IF0F
12,.text,428945,428945,ascii,7,HD!xD@h
12,.text,429008,429008,ascii,4,(&A`
12,.text,429039,429039,ascii,7,HD!xD@h
12,.text,429064,429064,ascii,4,0FIF
12,.text,429075,429075,ascii,5,%0FQF
12,.text,429097,429097,ascii,7,HD!xD@h
12,.text,429118,429118,ascii,4, FQF
12,.text,429175,429175,ascii,5,HxD@h
12,.text,429196,429196,ascii,4,(F1F
12,.text,429213,429213,ascii,5,!xD@h
12,.text,429236,429236,ascii,4,(F!F
12,.text,429262,429262,ascii,4,HhD!
12,.text,429277,429277,ascii,5,h F1F
12,.text,429311,429311,ascii,4,pzDH
12,.text,429351,429351,ascii,5,HxD@h
12,.text,429368,429368,ascii,4,(F!F
12,.text,429386,429386,ascii,8,vMD!}Dhh
12,.text,429399,429399,ascii,5,FsHxD
12,.text,429405,429405,ascii,5,h F1F
12,.text,429484,429484,ascii,4,(F!F
12,.text,429512,429512,ascii,7,HqxD@h7
12,.text,429527,429527,ascii,5,FbHxD
12,.text,429552,429552,ascii,8,QMD!}Dhh
12,.text,429565,429565,ascii,5,FOHxD
12,.text,429574,429574,ascii,4, FAF
12,.text,429639,429639,ascii,5,FAHxD
12,.text,429648,429648,ascii,4, FAF
12,.text,429694,429694,ascii,6,8JA`zD
12,.text,429722,429722,ascii,4,0F!F
12,.text,429732,429732,ascii,4,(`XF
12,.text,429808,429808,ascii,4,dPdx
12,.text,429816,429816,ascii,4,dPdy
12,.text,429872,429872,ascii,7,offsets
12,.text,429892,429892,ascii,4,bias
12,.text,429912,429912,ascii,4,comp
12,.text,430087,430087,ascii,5,hXF!F
12,.text,430102,430102,ascii,6,XF1FzD
12,.text,430138,430138,ascii,4,0FAF
12,.text,430258,430258,ascii,4,@F1F
12,.text,430288,430288,ascii,4,0FYF
12,.text,430298,430298,ascii,4,(F1F
12,.text,430322,430322,ascii,8,rND!~Dph
12,.text,430335,430335,ascii,5,FoHxD
12,.text,430344,430344,ascii,4, FAF
12,.text,430355,430355,ascii,7,#lJxDzD
12,.text,430416,430416,ascii,4,0F!F
12,.text,430444,430444,ascii,8,MHh!xD@h
12,.text,430457,430457,ascii,5,FKHxD
12,.text,430484,430484,ascii,8,END!~Dph
12,.text,430497,430497,ascii,5,FCHxD
12,.text,430506,430506,ascii,4, FAF
12,.text,430576,430576,ascii,4,0F!F
12,.text,430592,430592,ascii,8,2ND!~Dph
12,.text,430605,430605,ascii,5,F0HxD
12,.text,430614,430614,ascii,4, FAF
12,.text,430628,430628,ascii,6, FzDQF
12,.text,430680,430680,ascii,4,0F!F
12,.text,430688,430688,ascii,4,nb(F
12,.text,430823,430823,ascii,9,F0H1LxD|D
12,.text,430847,430847,ascii,5,"F,HxD"
12,.text,430856,430856,ascii,4,HFAF
12,.text,430870,430870,ascii,6,HFzD)F
12,.text,430885,430885,ascii,5,#&JxD
12,.text,430958,430958,ascii,4, FIF
12,.text,430967,430967,ascii,5,H)FxD
12,.text,431103,431103,ascii,9,F0H1LxD|D
12,.text,431127,431127,ascii,5,"F,HxD"
12,.text,431136,431136,ascii,4,HFAF
12,.text,431150,431150,ascii,6,HFzD)F
12,.text,431165,431165,ascii,5,#&JxD
12,.text,431242,431242,ascii,4, FIF
12,.text,431251,431251,ascii,5,H)FxD
12,.text,431343,431343,ascii,5,FJHKJ
12,.text,431349,431349,ascii,5,FxDzD
12,.text,431371,431371,ascii,5,FEHxD
12,.text,431380,431380,ascii,4,HFYF
12,.text,431391,431391,ascii,7,%HF!FzD
12,.text,431406,431406,ascii,4,phD!
12,.text,431422,431422,ascii,6,;J FAF
12,.text,431441,431441,ascii,5,#8JxD
12,.text,431472,431472,ascii,4,5Fph
12,.text,431519,431519,ascii,5,a%HxD
12,.text,431554,431554,ascii,4,(F!F
12,.text,431565,431565,ascii,7,!5bxD@h
12,.text,431584,431584,ascii,4, FIF
12,.text,431592,431592,ascii,6,0F!FBF
12,.text,431695,431695,ascii,9,F9H:LxD|D
12,.text,431719,431719,ascii,5,F5HxD
12,.text,431728,431728,ascii,4,PFIF
12,.text,431742,431742,ascii,6,PFzD)F
12,.text,431757,431757,ascii,5,#/JxD
12,.text,431868,431868,ascii,4, FQF
12,.text,431876,431876,ascii,6,0F!FBF
12,.text,432559,432559,ascii,9,"F,H-NxD~D"
12,.text,432583,432583,ascii,5,F(HxD
12,.text,432602,432602,ascii,4,(F!F
12,.text,432612,432612,ascii,4,#J!F
12,.text,432775,432775,ascii,9,"F,H-NxD~D"
12,.text,432799,432799,ascii,5,F(HxD
12,.text,432818,432818,ascii,4,(F!F
12,.text,432828,432828,ascii,4,#J!F
12,.text,432991,432991,ascii,9,"F,H-NxD~D"
12,.text,433015,433015,ascii,5,F(HxD
12,.text,433034,433034,ascii,4,(F!F
12,.text,433044,433044,ascii,4,#J!F
12,.text,433207,433207,ascii,7,FlHmJxD
12,.text,433235,433235,ascii,5,FgHxD
12,.text,433244,433244,ascii,4, FQF
12,.text,433258,433258,ascii,4, F)F
12,.text,433271,433271,ascii,5,#aJxD
12,.text,433362,433362,ascii,4,LHxD
12,.text,433369,433369,ascii,5,hHF)F
12,.text,433381,433381,ascii,5,FHF)F
12,.text,433395,433395,ascii,5,FHF1F
12,.text,433464,433464,ascii,8,7Hh!xD@h
12,.text,433719,433719,ascii,4,hPh6
12,.text,433752,433752,ascii,4,HF)F
12,.text,433896,433896,ascii,4,nHxD
12,.text,433906,433906,ascii,4,@FYF
12,.text,433917,433917,ascii,5,F@FYF
12,.text,433933,433933,ascii,5,F@FYF
12,.text,433950,433950,ascii,4,@F1F
12,.text,434042,434042,ascii,4, F1F
12,.text,434102,434102,ascii,8,AHh!xD@h
12,.text,434124,434124,ascii,4, F1F
12,.text,434383,434383,ascii,5,JxDzD
12,.text,434393,434393,ascii,4,hPh>
12,.text,434428,434428,ascii,4,XF)F
12,.text,434500,434500,ascii,4,@F)F
12,.text,434566,434566,ascii,4,phh!
12,.text,434584,434584,ascii,4,0F)F
12,.text,434665,434665,ascii,5,h@F1F
12,.text,434677,434677,ascii,5,F@F1F
12,.text,434693,434693,ascii,5,F@F1F
12,.text,434709,434709,ascii,5,F@F1F
12,.text,434724,434724,ascii,4,@FIF
12,.text,434792,434792,ascii,8,mHh!xD@h
12,.text,434820,434820,ascii,6,"0F""F)F"
12,.text,434924,434924,ascii,8,MHh!xD@h
12,.text,434944,434944,ascii,6,"0F)F""F"
12,.text,435251,435251,ascii,9,F@HAJxDzD
12,.text,435277,435277,ascii,5,F<HxD
12,.text,435286,435286,ascii,4,HFQF
12,.text,435300,435300,ascii,4,HFAF
12,.text,435314,435314,ascii,4,`hD!
12,.text,435333,435333,ascii,5,#2JxD
12,.text,435347,435347,ascii,5,h0F)F
12,.text,435356,435356,ascii,4,`hD!
12,.text,435372,435372,ascii,6,)J F)F
12,.text,435390,435390,ascii,4,&JAF
12,.text,435416,435416,ascii,4,xD@h
12,.text,435524,435524,ascii,5,value
12,.text,435567,435567,ascii,9,FIHJJxDzD
12,.text,435593,435593,ascii,5,FEHxD
12,.text,435599,435599,ascii,5,hHF!F
12,.text,435614,435614,ascii,4,HFAF
12,.text,435626,435626,ascii,4,hhD!
12,.text,435644,435644,ascii,4,PFAF
12,.text,435656,435656,ascii,6,hhD!.F
12,.text,435681,435681,ascii,7,#4HzDxD
12,.text,435691,435691,ascii,5,hXF)F
12,.text,435700,435700,ascii,4,phD!
12,.text,435722,435722,ascii,6,0FzD)F
12,.text,435734,435734,ascii,4,*JAF
12,.text,435760,435760,ascii,4,xD@h
12,.text,435876,435876,ascii,4,base
12,.text,435884,435884,ascii,6,insert
12,.text,435955,435955,ascii,5,F8HxD
12,.text,435961,435961,ascii,5,h@F)F
12,.text,435976,435976,ascii,4,@FIF
12,.text,436010,436010,ascii,4,0FIF
12,.text,436044,436044,ascii,4, FIF
12,.text,436058,436058,ascii,4,#JIF
12,.text,436225,436225,ascii,5,FxDzD
12,.text,436256,436256,ascii,4,0FQF
12,.text,436267,436267,ascii,5,%0F!F
12,.text,436304,436304,ascii,4,@FIF
12,.text,436504,436504,ascii,4,|QJF
12,.text,436580,436580,ascii,4, FYF
12,.text,436682,436682,ascii,8,VHh!xD@h
12,.text,436746,436746,ascii,4,DJXF
12,.text,436864,436864,ascii,8,)Hh!xD@h
12,.text,437008,437008,ascii,11,is_not_zero
12,.text,437075,437075,ascii,5,FBHxD
12,.text,437081,437081,ascii,5,h@F!F
12,.text,437096,437096,ascii,4,@F1F
12,.text,437130,437130,ascii,4,HF1F
12,.text,437164,437164,ascii,4,(F1F
12,.text,437178,437178,ascii,4,.J1F
12,.text,437356,437356,ascii,5,carry
12,.text,437411,437411,ascii,5,FBHxD
12,.text,437417,437417,ascii,5,h@F!F
12,.text,437432,437432,ascii,4,@F1F
12,.text,437466,437466,ascii,4,HF1F
12,.text,437500,437500,ascii,4,(F1F
12,.text,437514,437514,ascii,4,.J1F
12,.text,437692,437692,ascii,6,borrow
12,.text,437719,437719,ascii,9,FSHTJxDzD
12,.text,437745,437745,ascii,5,FOHxD
12,.text,437751,437751,ascii,5,h@F)F
12,.text,437766,437766,ascii,4,@FQF
12,.text,437780,437780,ascii,4,`hD!
12,.text,437798,437798,ascii,4,HFQF
12,.text,437812,437812,ascii,4,`hD!
12,.text,437830,437830,ascii,4,0FQF
12,.text,437844,437844,ascii,4,`hD!
12,.text,437862,437862,ascii,4, FQF
12,.text,437879,437879,ascii,5,#3JxD
12,.text,437910,437910,ascii,4,xD@h
12,.text,438111,438111,ascii,9,F&H'NxD~D
12,.text,438135,438135,ascii,5,"F""HxD"
12,.text,438154,438154,ascii,6, FzD)F
12,.text,438331,438331,ascii,5,F1HxD
12,.text,438337,438337,ascii,5,h F)F
12,.text,438352,438352,ascii,6, FAFzD
12,.text,438369,438369,ascii,4,iD!@
12,.text,438397,438397,ascii,5,#$JxD
12,.text,438418,438418,ascii,4, JAF
12,.text,438595,438595,ascii,5,F1HxD
12,.text,438601,438601,ascii,5,h F)F
12,.text,438616,438616,ascii,6, FAFzD
12,.text,438633,438633,ascii,4,iD!@
12,.text,438680,438680,ascii,4,"""JAF"
12,.text,438808,438808,ascii,10,sample_num
12,.text,438867,438867,ascii,5,F/HxD
12,.text,438905,438905,ascii,5,#-JxD
12,.text,439068,439068,ascii,14,atomic_counter
12,.text,439092,439092,ascii,13,atomic_retval
12,.text,439151,439151,ascii,5,F:HxD
12,.text,439157,439157,ascii,5,h@F)F
12,.text,439172,439172,ascii,4,@FIF
12,.text,439206,439206,ascii,4,0FIF
12,.text,439240,439240,ascii,4, FIF
12,.text,439254,439254,ascii,4,%JIF
12,.text,439451,439451,ascii,5,F:HxD
12,.text,439457,439457,ascii,5,h@F)F
12,.text,439472,439472,ascii,4,@FIF
12,.text,439506,439506,ascii,4,0FIF
12,.text,439540,439540,ascii,4, FIF
12,.text,439554,439554,ascii,4,%JIF
12,.text,439751,439751,ascii,5,FGHxD
12,.text,439757,439757,ascii,5,hHF!F
12,.text,439772,439772,ascii,4,HFAF
12,.text,439806,439806,ascii,4,(FAF
12,.text,439840,439840,ascii,4,0FAF
12,.text,439854,439854,ascii,4,2JAF
12,.text,440109,440109,ascii,5,F HxD
12,.text,440128,440128,ascii,4,(F1F
12,.text,440138,440138,ascii,4,"IF""F"
12,.text,440263,440263,ascii,7,FfH1FxD
12,.text,440315,440315,ascii,5,h(F!F
12,.text,440418,440418,ascii,4,(FAF
12,.text,440578,440578,ascii,4,0FQF
12,.text,440755,440755,ascii,5,FyDHh
12,.text,440778,440778,ascii,4,(FQF
12,.text,440798,440798,ascii,4, F)F
12,.text,440820,440820,ascii,4,h!NF
12,.text,440848,440848,ascii,4,(FIF
12,.text,440882,440882,ascii,4,@FYF
12,.text,441044,441044,ascii,4, F1F
12,.text,441092,441092,ascii,4,]Q0F
12,.text,441106,441106,ascii,4, F1F
12,.text,441168,441168,ascii,4, F1F
12,.text,441216,441216,ascii,4,vA0F
12,.text,441230,441230,ascii,4, F1F
12,.text,441292,441292,ascii,4, F1F
12,.text,441406,441406,ascii,4, F1F
12,.text,441428,441428,ascii,8,7Lh!|D`h
12,.text,441469,441469,ascii,5,F`hh!
12,.text,441502,441502,ascii,4,0F!F
12,.text,441620,441620,ascii,6,atan_x
12,.text,441636,441636,ascii,8,atan_tmp
12,.text,441701,441701,ascii,5,F-HxD
12,.text,441707,441707,ascii,5,h(F!F
12,.text,441722,441722,ascii,4,(F1F
12,.text,441770,441770,ascii,4,QFJF
12,.text,441997,441997,ascii,7,F !}Dhh
12,.text,442015,442015,ascii,5,h0F!F
12,.text,442024,442024,ascii,4,hhh!
12,.text,442040,442040,ascii,4,(FIF
12,.text,442050,442050,ascii,6,0FAF*F
12,.text,442417,442417,ascii,4,$~DV
12,.text,442422,442422,ascii,4,$ @F
12,.text,442854,442854,ascii,4,~HxD
12,.text,442868,442868,ascii,4,{HxD
12,.text,442882,442882,ascii,4,yHxD
12,.text,442896,442896,ascii,4,vHxD
12,.text,442910,442910,ascii,4,tHxD
12,.text,442924,442924,ascii,4,qHxD
12,.text,442938,442938,ascii,4,oHxD
12,.text,442952,442952,ascii,4,lHxD
12,.text,442966,442966,ascii,4,jHxD
12,.text,442980,442980,ascii,4,gHxD
12,.text,442994,442994,ascii,4,eHxD
12,.text,443008,443008,ascii,4,bHxD
12,.text,443022,443022,ascii,4,`HxD
12,.text,443036,443036,ascii,4,]HxD
12,.text,443050,443050,ascii,4,[HxD
12,.text,443064,443064,ascii,4,XHxD
12,.text,443078,443078,ascii,4,VHxD
12,.text,443092,443092,ascii,4,SHxD
12,.text,443106,443106,ascii,4,QHxD
12,.text,443120,443120,ascii,4,NHxD
12,.text,443134,443134,ascii,4,LHxD
12,.text,443148,443148,ascii,4,IHxD
12,.text,443162,443162,ascii,4,GHxD
12,.text,443176,443176,ascii,4,DHxD
12,.text,443190,443190,ascii,4,BHxD
12,.text,443204,443204,ascii,4,?HxD
12,.text,443224,443224,ascii,4,;HxD
12,.text,443531,443531,ascii,7,h1h.h%h
12,.text,443557,443557,ascii,7,>zD6h{D
12,.text,443756,443756,ascii,4,yD(F
12,.text,443848,443848,ascii,4,yD(F
12,.text,443885,443885,ascii,5, yD(F
12,.text,443957,443957,ascii,5, yD(F
12,.text,443975,443975,ascii,5, yD(F
12,.text,444011,444011,ascii,5, yD(F
12,.text,444069,444069,ascii,5, yD(F
12,.text,444087,444087,ascii,5, yD(F
12,.text,444105,444105,ascii,5, yD(F
12,.text,444123,444123,ascii,5, yD(F
12,.text,444141,444141,ascii,5, yD(F
12,.text,444159,444159,ascii,5,!yD(F
12,.text,444177,444177,ascii,5,!yD(F
12,.text,444195,444195,ascii,5,!yD(F
12,.text,444213,444213,ascii,5, yD(F
12,.text,444239,444239,ascii,5, yD(F
12,.text,444257,444257,ascii,5, yD(F
12,.text,444275,444275,ascii,5, yD(F
12,.text,444293,444293,ascii,5, yD(F
12,.text,444319,444319,ascii,5,!yD(F
12,.text,444337,444337,ascii,5,!yD(F
12,.text,444355,444355,ascii,5,!yD(F
12,.text,444373,444373,ascii,5,!yD(F
12,.text,444391,444391,ascii,5,!yD(F
12,.text,444461,444461,ascii,5,"""yD(F"
12,.text,444610,444610,ascii,6,8!yD(F
12,.text,444628,444628,ascii,6,<!yD(F
12,.text,444646,444646,ascii,6,@!yD(F
12,.text,444664,444664,ascii,6,D!yD(F
12,.text,444710,444710,ascii,6,H!yD(F
12,.text,444728,444728,ascii,6,L!yD(F
12,.text,444746,444746,ascii,6,P!yD(F
12,.text,444766,444766,ascii,4,zD@F
12,.text,444791,444791,ascii,5,F@FzD
12,.text,444813,444813,ascii,5,F@FzD
12,.text,444835,444835,ascii,5,F@FzD
12,.text,444862,444862,ascii,4,zD0F
12,.text,444970,444970,ascii,4,x+0F
12,.text,444984,444984,ascii,4,p+0F
12,.text,444998,444998,ascii,4,d+0F
12,.text,445012,445012,ascii,4,\+0F
12,.text,445026,445026,ascii,4,P+0F
12,.text,445040,445040,ascii,4,H+0F
12,.text,445069,445069,ascii,5,F0FzD
12,.text,445080,445080,ascii,4,",+0F"
12,.text,445109,445109,ascii,7,F0F)FzD
12,.text,445123,445123,ascii,7,+0F)FzD
12,.text,445137,445137,ascii,7,+0F)FzD
12,.text,445151,445151,ascii,7,*0F)FzD
12,.text,445179,445179,ascii,5,F0FzD
12,.text,445205,445205,ascii,5,F0FzD
12,.text,445231,445231,ascii,7,F0F)FzD
12,.text,445245,445245,ascii,7,*0F)FzD
12,.text,445283,445283,ascii,5,F0FzD
12,.text,445309,445309,ascii,7,F0F)FzD
12,.text,445322,445322,ascii,8,t*0F)FzD
12,.text,445361,445361,ascii,7,F0F)FzD
12,.text,445374,445374,ascii,8,L*0F)FzD
12,.text,445403,445403,ascii,5,F0FzD
12,.text,445429,445429,ascii,7,F0F)FzD
12,.text,445443,445443,ascii,7,*0F)FzD
12,.text,445457,445457,ascii,7,*0F)FzD
12,.text,445471,445471,ascii,7,*0F)FzD
12,.text,445485,445485,ascii,7,)0F)FzD
12,.text,445499,445499,ascii,7,)0F)FzD
12,.text,445513,445513,ascii,7,)0F)FzD
12,.text,445527,445527,ascii,7,)0F)FzD
12,.text,445555,445555,ascii,5,F0FzD
12,.text,445583,445583,ascii,5,${D(F
12,.text,445685,445685,ascii,5,&{D(F
12,.text,445700,445700,ascii,4,H9(F
12,.text,445737,445737,ascii,5,!{D(F
12,.text,445750,445750,ascii,4,09(F
12,.text,445757,445757,ascii,4,!{D*
12,.text,445772,445772,ascii,4,{D(F
12,.text,445788,445788,ascii,4,(F{D
12,.text,445943,445943,ascii,4,F0ip
12,.text,446124,446124,ascii,4,@FyD
12,.text,446255,446255,ascii,5,0@FyD
12,.text,446349,446349,ascii,5,%yD F
12,.text,446376,446376,ascii,4, FyD
12,.text,446872,446872,ascii,4,| n#
12,.text,447348,447348,ascii,17,gl_MaxDrawBuffers
12,.text,447368,447368,ascii,23,gl_MaxTextureImageUnits
12,.text,447392,447392,ascii,29,gl_MaxVertexTextureImageUnits
12,.text,447424,447424,ascii,31,gl_MaxCombinedTextureImageUnits
12,.text,447456,447456,ascii,19,gl_MaxVertexAttribs
12,.text,447672,447672,ascii,19,gl_MaxVaryingFloats
12,.text,448355,448355,ascii,5,h0F!F
12,.text,448364,448364,ascii,4,0FAF
12,.text,448374,448374,ascii,6,(Fh!nc
12,.text,448392,448392,ascii,4,0FAF
12,.text,448443,448443,ascii,7,F(KzD{D
12,.text,448519,448519,ascii,5,h0F!F
12,.text,448528,448528,ascii,6,0FQFBF
12,.text,448538,448538,ascii,6,(Fh!nc
12,.text,448556,448556,ascii,6,0FQFBF
12,.text,448644,448644,ascii,4,|@D!
12,.text,448653,448653,ascii,5,F'HxD
12,.text,448669,448669,ascii,5,",1FJF"
12,.text,448712,448712,ascii,4,C$.F
12,.text,448857,448857,ascii,7,%~D0h!F
12,.text,448914,448914,ascii,4,@FJF
12,.text,448965,448965,ascii,4,e+-5
12,.text,449010,449010,ascii,4,yD F
12,.text,449021,449021,ascii,5,I FyD
12,.text,449158,449158,ascii,6,!F*FCF
12,.text,449171,449171,ascii,7,p!F*FCF
12,.text,449195,449195,ascii,7,@0FAF*F
12,.text,449358,449358,ascii,4,H-zD
12,.text,449418,449418,ascii,5,pFuFP
12,.text,449447,449447,ascii,4,fvFV
12,.text,449456,449456,ascii,5,2`sFS
12,.text,449506,449506,ascii,4,pFtF
12,.text,449549,449549,ascii,4,itFD
12,.text,449596,449596,ascii,4,",FAF"
12,.text,449616,449616,ascii,4,\\~D
12,.text,449659,449659,ascii,4,h!hQ
12,.text,450752,450752,ascii,8,""" #FRhbD"
12,.text,450828,450828,ascii,4,$h F
12,.text,450929,450929,ascii,5,!@h`D
12,.text,450983,450983,ascii,4,h!hQ
12,.text,451020,451020,ascii,4,qFtF
12,.text,451088,451088,ascii,5,!0X`R
12,.text,451239,451239,ascii,4,FyD1
12,.text,451269,451269,ascii,4,LzD1
12,.text,451293,451293,ascii,6,5yD{D1
12,.text,451531,451531,ascii,4,aKj\
12,.text,451857,451857,ascii,4,aKj\
12,.text,451914,451914,ascii,4,S` D
12,.text,451955,451955,ascii,4,aTja
12,.text,452015,452015,ascii,4,hbiR
12,.text,452063,452063,ascii,4,aTja
12,.text,452129,452129,ascii,4,"h""hR"
12,.text,452168,452168,ascii,4,S` D
12,.text,452321,452321,ascii,4,aVju
12,.text,452379,452379,ascii,4,h+hR
12,.text,452423,452423,ascii,4,h#hR
12,.text,452555,452555,ascii,4,h#hR
12,.text,452643,452643,ascii,4,h#hR
12,.text,452937,452937,ascii,4,h+hR
12,.text,452981,452981,ascii,4,h#hR
12,.text,453025,453025,ascii,4,h#hR
12,.text,453069,453069,ascii,4,h+hR
12,.text,453157,453157,ascii,4,h#hR
12,.text,453201,453201,ascii,4,h#hR
12,.text,453245,453245,ascii,4,h#hR
12,.text,453289,453289,ascii,4,h+hR
12,.text,453421,453421,ascii,4,h+hR
12,.text,453817,453817,ascii,4,h+hR
12,.text,453861,453861,ascii,4,h+hR
12,.text,453993,453993,ascii,4,h+hR
12,.text,454037,454037,ascii,4,h+hR
12,.text,454081,454081,ascii,4,h+hR
12,.text,454125,454125,ascii,4,h#hR
12,.text,454169,454169,ascii,4,h#hR
12,.text,454213,454213,ascii,4,h#hR
12,.text,454257,454257,ascii,4,h+hR
12,.text,454301,454301,ascii,4,h+hR
12,.text,454345,454345,ascii,4,h#hR
12,.text,454389,454389,ascii,4,h+hR
12,.text,454433,454433,ascii,4,h#hR
12,.text,454477,454477,ascii,4,h#hR
12,.text,454521,454521,ascii,4,h#hR
12,.text,454565,454565,ascii,4,h#hR
12,.text,454609,454609,ascii,4,h#hR
12,.text,454653,454653,ascii,4,h#hR
12,.text,454697,454697,ascii,4,h#hR
12,.text,454741,454741,ascii,4,h#hR
12,.text,454785,454785,ascii,4,h+hR
12,.text,454829,454829,ascii,4,h#hR
12,.text,455005,455005,ascii,4,h+hR
12,.text,455049,455049,ascii,4,h+hR
12,.text,455093,455093,ascii,4,h#hR
12,.text,455137,455137,ascii,4,h+hR
12,.text,455181,455181,ascii,4,h#hR
12,.text,455225,455225,ascii,4,h+hR
12,.text,455401,455401,ascii,4,h+hR
12,.text,455621,455621,ascii,4,h+hR
12,.text,455665,455665,ascii,4,h+hR
12,.text,455709,455709,ascii,4,h#hR
12,.text,455753,455753,ascii,4,h+hR
12,.text,455797,455797,ascii,4,h#hR
12,.text,455841,455841,ascii,4,h#hR
12,.text,455973,455973,ascii,4,h+hR
12,.text,456017,456017,ascii,4,h#hR
12,.text,456061,456061,ascii,4,h+hR
12,.text,456105,456105,ascii,4,h#hR
12,.text,456149,456149,ascii,4,h+hR
12,.text,456193,456193,ascii,4,h+hR
12,.text,456237,456237,ascii,4,h#hR
12,.text,456281,456281,ascii,4,h+hR
12,.text,456369,456369,ascii,4,h+hR
12,.text,456633,456633,ascii,4,h+hR
12,.text,456677,456677,ascii,4,h+hR
12,.text,456721,456721,ascii,4,h+hR
12,.text,456765,456765,ascii,4,h+hR
12,.text,456809,456809,ascii,4,h#hR
12,.text,456853,456853,ascii,4,h#hR
12,.text,456897,456897,ascii,4,h+hR
12,.text,456941,456941,ascii,4,h+hR
12,.text,456985,456985,ascii,4,h+hR
12,.text,457029,457029,ascii,4,h#hR
12,.text,457073,457073,ascii,4,h+hR
12,.text,457117,457117,ascii,4,h+hR
12,.text,457557,457557,ascii,4,h+hR
12,.text,457601,457601,ascii,4,h+hR
12,.text,457645,457645,ascii,4,h+hR
12,.text,457733,457733,ascii,4,h+hR
12,.text,457777,457777,ascii,4,h+hR
12,.text,457821,457821,ascii,4,h+hR
12,.text,457865,457865,ascii,4,h#hR
12,.text,457909,457909,ascii,4,h#hR
12,.text,457953,457953,ascii,4,h#hR
12,.text,457997,457997,ascii,4,h+hR
12,.text,458085,458085,ascii,4,h#hR
12,.text,458129,458129,ascii,4,h#hR
12,.text,458173,458173,ascii,4,h#hR
12,.text,458217,458217,ascii,4,h#hR
12,.text,458261,458261,ascii,4,h#hR
12,.text,458305,458305,ascii,4,h#hR
12,.text,458349,458349,ascii,4,h#hR
12,.text,458393,458393,ascii,4,h#hR
12,.text,458437,458437,ascii,4,h#hR
12,.text,458481,458481,ascii,4,h#hR
12,.text,458525,458525,ascii,4,h#hR
12,.text,458569,458569,ascii,4,h+hR
12,.text,458613,458613,ascii,4,h#hR
12,.text,458657,458657,ascii,4,h#hR
12,.text,458701,458701,ascii,4,h#hR
12,.text,459317,459317,ascii,4,h+hR
12,.text,459361,459361,ascii,4,h+hR
12,.text,459405,459405,ascii,4,h+hR
12,.text,459449,459449,ascii,4,h+hR
12,.text,459493,459493,ascii,4,h+hR
12,.text,459537,459537,ascii,4,h+hR
12,.text,459581,459581,ascii,4,h+hR
12,.text,459625,459625,ascii,4,h+hR
12,.text,459669,459669,ascii,4,h+hR
12,.text,459713,459713,ascii,4,h+hR
12,.text,459757,459757,ascii,4,h+hR
12,.text,459801,459801,ascii,4,h+hR
12,.text,459845,459845,ascii,4,h+hR
12,.text,459889,459889,ascii,4,h+hR
12,.text,459933,459933,ascii,4,h#hR
12,.text,459977,459977,ascii,4,h#hR
12,.text,460021,460021,ascii,4,h+hR
12,.text,460065,460065,ascii,4,h+hR
12,.text,460109,460109,ascii,4,h+hR
12,.text,460153,460153,ascii,4,h+hR
12,.text,460197,460197,ascii,4,h+hR
12,.text,460241,460241,ascii,4,h+hR
12,.text,460285,460285,ascii,4,h#hR
12,.text,460329,460329,ascii,4,h#hR
12,.text,460373,460373,ascii,4,h+hR
12,.text,460417,460417,ascii,4,h#hR
12,.text,460461,460461,ascii,4,h#hR
12,.text,460505,460505,ascii,4,h#hR
12,.text,460549,460549,ascii,4,h+hR
12,.text,460593,460593,ascii,4,h#hR
12,.text,460637,460637,ascii,4,h+hR
12,.text,460815,460815,ascii,4,h+hR
12,.text,460903,460903,ascii,4,h+hR
12,.text,460991,460991,ascii,4,h+hR
12,.text,461035,461035,ascii,4,h+hR
12,.text,461079,461079,ascii,4,h+hR
12,.text,461123,461123,ascii,4,h+hR
12,.text,461211,461211,ascii,4,h#hR
12,.text,461255,461255,ascii,4,h+hR
12,.text,461299,461299,ascii,4,h+hR
12,.text,461343,461343,ascii,4,h#hR
12,.text,461387,461387,ascii,4,h#hR
12,.text,461431,461431,ascii,4,h+hR
12,.text,461475,461475,ascii,4,h#hR
12,.text,461519,461519,ascii,4,h#hR
12,.text,461563,461563,ascii,4,h#hR
12,.text,461607,461607,ascii,4,h#hR
12,.text,461651,461651,ascii,4,h+hR
12,.text,461695,461695,ascii,4,h#hR
12,.text,461915,461915,ascii,4,h+hR
12,.text,461959,461959,ascii,4,h#hR
12,.text,462003,462003,ascii,4,h+hR
12,.text,462047,462047,ascii,4,h+hR
12,.text,462091,462091,ascii,4,h+hR
12,.text,462135,462135,ascii,4,h+hR
12,.text,462179,462179,ascii,4,h+hR
12,.text,462267,462267,ascii,4,h#hR
12,.text,462311,462311,ascii,4,h#hR
12,.text,462355,462355,ascii,4,h#hR
12,.text,462443,462443,ascii,4,h#hR
12,.text,462531,462531,ascii,4,h+hR
12,.text,462579,462579,ascii,4,aVju
12,.text,462627,462627,ascii,4,aKj^
12,.text,462676,462676,ascii,4,)htF
12,.text,462725,462725,ascii,4,aSj^
12,.text,462803,462803,ascii,4,aKj^
12,.text,462851,462851,ascii,4,aKj^
12,.text,462899,462899,ascii,4,aKj^
12,.text,462949,462949,ascii,4,aSj^
12,.text,463019,463019,ascii,5,FvF%F
12,.text,463059,463059,ascii,4,aKj^
12,.text,463109,463109,ascii,4,aSj^
12,.text,463185,463185,ascii,4,aKj^
12,.text,463239,463239,ascii,4,aVju
12,.text,463299,463299,ascii,4,aKj^
12,.text,463349,463349,ascii,4,aKj^
12,.text,463396,463396,ascii,4,)htF
12,.text,463445,463445,ascii,4,aSj^
12,.text,463525,463525,ascii,4,aSj^
12,.text,463605,463605,ascii,4,aKj^
12,.text,463654,463654,ascii,4,)htF
12,.text,463701,463701,ascii,4,aKj^
12,.text,463751,463751,ascii,4,aSj^
12,.text,463821,463821,ascii,5,FvF%F
12,.text,463863,463863,ascii,4,aSj^
12,.text,463943,463943,ascii,4,aSj^
12,.text,464023,464023,ascii,4,aSj^
12,.text,464125,464125,ascii,4,aKj^
12,.text,464273,464273,ascii,4,aKj^
12,.text,464323,464323,ascii,4,aSj^
12,.text,464339,464339,ascii,5,`n&Qb
12,.text,464423,464423,ascii,4,aKj^
12,.text,464477,464477,ascii,4,aKj^
12,.text,464531,464531,ascii,4,aKj^
12,.text,464585,464585,ascii,4,aKj^
12,.text,464633,464633,ascii,4,aKj^
12,.text,464681,464681,ascii,4,aKj^
12,.text,464729,464729,ascii,4,aKj^
12,.text,464777,464777,ascii,4,aKj^
12,.text,464827,464827,ascii,4,aKj^
12,.text,464876,464876,ascii,4,)htF
12,.text,464925,464925,ascii,4,aKj^
12,.text,464974,464974,ascii,4,)htF
12,.text,465021,465021,ascii,4,aKj^
12,.text,465065,465065,ascii,4,aKj^
12,.text,465111,465111,ascii,4,aKj^
12,.text,465162,465162,ascii,4,)htF
12,.text,465203,465203,ascii,4,aKj^
12,.text,465252,465252,ascii,4,)htF
12,.text,465301,465301,ascii,4,aKj^
12,.text,465350,465350,ascii,4,)htF
12,.text,465399,465399,ascii,4,aSj^
12,.text,465467,465467,ascii,5,FvF%F
12,.text,465517,465517,ascii,4,aSj^
12,.text,465587,465587,ascii,5,FvF%F
12,.text,465629,465629,ascii,4,aSj^
12,.text,465699,465699,ascii,5,FvF%F
12,.text,465739,465739,ascii,4,aKj^
12,.text,465788,465788,ascii,4,)htF
12,.text,465835,465835,ascii,4,aKj^
12,.text,465884,465884,ascii,4,)htF
12,.text,465931,465931,ascii,4,aSj^
12,.text,466009,466009,ascii,4,aSj^
12,.text,466089,466089,ascii,4,aSj^
12,.text,466169,466169,ascii,4,aSj^
12,.text,466249,466249,ascii,4,aSj^
12,.text,466329,466329,ascii,4,aSj^
12,.text,466409,466409,ascii,4,aSj^
12,.text,466489,466489,ascii,4,aSj^
12,.text,466763,466763,ascii,4,aSj^
12,.text,466843,466843,ascii,4,aSj^
12,.text,466923,466923,ascii,4,aSj^
12,.text,467000,467000,ascii,4,p!zD
12,.text,467027,467027,ascii,4,aSj^
12,.text,467105,467105,ascii,4,aKj^
12,.text,467153,467153,ascii,4,aKj^
12,.text,467201,467201,ascii,4,aKj^
12,.text,467251,467251,ascii,4,aSj^
12,.text,467267,467267,ascii,5,`n&Qb
12,.text,467353,467353,ascii,4,aSj^
12,.text,467369,467369,ascii,5,`n&Qb
12,.text,467455,467455,ascii,4,aSj^
12,.text,467502,467502,ascii,4,x%#h
12,.text,467521,467521,ascii,5,FvF%F
12,.text,467571,467571,ascii,4,aSj^
12,.text,467675,467675,ascii,4,aSj^
12,.text,467745,467745,ascii,5,FvF%F
12,.text,467787,467787,ascii,4,aSj^
12,.text,467832,467832,ascii,6,)h0FtF
12,.text,467873,467873,ascii,4,aKj^
12,.text,467927,467927,ascii,4,aKj^
12,.text,467975,467975,ascii,4,aKj^
12,.text,468023,468023,ascii,4,aKj^
12,.text,468073,468073,ascii,4,aKj^
12,.text,468122,468122,ascii,4,)htF
12,.text,468171,468171,ascii,4,aKj^
12,.text,468220,468220,ascii,4,)htF
12,.text,468269,468269,ascii,4,aSj^
12,.text,468347,468347,ascii,4,aSj^
12,.text,468427,468427,ascii,4,aSj^
12,.text,468507,468507,ascii,4,aSj^
12,.text,468585,468585,ascii,4,aKj^
12,.text,468633,468633,ascii,4,aKj^
12,.text,468691,468691,ascii,4,aSj^
12,.text,468740,468740,ascii,4,n%#h
12,.text,468759,468759,ascii,5,FvF%F
12,.text,468809,468809,ascii,4,aSj^
12,.text,468860,468860,ascii,4,n%#h
12,.text,468879,468879,ascii,5,FvF%F
12,.text,468921,468921,ascii,4,aSj^
12,.text,468937,468937,ascii,5,`n&Qb
12,.text,469023,469023,ascii,4,aSj^
12,.text,469039,469039,ascii,5,`n&Qb
12,.text,469098,469098,ascii,4,`)zD
12,.text,469125,469125,ascii,4,aSj^
12,.text,469176,469176,ascii,4,n%#h
12,.text,469195,469195,ascii,5,FvF%F
12,.text,469237,469237,ascii,4,aSj^
12,.text,469314,469314,ascii,4,",*zD"
12,.text,469339,469339,ascii,4,aKj^
12,.text,469389,469389,ascii,4,aKj^
12,.text,469438,469438,ascii,4,)htF
12,.text,469485,469485,ascii,4,aKj^
12,.text,469533,469533,ascii,4,aKj^
12,.text,469583,469583,ascii,4,aSj^
12,.text,469599,469599,ascii,5,`n&Qb
12,.text,469658,469658,ascii,4,x+zD
12,.text,469685,469685,ascii,4,aSj^
12,.text,469701,469701,ascii,5,`n&Qb
12,.text,469785,469785,ascii,4,aKj^
12,.text,469835,469835,ascii,4,aKj^
12,.text,469884,469884,ascii,4,)htF
12,.text,469931,469931,ascii,4,aKj^
12,.text,469979,469979,ascii,4,aNju
12,.text,470033,470033,ascii,4,aKj^
12,.text,470087,470087,ascii,4,aKj^
12,.text,470135,470135,ascii,4,aKj^
12,.text,470185,470185,ascii,4,aSj^
12,.text,470257,470257,ascii,4,aSj^
12,.text,470329,470329,ascii,4,aKj^
12,.text,470378,470378,ascii,4,)htF
12,.text,470427,470427,ascii,4,aSj^
12,.text,470507,470507,ascii,4,aSj^
12,.text,470587,470587,ascii,4,aSj^
12,.text,470673,470673,ascii,4,aSj^
12,.text,470689,470689,ascii,5,`n&Qb
12,.text,470748,470748,ascii,4,D/zD
12,.text,470775,470775,ascii,4,aSj^
12,.text,470791,470791,ascii,5,`n&Qb
12,.text,470877,470877,ascii,4,aSj^
12,.text,470949,470949,ascii,4,aSj^
12,.text,470996,470996,ascii,4,x%#h
12,.text,471015,471015,ascii,5,FvF%F
12,.text,471065,471065,ascii,4,aSj^
12,.text,471169,471169,ascii,4,aSj^
12,.text,471251,471251,ascii,4,aKj^
12,.text,471315,471315,ascii,4,aKj^
12,.text,471365,471365,ascii,4,aSj^
12,.text,471381,471381,ascii,5,`n&Qb
12,.text,471467,471467,ascii,4,aSj^
12,.text,471483,471483,ascii,5,`n&Qb
12,.text,471542,471542,ascii,4,"L,zD"
12,.text,471569,471569,ascii,4,aSj^
12,.text,471585,471585,ascii,5,`n&Qb
12,.text,471671,471671,ascii,4,aSj^
12,.text,471687,471687,ascii,5,`n&Qb
12,.text,471773,471773,ascii,4,aSj^
12,.text,471818,471818,ascii,6,)h0FtF
12,.text,471861,471861,ascii,4,aSj^
12,.text,471906,471906,ascii,6,)h0FtF
12,.text,471947,471947,ascii,4,aKj^
12,.text,472001,472001,ascii,4,aNju
12,.text,472006,472006,ascii,4,U`0D
12,.text,472057,472057,ascii,4,aKj^
12,.text,472105,472105,ascii,4,aKj^
12,.text,472153,472153,ascii,4,aKj^
12,.text,472201,472201,ascii,4,aKj^
12,.text,472249,472249,ascii,4,aKj^
12,.text,472297,472297,ascii,4,aKj^
12,.text,472345,472345,ascii,4,aKj^
12,.text,472395,472395,ascii,4,aKj^
12,.text,472444,472444,ascii,4,)htF
12,.text,472493,472493,ascii,4,aSj^
12,.text,472565,472565,ascii,4,aKj^
12,.text,472614,472614,ascii,4,)htF
12,.text,472661,472661,ascii,4,aKj^
12,.text,472711,472711,ascii,4,aKj^
12,.text,472760,472760,ascii,4,)htF
12,.text,472809,472809,ascii,4,aKj^
12,.text,472858,472858,ascii,4,)htF
12,.text,472907,472907,ascii,4,aKj^
12,.text,472956,472956,ascii,4,)htF
12,.text,473005,473005,ascii,4,aSj^
12,.text,473075,473075,ascii,5,FvF%F
12,.text,473117,473117,ascii,4,aSj^
12,.text,473195,473195,ascii,4,aSj^
12,.text,473273,473273,ascii,4,aSj^
12,.text,473353,473353,ascii,4,aSj^
12,.text,473433,473433,ascii,4,aSj^
12,.text,473513,473513,ascii,4,aSj^
12,.text,473593,473593,ascii,4,aSj^
12,.text,473673,473673,ascii,4,aSj^
12,.text,473753,473753,ascii,4,aSj^
12,.text,473833,473833,ascii,4,aSj^
12,.text,473913,473913,ascii,4,aSj^
12,.text,473993,473993,ascii,4,aSj^
12,.text,474073,474073,ascii,4,aSj^
12,.text,474153,474153,ascii,4,aSj^
12,.text,474233,474233,ascii,4,aSj^
12,.text,474306,474306,ascii,4,nJzD
12,.text,474333,474333,ascii,4,aSj^
12,.text,474413,474413,ascii,4,aSj^
12,.text,474493,474493,ascii,4,aSj^
12,.text,474571,474571,ascii,4,aKj^
12,.text,474619,474619,ascii,4,aKj^
12,.text,474957,474957,ascii,4,aKj^
12,.text,475005,475005,ascii,4,aKj^
12,.text,475053,475053,ascii,4,aKj^
12,.text,475101,475101,ascii,4,aKj^
12,.text,475149,475149,ascii,4,aKj^
12,.text,475197,475197,ascii,4,aKj^
12,.text,475245,475245,ascii,4,aKj^
12,.text,475295,475295,ascii,6,#3aSj]
12,.text,475315,475315,ascii,4,%SbZ
12,.text,475367,475367,ascii,6,#3aSj]
12,.text,475387,475387,ascii,4,%SbZ
12,.text,475439,475439,ascii,6,#3aSj]
12,.text,475459,475459,ascii,4,%SbZ
12,.text,475511,475511,ascii,4,aSj^
12,.text,475527,475527,ascii,5,`n&Qb
12,.text,475586,475586,ascii,4,4#zD
12,.text,475613,475613,ascii,4,aSj^
12,.text,475629,475629,ascii,5,`n&Qb
12,.text,475715,475715,ascii,4,aSj^
12,.text,475731,475731,ascii,5,`n&Qb
12,.text,475817,475817,ascii,4,aSj^
12,.text,475833,475833,ascii,5,`n&Qb
12,.text,475892,475892,ascii,4,L$zD
12,.text,475919,475919,ascii,4,aSj^
12,.text,475935,475935,ascii,5,`n&Qb
12,.text,476021,476021,ascii,4,aSj^
12,.text,476037,476037,ascii,5,`n&Qb
12,.text,476123,476123,ascii,4,aSj^
12,.text,476139,476139,ascii,5,`n&Qb
12,.text,476198,476198,ascii,4,h%zD
12,.text,476225,476225,ascii,4,aSj^
12,.text,476241,476241,ascii,5,`n&Qb
12,.text,476327,476327,ascii,4,aSj^
12,.text,476343,476343,ascii,5,`n&Qb
12,.text,476402,476402,ascii,4,$&zD
12,.text,476429,476429,ascii,4,aSj^
12,.text,476445,476445,ascii,5,`n&Qb
12,.text,476531,476531,ascii,4,aSj^
12,.text,476582,476582,ascii,4,n%#h
12,.text,476601,476601,ascii,5,FvF%F
12,.text,476643,476643,ascii,4,aSj^
12,.text,476694,476694,ascii,4,n%#h
12,.text,476713,476713,ascii,5,FvF%F
12,.text,476755,476755,ascii,4,aSj^
12,.text,476771,476771,ascii,5,`n&Qb
12,.text,476857,476857,ascii,4,aSj^
12,.text,476929,476929,ascii,4,aSj^
12,.text,476945,476945,ascii,5,`n&Qb
12,.text,477004,477004,ascii,4,\(zD
12,.text,477031,477031,ascii,4,aSj^
12,.text,477047,477047,ascii,5,`n&Qb
12,.text,477133,477133,ascii,4,aSj^
12,.text,477149,477149,ascii,5,`n&Qb
12,.text,477235,477235,ascii,4,aSj^
12,.text,477251,477251,ascii,5,`n&Qb
12,.text,477310,477310,ascii,4,x)zD
12,.text,477337,477337,ascii,4,aSj^
12,.text,477384,477384,ascii,4,x%#h
12,.text,477403,477403,ascii,5,FvF%F
12,.text,477453,477453,ascii,4,aSj^
12,.text,477500,477500,ascii,4,x%#h
12,.text,477519,477519,ascii,5,FvF%F
12,.text,477569,477569,ascii,4,aKj^
12,.text,477618,477618,ascii,4,)htF
12,.text,477667,477667,ascii,4,aSj^
12,.text,477737,477737,ascii,5,FvF%F
12,.text,477779,477779,ascii,4,aSj^
12,.text,477849,477849,ascii,5,FvF%F
12,.text,477891,477891,ascii,4,aSj^
12,.text,477961,477961,ascii,5,FvF%F
12,.text,478003,478003,ascii,4,aSj^
12,.text,478089,478089,ascii,4,aVju
12,.text,478171,478171,ascii,4,aKj^
12,.text,478231,478231,ascii,4,aVju
12,.text,478293,478293,ascii,4,aSj^
12,.text,478363,478363,ascii,4,aKj^
12,.text,478413,478413,ascii,4,aKj^
12,.text,478462,478462,ascii,4,)htF
12,.text,478509,478509,ascii,4,aKj^
12,.text,478559,478559,ascii,4,aKj^
12,.text,478608,478608,ascii,4,)htF
12,.text,478657,478657,ascii,4,aKj^
12,.text,478706,478706,ascii,4,)htF
12,.text,478755,478755,ascii,4,aKj^
12,.text,478804,478804,ascii,4,)htF
12,.text,478853,478853,ascii,4,aKj^
12,.text,478902,478902,ascii,4,)htF
12,.text,478949,478949,ascii,4,aKj^
12,.text,478999,478999,ascii,4,aSj^
12,.text,479069,479069,ascii,5,FvF%F
12,.text,479111,479111,ascii,4,aKj^
12,.text,479160,479160,ascii,4,)htF
12,.text,479209,479209,ascii,4,aKj^
12,.text,479258,479258,ascii,4,)htF
12,.text,479307,479307,ascii,4,aSj^
12,.text,479377,479377,ascii,5,FvF%F
12,.text,479419,479419,ascii,4,aSj^
12,.text,479497,479497,ascii,4,aSj^
12,.text,479577,479577,ascii,4,aSj^
12,.text,479655,479655,ascii,4,aSj^
12,.text,479733,479733,ascii,4,aSj^
12,.text,479811,479811,ascii,4,aSj^
12,.text,479889,479889,ascii,4,aSj^
12,.text,479967,479967,ascii,4,+zD1
12,.text,479991,479991,ascii,4,aSj^
12,.text,480067,480067,ascii,4,aKj^
12,.text,480113,480113,ascii,4,aKj^
12,.text,480159,480159,ascii,4,aKj^
12,.text,480205,480205,ascii,4,aKj^
12,.text,480253,480253,ascii,4,aSj^
12,.text,480269,480269,ascii,5,`n&Qb
12,.text,480328,480328,ascii,5,l*zD|
12,.text,480353,480353,ascii,4,aSj^
12,.text,480402,480402,ascii,4,n%#h
12,.text,480421,480421,ascii,5,FvF%F
12,.text,480469,480469,ascii,4,aSj^
12,.text,480485,480485,ascii,5,`n&Qb
12,.text,480569,480569,ascii,4,aSj^
12,.text,480585,480585,ascii,5,`n&Qb
12,.text,480644,480644,ascii,4,D)zD
12,.text,480669,480669,ascii,4,aSj^
12,.text,480685,480685,ascii,5,`n&Qb
12,.text,480769,480769,ascii,4,aSj^
12,.text,480847,480847,ascii,4,(zDy
12,.text,480871,480871,ascii,4,aSj^
12,.text,480946,480946,ascii,5,",(zDG"
12,.text,480969,480969,ascii,4,aKj^
12,.text,481017,481017,ascii,4,aSj^
12,.text,481095,481095,ascii,4,aSj^
12,.text,481163,481163,ascii,5,FvF%F
12,.text,481205,481205,ascii,4,aSj^
12,.text,481281,481281,ascii,4,aKj^
12,.text,481327,481327,ascii,4,aKj^
12,.text,481375,481375,ascii,4,aSj^
12,.text,481453,481453,ascii,4,aSj^
12,.text,481469,481469,ascii,5,`n&Qb
12,.text,481528,481528,ascii,5,|.zD$
12,.text,481536,481536,ascii,4,<.zD
12,.text,481552,481552,ascii,4,\.zD
12,.text,481577,481577,ascii,7,.zD+h1F
12,.text,481588,481588,ascii,4,h-zD
12,.text,481596,481596,ascii,4,4.zD
12,.text,481604,481604,ascii,6,\-zD+h
12,.text,481671,481671,ascii,5,FvF%F
12,.text,481719,481719,ascii,5,FvF%F
12,.text,481767,481767,ascii,5,FvF%F
12,.text,481815,481815,ascii,5,FvF%F
12,.text,481863,481863,ascii,5,FvF%F
12,.text,481911,481911,ascii,5,FvF%F
12,.text,481959,481959,ascii,5,FvF%F
12,.text,482003,482003,ascii,4,.zD)
12,.text,482033,482033,ascii,5,FvF%F
12,.text,482081,482081,ascii,5,FvF%F
12,.text,482129,482129,ascii,5,FvF%F
12,.text,482177,482177,ascii,5,FvF%F
12,.text,482225,482225,ascii,5,FvF%F
12,.text,482273,482273,ascii,5,FvF%F
12,.text,482321,482321,ascii,5,FvF%F
12,.text,482369,482369,ascii,5,FvF%F
12,.text,482390,482390,ascii,4,n&#h
12,.text,482413,482413,ascii,5,FvF%F
12,.text,482459,482459,ascii,5,FvF%F
12,.text,482500,482500,ascii,5," ,zD0"
12,.text,482531,482531,ascii,5,FvF%F
12,.text,482577,482577,ascii,5,FvF%F
12,.text,482651,482651,ascii,5,FvF%F
12,.text,482667,482667,ascii,4,`zDm
12,.text,482690,482690,ascii,6,)h0FtF
12,.text,482707,482707,ascii,4,`zDD
12,.text,482737,482737,ascii,5,FvF%F
12,.text,482753,482753,ascii,4,`zDB
12,.text,482783,482783,ascii,5,FvF%F
12,.text,482799,482799,ascii,4,`zD+
12,.text,482855,482855,ascii,5,FvF%F
12,.text,482901,482901,ascii,5,FvF%F
12,.text,482947,482947,ascii,5,FvF%F
12,.text,483069,483069,ascii,5,FvF%F
12,.text,483115,483115,ascii,5,FvF%F
12,.text,483161,483161,ascii,5,FvF%F
12,.text,483177,483177,ascii,4,`zDn
12,.text,483207,483207,ascii,5,FvF%F
12,.text,483223,483223,ascii,4,`zDW
12,.text,483253,483253,ascii,5,FvF%F
12,.text,483269,483269,ascii,4,`zD@
12,.text,483299,483299,ascii,5,FvF%F
12,.text,483315,483315,ascii,4,`zD)
12,.text,483345,483345,ascii,5,FvF%F
12,.text,483391,483391,ascii,5,FvF%F
12,.text,483439,483439,ascii,5,FvF%F
12,.text,483487,483487,ascii,5,FvF%F
12,.text,483535,483535,ascii,5,FvF%F
12,.text,483583,483583,ascii,5,FvF%F
12,.text,483629,483629,ascii,5,FvF%F
12,.text,483703,483703,ascii,5,FvF%F
12,.text,483719,483719,ascii,4,`zD_
12,.text,483749,483749,ascii,5,FvF%F
12,.text,483765,483765,ascii,4,`zDH
12,.text,483795,483795,ascii,5,FvF%F
12,.text,483811,483811,ascii,4,`zD1
12,.text,483841,483841,ascii,5,FvF%F
12,.text,483889,483889,ascii,5,FvF%F
12,.text,483935,483935,ascii,5,FvF%F
12,.text,483981,483981,ascii,5,FvF%F
12,.text,484027,484027,ascii,5,FvF%F
12,.text,484050,484050,ascii,4,t&zD
12,.text,484060,484060,ascii,4,\&zD
12,.text,484070,484070,ascii,4,d&zD
12,.text,484080,484080,ascii,4,T&zD
12,.text,484090,484090,ascii,4,@&zD
12,.text,484100,484100,ascii,4,\$zD
12,.text,484110,484110,ascii,4,8$zD
12,.text,484120,484120,ascii,4,x$zD
12,.text,484130,484130,ascii,4,d$zD
12,.text,484140,484140,ascii,4,P$zD
12,.text,484150,484150,ascii,4,$$zD
12,.text,484170,484170,ascii,4,8$zD
12,.text,484180,484180,ascii,4,",$zD"
12,.text,484278,484278,ascii,6,)h0FtF
12,.text,484295,484295,ascii,4,`zD*
12,.text,484300,484300,ascii,6,)h0FtF
12,.text,484322,484322,ascii,6,)h0FtF
12,.text,484344,484344,ascii,6,)h0FtF
12,.text,484366,484366,ascii,6,)h0FtF
12,.text,484383,484383,ascii,7,`zD)h h
12,.text,484392,484392,ascii,4,n%#h
12,.text,484411,484411,ascii,5,FvF%F
12,.text,484425,484425,ascii,7,`zD)h0h
12,.text,484480,484480,ascii,4,H$zD
12,.text,484490,484490,ascii,4,$$zD
12,.text,484500,484500,ascii,4,<$zD
12,.text,484518,484518,ascii,4,`$zD
12,.text,484770,484770,ascii,4,cJzD
12,.text,484818,484818,ascii,4,uJzD
12,.text,484850,484850,ascii,4,hJzD
12,.text,484925,484925,ascii,4,aVjp
12,.text,484930,484930,ascii,6,X`8H1D
12,.text,484986,484986,ascii,4,*HxD
12,.text,485032,485032,ascii,28,input in flex scanner failed
12,.text,485064,485064,ascii,43,fatal error - scanner input buffer overflow
12,.text,485108,485108,ascii,45,out of dynamic memory in yy_get_next_buffer()
12,.text,485800,485800,ascii,63,out of dynamic memory in _mesa_glsl_lexer_ensure_buffer_stack()
12,.text,485903,485903,ascii,9, )Fpa0FBF
12,.text,485932,485932,ascii,58,out of dynamic memory in _mesa_glsl_lexer__create_buffer()
12,.text,486008,486008,ascii,4,hi!F
12,.text,486024,486024,ascii,4,hi!F
12,.text,486093,486093,ascii,4,h*`F
12,.text,486150,486150,ascii,4,AF#F
12,.text,486162,486162,ascii,4,AF#F
12,.text,486192,486192,ascii,46,signed literal value `%s' is interpreted as %d
12,.text,486240,486240,ascii,31,literal value `%s' out of range
12,.text,486405,486405,ascii,4,0+D4
12,.text,486519,486519,ascii,4,hbiB
12,.text,486537,486537,ascii,5," )F""F"
12,.text,486547,486547,ascii,4,haiQ
12,.text,486559,486559,ascii,6,"h""ebbQ"
12,.text,486597,486597,ascii,5,F F1F
12,.text,486613,486613,ascii,5,b%`pi
12,.text,486698,486698,ascii,4,`j!~
12,.text,486705,486705,ascii,6,h`ibjP
12,.text,486726,486726,ascii,5,!P`iP
12,.text,486739,486739,ascii,6,"h""ebbP"
12,.text,486755,486755,ascii,5,x!c v
12,.text,486798,486798,ascii,4,! `i
12,.text,486835,486835,ascii,5,pBhSp
12,.text,486885,486885,ascii,4,eHbR
12,.text,486919,486919,ascii,4,haiQ
12,.text,486928,486928,ascii,4,`j!~
12,.text,486935,486935,ascii,6,haibjQ
12,.text,486964,486964,ascii,5, PaiQ
12,.text,486977,486977,ascii,6,"h""ebbQ"
12,.text,486993,486993,ascii,5,x!c v
12,.text,487041,487041,ascii,4,`aiy
12,.text,487057,487057,ascii,6,"h""ebbQ"
12,.text,487073,487073,ascii,5,x!c v
12,.text,487111,487111,ascii,4,%(F]
12,.text,487172,487172,ascii,56,out of dynamic memory in _mesa_glsl_lexer__scan_buffer()
12,.text,487245,487245,ascii,5,"F(F""F"
12,.text,487288,487288,ascii,6, FIF2F
12,.text,487303,487303,ascii,9,UBFHp F)F
12,.text,487340,487340,ascii,44,bad buffer in _mesa_glsl_lexer__scan_bytes()
12,.text,487388,487388,ascii,55,out of dynamic memory in _mesa_glsl_lexer__scan_bytes()
12,.text,487445,487445,ascii,6,hpGAi)
12,.text,487465,487465,ascii,6, pGAi)
12,.text,487480,487480,ascii,4,@jpG
12,.text,487485,487485,ascii,7, pG@hpG
12,.text,487505,487505,ascii,6,`pGJi*
12,.text,487536,487536,ascii,49,_mesa_glsl_lexer_set_lineno called with no buffer
12,.text,487600,487600,ascii,4,HbpG
12,.text,487616,487616,ascii,49,_mesa_glsl_lexer_set_column called with no buffer
12,.text,487668,487668,ascii,4,H`pG
12,.text,487831,487831,ascii,4,$ F]
12,.text,487871,487871,ascii,4,"""aiA"
12,.text,487876,487876,ascii,4,   F
12,.text,487932,487932,ascii,4, Fmh
12,.text,487941,487941,ascii,5,F F*F
12,.text,488300,488300,ascii,10,hh1F+FBh@F
12,.text,488352,488352,ascii,4,"@F""F"
12,.text,488379,488379,ascii,6,!)T hH
12,.text,488386,488386,ascii,5,",AhPZ"
12,.text,488396,488396,ascii,4,@FQF
12,.text,488488,488488,ascii,4,PFIF
12,.text,488544,488544,ascii,4,PFIF
12,.text,488557,488557,ascii,5,"Q(F""F"
12,.text,488568,488568,ascii,5,",AhPH"
12,.text,488584,488584,ascii,4,PFIF
12,.text,488594,488594,ascii,4,$AhP
12,.text,488667,488667,ascii,4,<%FU
12,.text,488824,488824,ascii,4,!iIh
12,.text,488920,488920,ascii,4, i@h
12,.text,489015,489015,ascii,4,<%FU
12,.text,489581,489581,ascii,5,"%PF""F"
12,.text,489604,489604,ascii,4,PF)F
12,.text,489644,489644,ascii,4,PF!F
12,.text,489674,489674,ascii,4,_rPF
12,.text,489768,489768,ascii,4,PFIF
12,.text,489796,489796,ascii,4,PFIF
12,.text,489806,489806,ascii,4,(AhP
12,.text,489836,489836,ascii,22,Unknown shader type %d
12,.text,489875,489875,ascii,4,!!TH
12,.text,489881,489881,ascii,5,@ D$!
12,.text,489907,489907,ascii,5,I `yD
12,.text,489950,489950,ascii,4,!h``
12,.text,489963,489963,ascii,5,""" hAi"
12,.text,489973,489973,ascii,5,1Aa F
12,.text,489980,489980,ascii,23,Shader not compiled yet
12,.text,490033,490033,ascii,6,F6% hP
12,.text,490060,490060,ascii,4,$@ X
12,.text,490070,490070,ascii,4,(@ X
12,.text,490084,490084,ascii,7,0A@\pGH
12,.text,490092,490092,ascii,7,(A@XpGH
12,.text,490100,490100,ascii,7,$A@XpGH
12,.text,490108,490108,ascii,7,",A@XpGH"
12,.text,490117,490117,ascii,6,A@XpGH
12,.text,490125,490125,ascii,6,A@XpGH
12,.text,490133,490133,ascii,6,A@XpGH
12,.text,490141,490141,ascii,5,A@XpG
12,.text,490344,490344,ascii,4, a@X
12,.text,490349,490349,ascii,4,`pGH
12,.text,490374,490374,ascii,4, A@X
12,.text,490388,490388,ascii,4,pGpG
12,.text,490467,490467,ascii,7,&HF*FyD
12,.text,490482,490482,ascii,6,KIHF*F
12,.text,490498,490498,ascii,6,HIHF*F
12,.text,490528,490528,ascii,6,BIHF*F
12,.text,490549,490549,ascii,4,`<IF
12,.text,490560,490560,ascii,6,HFyD*F
12,.text,490576,490576,ascii,6,HFAF*F
12,.text,491053,491053,ascii,7,D(FAFJF
12,.text,491141,491141,ascii,5,a(iFa
12,.text,491418,491418,ascii,4,hiHE
12,.text,491470,491470,ascii,4,hi@i
12,.text,491495,491495,ascii,5,iSa@i
12,.text,491639,491639,ascii,5,"{,3yD"
12,.text,491683,491683,ascii,4,"""yD/"
12,.text,491788,491788,ascii,4,V dF
12,.text,491824,491824,ascii,5,(FIFb
12,.text,492042,492042,ascii,5,H*zD2
12,.text,492203,492203,ascii,4,FxD+
12,.text,493135,493135,ascii,5, YFBF
12,.text,493228,493228,ascii,6,YFBF F
12,.text,493245,493245,ascii,4,R#F-
12,.text,493295,493295,ascii,4,U}DC
12,.text,493326,493326,ascii,5,@4$10
12,.text,493518,493518,ascii,4,@!@$
12,.text,493561,493561,ascii,5,/QhA`
12,.text,493818,493818,ascii,4,(Fla
12,.text,493928,493928,ascii,4,!FzD
12,.text,494025,494025,ascii,4, *!6
12,.text,494053,494053,ascii,4, +!(
12,.text,494175,494175,ascii,4,h`a-
12,.text,494251,494251,ascii,4,h aQ
12,.text,494271,494271,ascii,5,F{HxD
12,.text,494325,494325,ascii,4,h aQ
12,.text,494335,494335,ascii,7,h`a(h c
12,.text,494355,494355,ascii,5,FgHxD
12,.text,494383,494383,ascii,5,FaHxD
12,.text,494415,494415,ascii,5,FZHxD
12,.text,494449,494449,ascii,5,FSHxD
12,.text,494504,494504,ascii,4,D!PF
12,.text,494513,494513,ascii,5,FEHxD
12,.text,494543,494543,ascii,5,$*!xD
12,.text,494551,494551,ascii,6,0(`(F@
12,.text,494558,494558,ascii,4,8Ohc
12,.text,494577,494577,ascii,5,"D.c,d"
12,.text,494614,494614,ascii,4,haPF
12,.text,494630,494630,ascii,6,0F)!*F
12,.text,494644,494644,ascii,4,&HxD
12,.text,495064,495064,ascii,4,D!PF
12,.text,495107,495107,ascii,5,$*!xD
12,.text,495115,495115,ascii,6,0(`(F@
12,.text,495122,495122,ascii,4,8Ohc
12,.text,495141,495141,ascii,5,"D.c,d"
12,.text,495178,495178,ascii,4,haPF
12,.text,495194,495194,ascii,6,0F)!*F
12,.text,495260,495260,ascii,4,D!PF
12,.text,495292,495292,ascii,4,@l(F
12,.text,495305,495305,ascii,5,$*!xD
12,.text,495313,495313,ascii,6,0(`(F@
12,.text,495320,495320,ascii,4,8Ohc
12,.text,495339,495339,ascii,5,"D.c,d"
12,.text,495376,495376,ascii,4,haPF
12,.text,495392,495392,ascii,6,0F)!*F
12,.text,495412,495412,ascii,4,D@xD
12,.text,495419,495419,ascii,4,00`Y
12,.text,496195,496195,ascii,4,h aQ
12,.text,496373,496373,ascii,4,j/)B
12,.text,496556,496556,ascii,5, !`a-
12,.text,496574,496574,ascii,4,`b@F
12,.text,496612,496612,ascii,4, F)F
12,.text,496640,496640,ascii,4,0!0F
12,.text,496660,496660,ascii,4,(FQF
12,.text,496695,496695,ascii,4,"0(`,"
12,.text,496715,496715,ascii,4,h(aT
12,.text,496725,496725,ascii,7,hha0FNF
12,.text,496754,496754,ascii,4,D!xD
12,.text,496834,496834,ascii,4,0!0F
12,.text,496854,496854,ascii,4,(FQF
12,.text,496889,496889,ascii,4,"0(`,"
12,.text,496909,496909,ascii,4,h(aT
12,.text,496919,496919,ascii,7,hha0FNF
12,.text,496948,496948,ascii,4,D!xD
12,.text,497052,497052,ascii,4,0!0F
12,.text,497072,497072,ascii,4,(FIF
12,.text,497107,497107,ascii,4,"0(`,"
12,.text,497114,497114,ascii,6, ih` h
12,.text,497131,497131,ascii,5,hha0F
12,.text,497162,497162,ascii,4,D!xD
12,.text,497169,497169,ascii,5,0(`HF
12,.text,497205,497205,ascii,4,h)aT
12,.text,497277,497277,ascii,4,F x@
12,.text,497346,497346,ascii,4,H)zD
12,.text,497422,497422,ascii,4,1FzD
12,.text,497538,497538,ascii,4,",!(F"
12,.text,497603,497603,ascii,4,h`aV
12,.text,497627,497627,ascii,5,b(Fli
12,.text,497658,497658,ascii,4,",!(F"
12,.text,497689,497689,ascii,4,#2hV
12,.text,497721,497721,ascii,4,h aQ
12,.text,497731,497731,ascii,4,h`aV
12,.text,497755,497755,ascii,5,b(Fli
12,.text,497788,497788,ascii,4,",!(F"
12,.text,497877,497877,ascii,4,p0X4
12,.text,497897,497897,ascii,5,b(Fli
12,.text,497930,497930,ascii,4,",!(F"
12,.text,497961,497961,ascii,4,"""3hV"
12,.text,498033,498033,ascii,5,b(Fli
12,.text,498078,498078,ascii,4, F)F
12,.text,498154,498154,ascii,4,(FAF
12,.text,498169,498169,ascii,5,F(F!h
12,.text,498212,498212,ascii,4,ha0F
12,.text,498292,498292,ascii,4,(FAF
12,.text,498305,498305,ascii,6,"F(F""hT"
12,.text,498352,498352,ascii,4,ha0F
12,.text,498438,498438,ascii,4,(FAF
12,.text,498498,498498,ascii,4,ha0F
12,.text,498520,498520,ascii,4,!X0F
12,.text,498580,498580,ascii,4,(FAF
12,.text,498593,498593,ascii,6,F(F#hT
12,.text,498640,498640,ascii,4,ha0F
12,.text,498728,498728,ascii,4,",!0F"
12,.text,498748,498748,ascii,4,(FQF
12,.text,498772,498772,ascii,8,8! ih` h
12,.text,498791,498791,ascii,5,hha0F
12,.text,498833,498833,ascii,4,h0aT
12,.text,498843,498843,ascii,4,h1c<
12,.text,498852,498852,ascii,4,",!0F"
12,.text,498872,498872,ascii,4,(FQF
12,.text,498896,498896,ascii,8,8! ih` h
12,.text,498915,498915,ascii,5,hha0F
12,.text,498957,498957,ascii,4,h0aT
12,.text,498967,498967,ascii,5,hqcpa
12,.text,499030,499030,ascii,4,D!xD
12,.text,499077,499077,ascii,4,h`a-
12,.text,499128,499128,ascii,4,D!xD
12,.text,499467,499467,ascii,7,h2FyD F
12,.text,499488,499488,ascii,6, F2FyD
12,.text,499898,499898,ascii,5,"x,zD,"
12,.text,500091,500091,ascii,4,+zDh
12,.text,500125,500125,ascii,4,"+)F,"
12,.text,500218,500218,ascii,5,T+zD(
12,.text,500524,500524,ascii,5,4*zD!
12,.text,500748,500748,ascii,4,@!@$
12,.text,500862,500862,ascii,4,!FxD
12,.text,500979,500979,ascii,4,h aU
12,.text,501022,501022,ascii,4,P(zD
12,.text,501058,501058,ascii,4,zD<8
12,.text,501082,501082,ascii,4,) J`
12,.text,502304,502304,ascii,4,"d""xD"
12,.text,502328,502328,ascii,4,"d""xD"
12,.text,502354,502354,ascii,4,"d""xD"
12,.text,502374,502374,ascii,4,4!(F
12,.text,502403,502403,ascii,4,F FV
12,.text,502437,502437,ascii,4,h aQ
12,.text,502447,502447,ascii,4,h`aV
12,.text,502454,502454,ascii,4,NFhi
12,.text,502498,502498,ascii,4,"@, F"
12,.text,502557,502557,ascii,4,haaR
12,.text,502571,502571,ascii,5,$)FzD
12,.text,502580,502580,ascii,4,(F8!
12,.text,502604,502604,ascii,4,(F!F
12,.text,502671,502671,ascii,5,`(hB`
12,.text,502813,502813,ascii,5,% F0!
12,.text,502829,502829,ascii,5,HedxD
12,.text,502837,502837,ascii,4,"0 `,"
12,.text,502962,502962,ascii,4,0!(F
12,.text,502990,502990,ascii,4,"@, F"
12,.text,503017,503017,ascii,4,h aQ
12,.text,503576,503576,ascii,10,uimage2DMS
12,.text,503592,503592,ascii,11,atomic_uint
12,.text,503664,503664,ascii,15,<nil> statement
12,.text,503798,503798,ascii,4,"@, F"
12,.text,504014,504014,ascii,4,",! F"
12,.text,504038,504038,ascii,4,(FAF
12,.text,504051,504051,ascii,6,F(F3hV
12,.text,504064,504064,ascii,4, F8!
12,.text,504086,504086,ascii,4, FNF
12,.text,504111,504111,ascii,4,h(aQ
12,.text,504121,504121,ascii,4,hhaQ
12,.text,504235,504235,ascii,4,h aQ
12,.text,504295,504295,ascii,4,h aQ
12,.text,504525,504525,ascii,4,F FU
12,.text,504562,504562,ascii,5,`a(h@
12,.text,504929,504929,ascii,4,h aQ
12,.text,505072,505072,ascii,4,"@, F"
12,.text,505186,505186,ascii,4,(!(F
12,.text,505231,505231,ascii,4,"0 `,"
12,.text,505253,505253,ascii,4,h aQ
12,.text,505263,505263,ascii,4,h`a-
12,.text,505277,505277,ascii,5,h`bhi
12,.text,505588,505588,ascii,4,x! F
12,.text,505736,505736,ascii,4,x! F
12,.text,505901,505901,ascii,4,h(aX
12,.text,505908,505908,ascii,4,x! F
12,.text,506075,506075,ascii,4,h(aQ
12,.text,506161,506161,ascii,4,hja@
12,.text,506179,506179,ascii,5,",!FzD"
12,.text,506809,506809,ascii,4,h aQ
12,.text,506945,506945,ascii,4,)zDN
12,.text,506956,506956,ascii,4,zD!F
12,.text,506964,506964,ascii,4, F8!
12,.text,506988,506988,ascii,4, F)F
12,.text,507055,507055,ascii,5,` hB`
12,.text,507215,507215,ascii,4,YxD+
12,.text,507238,507238,ascii,5,pYyD+
12,.text,507455,507455,ascii,4,5 h4
12,.text,507489,507489,ascii,4,% h4
12,.text,507551,507551,ascii,6,"'1F#h,"
12,.text,507656,507656,ascii,7,)F2FxDP
12,.text,507664,507664,ascii,4,+@ F
12,.text,507708,507708,ascii,4,aFzD
12,.text,507851,507851,ascii,5,e(C1C
12,.text,507984,507984,ascii,6,)F2FxD
12,.text,508021,508021,ascii,4,"<zD,"
12,.text,508118,508118,ascii,8,D%HFaFzD
12,.text,508136,508136,ascii,6,Bh1C*C
12,.text,508146,508146,ascii,4,$h h
12,.text,508233,508233,ascii,4,"hzD,"
12,.text,508281,508281,ascii,5,hyD F
12,.text,508298,508298,ascii,6, F2FyD
12,.text,508316,508316,ascii,6, F2FyD
12,.text,508334,508334,ascii,6, F2FyD
12,.text,508374,508374,ascii,5,\$zDe
12,.text,508382,508382,ascii,5,"h$zD,"
12,.text,508394,508394,ascii,4,4$ F
12,.text,508430,508430,ascii,5,\$zDI
12,.text,508472,508472,ascii,5,",$#h,"
12,.text,508491,508491,ascii,4,"$1F,"
12,.text,508496,508496,ascii,4,zD#F
12,.text,508553,508553,ascii,4,"hzD,"
12,.text,508593,508593,ascii,4,"hzD,"
12,.text,508653,508653,ascii,5,hyD F
12,.text,508670,508670,ascii,6, F2FyD
12,.text,508685,508685,ascii,7,I F2FyD
12,.text,508701,508701,ascii,7,I F2FyD
12,.text,508717,508717,ascii,7,I F2FyD
12,.text,508775,508775,ascii,4,JzD:
12,.text,508823,508823,ascii,4,"hzD,"
12,.text,508851,508851,ascii,6,H2FxDP
12,.text,508929,508929,ascii,4,"hzD,"
12,.text,509142,509142,ascii,4,~H}D
12,.text,509276,509276,ascii,5,%FZK.
12,.text,509324,509324,ascii,52,out layout qualifiers only valid in geometry shaders
12,.text,509380,509380,ascii,45,invalid geometry shader output primitive type
12,.text,509760,509760,ascii,27,explicit stream requires %s
12,.text,509788,509788,ascii,40,GL_ARB_gpu_shader5 extension or GLSL 400
12,.text,509850,509850,ascii,4,  yD
12,.text,509864,509864,ascii,8,%/*iB`*h
12,.text,509883,509883,ascii,4,hBaD
12,.text,509971,509971,ascii,5,DDd{k
12,.text,510033,510033,ascii,4,gBg]
12,.text,510063,510063,ascii,5,KxD{D
12,.text,510093,510093,ascii,4,HxD0
12,.text,510109,510109,ascii,4,IyDQ
12,.text,510209,510209,ascii,5,!u\UT
12,.text,510298,510298,ascii,5,vHxDP
12,.text,510698,510698,ascii,6,(x p%(
12,.text,510830,510830,ascii,4,rFaF
12,.text,510893,510893,ascii,5,P!` !
12,.text,510910,510910,ascii,4, Fe`
12,.text,510930,510930,ascii,4, a@F
12,.text,510959,510959,ascii,7,I@FfayD
12,.text,511517,511517,ascii,7,a`I FyD
12,.text,511576,511576,ascii,5,]JzDH
12,.text,511597,511597,ascii,6,)YIyDO
12,.text,511618,511618,ascii,4,@FYF
12,.text,511664,511664,ascii,4, F@!
12,.text,511673,511673,ascii,5,FCHxD
12,.text,511679,511679,ascii,5,h0F)F
12,.text,511715,511715,ascii,5,` F@!
12,.text,511748,511748,ascii,4,0F@!
12,.text,511756,511756,ascii,4, F@!
12,.text,511776,511776,ascii,4,0F@!
12,.text,511912,511912,ascii,6,", and "
12,.text,511924,511924,ascii,11,%s%u.%02u%s
12,.text,511977,511977,ascii,5,FyD(F
12,.text,512026,512026,ascii,7,HFQF+Fe
12,.text,512119,512119,ascii,6,F@FQF7
12,.text,512206,512206,ascii,5,;IyDQ
12,.text,512216,512216,ascii,4,7HxD
12,.text,512226,512226,ascii,4,8JQF
12,.text,512232,512232,ascii,6,@FzD3F
12,.text,512246,512246,ascii,4,2JQF
12,.text,512252,512252,ascii,6,@FzD3F
12,.text,512281,512281,ascii,7,D+M{D~D
12,.text,512376,512376,ascii,7,require
12,.text,512384,512384,ascii,6,enable
12,.text,512392,512392,ascii,7,disable
12,.text,512400,512400,ascii,31,unknown extension behavior `%s'
12,.text,512472,512472,ascii,24,cannot %s all extensions
12,.text,512589,512589,ascii,4,DzDK
12,.text,512644,512644,ascii,4,(FZF
12,.text,512668,512668,ascii,4,(FZF
12,.text,512718,512718,ascii,6,'IzDyD
12,.text,512728,512728,ascii,4,RF(F
12,.text,512742,512742,ascii,6,@F)FKF
12,.text,512832,512832,ascii,14, (%s required)
12,.text,512848,512848,ascii,20, (%s or %s required)
12,.text,512880,512880,ascii,10,%s in %s%s
12,.text,513030,513030,ascii,10,LJ@F!F+FzD
12,.text,513052,513052,ascii,4,@F!F
12,.text,513074,513074,ascii,8,MJ@F!FzD
12,.text,513112,513112,ascii,4,@F!F
12,.text,513182,513182,ascii,7, F3IyDO
12,.text,513195,513195,ascii,5,b/N~D
12,.text,513220,513220,ascii,4,!FzD
12,.text,513272,513272,ascii,37,illegal text following version number
12,.text,513312,513312,ascii,4,core
12,.text,513320,513320,ascii,13,compatibility
12,.text,513340,513340,ascii,42,the compatibility profile is not supported
12,.text,513409,513409,ascii,4,IyDQ
12,.text,513419,513419,ascii,7,HxDpG7/
12,.text,513505,513505,ascii,5,h0FAF
12,.text,513534,513534,ascii,6, FQF+F
12,.text,513584,513584,ascii,5,error
12,.text,513592,513592,ascii,7,warning
12,.text,513600,513600,ascii,13,"(%u,%u): %s: "
12,.text,513836,513836,ascii,4,Nk0h
12,.text,513978,513978,ascii,4,'HxD
12,.text,514128,514128,ascii,6,const 
12,.text,514140,514140,ascii,10,attribute 
12,.text,514152,514152,ascii,8,varying 
12,.text,514168,514168,ascii,4,out 
12,.text,514176,514176,ascii,6,inout 
12,.text,514184,514184,ascii,9,centroid 
12,.text,514196,514196,ascii,7,sample 
12,.text,514204,514204,ascii,8,uniform 
12,.text,514216,514216,ascii,7,smooth 
12,.text,514224,514224,ascii,5,flat 
12,.text,514232,514232,ascii,14,noperspective 
12,.text,514256,514256,ascii,15,unhandled node 
12,.text,514333,514333,ascii,5,G$h h
12,.text,514389,514389,ascii,4,-zDA
12,.text,514431,514431,ascii,4,` F]
12,.text,514453,514453,ascii,5,F j0(
12,.text,514466,514466,utf-16le-ascii-subset,84,1>>UUUUUUUUUUUUUUUU>UUU>1111111111X>>LLho|
12,.text,514681,514681,ascii,4,G!k`
12,.text,514748,514748,ascii,4,`kHE
12,.text,514779,514779,ascii,5,G-h(h
12,.text,514882,514882,ascii,4,`kHE
12,.text,514913,514913,ascii,5,G-h(h
12,.text,514950,514950,ascii,4,`kHE
12,.text,514981,514981,ascii,5,G-h(h
12,.text,515024,515024,ascii,5,false
12,.text,515032,515032,ascii,4,true
12,.text,515072,515072,ascii,5,. %s 
12,.text,515107,515107,ascii,8,"""#F""cxDC"
12,.text,515142,515142,ascii,7,"""d ` F]"
12,.text,515205,515205,ascii,5,"H,bxD"
12,.text,515213,515213,ascii,5,0(`(F
12,.text,515259,515259,ascii,5,G$h h
12,.text,515280,515280,ascii,5, %s (
12,.text,515336,515336,ascii,4, ` F
12,.text,515543,515543,ascii,6,0 ` F]
12,.text,515655,515655,ascii,5,G$h h
12,.text,515684,515684,ascii,8,precise 
12,.text,515723,515723,ascii,6,!*FxDB
12,.text,515743,515743,ascii,11,"0)c,bic(`(F"
12,.text,515840,515840,ascii,9,discard; 
12,.text,515852,515852,ascii,7,return 
12,.text,515864,515864,ascii,7,break; 
12,.text,515872,515872,ascii,10,continue; 
12,.text,515913,515913,ascii,5,.xD&b
12,.text,515928,515928,ascii,5,eb F]
12,.text,516004,516004,ascii,5,if ( 
12,.text,516016,516016,ascii,5,else 
12,.text,516063,516063,ascii,6,0 ` F]
12,.text,516120,516120,ascii,9,switch ( 
12,.text,516159,516159,ascii,7,H5bxDtb
12,.text,516169,516169,ascii,6,00`0F]
12,.text,516241,516241,ascii,5,"H,bxD"
12,.text,516249,516249,ascii,5,0(`(F
12,.text,516265,516265,ascii,4,F jX
12,.text,516304,516304,ascii,5,case 
12,.text,516316,516316,ascii,9,default: 
12,.text,516345,516345,ascii,5,"H,bxD"
12,.text,516353,516353,ascii,5,0(`(F
12,.text,516381,516381,ascii,5,G$h h
12,.text,516417,516417,ascii,6,"!""FxDB"
12,.text,516437,516437,ascii,5,0 ` F
12,.text,516461,516461,ascii,5,Gdj h
12,.text,516511,516511,ascii,6,!*FxDB
12,.text,516531,516531,ascii,7,"0,b(`(F"
12,.text,516589,516589,ascii,6,"!""FxDB"
12,.text,516609,516609,ascii,5,0 ` F
12,.text,516760,516760,ascii,8,while ( 
12,.text,516780,516780,ascii,5,for( 
12,.text,516835,516835,ascii,8,0!c ` F]
12,.text,516879,516879,ascii,5,G$h h
12,.text,516900,516900,ascii,12,struct %s { 
12,.text,517006,517006,ascii,4,`j&b
12,.text,517013,517013,ascii,5,``jA`
12,.text,517032,517032,ascii,4,`b F
12,.text,517052,517052,ascii,17,#anon_struct_%04x
12,.text,517090,517090,ascii,4,ZqxD
12,.text,517124,517124,ascii,8,jh FQF+F
12,.text,517227,517227,ascii,5,G6h0h
12,.text,517273,517273,ascii,4, 1FA
12,.text,517522,517522,ascii,4,0F!F
12,.text,517554,517554,ascii,4,"RH""F"
12,.text,518015,518015,ascii,5,C(FAF
12,.text,518121,518121,ascii,7,F(FYFRF
12,.text,518147,518147,ascii,6,"""1C!CA"
12,.text,518246,518246,ascii,4,(F!F
12,.text,518255,518255,ascii,7,F(F!FRF
12,.text,518384,518384,ascii,4,oF@h
12,.text,518423,518423,ascii,4,F(xp
12,.text,518441,518441,ascii,6,FhhbiO
12,.text,518465,518465,ascii,5,F$HxD
12,.text,518502,518502,ascii,5,0`biO
12,.text,518509,518509,ascii,5,1hhKF
12,.text,518561,518561,ascii,5,1hh3F
12,.text,518841,518841,ascii,5,1*FKF
12,.text,518889,518889,ascii,4,FDFY
12,.text,519075,519075,ascii,6,1hh3F]
12,.text,519098,519098,ascii,4,oF@h
12,.text,519124,519124,ascii,4,oF@h
12,.text,519188,519188,ascii,4,oF@h
12,.text,519214,519214,ascii,4,oF@h
12,.text,519302,519302,ascii,5,xD&aO
12,.text,519350,519350,ascii,4,(`AF
12,.text,519359,519359,ascii,6,` Ffa]
12,.text,519468,519468,ascii,4,0`AF
12,.text,519549,519549,ascii,4,"A""a!"
12,.text,519558,519558,ascii,4,/HxD
12,.text,519568,519568,ascii,4,(`1F
12,.text,519576,519576,ascii,6,"+I""iyD"
12,.text,519594,519594,ascii,4,!i`a
12,.text,519627,519627,ascii,5,Qih`i
12,.text,519636,519636,ascii,8,ai1DH``i
12,.text,519669,519669,ascii,7,t`i)|0D
12,.text,519689,519689,ascii,7,t`i)|0D
12,.text,519709,519709,ascii,7,t`i)|0D
12,.text,519779,519779,ascii,4,"Q""aO"
12,.text,519808,519808,ascii,4,/HxD
12,.text,519818,519818,ascii,4,(`1F
12,.text,519826,519826,ascii,6,",I""iyD"
12,.text,519844,519844,ascii,4,!i`a
12,.text,519877,519877,ascii,5,Qih`i
12,.text,519886,519886,ascii,8,ai1DH``i
12,.text,519919,519919,ascii,7,t`i)|0D
12,.text,519939,519939,ascii,7,t`i)|0D
12,.text,519959,519959,ascii,7,t`i)|0D
12,.text,520010,520010,ascii,4,@iAh
12,.text,520072,520072,ascii,4,@iAh
12,.text,520142,520142,ascii,4,@iAh
12,.text,520298,520298,ascii,4,@iAh
12,.text,520367,520367,ascii,4,IyDQ
12,.text,520571,520571,ascii,4,@fa 
12,.text,520576,520576,ascii,4,0h `
12,.text,520616,520616,ascii,4,(F[!
12,.text,520636,520636,ascii,4,@F+F
12,.text,520652,520652,ascii,4,KFXD
12,.text,520674,520674,ascii,6,@FQF+F
12,.text,520708,520708,ascii,6,[%u]%s
12,.text,520716,520716,ascii,6,%s[%u]
12,.text,520724,520724,ascii,4,%s[]
12,.text,520767,520767,ascii,4,HxD-
12,.text,520923,520923,ascii,4,HxD-
12,.text,521079,521079,ascii,4,HxD-
12,.text,521235,521235,ascii,4,HxD-
12,.text,521360,521360,ascii,4,8HxD
12,.text,521380,521380,ascii,4,2HxD
12,.text,521439,521439,ascii,6," #&),/"
12,.text,521607,521607,ascii,7,F'IxDyD
12,.text,521628,521628,ascii,8,#H$JxDzD
12,.text,521646,521646,ascii,4,!IyD
12,.text,521659,521659,ascii,5,!+F0F
12,.text,521671,521671,ascii,5,H1FxD
12,.text,521694,521694,ascii,4,")F""F"
12,.text,521707,521707,ascii,5,IxDyD
12,.text,521727,521727,ascii,5,F F1F
12,.text,521784,521784,ascii,6,%p[%u]
12,.text,521934,521934,ascii,4,HFAF
12,.text,521986,521986,ascii,4,qh`h
12,.text,521998,521998,ascii,6, |1|H@
12,.text,522052,522052,ascii,5,#anon
12,.text,522082,522082,ascii,4,(F!F
12,.text,522164,522164,ascii,4,JFCY
12,.text,522232,522232,ascii,4,%08x
12,.text,522265,522265,ascii,9,FxD1F*FCF
12,.text,522299,522299,ascii,5,JxDzD
12,.text,522338,522338,ascii,6,1F*FCF
12,.text,522351,522351,ascii,7,"H!F""FxD"
12,.text,522445,522445,ascii,5,F!FJF
12,.text,522479,522479,ascii,5,JxDzD
12,.text,522518,522518,ascii,6,!FJFCF
12,.text,522533,522533,ascii,7,H)F*FxD
12,.text,522638,522638,ascii,4,ih@F
12,.text,522726,522726,ascii,4,1h@F
12,.text,522784,522784,ascii,4,)h@F
12,.text,522805,522805,ascii,4,4 F]
12,.text,522897,522897,ascii,4,$ F]
12,.text,523003,523003,ascii,4,$ F]
12,.text,523127,523127,ascii,4,FRIO
12,.text,523410,523410,ascii,4,QFHF
12,.text,523422,523422,ascii,4,HFQF
12,.text,523507,523507,ascii,5,FiHxD
12,.text,523780,523780,ascii,4,QF0F
12,.text,523798,523798,ascii,4,)FXF
12,.text,523807,523807,ascii,5,F0FQF
12,.text,524019,524019,ascii,4,$ F]
12,.text,524111,524111,ascii,5,hShBF
12,.text,524130,524130,ascii,4,)iHh
12,.text,524146,524146,ascii,4,@F !
12,.text,524168,524168,ascii,6,"""k0F)F"
12,.text,524178,524178,ascii,4,0i@h
12,.text,524192,524192,ascii,6,#kAFzD
12,.text,524214,524214,ascii,5,@Fx!O
12,.text,524246,524246,ascii,5,AF#Fs
12,.text,524306,524306,ascii,4,"B""(F"
12,.text,524320,524320,ascii,5,lJzDK
12,.text,524346,524346,ascii,4,)iHh
12,.text,524368,524368,ascii,4,@Fh!
12,.text,524377,524377,ascii,5,F\HxD
12,.text,524390,524390,ascii,4,(iAh
12,.text,524442,524442,ascii,4,@Fh!
12,.text,524451,524451,ascii,5,F?HxD
12,.text,524474,524474,ascii,6,EJzD#k
12,.text,524506,524506,ascii,4,@Fh!
12,.text,524515,524515,ascii,5,F-HxD
12,.text,524582,524582,ascii,4, JzD
12,.text,524608,524608,ascii,21,methods not supported
12,.text,524632,524632,ascii,6,length
12,.text,524640,524640,ascii,20,unknown method: `%s'
12,.text,524664,524664,ascii,32,length method takes no arguments
12,.text,524716,524716,ascii,30,length called on unsized array
12,.text,524856,524856,ascii,4,@ipG
12,.text,525040,525040,ascii,6,"HF1F""F"
12,.text,525106,525106,ascii,4,PF !
12,.text,525130,525130,ascii,4, F2F
12,.text,525194,525194,ascii,6,@F1FJF
12,.text,525214,525214,ascii,4,PF !
12,.text,525651,525651,ascii,5,C w F
12,.text,525699,525699,ascii,5,FIFXF
12,.text,525744,525744,ascii,4,0`0F
12,.text,525783,525783,ascii,7,#5J=.yD
12,.text,525819,525819,ascii,5,""" `!a"
12,.text,525845,525845,ascii,15,!0'<'<!'0!'!'0H
12,.text,525875,525875,ascii,12,-----6E6E699
12,.text,525983,525983,ascii,6,h a F]
12,.text,526039,526039,ascii,5,F0FAF
12,.text,526051,526051,ascii,5,"#,IzD"
12,.text,526081,526081,ascii,5,1!` a
12,.text,526106,526106,ascii,8,$$$$$$--
12,.text,526160,526160,ascii,8,0i api`a
12,.text,526213,526213,ascii,6,h a F]
12,.text,526283,526283,ascii,5,F@FQF
12,.text,526332,526332,ascii,4,!` a
12,.text,526365,526365,ascii,5,h a F
12,.text,526403,526403,ascii,5, pGa)
12,.text,526411,526411,ascii,5, pGh)
12,.text,526433,526433,ascii,4,IyDQ
12,.text,526451,526451,ascii,4,iyDQ
12,.text,526471,526471,ascii,4,IyDQ
12,.text,526481,526481,ascii,5,HxDpG
12,.text,526509,526509,ascii,4,$~DV
12,.text,526535,526535,ascii,4,4 F]
12,.text,526557,526557,ascii,5,FyDCa
12,.text,526593,526593,ascii,4,apG^
12,.text,526617,526617,ascii,4,#CaO
12,.text,526745,526745,ascii,7,"""!`)F a"
12,.text,526877,526877,ascii,7,"""!`)F a"
12,.text,527001,527001,ascii,7,"""!`)F a"
12,.text,527125,527125,ascii,7,"""!`)F a"
12,.text,527148,527148,ascii,4,)F2F
12,.text,527207,527207,ascii,5,FyDri
12,.text,527218,527218,ascii,4,cf#F
12,.text,527241,527241,ascii,7,e!` a0i
12,.text,527252,527252,ascii,4, a@h
12,.text,527281,527281,ascii,6,~ v F]
12,.text,527479,527479,ascii,5,hN`P`
12,.text,527491,527491,ascii,5,F F#`
12,.text,527502,527502,ascii,4,@!HF
12,.text,527597,527597,ascii,4,"B""F8"
12,.text,527615,527615,ascii,4,B!F8
12,.text,527880,527880,ascii,4,PF1F
12,.text,527890,527890,ascii,4,PF1F
12,.text,528543,528543,ascii,5,F/HxD
12,.text,528594,528594,ascii,4,qa@!
12,.text,528690,528690,ascii,4,AY@F
12,.text,528845,528845,ascii,5,F!iHh
12,.text,528902,528902,ascii,4, i@h
12,.text,528970,528970,ascii,4,HF1F
12,.text,528980,528980,ascii,4,HF1F
12,.text,529083,529083,ascii,4, %FE
12,.text,529121,529121,ascii,5,`anA`
12,.text,529127,529127,ascii,5,``f0h
12,.text,529266,529266,ascii,4,0i@h
12,.text,529350,529350,ascii,4,@F)F
12,.text,529364,529364,ascii,4,@F)F
12,.text,529443,529443,ascii,5,F(i!i
12,.text,529540,529540,ascii,6,-h$h(h
12,.text,530112,530112,ascii,8,(` i(a(F
12,.text,530157,530157,ascii,5,`zDpa
12,.text,530171,530171,ascii,9,h0`0F1a)F
12,.text,530297,530297,ascii,5,IzDyD
12,.text,530315,530315,ascii,5,2`a(F
12,.text,530357,530357,ascii,5,`yDpa
12,.text,530371,530371,ascii,9,a1F(i0a F
12,.text,530433,530433,ascii,5,IzDyD
12,.text,530445,530445,ascii,5,1!`)F
12,.text,530477,530477,ascii,4,i a!
12,.text,530490,530490,ascii,5,`a F]
12,.text,530533,530533,ascii,5,IzDyD
12,.text,530551,530551,ascii,5,2`a0F
12,.text,530591,530591,ascii,5,`yDha
12,.text,530605,530605,ascii,9,aAF0i(a F
12,.text,530633,530633,ascii,4,i a!
12,.text,530646,530646,ascii,5,`a F]
12,.text,530715,530715,ascii,4,iyDQ
12,.text,530741,530741,ascii,4,$~DV
12,.text,530767,530767,ascii,4,4 F]
12,.text,531060,531060,ascii,4,@A F
12,.text,531143,531143,ascii,5,IzDyD
12,.text,531155,531155,ascii,5,1!`)F
12,.text,531243,531243,ascii,9,1!` a0i@h
12,.text,531260,531260,ascii,5, a F]
12,.text,531409,531409,ascii,5,F)HxD
12,.text,531441,531441,ascii,11,"`pa""H!IxDyD"
12,.text,531466,531466,ascii,4,0`0F
12,.text,531613,531613,ascii,5,F/HyD
12,.text,531631,531631,ascii,5,1%a!`
12,.text,531666,531666,ascii,4,%JzD
12,.text,531710,531710,ascii,4,F Kq
12,.text,531776,531776,ascii,4, F)F
12,.text,531782,531782,ascii,4,iiHh
12,.text,531825,531825,ascii,4,IyDQ
12,.text,531835,531835,ascii,7,HxDpGCt
12,.text,532317,532317,ascii,5,"""#FxD"
12,.text,532341,532341,ascii,5,a ` F
12,.text,532350,532350,ascii,4, a F
12,.text,532426,532426,ascii,4,xDyD
12,.text,532473,532473,ascii,4,8Ahi
12,.text,532491,532491,ascii,5,Gih(F
12,.text,532543,532543,ascii,5,"DAF""F"
12,.text,532638,532638,ascii,4,0iAh
12,.text,532657,532657,ascii,4,m!FP
12,.text,532708,532708,ascii,5,@F!F]
12,.text,532970,532970,ascii,8,pG0HxDpG
12,.text,532987,532987,ascii,4,FpG 
12,.text,533012,533012,ascii,7,uniform
12,.text,533020,533020,ascii,18,compiler temporary
12,.text,533040,533040,ascii,12,shader input
12,.text,533056,533056,ascii,14,function inout
12,.text,533072,533072,ascii,15,function output
12,.text,533088,533088,ascii,14,function input
12,.text,533104,533104,ascii,12,shader inout
12,.text,533120,533120,ascii,13,shader output
12,.text,533136,533136,ascii,15,global variable
12,.text,533152,533152,ascii,15,global constant
12,.text,533262,533262,ascii,6,HF)FBF
12,.text,533290,533290,ascii,6,&0aFBF
12,.text,533350,533350,ascii,6,HF)FBF
12,.text,533362,533362,ascii,4,YFBF
12,.text,533424,533424,ascii,6,HF)FBF
12,.text,533436,533436,ascii,4,YFBF
12,.text,533484,533484,ascii,6,HF)FBF
12,.text,533545,533545,ascii,5,FhhD!
12,.text,533572,533572,ascii,6,0FIFBF
12,.text,533586,533586,ascii,4,(h1F
12,.text,533666,533666,ascii,8,0F)FJFCF
12,.text,533868,533868,ascii,4,(F1F
12,.text,533944,533944,ascii,5,B!IE8
12,.text,533996,533996,ascii,8,jF0FAFKF
12,.text,534198,534198,ascii,7,"0F)F""F]"
12,.text,534260,534260,ascii,9, F1F*FCF]
12,.text,534328,534328,ascii,8, F)F2FCF
12,.text,534359,534359,ascii,4,F> .
12,.text,534369,534369,ascii,4,F? .
12,.text,534379,534379,ascii,4,FW .
12,.text,534389,534389,ascii,4,FX .
12,.text,534399,534399,ascii,4,F@ .
12,.text,534409,534409,ascii,4,FA .
12,.text,534419,534419,ascii,4,FB .
12,.text,534429,534429,ascii,4,FC .
12,.text,534439,534439,ascii,4,FD .
12,.text,534447,534447,ascii,4,F  .
12,.text,534464,534464,ascii,4,`cV 
12,.text,534485,534485,ascii,4,Fb .
12,.text,534493,534493,ascii,4,F; .
12,.text,534517,534517,ascii,4,F! .
12,.text,534525,534525,ascii,4,"F"" ."
12,.text,534575,534575,ascii,4,FJ .
12,.text,534585,534585,ascii,4,FK .
12,.text,534595,534595,ascii,4,FF .
12,.text,534605,534605,ascii,4,FG .
12,.text,534615,534615,ascii,4,FH .
12,.text,534625,534625,ascii,4,FI .
12,.text,534643,534643,ascii,4,FS .
12,.text,534653,534653,ascii,4,FU .
12,.text,534671,534671,ascii,4,FP .
12,.text,534681,534681,ascii,4,FR .
12,.text,534691,534691,ascii,4,FN .
12,.text,534701,534701,ascii,4,FO .
12,.text,534821,534821,ascii,4,F= .
12,.text,534831,534831,ascii,4,F_ .
12,.text,534841,534841,ascii,4,F` .
12,.text,534853,534853,ascii,4,Fa .
12,.text,534865,534865,ascii,4,Fc .
12,.text,534877,534877,ascii,4,Fd .
12,.text,534926,534926,ascii,8,"""i(Fh!#F"
12,.text,535035,535035,ascii,4,b)FA
12,.text,535050,535050,ascii,6,``!`(F
12,.text,535057,535057,ascii,4,ala]
12,.text,535153,535153,ascii,4,b2FB
12,.text,535168,535168,ascii,4,h`*`
12,.text,535229,535229,ascii,5,F@FD!
12,.text,535241,535241,ascii,5,FBHxD
12,.text,535272,535272,ascii,4,C#0F
12,.text,535376,535376,ascii,4, P0F
12,.text,535488,535488,ascii,6,HF1FRF
12,.text,535523,535523,ascii,5,F(F !
12,.text,535570,535570,ascii,7,pi`a F]
12,.text,535769,535769,ascii,5,H!ixD
12,.text,535813,535813,ascii,5,"FXF,!"
12,.text,535825,535825,ascii,5,F.HxD
12,.text,536252,536252,ascii,4,(F(!
12,.text,536278,536278,ascii,6,kF(FBF
12,.text,536418,536418,ascii,4,"HF,!"
12,.text,536462,536462,ascii,4,`iha
12,.text,536558,536558,ascii,4,0F)F
12,.text,536566,536566,ascii,7,`ipa0F]
12,.text,536595,536595,ascii,5,F(F !
12,.text,536647,536647,ascii,5,F FIF
12,.text,536679,536679,ascii,5,F(F !
12,.text,536719,536719,ascii,4,i F]
12,.text,536751,536751,ascii,5,FHF0!
12,.text,536763,536763,ascii,5,F*HxD
12,.text,536810,536810,ascii,6,(iBF a
12,.text,536827,536827,ascii,4,a(j(
12,.text,536841,536841,ascii,6,G bhj(
12,.text,536891,536891,ascii,7,G(!`P F
12,.text,536980,536980,ascii,4,0F !
12,.text,537002,537002,ascii,4, iJF
12,.text,537015,537015,ascii,5,F`iJF
12,.text,537029,537029,ascii,7,F(FQFCF
12,.text,537053,537053,ascii,5,C(w(F
12,.text,537079,537079,ascii,5,F@F !
12,.text,537104,537104,ascii,4,)i0F
12,.text,537119,537119,ascii,4,"=,FT"
12,.text,537132,537132,ascii,6,(hAFJF
12,.text,537172,537172,ascii,4,HF*F
12,.text,537187,537187,ascii,4,"=,FT"
12,.text,537293,537293,ascii,5,`ahA`
12,.text,537299,537299,ascii,5,```0h
12,.text,537339,537339,ascii,5,FPF@!
12,.text,537437,537437,ascii,5,`1jA`
12,.text,537443,537443,ascii,5,`0b h
12,.text,537487,537487,ascii,5,F0i@h
12,.text,537496,537496,ascii,4,@Fh!
12,.text,537505,537505,ascii,5,F:HxD
12,.text,537546,537546,ascii,4,@Fh!
12,.text,537555,537555,ascii,5,F+HxD
12,.text,537577,537577,ascii,5,! a0i
12,.text,537636,537636,ascii,4,@Fh!
12,.text,537664,537664,ascii,4,0i a
12,.text,537705,537705,ascii,5,`anA`
12,.text,537711,537711,ascii,7,``f6h0h
12,.text,537775,537775,ascii,5,"""!ixD"
12,.text,537783,537783,ascii,5,0(`(F
12,.text,537835,537835,ascii,5,"""!ixD"
12,.text,537843,537843,ascii,5,0(`(F
12,.text,537879,537879,ascii,5,F'JxD
12,.text,537885,537885,ascii,5,F%IzD
12,.text,537947,537947,ascii,5,`qhA`
12,.text,537953,537953,ascii,5,`p` h
12,.text,539096,539096,ascii,4, F1F
12,.text,539204,539204,utf-16le-ascii-subset,12,jjjjjj
12,.text,544283,544283,ascii,5,5cDrD
12,.text,544393,544393,ascii,5,5cDrD
12,.text,545631,545631,ascii,5,5aDsD
12,.text,545761,545761,ascii,5,5aDsD
12,.text,546367,546367,ascii,5,5cDrD
12,.text,546493,546493,ascii,5,5cDrD
12,.text,547465,547465,ascii,4,#3CS
12,.text,547571,547571,ascii,5,5cDrD
12,.text,547746,547746,ascii,4,vFAF
12,.text,547923,547923,ascii,5,F4HxD
12,.text,547954,547954,ascii,4,@!HF
12,.text,548007,548007,ascii,5,#lFRh
12,.text,548321,548321,ascii,6,F F@!5
12,.text,548412,548412,ascii,4,@Fh!
12,.text,548421,548421,ascii,5,F-HxD
12,.text,548434,548434,ascii,6, FIF*F
12,.text,548447,548447,ascii,5,iHF)F
12,.text,548532,548532,ascii,4,@Fh!
12,.text,548554,548554,ascii,6,jF F1F
12,.text,548645,548645,ascii,7, pGpGCi
12,.text,548679,548679,ascii,5,F:IxD
12,.text,548716,548716,ascii,8,2H3JxDzD
12,.text,548794,548794,ascii,4,(h$h
12,.text,548826,548826,ascii,10,IF&1kFHFRF
12,.text,549008,549008,ascii,4,1iPF
12,.text,549017,549017,ascii,5,F(F2F
12,.text,549060,549060,ascii,6,0i)FkF
12,.text,549114,549114,ascii,4,)FkF
12,.text,549130,549130,ascii,4,0h)F
12,.text,549198,549198,ascii,6,PF*F[F
12,.text,549458,549458,ascii,4, ` h
12,.text,549762,549762,ascii,4,(i1i
12,.text,549775,549775,ascii,5,"hSi""F"
12,.text,549791,549791,ascii,6,"hSi""F]"
12,.text,549894,549894,ascii,4,(i1i
12,.text,549910,549910,ascii,5,0j)j0
12,.text,549919,549919,ascii,5,"hSi""F"
12,.text,549934,549934,ascii,5,pjij0
12,.text,549943,549943,ascii,5,"hSi""F"
12,.text,549963,549963,ascii,5,"hSi""F"
12,.text,549999,549999,ascii,5,"hSi""F"
12,.text,550017,550017,ascii,5,"hSi""F"
12,.text,550039,550039,ascii,5,"hSi""F"
12,.text,550119,550119,ascii,5,"hSi""F"
12,.text,550371,550371,ascii,5,F-HxD
12,.text,550380,550380,ascii,4,PFAF
12,.text,550390,550390,ascii,4, F%i
12,.text,550402,550402,ascii,4,PF)F
12,.text,550439,550439,ascii,5,`0F !
12,.text,550474,550474,ascii,4,HFQF
12,.text,550482,550482,ascii,6,"(FIF""F"
12,.text,550534,550534,ascii,4, FQF
12,.text,550560,550560,ascii,14,flattening_tmp
12,.text,550718,550718,ascii,4,XF!F
12,.text,551298,551298,ascii,4,!C6h
12,.text,551388,551388,ascii,18,matching_signature
12,.text,551450,551450,ascii,4,0FAF
12,.text,551539,551539,ascii,4,>5FU
12,.text,551754,551754,ascii,4,1F*F
12,.text,551887,551887,ascii,7,JyD`bzD
12,.text,551904,551904,ascii,4, b F
12,.text,551965,551965,ascii,9,h]hU`]h*`
12,.text,552001,552001,ascii,11,h^hf`^h4`Z`
12,.text,552013,552013,ascii,5,"`,h+F"
12,.text,552039,552039,ascii,11,hUhu`Uh.`S`
12,.text,552069,552069,ascii,11,hTht`Th&`S`
12,.text,552081,552081,ascii,5,"`,h*F"
12,.text,552170,552170,ascii,6,0F!F+F
12,.text,552216,552216,ascii,34,function `%s' has static recursion
12,.text,552302,552302,ascii,4,1F*F
12,.text,552424,552424,ascii,4, F*F
12,.text,552444,552444,ascii,35,function `%s' has static recursion.
12,.text,552522,552522,ascii,4,Ii F
12,.text,552550,552550,ascii,4,0FAF
12,.text,552665,552665,ascii,4, 1FA
12,.text,552672,552672,ascii,5,"""Fq`1"
12,.text,552681,552681,ascii,4,`1FA
12,.text,552692,552692,ascii,4,1a1F
12,.text,552954,552954,ascii,4,oFBi
12,.text,553002,553002,ascii,4,oFBi
12,.text,553050,553050,ascii,4,oFBi
12,.text,553098,553098,ascii,4,oFBi
12,.text,553146,553146,ascii,4,oFBi
12,.text,553194,553194,ascii,4,oFBi
12,.text,553242,553242,ascii,4,oFBi
12,.text,553290,553290,ascii,4,oFBi
12,.text,553338,553338,ascii,4,oFBi
12,.text,553386,553386,ascii,4,oFBi
12,.text,553434,553434,ascii,4,oFBi
12,.text,553482,553482,ascii,4,oFBi
12,.text,553530,553530,ascii,4,oFBi
12,.text,553578,553578,ascii,4,oFBi
12,.text,553626,553626,ascii,4,oFBi
12,.text,553875,553875,ascii,5,F(h!F
12,.text,553952,553952,ascii,4,(h!F
12,.text,553957,553957,ascii,4,j(F]
12,.text,553993,553993,ascii,9,F(h!FBj(F
12,.text,554122,554122,ascii,4,(h!F
12,.text,554127,554127,ascii,4,j(F]
12,.text,554151,554151,ascii,5,F(h!F
12,.text,554218,554218,ascii,4,(h!F
12,.text,554223,554223,ascii,4,k(F]
12,.text,554247,554247,ascii,9,F(h!FBk(F
12,.text,554324,554324,ascii,4,(h!F
12,.text,554329,554329,ascii,4,k(F]
12,.text,554355,554355,ascii,5,F(h!F
12,.text,554454,554454,ascii,4,(h!F
12,.text,554495,554495,ascii,9,F(h!FBl(F
12,.text,554534,554534,ascii,4,(h!F
12,.text,554571,554571,ascii,5,F(h!F
12,.text,554585,554585,ascii,5, .~(v
12,.text,554636,554636,ascii,4,(h!F
12,.text,554641,554641,ascii,4,m(F]
12,.text,554661,554661,ascii,9,F(h!FBm(F
12,.text,554700,554700,ascii,4,(h!F
12,.text,554721,554721,ascii,5,F(h!F
12,.text,554735,554735,ascii,5, (v i
12,.text,554796,554796,ascii,4,(h!F
12,.text,554833,554833,ascii,9,F(h!FBn(F
12,.text,554924,554924,ascii,4,(h!F
12,.text,554929,554929,ascii,4,n(F]
12,.text,554949,554949,ascii,5,F(h!F
12,.text,554986,554986,ascii,4,(h!F
12,.text,555007,555007,ascii,9,F(h!FBo(F
12,.text,555044,555044,ascii,4,(h!F
12,.text,555069,555069,ascii,5,F(h!F
12,.text,555212,555212,ascii,4,(h!F
12,.text,555219,555219,ascii,4, (F]
12,.text,555263,555263,ascii,5,F(h!F
12,.text,555298,555298,ascii,4,(h!F
12,.text,555321,555321,ascii,5,F(h!F
12,.text,555356,555356,ascii,4,(h!F
12,.text,555444,555444,ascii,4,0iBF
12,.text,555471,555471,ascii,4,  F]
12,.text,555564,555564,ascii,4,0iBF
12,.text,555763,555763,ascii,5,F)i`j
12,.text,555800,555800,ascii,4,)i0F
12,.text,555808,555808,ascii,4,&b1F
12,.text,555831,555831,ascii,5,`1F`j
12,.text,556245,556245,ascii,4,JyD 
12,.text,556284,556284,ascii,4, F)F
12,.text,556513,556513,ascii,4,HxDP
12,.text,556543,556543,ascii,8,IKFxDyDP
12,.text,556559,556559,ascii,4,dxDP
12,.text,556585,556585,ascii,5,I(FyD
12,.text,556595,556595,ascii,7,I(F2FyD
12,.text,556615,556615,ascii,7,I(F2FyD
12,.text,556656,556656,ascii,10,"}I(F""FKFyD"
12,.text,556680,556680,ascii,6,xI(FyD
12,.text,556690,556690,ascii,12,xN(FvI~DyD2F
12,.text,556714,556714,ascii,8,sI(F2FyD
12,.text,556742,556742,ascii,13,"mH""FmIKFxDyDP"
12,.text,556760,556760,ascii,4,*`jI
12,.text,556790,556790,ascii,6,dI(FyD
12,.text,556800,556800,ascii,8,bI(F2FyD
12,.text,556820,556820,ascii,8,^I(F2FyD
12,.text,556952,556952,ascii,11,#version %i
12,.text,556972,556972,ascii,45,#extension GL_ARB_shader_texture_lod : enable
12,.text,557020,557020,ascii,41,#extension GL_ARB_draw_instanced : enable
12,.text,557124,557124,ascii,5,#else
12,.text,557132,557132,ascii,6,#endif
12,.text,557511,557511,ascii,5,F0i@h
12,.text,557545,557545,ascii,5,"`""F)F"
12,.text,557596,557596,ascii,5,bi+F]
12,.text,557612,557612,ascii,5,%s_%d
12,.text,557620,557620,ascii,9,tmpvar_%d
12,.text,557678,557678,ascii,4,pi@h
12,.text,557686,557686,ascii,4,pi@h
12,.text,557819,557819,ascii,4,IyDQ
12,.text,557879,557879,ascii,4,FzDY
12,.text,557982,557982,ascii,6, i)F@h
12,.text,558036,558036,ascii,4,"KJ,#"
12,.text,558086,558086,ascii,6,*i F)F
12,.text,558114,558114,ascii,4, F)F
12,.text,558122,558122,ascii,4,(iAh
12,.text,558234,558234,ascii,4, F)F
12,.text,558260,558260,ascii,8, hikBk F
12,.text,558284,558284,ascii,10,invariant 
12,.text,558296,558296,ascii,9,centroid 
12,.text,558308,558308,ascii,20,layout(location=%d) 
12,.text,558344,558344,ascii,8,%s%s%s%s
12,.text,558440,558440,ascii,4,ii F
12,.text,558461,558461,ascii,7,I F*iyD
12,.text,558490,558490,ascii,5, F*F]
12,.text,558607,558607,ascii,4,>5FU
12,.text,558640,558640,ascii,4,0h!F
12,.text,558659,558659,ascii,4,>5FU
12,.text,558675,558675,ascii,4,9a`<
12,.text,558757,558757,ascii,4,v(hh
12,.text,558782,558782,ascii,4,-h(h
12,.text,558799,558799,ascii,4,>5FU
12,.text,558822,558822,ascii,4,0h!F
12,.text,558869,558869,ascii,4,>5FU
12,.text,558883,558883,ascii,5,8`` F
12,.text,558912,558912,ascii,5, %s (
12,.text,558936,558936,ascii,4,main
12,.text,559039,559039,ascii,4,>5FU
12,.text,559058,559058,ascii,4,0h!F
12,.text,559083,559083,ascii,4,>5FU
12,.text,559160,559160,ascii,4,B!i 
12,.text,559310,559310,ascii,5,lIyDQ
12,.text,559450,559450,ascii,6,DKDI{D
12,.text,559457,559457,ascii,4,hyDS
12,.text,559469,559469,ascii,5,izD=I
12,.text,559478,559478,ascii,4,# yD
12,.text,559600,559600,ascii,4,# yD
12,.text,559622,559622,ascii,4,# yD
12,.text,559752,559752,ascii,6,(1.0/(
12,.text,559932,559932,ascii,7,fH1FxDP
12,.text,560207,560207,ascii,4,Ghj@
12,.text,560276,560276,ascii,5,_low_
12,.text,560284,560284,ascii,8,_medium_
12,.text,560296,560296,ascii,6,_high_
12,.text,560304,560304,ascii,6,impl%s
12,.text,560312,560312,ascii,7,texture
12,.text,560320,560320,ascii,10,texelFetch
12,.text,560332,560332,ascii,6,shadow
12,.text,560348,560348,ascii,4,Proj
12,.text,560360,560360,ascii,4,Grad
12,.text,560368,560368,ascii,6,Offset
12,.text,560411,560411,ascii,11,FQJxDOIzDPM
12,.text,560423,560423,ascii,5,hyD}D
12,.text,560647,560647,ascii,4,&|DU
12,.text,560658,560658,ascii,4,b\AF
12,.text,560954,560954,ascii,4,!iJh
12,.text,561012,561012,ascii,4, h1F
12,.text,561023,561023,ascii,5,hQF*F
12,.text,561060,561060,ascii,5,[%d]=
12,.text,561068,561068,ascii,4,[%d]
12,.text,561097,561097,ascii,5,FxD!F
12,.text,561541,561541,ascii,5,F|HxD
12,.text,561566,561566,ascii,4,(ip`
12,.text,561695,561695,ascii,4,ig)(
12,.text,561715,561715,ascii,4,i>(M
12,.text,561880,561880,ascii,4, F2F
12,.text,562052,562052,ascii,4, += 
12,.text,562118,562118,ascii,4,(Fe!
12,.text,562154,562154,ascii,6,$H)FxD
12,.text,562183,562183,ascii,5,H)FxD
12,.text,562226,562226,ascii,4, F*F
12,.text,562234,562234,ascii,4,(F.!
12,.text,562288,562288,ascii,4,%.7g
12,.text,562343,562343,ascii,5,FxD.i
12,.text,562406,562406,ascii,4,(iAh
12,.text,562442,562442,ascii,4,(F1F
12,.text,562609,562609,ascii,4,=.FV
12,.text,562638,562638,ascii,4,(h!F
12,.text,562657,562657,ascii,4,=.FV
12,.text,562940,562940,ascii,9,int(0x%X)
12,.text,562964,562964,ascii,7,uint(0)
12,.text,562976,562976,ascii,20,uintBitsToFloat(%uu)
12,.text,563027,563027,ascii,5,F+HxD
12,.text,563052,563052,ascii,4,(ip`
12,.text,563070,563070,ascii,6, hBj F
12,.text,563125,563125,ascii,4,=.FV
12,.text,563154,563154,ascii,4,(h!F
12,.text,563173,563173,ascii,4,=.FV
12,.text,563256,563256,ascii,4,(h!F
12,.text,563272,563272,ascii,6,return
12,.text,563328,563328,ascii,7,discard
12,.text,563336,563336,ascii,6, TODO 
12,.text,563409,563409,ascii,4,=.FV
12,.text,563428,563428,ascii,4,(h!F
12,.text,563475,563475,ascii,4,=.FV
12,.text,563489,563489,ascii,5,8`` F
12,.text,563549,563549,ascii,4,>5FU
12,.text,563568,563568,ascii,4,0h!F
12,.text,563615,563615,ascii,4,>5FU
12,.text,563629,563629,ascii,5,8`` F
12,.text,563660,563660,ascii,4,if (
12,.text,563680,563680,ascii,7, else {
12,.text,563776,563776,ascii,4,)FJF
12,.text,563787,563787,ascii,5, )FJF
12,.text,563851,563851,ascii,7,P F*i)F
12,.text,563880,563880,ascii,4, F)F
12,.text,563888,563888,ascii,4,(iAh
12,.text,564043,564043,ascii,5,hXF)F
12,.text,564189,564189,ascii,5,GRIRF
12,.text,564213,564213,ascii,5,G-h(h
12,.text,564230,564230,ascii,4,5j(h
12,.text,564241,564241,ascii,7,&*iHF)F
12,.text,564264,564264,ascii,4, h)i
12,.text,564321,564321,ascii,4,>5FU
12,.text,564334,564334,ascii,4,XF1F
12,.text,564344,564344,ascii,4,HF1F
12,.text,564360,564360,ascii,4,0h!F
12,.text,564407,564407,ascii,4,>5FU
12,.text,564421,564421,ascii,5,8`` F
12,.text,564464,564464,ascii,5,for (
12,.text,564587,564587,ascii,5,0``6i
12,.text,564597,564597,ascii,4,>5FU
12,.text,564616,564616,ascii,4,0h!F
12,.text,564663,564663,ascii,4,>5FU
12,.text,564677,564677,ascii,5,8`` F
12,.text,564704,564704,ascii,14,while (true) {
12,.text,564748,564748,ascii,5,break
12,.text,564756,564756,ascii,8,continue
12,.text,564852,564852,ascii,6,qi(JAD
12,.text,564868,564868,ascii,5,%JzDR
12,.text,564899,564899,ascii,7,hADJhYF
12,.text,564976,564976,ascii,11,struct %s {
12,.text,565032,565032,ascii,16,emit-vertex-TODO
12,.text,565060,565060,ascii,18,end-primitive-TODO
12,.text,565099,565099,ascii,5,FHFAF
12,.text,565148,565148,ascii,4,ah `
12,.text,565157,565157,ascii,7,D1FJFCF
12,.text,565168,565168,ascii,6,`h(D``
12,.text,565228,565228,ascii,4,yD(F
12,.text,565316,565316,ascii,4, F)F
12,.text,565676,565676,ascii,4,(F!F
12,.text,565686,565686,ascii,4,0F!F
12,.text,565696,565696,ascii,4,(F!F
12,.text,565704,565704,ascii,4,0F!F
12,.text,565831,565831,ascii,5,"""PF)F"
12,.text,565910,565910,ascii,4,HF)F
12,.text,565949,565949,ascii,4,=.FV
12,.text,565972,565972,ascii,4,(h!F
12,.text,565991,565991,ascii,4,=.FV
12,.text,566026,566026,ascii,4,!F(F
12,.text,566036,566036,ascii,4,(F!F
12,.text,566046,566046,ascii,4,(F!F
12,.text,566056,566056,ascii,4,(F!F
12,.text,566176,566176,ascii,22,using namespace metal;
12,.text,566200,566200,ascii,27,struct xlatMtlShaderInput {
12,.text,566232,566232,ascii,28,struct xlatMtlShaderOutput {
12,.text,566264,566264,ascii,29,struct xlatMtlShaderUniform {
12,.text,566301,566301,ascii,4,"  , "
12,.text,566328,566328,ascii,18, _xlat_mtl_const%i
12,.text,566383,566383,ascii,4,y(FO
12,.text,566411,566411,ascii,5,p(FAF
12,.text,566619,566619,ascii,4,` F@
12,.text,566660,566660,ascii,4,)F2F
12,.text,566671,566671,ascii,5, )F2F
12,.text,566739,566739,ascii,7,&}D i)F
12,.text,566911,566911,ascii,5,Fpi@h
12,.text,566945,566945,ascii,5,"`""F)F"
12,.text,566996,566996,ascii,5,bi+F]
12,.text,567012,567012,ascii,5,%s_%d
12,.text,567020,567020,ascii,9,tmpvar_%d
12,.text,567106,567106,ascii,4,AF@h
12,.text,567194,567194,ascii,4,0ih`
12,.text,567232,567232,ascii,4,A4{D
12,.text,567238,567238,ascii,5,"C""yDS"
12,.text,567244,567244,ascii,5,""" 3FQ"
12,.text,567285,567285,ascii,5,"""0F)F"
12,.text,567306,567306,ascii,4,XFAF
12,.text,567435,567435,ascii,4,IyD/
12,.text,567928,567928,ascii,4,#F&F
12,.text,568034,568034,ascii,4,BkXF
12,.text,568064,568064,ascii,10,invariant 
12,.text,568076,568076,ascii,9,centroid 
12,.text,568100,568100,ascii,8,%s%s%s%s
12,.text,568120,568120,ascii,12,gl_FragDepth
12,.text,568136,568136,ascii,12,gl_FragCoord
12,.text,568152,568152,ascii,14,gl_FrontFacing
12,.text,568168,568168,ascii,13,gl_PointCoord
12,.text,568184,568184,ascii,12,gl_PointSize
12,.text,568200,568200,ascii,11,gl_Position
12,.text,568212,568212,ascii,11,gl_VertexID
12,.text,568224,568224,ascii,13,gl_InstanceID
12,.text,568244,568244,ascii,14, [[vertex_id]]
12,.text,568405,568405,ascii,5,"""0F)F"
12,.text,568473,568473,ascii,4,=.FV
12,.text,568508,568508,ascii,4,(h!F
12,.text,568527,568527,ascii,4,=.FV
12,.text,568594,568594,ascii,6,UI iyD
12,.text,568732,568732,ascii,4,6h0h
12,.text,568749,568749,ascii,4,>5FU
12,.text,568772,568772,ascii,4,0h!F
12,.text,568821,568821,ascii,4,>5FU
12,.text,568892,568892,ascii,4,main
12,.text,568900,568900,ascii,5, %s (
12,.text,568916,568916,ascii,9,fragment 
12,.text,568928,568928,ascii,7,vertex 
12,.text,568952,568952,ascii,27,xlatMtlShaderOutput _mtl_o;
12,.text,568988,568988,ascii,14,return _mtl_o;
12,.text,569095,569095,ascii,4,>5FU
12,.text,569114,569114,ascii,4,0h!F
12,.text,569123,569123,ascii,5,G iIF
12,.text,569139,569139,ascii,4,>5FU
12,.text,569270,569270,ascii,4,FFCi
12,.text,569314,569314,ascii,4,FFKi
12,.text,569356,569356,ascii,4,CFRi
12,.text,569482,569482,ascii,4,DFKi
12,.text,569550,569550,ascii,4,AF@i
12,.text,569673,569673,ascii,5,FdFvF
12,.text,569768,569768,ascii,4,@A(i
12,.text,569792,569792,ascii,4,(iYF
12,.text,569863,569863,ascii,5, AF(i
12,.text,569903,569903,ascii,5,""" F1F"
12,.text,570017,570017,ascii,5,"""0F!F"
12,.text,570128,570128,ascii,4,1F(i
12,.text,570170,570170,ascii,4,(i1F
12,.text,570185,570185,ascii,8,IzD+iyDR
12,.text,570214,570214,ascii,4,(iAF
12,.text,570258,570258,ascii,4,(iAF
12,.text,570337,570337,ascii,6,J(izDR
12,.text,570362,570362,ascii,4,B!i 
12,.text,570389,570389,ascii,4,!1CQ
12,.text,570464,570464,ascii,4,BF(i
12,.text,570491,570491,ascii,6,0zDiIR
12,.text,570498,570498,ascii,4,# yD
12,.text,570518,570518,ascii,4,(iAF
12,.text,570539,570539,ascii,4,G(iQ
12,.text,570562,570562,ascii,4,(iAF
12,.text,570583,570583,ascii,4,G(iF
12,.text,570606,570606,ascii,4,(iAF
12,.text,570683,570683,ascii,4,G(i7
12,.text,570702,570702,ascii,4,(iAF
12,.text,570734,570734,ascii,4,1J&F
12,.text,570741,570741,ascii,8,0zD/I(iR
12,.text,570750,570750,ascii,4,# yD
12,.text,570786,570786,ascii,4,BF(i
12,.text,570814,570814,ascii,4,(iAF
12,.text,570880,570880,ascii,9, * (1.0/(
12,.text,570892,570892,ascii,14, * (1.0h/half(
12,.text,570920,570920,ascii,8,_xlinit_
12,.text,570956,570956,ascii,12,((half)1.0/(
12,.text,570972,570972,ascii,6,(1.0/(
12,.text,570980,570980,ascii,8,as_type<
12,.text,571016,571016,ascii,6,!i0F*F
12,.text,571093,571093,ascii,5,I FyD
12,.text,571445,571445,ascii,5,I FyD
12,.text,571461,571461,ascii,5,I FyD
12,.text,571485,571485,ascii,6,NxD~D!
12,.text,571495,571495,ascii,5,NxD~D
12,.text,571505,571505,ascii,5,NxD~D
12,.text,571515,571515,ascii,5,NxD~D
12,.text,571525,571525,ascii,5,NxD~D
12,.text,571535,571535,ascii,5,NxD~D
12,.text,571545,571545,ascii,5,NxD~D
12,.text,571555,571555,ascii,5,NxD~D
12,.text,571578,571578,ascii,6,iiHFRF
12,.text,571597,571597,ascii,7,IHF*iyD
12,.text,571620,571620,ascii,4,HF2F
12,.text,571661,571661,ascii,5,NxD~D
12,.text,571668,571668,ascii,8,{H|NxD~D
12,.text,571678,571678,ascii,5,xHxDe
12,.text,571686,571686,ascii,8,tHtNxD~D
12,.text,571696,571696,ascii,8,oHpNxD~D
12,.text,571706,571706,ascii,8,kHkNxD~D
12,.text,571716,571716,ascii,8,fHgNxD~D
12,.text,571726,571726,ascii,8,bHbNxD~D
12,.text,571736,571736,ascii,8,]H^NxD~D
12,.text,571746,571746,ascii,8,YHYNxD~D
12,.text,571756,571756,ascii,8,THUNxD~D
12,.text,571766,571766,ascii,4,OHxD
12,.text,571772,571772,ascii,8,KHLNxD~D
12,.text,571782,571782,ascii,8,GHGNxD~D
12,.text,571792,571792,ascii,8,BHCNxD~D
12,.text,571802,571802,ascii,4,=N~D
12,.text,571816,571816,ascii,4,vec2
12,.text,571824,571824,ascii,4,vec3
12,.text,571832,571832,ascii,4,vec4
12,.text,571840,571840,ascii,5,ivec2
12,.text,571848,571848,ascii,5,ivec3
12,.text,571856,571856,ascii,5,ivec4
12,.text,571864,571864,ascii,5,bvec2
12,.text,571872,571872,ascii,5,bool2
12,.text,571880,571880,ascii,5,bvec3
12,.text,571888,571888,ascii,5,bool3
12,.text,571896,571896,ascii,5,bvec4
12,.text,571904,571904,ascii,5,bool4
12,.text,571912,571912,ascii,4,mat2
12,.text,571920,571920,ascii,4,mat3
12,.text,571928,571928,ascii,4,mat4
12,.text,571936,571936,ascii,6,mat2x2
12,.text,571944,571944,ascii,6,mat2x3
12,.text,571952,571952,ascii,6,mat2x4
12,.text,571960,571960,ascii,6,mat3x2
12,.text,571968,571968,ascii,6,mat3x3
12,.text,571976,571976,ascii,6,mat3x4
12,.text,571984,571984,ascii,6,mat4x2
12,.text,571992,571992,ascii,6,mat4x3
12,.text,572000,572000,ascii,6,mat4x4
12,.text,572008,572008,ascii,9,sampler2D
12,.text,572020,572020,ascii,11,samplerCube
12,.text,572032,572032,ascii,9,sampler3D
12,.text,572088,572088,ascii,7,half4x4
12,.text,572313,572313,ascii,4,I&FV
12,.text,572346,572346,ascii,5,0hMEl
12,.text,572357,572357,ascii,5,IzDyD
12,.text,572387,572387,ascii,7,IzD iyD
12,.text,572478,572478,ascii,5,0hME:
12,.text,572501,572501,ascii,7,GzI iyD
12,.text,572523,572523,ascii,4,G iu
12,.text,572543,572543,ascii,4,G it
12,.text,572563,572563,ascii,4,G ii
12,.text,572595,572595,ascii,4,G il
12,.text,572686,572686,ascii,6,^I0hyD
12,.text,572707,572707,ascii,4,G0hP
12,.text,572724,572724,ascii,6,UI0hyD
12,.text,572745,572745,ascii,4,G0hF
12,.text,572770,572770,ascii,4,LIyD
12,.text,572776,572776,ascii,4,IIyD
12,.text,572804,572804,ascii,4,EIyD
12,.text,572810,572810,ascii,4,CIyD
12,.text,572829,572829,ascii,4,G0h?
12,.text,572888,572888,ascii,38,.sample_compare(_mtl_xl_shadow_sampler
12,.text,572932,572932,ascii,9,(float2)(
12,.text,572944,572944,ascii,9,(float3)(
12,.text,572956,572956,ascii,14,").xy, (float)("
12,.text,572972,572972,ascii,8,").xyz, ("
12,.text,572996,572996,ascii,13,").w, (float)("
12,.text,573012,573012,ascii,14,).z / (float)(
12,.text,573056,573056,ascii,4,).z)
12,.text,573107,573107,ascii,9,FIJxDIKzD
12,.text,573196,573196,ascii,4,(FDF
12,.text,573460,573460,ascii,4,) )F
12,.text,573468,573468,ascii,4, F)F
12,.text,573550,573550,ascii,4,)iIh
12,.text,573595,573595,ascii,4,F F]
12,.text,573612,573612,ascii,7,_mtl_i.
12,.text,573620,573620,ascii,7,_mtl_o.
12,.text,573628,573628,ascii,7,_mtl_u.
12,.text,573745,573745,ascii,5,FxD!F
12,.text,573813,573813,ascii,5,I#iyD
12,.text,573879,573879,ascii,4,%QE>
12,.text,573947,573947,ascii,4,G i^
12,.text,574041,574041,ascii,4,% iJ
12,.text,574075,574075,ascii,7, 0@^Fqi
12,.text,574128,574128,ascii,4,0h!F
12,.text,574137,574137,ascii,4,G i8
12,.text,574148,574148,ascii,4,0h!F
12,.text,574216,574216,ascii,4,HF%i
12,.text,574231,574231,ascii,5,"""(FYF"
12,.text,574250,574250,ascii,4,0h!F
12,.text,574352,574352,ascii,8,_xlcast_
12,.text,574413,574413,ascii,5,FuHxD
12,.text,574438,574438,ascii,4,(ip`
12,.text,574443,574443,ascii,5,`.a i
12,.text,574583,574583,ascii,4,G iP
12,.text,574864,574864,ascii,4,0h!F
12,.text,574896,574896,ascii,4, += 
12,.text,574966,574966,ascii,6,NaJF1F
12,.text,574989,574989,ascii,5,FxHxD
12,.text,575010,575010,ascii,6, `hj``
12,.text,575042,575042,ascii,4,qHxD
12,.text,575054,575054,ascii,4,oHxD
12,.text,575066,575066,ascii,4,mHxD
12,.text,575105,575105,ascii,5,""" F1F"
12,.text,575298,575298,ascii,4,HF%F
12,.text,575476,575476,ascii,17,_xlat_mtl_const%i
12,.text,575555,575555,ascii,5,F+HxD
12,.text,575580,575580,ascii,4,(ip`
12,.text,575585,575585,ascii,6,`.a i>
12,.text,575598,575598,ascii,6, hBj F
12,.text,575653,575653,ascii,4,=.FV
12,.text,575682,575682,ascii,4,(h!F
12,.text,575701,575701,ascii,4,=.FV
12,.text,575784,575784,ascii,4,(h!F
12,.text,575800,575800,ascii,6,return
12,.text,575856,575856,ascii,18,discard_fragment()
12,.text,575876,575876,ascii,6, TODO 
12,.text,575895,575895,ascii,4,F iK
12,.text,575915,575915,ascii,7,GHI iyD
12,.text,575949,575949,ascii,4,=.FV
12,.text,575968,575968,ascii,4,(h!F
12,.text,575988,575988,ascii,4, iIF
12,.text,576015,576015,ascii,4,=.FV
12,.text,576089,576089,ascii,4,>5FU
12,.text,576108,576108,ascii,4,0h!F
12,.text,576128,576128,ascii,4, iAF
12,.text,576155,576155,ascii,4,>5FU
12,.text,576200,576200,ascii,4,if (
12,.text,576220,576220,ascii,7, else {
12,.text,576326,576326,ascii,4,)FJF
12,.text,576337,576337,ascii,5, )FJF
12,.text,576404,576404,ascii,4,%iXF
12,.text,576423,576423,ascii,5,"""(FAF"
12,.text,576434,576434,ascii,4, i1F
12,.text,576442,576442,ascii,4, iYF
12,.text,576452,576452,ascii,4, FYF
12,.text,576473,576473,ascii,5,i iyD
12,.text,576534,576534,ascii,4,0P(h
12,.text,576553,576553,ascii,5,hXF)F
12,.text,576620,576620,ascii,4, iIF
12,.text,576639,576639,ascii,4,G iY
12,.text,576689,576689,ascii,9,GRIZF iyD
12,.text,576716,576716,ascii,4,-h(h
12,.text,576749,576749,ascii,7,&*iPF)F
12,.text,576764,576764,ascii,4, iAF
12,.text,576772,576772,ascii,4, h)i
12,.text,576792,576792,ascii,6,5I iyD
12,.text,576829,576829,ascii,4,>5FU
12,.text,576842,576842,ascii,4,XF1F
12,.text,576852,576852,ascii,4,PF1F
12,.text,576868,576868,ascii,4,0h!F
12,.text,576888,576888,ascii,4, iAF
12,.text,576915,576915,ascii,4,>5FU
12,.text,576972,576972,ascii,5,for (
12,.text,577101,577101,ascii,4,>5FU
12,.text,577120,577120,ascii,4,0h!F
12,.text,577140,577140,ascii,4, iAF
12,.text,577167,577167,ascii,4,>5FU
12,.text,577208,577208,ascii,14,while (true) {
12,.text,577252,577252,ascii,5,break
12,.text,577260,577260,ascii,8,continue
12,.text,577326,577326,ascii,4,&IyD
12,.text,577357,577357,ascii,5,"""0FIF"
12,.text,577372,577372,ascii,6,(iQDJh
12,.text,577401,577401,ascii,5,i(iyD
12,.text,577452,577452,ascii,11,struct %s {
12,.text,577496,577496,ascii,16,emit-vertex-TODO
12,.text,577524,577524,ascii,18,end-primitive-TODO
12,.text,577553,577553,ascii,4,hT1#
12,.text,577585,577585,ascii,5,h}DzD
12,.text,577814,577814,ascii,8,1FPDBh F
12,.text,577886,577886,ascii,4,(F!F
12,.text,577915,577915,ascii,4,=.FV
12,.text,577948,577948,ascii,30,(structure (%s) (%s@%p) (%u) (
12,.text,577984,577984,ascii,6,)(%s))
12,.text,578034,578034,ascii,4,ii F
12,.text,578066,578066,ascii,4,Pxl(
12,.text,578080,578080,ascii,4, F+F
12,.text,578108,578108,ascii,5,%s@%p
12,.text,578116,578116,ascii,7,(array 
12,.text,578124,578124,ascii,4, %u)
12,.text,578155,578155,ascii,9,KxDzD!a{D
12,.text,578175,578175,ascii,5,0 `  
12,.text,578295,578295,ascii,5,&#i(F
12,.text,578344,578344,ascii,4,hh!F
12,.text,578371,578371,ascii,5,IbiyD
12,.text,578420,578420,ascii,8,"fihh1F""F"
12,.text,578437,578437,ascii,5,12F#F
12,.text,578460,578460,ascii,5,%s@%u
12,.text,578472,578472,ascii,12,parameter@%u
12,.text,578504,578504,ascii,5,error
12,.text,578565,578565,ascii,4,K{DS
12,.text,578578,578578,ascii,5,A3zDR
12,.text,578592,578592,ascii,5,C#zDR
12,.text,578624,578624,ascii,4,!i(i
12,.text,578632,578632,ascii,6,(F!F.i
12,.text,578664,578664,ascii,9,(declare 
12,.text,578680,578680,ascii,10,invariant 
12,.text,578704,578704,ascii,9,centroid 
12,.text,578716,578716,ascii,7,sample 
12,.text,578724,578724,ascii,15,(%s%s%s%s%s%s) 
12,.text,578740,578740,ascii,4, %s)
12,.text,578835,578835,ascii,4,>5FU
12,.text,578850,578850,ascii,4,0h!F
12,.text,578875,578875,ascii,4,>5FU
12,.text,578889,578889,ascii,5,8`a F
12,.text,578943,578943,ascii,4,=.FV
12,.text,578958,578958,ascii,4,(h!F
12,.text,578983,578983,ascii,4,=.FV
12,.text,578997,578997,ascii,5,8`a F
12,.text,579023,579023,ascii,4,9aa]
12,.text,579040,579040,ascii,11,(signature 
12,.text,579052,579052,ascii,11,(parameters
12,.text,579105,579105,ascii,5,0`ami
12,.text,579115,579115,ascii,4,=.FV
12,.text,579130,579130,ascii,4,(h!F
12,.text,579155,579155,ascii,4,=.FV
12,.text,579169,579169,ascii,5,8`a F
12,.text,579200,579200,ascii,12,(function %s
12,.text,579344,579344,ascii,12,(expression 
12,.text,579360,579360,ascii,4, %s 
12,.text,579383,579383,ascii,5,F(F&i
12,.text,579395,579395,ascii,5,F0FyD
12,.text,579404,579404,ascii,4,)i i
12,.text,579412,579412,ascii,4,!i  
12,.text,579429,579429,ascii,5,G!i  
12,.text,579457,579457,ascii,5,G!i  
12,.text,579480,579480,ascii,4,!i0 
12,.text,579488,579488,ascii,4,!i  
12,.text,579496,579496,ascii,4,!i  
12,.text,579533,579533,ascii,6,G!i) ]
12,.text,579550,579550,ascii,4,!i( 
12,.text,579567,579567,ascii,5,G!i  
12,.text,579585,579585,ascii,5,G!i) 
12,.text,579743,579743,ascii,5,G!i) 
12,.text,579784,579784,ascii,6,(swiz 
12,.text,579819,579819,ascii,5,F F%i
12,.text,579844,579844,ascii,13,(var_ref %s) 
12,.text,579916,579916,ascii,11,(array_ref 
12,.text,579976,579976,ascii,12,(record_ref 
12,.text,579992,579992,ascii,5, %s) 
12,.text,580082,580082,ascii,4,\\TU
12,.text,580188,580188,ascii,8,(assign 
12,.text,580204,580204,ascii,6, (%s) 
12,.text,580305,580305,ascii,5,&HF1F
12,.text,580388,580388,ascii,4,0hYF
12,.text,580568,580568,ascii,4,* AF
12,.text,580710,580710,ascii,12,.A(constant 
12,.text,580848,580848,ascii,9,(call %s 
12,.text,580892,580892,ascii,4,!i  
12,.text,580900,580900,ascii,4,(h!F
12,.text,580909,580909,ascii,5,G!i) 
12,.text,580924,580924,ascii,7,(return
12,.text,580956,580956,ascii,4,!i  
12,.text,580973,580973,ascii,5,G!i) 
12,.text,580988,580988,ascii,9,(discard 
12,.text,581035,581035,ascii,4,G#i<
12,.text,581063,581063,ascii,4,>5FU
12,.text,581078,581078,ascii,4,0h!F
12,.text,581103,581103,ascii,4,>5FU
12,.text,581117,581117,ascii,5,8`a F
12,.text,581183,581183,ascii,4,=.FV
12,.text,581198,581198,ascii,4,(h!F
12,.text,581223,581223,ascii,4,=.FV
12,.text,581237,581237,ascii,5,8`a F
12,.text,581272,581272,ascii,4,(if 
12,.text,581327,581327,ascii,5,0`a-i
12,.text,581337,581337,ascii,4,=.FV
12,.text,581352,581352,ascii,4,(h!F
12,.text,581377,581377,ascii,4,=.FV
12,.text,581391,581391,ascii,5,8`a F
12,.text,581420,581420,ascii,7,(loop (
12,.text,581460,581460,ascii,8,continue
12,.text,581472,581472,ascii,5,break
12,.text,581480,581480,ascii,4,pGpG
12,.text,581532,581532,ascii,13,(emit-vertex 
12,.text,581600,581600,ascii,15,(end-primitive 
12,.text,581640,581640,ascii,4,(h1F
12,.text,581821,581821,ascii,5,!.~)v
12,.text,581963,581963,ascii,5,F hAF
12,.text,581989,581989,ascii,5,0A`qh
12,.text,581999,581999,ascii,9,`qhH`hh.F
12,.text,582185,582185,ascii,5,!.~)v
12,.text,582425,582425,ascii,5,!.~)v
12,.text,582747,582747,ascii,4, pG9
12,.text,582769,582769,ascii,5, pGAj
12,.text,582789,582789,ascii,5, pGAj
12,.text,582997,582997,ascii,4,`$a]
12,.text,583042,583042,ascii,4,viph
12,.text,583352,583352,ascii,32,Instruction node with unset type
12,.text,583565,583565,ascii,5,"F(F""F"
12,.text,583611,583611,ascii,7,"F0F""F+F"
12,.text,583691,583691,ascii,5,"F(F""F"
12,.text,583773,583773,ascii,5,F F)F
12,.text,583812,583812,ascii,4,oF&1
12,.text,583855,583855,ascii,5,F(b i
12,.text,584063,584063,ascii,4, Ih@
12,.text,584475,584475,ascii,6,`%F hU
12,.text,584812,584812,ascii,9,push_back
12,.text,585092,585092,ascii,6,/I FyD
12,.text,585168,585168,ascii,34,Too many %s shader atomic counters
12,.text,585204,585204,ascii,41,Too many %s shader atomic counter buffers
12,.text,585248,585248,ascii,33,Too many combined atomic counters
12,.text,585292,585292,ascii,4,Ih@h
12,.text,585518,585518,ascii,4,(iAh
12,.text,585557,585557,ascii,5,F)a)l
12,.text,585665,585665,ascii,5,`P`J`
12,.text,585736,585736,ascii,4,IF(F
12,.text,585813,585813,ascii,5,FlHxD
12,.text,585826,585826,ascii,4,XF)F
12,.text,585925,585925,ascii,5,FQHxD
12,.text,585983,585983,ascii,7,$DJxDzD
12,.text,586133,586133,ascii,5,`qhA`
12,.text,586139,586139,ascii,5,`p` h
12,.text,586264,586264,ascii,37,unresolved reference to function `%s'
12,.text,586310,586310,ascii,4,oFJi
12,.text,586463,586463,ascii,5,!BFKF
12,.text,586558,586558,ascii,6,iJiIzD
12,.text,586578,586578,ascii,4,!FBF
12,.text,586739,586739,ascii,5,iRESh
12,.text,586750,586750,ascii,4,SiSE
12,.text,587007,587007,ascii,5,F(h1h
12,.text,587157,587157,ascii,7,FUHzDxD
12,.text,587368,587368,ascii,6,)i*lKh
12,.text,587451,587451,ascii,4,=.FV
12,.text,587529,587529,ascii,5,&THxD
12,.text,587550,587550,ascii,6,PHzDxD
12,.text,587664,587664,ascii,4,QEJh
12,.text,587674,587674,ascii,4,JiRE
12,.text,587911,587911,ascii,5,F(lIF
12,.text,587924,587924,ascii,4,)i*l
12,.text,587977,587977,ascii,7,F&`)i*l
12,.text,588055,588055,ascii,7,`IF(l#F
12,.text,588153,588153,ascii,4,&0F]
12,.text,588535,588535,ascii,4,%(F]
12,.text,588705,588705,ascii,7,hJF!hHh
12,.text,588716,588716,ascii,4,IiXF
12,.text,588988,588988,ascii,4,YFRF
12,.text,589053,589053,ascii,4,XLDT
12,.text,589083,589083,ascii,4,FDFK
12,.text,589130,589130,ascii,4,``(|
12,.text,589156,589156,ascii,4,HF]!
12,.text,589176,589176,ascii,4,QFJF
12,.text,589227,589227,ascii,5,4@F)F
12,.text,589340,589340,ascii,6,%s[%u]
12,.text,589348,589348,ascii,19,link_uniform_blocks
12,.text,589368,589368,ascii,13,out of memory
12,.text,589410,589410,ascii,4,JiCi
12,.text,589452,589452,ascii,4,(h1h
12,.text,589460,589460,ascii,4,(z1z
12,.text,589493,589493,ascii,5,1A`pG
12,.text,589522,589522,ascii,6,&ia`AF
12,.text,589632,589632,ascii,4,@F)F
12,.text,589689,589689,ascii,6,h)F(DF
12,.text,589797,589797,ascii,5,%!h@F
12,.text,589817,589817,ascii,4,$ F]
12,.text,590022,590022,ascii,5,2x*DP
12,.text,590083,590083,ascii,5,$0hQF
12,.text,590239,590239,ascii,7,`PDCh F
12,.text,590319,590319,ascii,9,& F)FZF3F
12,.text,590469,590469,ascii,5,h0hBF
12,.text,590501,590501,ascii,5,hKF2h
12,.text,590599,590599,ascii,5,L#D-h
12,.text,590632,590632,ascii,6,%s[%d]
12,.text,590640,590640,ascii,5,%s.%s
12,.text,590758,590758,ascii,4,0iBh
12,.text,590768,590768,ascii,4,Ci[h
12,.text,590778,590778,ascii,6,""" XFqi"
12,.text,590822,590822,ascii,4,AiIE
12,.text,590830,590830,ascii,4,""" XF"
12,.text,590878,590878,ascii,4,(F#F
12,.text,590964,590964,ascii,6,%s[%u]
12,.text,590989,590989,ascii,5,FxD!F
12,.text,591019,591019,ascii,5,F0FAF
12,.text,591272,591272,ascii,5,",HxD@"
12,.text,591282,591282,ascii,4,fiqh
12,.text,591328,591328,ascii,6,XFRF+F
12,.text,591436,591436,ascii,4,[%u]
12,.text,591574,591574,ascii,4, FCF
12,.text,591710,591710,ascii,4,@F!F
12,.text,591792,591792,ascii,7,[%u].%s
12,.text,591800,591800,ascii,5,%s.%s
12,.text,591824,591824,ascii,4,`GpG
12,.text,592155,592155,ascii,5,""" hyD"
12,.text,592194,592194,ascii,4,zDxD
12,.text,592289,592289,ascii,4,<&FV
12,.text,592381,592381,ascii,4, hbP
12,.text,592638,592638,ascii,4,Axl)
12,.text,592682,592682,ascii,4,(F!F
12,.text,592707,592707,ascii,4,<&FV
12,.text,592800,592800,ascii,4,@FH!
12,.text,592948,592948,ascii,4,Kxl+
12,.text,593205,593205,ascii,4,=.FV
12,.text,593349,593349,ascii,4,=.FV
12,.text,593567,593567,ascii,7,@0F*F!F
12,.text,593580,593580,ascii,5,`][(.
12,.text,593629,593629,ascii,5,h!h(F
12,.text,593774,593774,ascii,4,XFQF
12,.text,593838,593838,ascii,4,hi@h
12,.text,593888,593888,ascii,6, i0D a
12,.text,593922,593922,ascii,4,ahBF
12,.text,593969,593969,ascii,4,F0hi
12,.text,594110,594110,ascii,4,`i)F
12,.text,594200,594200,ascii,6,RjJd1F
12,.text,594239,594239,ascii,6,"b,2ch^"
12,.text,594295,594295,ascii,5,cHFQF
12,.text,594403,594403,ascii,5,cHFCz
12,.text,594612,594612,ascii,5,+b -C
12,.text,594944,594944,ascii,4, FAF
12,.text,594960,594960,ascii,4,QFCh
12,.text,595069,595069,ascii,4,F F3
12,.text,595084,595084,ascii,6,*FIh@h
12,.text,595172,595172,ascii,4,+FyD
12,.text,595192,595192,ascii,8,gl_Color
12,.text,595204,595204,ascii,13,gl_FrontColor
12,.text,595220,595220,ascii,12,gl_BackColor
12,.text,595236,595236,ascii,17,gl_SecondaryColor
12,.text,595256,595256,ascii,22,gl_FrontSecondaryColor
12,.text,595280,595280,ascii,21,gl_BackSecondaryColor
12,.text,595340,595340,ascii,6,0F)FCF
12,.text,595362,595362,ascii,8,"0F)F""FCF"
12,.text,595450,595450,ascii,4,Jxl*
12,.text,595493,595493,ascii,5,P@FyD
12,.text,595553,595553,ascii,5,F0hei
12,.text,595588,595588,ascii,4,DIRF
12,.text,595595,595595,ascii,5,d+FyD
12,.text,595621,595621,ascii,7,FHFdi5h
12,.text,595668,595668,ascii,6,@FRF#F
12,.text,595691,595691,ascii,7,FHFdi5h
12,.text,595738,595738,ascii,6,@FRF#F
12,.text,595761,595761,ascii,7,FHFdi5h
12,.text,595808,595808,ascii,6,@FRF#F
12,.text,595840,595840,ascii,5,lacks
12,.text,595899,595899,ascii,5,0&``a
12,.text,595974,595974,ascii,4,iF0F
12,.text,596096,596096,ascii,13,gl_NextBuffer
12,.text,596112,596112,ascii,18,gl_SkipComponents1
12,.text,596132,596132,ascii,18,gl_SkipComponents2
12,.text,596152,596152,ascii,18,gl_SkipComponents3
12,.text,596172,596172,ascii,18,gl_SkipComponents4
12,.text,596192,596192,ascii,15,gl_ClipDistance
12,.text,596208,596208,ascii,4,init
12,.text,596227,596227,ascii,5,Fih`h
12,.text,596238,596238,ascii,4, z)z
12,.text,596579,596579,ascii,5,jQCYC
12,.text,596625,596625,ascii,4,DHas
12,.text,596647,596647,ascii,4,0@i+
12,.text,596924,596924,ascii,19,gl_ClipDistanceMESA
12,.text,596944,596944,ascii,41,Transform feedback varying %s undeclared.
12,.text,597030,597030,ascii,4,QF0F
12,.text,597070,597070,ascii,4,0F!F
12,.text,597128,597128,ascii,55,Transform feedback varying %s specified more than once.
12,.text,597258,597258,ascii,6,]FNF0F
12,.text,597312,597312,ascii,8,HFAFRF3F
12,.text,597392,597392,ascii,6,HF)FRF
12,.text,597501,597501,ascii,4,"=,FT"
12,.text,597518,597518,ascii,4,)iIh
12,.text,597535,597535,ascii,7,h0FkiIF
12,.text,597560,597560,ascii,4,ii0F
12,.text,597569,597569,ascii,5,F@F)F
12,.text,597607,597607,ascii,4,"=,FT"
12,.text,597675,597675,ascii,4,hIjP
12,.text,597829,597829,ascii,5,h!F2F
12,.text,597841,597841,ascii,5, !F2F
12,.text,597853,597853,ascii,5, !F2F
12,.text,598210,598210,ascii,4,0FIF
12,.text,598241,598241,ascii,5,4<6TE
12,.text,598259,598259,ascii,7,KYF{D F
12,.text,598416,598416,ascii,4,@FZF
12,.text,598502,598502,ascii,4,{iIF
12,.text,598624,598624,ascii,6,RFXF3F
12,.text,598676,598676,ascii,6,RFXF3F
12,.text,598695,598695,ascii,5,P `(h
12,.text,598816,598816,ascii,45,%s shader varying %s not written by %s shader
12,.text,598881,598881,ascii,5,F*HxD
12,.text,598971,598971,ascii,5,"""{D0F"
12,.text,598981,598981,ascii,5, 1hJh
12,.text,598995,598995,ascii,4,`H`V
12,.text,599015,599015,ascii,5,`Q`!`
12,.text,599086,599086,ascii,4,RibE
12,.text,599246,599246,ascii,4,phBF
12,.text,599270,599270,ascii,4,A3#C
12,.text,599280,599280,ascii,4,10!F
12,.text,599326,599326,ascii,7,X`3x hK
12,.text,599642,599642,ascii,4,@F*F
12,.text,599672,599672,ascii,47,shader uses too many input components (%u > %u)
12,.text,599724,599724,ascii,44,shader uses too many input vectors (%u > %u)
12,.text,599793,599793,ascii,4,0pGb
12,.text,599810,599810,ascii,6,oFIi@i
12,.text,599824,599824,ascii,4,@jIj
12,.text,599862,599862,ascii,4,AF i
12,.text,599877,599877,ascii,5,F0F)F
12,.text,599914,599914,ascii,5,Ih@h@
12,.text,599970,599970,ascii,4,0F!F
12,.text,600024,600024,ascii,7,error: 
12,.text,600054,600054,ascii,4,yD(F
12,.text,600076,600076,ascii,4,(F!F
12,.text,600120,600120,ascii,9,warning: 
12,.text,600430,600430,ascii,4, F)F
12,.text,600467,600467,ascii,5,I FyD
12,.text,600496,600496,ascii,11,gl_Position
12,.text,600512,600512,ascii,47,vertex shader does not write to `gl_Position'. 
12,.text,600788,600788,ascii,13,gl_ClipVertex
12,.text,600804,600804,ascii,15,gl_ClipDistance
12,.text,600820,600820,ascii,62,%s shader writes to both `gl_ClipVertex' and `gl_ClipDistance'
12,.text,601003,601003,ascii,5,I@FyD
12,.text,601048,601048,ascii,12,gl_FragColor
12,.text,601064,601064,ascii,11,gl_FragData
12,.text,601110,601110,ascii,4,(F!F
12,.text,601246,601246,ascii,4,ii0F
12,.text,601290,601290,ascii,4,BiKi
12,.text,601318,601318,ascii,4,0F)F
12,.text,601360,601360,ascii,5,XFjjP
12,.text,601467,601467,ascii,5,IhiyD
12,.text,601482,601482,ascii,4,"""y h"
12,.text,601510,601510,ascii,4, hFE
12,.text,601586,601586,ascii,5,"YF""hQ"
12,.text,601637,601637,ascii,5,"q""hP@"
12,.text,601729,601729,ascii,4,FyD/
12,.text,601743,601743,ascii,4,FyD(
12,.text,601757,601757,ascii,4,FyD!
12,.text,601776,601776,ascii,4,5Iji
12,.text,601827,601827,ascii,5,FyDki
12,.text,601876,601876,ascii,43,%s `%s' declared as type `%s' and type `%s'
12,.text,601924,601924,ascii,52,explicit locations for %s `%s' have differing values
12,.text,602090,602090,ascii,4,AF0h
12,.text,602174,602174,ascii,8,UHUJxDzD
12,.text,602339,602339,ascii,5,i(FQF
12,.text,602358,602358,ascii,6,)F2FPF
12,.text,602624,602624,ascii,4,main
12,.text,602665,602665,ascii,5,"hYF""F"
12,.text,602694,602694,ascii,6,"PFYF""F"
12,.text,602718,602718,ascii,8,@FQFZF#F
12,.text,603056,603056,ascii,5,HFIF@
12,.text,603216,603216,ascii,4,PFyD
12,.text,603260,603260,ascii,4,PFYF
12,.text,603517,603517,ascii,5,FPFyD
12,.text,603563,603563,ascii,7,IPFbFyD
12,.text,603581,603581,ascii,5,IyDPF
12,.text,603946,603946,ascii,8,PF)FZFCF
12,.text,603984,603984,ascii,4,0FYF
12,.text,604000,604000,ascii,8,PF)F2FCF
12,.text,604156,604156,ascii,4,KHxD
12,.text,604180,604180,ascii,4,BHxD
12,.text,604191,604191,ascii,5, HF)F
12,.text,604200,604200,ascii,6,",IPFyD"
12,.text,604222,604222,ascii,4,)IyD
12,.text,604272,604272,ascii,33,function `%s' is multiply defined
12,.text,604316,604316,ascii,52,geometry shader defined with conflicting input types
12,.text,604400,604400,ascii,40,compute shader didn't declare local size
12,.text,604526,604526,ascii,4, b F
12,.text,604913,604913,ascii,4,?eF!
12,.text,605136,605136,ascii,5,C PE?
12,.text,605173,605173,ascii,5,"""{D@F"
12,.text,605322,605322,ascii,4,PEIh
12,.text,605327,605327,ascii,4,"iKb"""
12,.text,605364,605364,ascii,6,@hyDCi
12,.text,605383,605383,ascii,4,&4H4
12,.text,605468,605468,ascii,22,fragment shader output
12,.text,605492,605492,ascii,19,vertex shader input
12,.text,605512,605512,ascii,47,invalid explicit location %d specified for `%s'
12,.text,605580,605580,ascii,9,gl_Vertex
12,.text,605786,605786,ascii,7,"PF,`+%@"
12,.text,605913,605913,ascii,4,``FV
12,.text,606016,606016,ascii,4,t1PF
12,.text,606076,606076,ascii,4,PFyD
12,.text,606136,606136,ascii,4,%01F
12,.text,606166,606166,ascii,4,PFIF
12,.text,606176,606176,ascii,4,PFIF
12,.text,606186,606186,ascii,4,PFIF
12,.text,606206,606206,ascii,6,!FJF0F
12,.text,606328,606328,ascii,4,zDxD
12,.text,606557,606557,ascii,4,8HE#
12,.text,606574,606574,ascii,4,riIF
12,.text,606638,606638,ascii,6,PFriyD
12,.text,607100,607100,ascii,4,~ yD
12,.text,607156,607156,ascii,4,|`zD
12,.text,607206,607206,ascii,4,PFyD
12,.text,607328,607328,ascii,6,BYyDPF
12,.text,607476,607476,ascii,4,8aPF
12,.text,607498,607498,ascii,4,",  F"
12,.text,607520,607520,ascii,4,"QF""F"
12,.text,607766,607766,ascii,4,RF#F
12,.text,607820,607820,ascii,6,!F2FKF
12,.text,607880,607880,ascii,4,"QF""F"
12,.text,607896,607896,ascii,4,QF2F
12,.text,607976,607976,ascii,4,0iAh
12,.text,608167,608167,ascii,4,>4FT
12,.text,608198,608198,ascii,4,HFQF
12,.text,608231,608231,ascii,5,C|D(F
12,.text,608260,608260,ascii,4,!F@i
12,.text,608327,608327,ascii,5,FPFIF
12,.text,608413,608413,ascii,4,FPF$
12,.text,608521,608521,ascii,5,IPFyD
12,.text,608529,608529,ascii,4, YFU
12,.text,608561,608561,ascii,7,FPF3FyD
12,.text,608713,608713,ascii,5,FPFAF
12,.text,608774,608774,ascii,6,\IPFyD
12,.text,608798,608798,ascii,6,WIPFyD
12,.text,608808,608808,ascii,4,0FQF
12,.text,608862,608862,ascii,4,HIyD
12,.text,608898,608898,ascii,4,@IyD
12,.text,608948,608948,ascii,50,all shaders must use same shading language version
12,.text,609000,609000,ascii,49,Geometry shader must be linked with vertex shader
12,.text,609068,609068,ascii,29,Out of memory during linking.
12,.text,609314,609314,ascii,6,3h*F0F
12,.text,609406,609406,ascii,4,Ii(j
12,.text,609431,609431,ascii,5,F(j1F
12,.text,609440,609440,ascii,4,hj2F
12,.text,609453,609453,ascii,5,`P`J`
12,.text,609481,609481,ascii,5,F iAh
12,.text,609539,609539,ascii,5,Mbi}D
12,.text,609549,609549,ascii,5,Mci}D
12,.text,609630,609630,ascii,4, iAh
12,.text,609674,609674,ascii,4,@iAh
12,.text,609750,609750,ascii,4,)F2F
12,.text,609758,609758,ascii,4,ai0F
12,.text,609784,609784,ascii,4, a d
12,.text,609796,609796,ascii,4,!i d
12,.text,609815,609815,ascii,5,F hBh
12,.text,609904,609904,ascii,5,LFEFV
12,.text,610314,610314,ascii,4,yDxD
12,.text,610323,610323,ascii,5, 2F)F
12,.text,610335,610335,ascii,5, )F2F
12,.text,610347,610347,ascii,5, )F2F
12,.text,610364,610364,ascii,4, a F
12,.text,610435,610435,ascii,5,F(iL!
12,.text,610464,610464,ascii,6,"hh1F""F"
12,.text,610475,610475,ascii,6, (p0F]
12,.text,610515,610515,ascii,4,"`""FB"
12,.text,610521,610521,ascii,5,_xDba
12,.text,610531,610531,ascii,4,"a""FB"
12,.text,610547,610547,ascii,6,"b""FyDB"
12,.text,610554,610554,ascii,4,"4_""c"
12,.text,610668,610668,ascii,4,nF0F
12,.text,610680,610680,ascii,4,$h h
12,.text,610701,610701,ascii,5,G0F)F
12,.text,610718,610718,ascii,4,AF*F
12,.text,610771,610771,ascii,5,GPF)F
12,.text,610800,610800,ascii,4,AF*F
12,.text,610897,610897,ascii,5,`1F(l
12,.text,610910,610910,ascii,6,0`(ip`
12,.text,610917,610917,ascii,6,`0F.a]
12,.text,611022,611022,ascii,4,0F)F
12,.text,611176,611176,ascii,4,`h!F
12,.text,611301,611301,ascii,4,#ijZ
12,.text,611377,611377,ascii,5,`H` `
12,.text,611648,611648,ascii,8, hahA`ah
12,.text,611677,611677,ascii,5,`0h4F
12,.text,611772,611772,ascii,6,@@Ei@F
12,.text,612017,612017,ascii,4,i?(m
12,.text,612045,612045,ascii,4,i?(4
12,.text,612072,612072,ascii,4,(hQF
12,.text,612100,612100,ascii,4, FBF
12,.text,612160,612160,ascii,4,4b1F
12,.text,612180,612180,ascii,8,0hqhA`qh
12,.text,612195,612195,ascii,9, 1`p`Hhp`
12,.text,612252,612252,ascii,4,0@ h
12,.text,612390,612390,ascii,6,@i)FKF
12,.text,612420,612420,ascii,6,<@$h h
12,.text,612651,612651,ascii,4,!HEJ
12,.text,612674,612674,ascii,6,"hiIF""F"
12,.text,612686,612686,ascii,6,"(jIF""F"
12,.text,612706,612706,ascii,4,(hAF
12,.text,612715,612715,ascii,5,G@FIF
12,.text,612748,612748,ascii,4,6h0h
12,.text,612917,612917,ascii,4,h&FV
12,.text,612956,612956,ascii,4, hIF
12,.text,612965,612965,ascii,5,GHF)F
12,.text,612976,612976,ascii,5,4h&FV
12,.text,613143,613143,ascii,5,hHF1F
12,.text,613154,613154,ascii,4,?!SF
12,.text,613174,613174,ascii,4," F,!"
12,.text,613195,613195,ascii,7,  FB!KF
12,.text,613232,613232,ascii,4, i@h
12,.text,613254,613254,ascii,4,",!HF"
12,.text,613263,613263,ascii,5,FlHxD
12,.text,613284,613284,ascii,4,#FxD
12,.text,613338,613338,ascii,4,aHxD
12,.text,613346,613346,ascii,4,aHxD
12,.text,613366,613366,ascii,4,[HxD
12,.text,613374,613374,ascii,4,(i@h
12,.text,613388,613388,ascii,4,HFh!
12,.text,613424,613424,ascii,4,HFh!
12,.text,613460,613460,ascii,4,HFh!
12,.text,613506,613506,ascii,4,"HF,!"
12,.text,613527,613527,ascii,7,&HF@!#F
12,.text,613588,613588,ascii,4,"HF,!"
12,.text,613893,613893,ascii,5,`k`Fl
12,.text,614347,614347,ascii,9,`BFA`PFIF
12,.text,614448,614448,ascii,4,phBF
12,.text,614490,614490,ascii,4,phBF
12,.text,614503,614503,ascii,5,`PFIF
12,.text,614588,614588,ascii,6,HF!FRF
12,.text,614846,614846,ascii,4,;HxD
12,.text,614921,614921,ascii,5,/J`*h
12,.text,614943,614943,ascii,7,h*hJ`*h
12,.text,615424,615424,ascii,6, iAiIh
12,.text,615441,615441,ascii,9,"!,biv@iAh"
12,.text,615479,615479,ascii,5,aivAh
12,.text,615554,615554,ascii,4,!iJh
12,.text,615607,615607,ascii,5,IjjyD
12,.text,615631,615631,ascii,4,) kO
12,.text,615645,615645,ascii,5,1H``h
12,.text,615655,615655,ascii,5,``hA`
12,.text,615664,615664,ascii,15,gl_ClipDistance
12,.text,615680,615680,ascii,19,gl_ClipDistanceMESA
12,.text,615738,615738,ascii,5,",F0FT"
12,.text,615752,615752,ascii,4,ii0F
12,.text,615806,615806,ascii,4,HF !
12,.text,615835,615835,ascii,5,FHFh!
12,.text,615852,615852,ascii,4,0F!F
12,.text,615862,615862,ascii,6,@F)F2F
12,.text,615872,615872,ascii,4,HF !
12,.text,615903,615903,ascii,5,FHFh!
12,.text,615920,615920,ascii,4,0F!F
12,.text,615930,615930,ascii,6,2FPF)F
12,.text,615957,615957,ascii,5,GHF !
12,.text,615976,615976,ascii,4,(FAF
12,.text,616082,616082,ascii,4,0h!F
12,.text,616114,616114,ascii,4,0F)F
12,.text,616196,616196,ascii,4,uIyD
12,.text,616204,616204,ascii,4,yIyD
12,.text,616212,616212,ascii,4,xIyD
12,.text,616244,616244,ascii,4,(FAF
12,.text,616258,616258,ascii,4,XFD!
12,.text,616296,616296,ascii,4,hhIF
12,.text,616338,616338,ascii,4, FIF
12,.text,616394,616394,ascii,4,XF !
12,.text,616432,616432,ascii,4, FIF
12,.text,616455,616455,ascii,5,FXF!F
12,.text,616466,616466,ascii,4,lhXF
12,.text,616511,616511,ascii,5,Gl`0h
12,.text,616528,616528,ascii,4,XF !
12,.text,616580,616580,ascii,4,0FIF
12,.text,616588,616588,ascii,6, FAF2F
12,.text,616600,616600,ascii,4,"nh""F"
12,.text,616605,616605,ascii,4,",0FP"
12,.text,616621,616621,ascii,5,hJ`)F
12,.text,616627,616627,ascii,5,`l` h
12,.text,616639,616639,ascii,5,Gn` h
12,.text,616672,616672,ascii,18,temp_clip_distance
12,.text,616850,616850,ascii,4,qjHF
12,.text,616883,616883,ascii,5,H!ixD
12,.text,616898,616898,ascii,4,"HF,!"
12,.text,616955,616955,ascii,5,FHFh!
12,.text,616978,616978,ascii,4,0FIF
12,.text,616993,616993,ascii,4,z0FO
12,.text,617004,617004,ascii,4,XFh!
12,.text,617036,617036,ascii,4,HFD!
12,.text,617045,617045,ascii,5,FgHxD
12,.text,617066,617066,ascii,4, FQF
12,.text,617094,617094,ascii,4,!`NF
12,.text,617102,617102,ascii,4,0Fa`
12,.text,617160,617160,ascii,6, F1FZF
12,.text,617180,617180,ascii,4,",! `"
12,.text,617244,617244,ascii,4,HFh!
12,.text,617270,617270,ascii,8,"XFO!""F3F"
12,.text,617286,617286,ascii,4,"HF,!"
12,.text,617326,617326,ascii,4,HFh!
12,.text,617352,617352,ascii,8,"XFP!""F3F"
12,.text,617385,617385,ascii,5,h(F1F
12,.text,617404,617404,ascii,4," F,!"
12,.text,617420,617420,ascii,8, F^!*F[F
12,.text,617464,617464,ascii,19,clip_distance_index
12,.text,617622,617622,ascii,4,zD`i
12,.text,617636,617636,ascii,4,0Fg!
12,.text,617646,617646,ascii,6, FAFfa
12,.text,617787,617787,ascii,4,=jh*
12,.text,617817,617817,ascii,4,>rh*
12,.text,617900,617900,ascii,4,HF !
12,.text,617944,617944,ascii,4,HFh!
12,.text,617970,617970,ascii,6,JF FQF
12,.text,618048,618048,ascii,6, FIF*F
12,.text,618060,618060,ascii,6, FIF2F
12,.text,618092,618092,ascii,4, FIF
12,.text,618104,618104,ascii,4,.F4a
12,.text,618160,618160,ascii,17,discard_cond_temp
12,.text,618210,618210,ascii,4,HFh!
12,.text,618242,618242,ascii,4,HF !
12,.text,618257,618257,ascii,5,h(F1F
12,.text,618282,618282,ascii,4, FAF
12,.text,618290,618290,ascii,6,(F!FRF
12,.text,618359,618359,ascii,7,F!HD!xD
12,.text,618414,618414,ascii,4, h)F
12,.text,618429,618429,ascii,7,`A`0F!`
12,.text,618458,618458,ascii,4,0F!F
12,.text,618508,618508,ascii,9,discarded
12,.text,618553,618553,ascii,5,F-HxD
12,.text,618562,618562,ascii,4, FIF
12,.text,618633,618633,ascii,4,a(F@
12,.text,618790,618790,ascii,4,@FIF
12,.text,618806,618806,ascii,4,(jh!
12,.text,618832,618832,ascii,4,(j !
12,.text,618848,618848,ascii,6,(FAF2F
12,.text,618869,618869,ascii,9,5l`(`E`%`
12,.text,618888,618888,ascii,4,main
12,.text,618927,618927,ascii,5,hHF!F
12,.text,618944,618944,ascii,4,0jh!
12,.text,618970,618970,ascii,4,0j !
12,.text,618986,618986,ascii,6,0FIF*F
12,.text,619118,619118,ascii,4,@FIF
12,.text,619292,619292,ascii,4,GIyD
12,.text,619300,619300,ascii,4,DIyD
12,.text,619320,619320,ascii,4, FQF
12,.text,619332,619332,ascii,6, FQFRF
12,.text,619370,619370,ascii,4,",!XF"
12,.text,619432,619432,ascii,4,",! F"
12,.text,619673,619673,ascii,5,h!F2F
12,.text,619743,619743,ascii,5,h!F2F
12,.text,619801,619801,ascii,5,F|HxD
12,.text,619894,619894,ascii,4,0FYF
12,.text,619902,619902,ascii,4,(F !
12,.text,619926,619926,ascii,4, F1F
12,.text,619992,619992,ascii,4,YFZF
12,.text,620012,620012,ascii,4,@FD!
12,.text,620021,620021,ascii,5,FMHxD
12,.text,620096,620096,ascii,4,(F1F
12,.text,620104,620104,ascii,4,"@F,!"
12,.text,620142,620142,ascii,4,@F !
12,.text,620158,620158,ascii,6, F)FZF
12,.text,620178,620178,ascii,6,QF `*F
12,.text,620218,620218,ascii,4,1F2F
12,.text,620308,620308,ascii,22,if_to_cond_assign_then
12,.text,620336,620336,ascii,22,if_to_cond_assign_else
12,.text,620479,620479,ascii,4,iX(S
12,.text,620528,620528,ascii,4,"W ,!"
12,.text,620552,620552,ascii,4, FYF
12,.text,620608,620608,ascii,4,X!KF
12,.text,620620,620620,ascii,4,(Fh!
12,.text,620680,620680,ascii,4,@F)F
12,.text,620714,620714,ascii,4,"@ ,!"
12,.text,620735,620735,ascii,5,h F1F
12,.text,620764,620764,ascii,4,(Fh!
12,.text,620820,620820,ascii,4,"> ,!"
12,.text,620909,620909,ascii,5,"F(j,!"
12,.text,620915,620915,ascii,5,iDh(F
12,.text,620957,620957,ascii,5,!0FJF
12,.text,620966,620966,ascii,4,"(F,!"
12,.text,620986,620986,ascii,4, FQF
12,.text,621115,621115,ascii,5,"F(F,!"
12,.text,621152,621152,ascii,6,"0F""FKF"
12,.text,621278,621278,ascii,4,(i@h
12,.text,621288,621288,ascii,4,(FD!
12,.text,621308,621308,ascii,4,HFYF
12,.text,621330,621330,ascii,4,HF!F
12,.text,621367,621367,ascii,5,`(F !
12,.text,621400,621400,ascii,4,0FIF
12,.text,621408,621408,ascii,6,*j F1F
12,.text,621486,621486,ascii,4,PFIF
12,.text,621502,621502,ascii,4,B!#F
12,.text,621522,621522,ascii,4,@F1F
12,.text,621530,621530,ascii,4,"(F,!"
12,.text,621550,621550,ascii,4, FQF
12,.text,621600,621600,ascii,4,0FIF
12,.text,621624,621624,ascii,4,"(F,!"
12,.text,621644,621644,ascii,4, FIF
12,.text,621696,621696,ascii,6,+j0F@!
12,.text,621768,621768,ascii,4,(FQF
12,.text,621782,621782,ascii,4,(Fh!
12,.text,621801,621801,ascii,5,h F1F
12,.text,621822,621822,ascii,4,(Fh!
12,.text,621850,621850,ascii,4,(Fh!
12,.text,621878,621878,ascii,4,(FD!
12,.text,621904,621904,ascii,4,`B F
12,.text,621918,621918,ascii,4,(FD!
12,.text,621938,621938,ascii,6,@B FQF
12,.text,621954,621954,ascii,4,(FD!
12,.text,621976,621976,ascii,4, B F
12,.text,621990,621990,ascii,4,(FD!
12,.text,622028,622028,ascii,4,(FD!
12,.text,622051,622051,ascii,5,2 FQF
12,.text,622066,622066,ascii,4,(FD!
12,.text,622105,622105,ascii,5,.0F1F
12,.text,622315,622315,ascii,5,.3F1F
12,.text,622524,622524,ascii,4,(Fh!
12,.text,622797,622797,ascii,5,F@F1F
12,.text,622816,622816,ascii,4,(Fh!
12,.text,622825,622825,ascii,5,FOHxD
12,.text,622834,622834,ascii,4, FIF
12,.text,622844,622844,ascii,4,;! F
12,.text,622922,622922,ascii,4,@F)F
12,.text,622945,622945,ascii,5,F5HxD
12,.text,623032,623032,ascii,11,zero_sign_x
12,.text,623044,623044,ascii,20,extracted_biased_exp
12,.text,623068,623068,ascii,20,resulting_biased_exp
12,.text,623092,623092,ascii,24,is_not_zero_or_underflow
12,.text,623128,623128,ascii,5,mod_b
12,.text,623185,623185,ascii,5,"F(F,!"
12,.text,623228,623228,ascii,4,@ .b
12,.text,623273,623273,ascii,5,"a(F,!"
12,.text,623363,623363,ascii,5,F$IxD
12,.text,623450,623450,ascii,4, FYF
12,.text,623737,623737,ascii,7,F%HDFxD
12,.text,623748,623748,ascii,4,0FAF
12,.text,623764,623764,ascii,4,AFMF
12,.text,623880,623880,ascii,4,main
12,.text,623960,623960,ascii,18,pGpGpGpGpGpGpGpGpG
12,.text,624336,624336,ascii,4,Fh0h
12,.text,624530,624530,ascii,4,1F0`
12,.text,624613,624613,ascii,5,h*FA`
12,.text,624768,624768,ascii,6,PFYF*F
12,.text,624870,624870,ascii,4,0FYF
12,.text,624878,624878,ascii,4, Fh!
12,.text,624908,624908,ascii,6,"(F1F""F"
12,.text,625273,625273,ascii,5,6q`0`
12,.text,625409,625409,ascii,5,`0hB`
12,.text,625415,625415,ascii,4, 2`I
12,.text,625466,625466,ascii,4,|`3C
12,.text,625692,625692,ascii,4,",! F"
12,.text,625701,625701,ascii,5,F8HxD
12,.text,625710,625710,ascii,4,0FIF
12,.text,625744,625744,ascii,8,.H1F2FxD
12,.text,625806,625806,ascii,10,q`0``hF`f`
12,.text,625908,625908,ascii,12,execute_flag
12,.text,626103,626103,ascii,5,`i`!}
12,.text,626126,626126,ascii,4, F)F
12,.text,626189,626189,ascii,7,6p`hh0`
12,.text,626199,626199,ascii,5,`hhF`
12,.text,626304,626304,ascii,4,"PF,!"
12,.text,626313,626313,ascii,5,FsHxD
12,.text,626322,626322,ascii,4,(FIF
12,.text,626391,626391,ascii,4,a(F@
12,.text,626492,626492,ascii,4,"PF,!"
12,.text,626501,626501,ascii,5,FGHxD
12,.text,626510,626510,ascii,4,(FIF
12,.text,626581,626581,ascii,4,a(F@
12,.text,626605,626605,ascii,5,F/HxD
12,.text,626840,626840,ascii,8,pGpGpGpG
12,.text,626872,626872,ascii,4,0`0q
12,.text,627029,627029,ascii,5,F}HxD
12,.text,627038,627038,ascii,4, FQF
12,.text,627148,627148,ascii,6, F)F2F
12,.text,627174,627174,ascii,4, `D`
12,.text,627247,627247,ascii,5,FKHxD
12,.text,627309,627309,ascii,5,`@F !
12,.text,627319,627319,ascii,5,F>HxD
12,.text,627325,627325,ascii,5,h F)F
12,.text,627350,627350,ascii,4,0FYF
12,.text,627361,627361,ascii,5,  F1F
12,.text,627406,627406,ascii,4,@F !
12,.text,627415,627415,ascii,5,F'HxD
12,.text,627421,627421,ascii,5,h F1F
12,.text,627446,627446,ascii,4,XF)F
12,.text,627454,627454,ascii,4,@Fh!
12,.text,627482,627482,ascii,6, FYF*F
12,.text,627540,627540,ascii,11,return_flag
12,.text,627556,627556,ascii,12,return_value
12,.text,627605,627605,ascii,5,FIHxD
12,.text,627611,627611,ascii,5,h0F)F
12,.text,627651,627651,ascii,5,F>HxD
12,.text,627798,627798,ascii,6,1F(FBF
12,.text,627846,627846,ascii,4,PFh!
12,.text,627878,627878,ascii,6,"0FYF""F"
12,.text,627912,627912,ascii,10,break_flag
12,.text,628039,628039,ascii,5,0A`ah
12,.text,628049,628049,ascii,5,`ahH`
12,.text,628065,628065,ascii,5,HmFxD
12,.text,628108,628108,ascii,4,(F!F
12,.text,628476,628476,ascii,4, F)F
12,.text,628530,628530,ascii,4,(F!F
12,.text,628564,628564,ascii,6,)  F)F
12,.text,628733,628733,ascii,5,FXF2F
12,.text,628743,628743,ascii,9,F*F FIFEF
12,.text,628776,628776,ascii,6,@F)F2F
12,.text,628787,628787,ascii,5,"FHF""F"
12,.text,628916,628916,ascii,4,0F!F
12,.text,628992,628992,ascii,8,UF@F)F2F
12,.text,629007,629007,ascii,5,F@F2F
12,.text,629017,629017,ascii,7,FXFM!RF
12,.text,629050,629050,ascii,4,(F!F
12,.text,629145,629145,ascii,5,h0F!F
12,.text,629275,629275,ascii,5,F(FJF
12,.text,629376,629376,ascii,4,MF@z
12,.text,629442,629442,ascii,4,@F)F
12,.text,629453,629453,ascii,7,"F""F@FQF"
12,.text,629469,629469,ascii,7,F0F@!JF
12,.text,629480,629480,ascii,4,)i*F
12,.text,629516,629516,ascii,6,"@F)F""F"
12,.text,629531,629531,ascii,5,F@F#F
12,.text,629541,629541,ascii,7,FPF@!2F
12,.text,629570,629570,ascii,8,0F>!JFSF
12,.text,629624,629624,ascii,4,@FJF
12,.text,629633,629633,ascii,5,F F2F
12,.text,629742,629742,ascii,6,@FIF2F
12,.text,629757,629757,ascii,5,FXF!F
12,.text,629786,629786,ascii,4,@F2F
12,.text,629795,629795,ascii,5,F FZF
12,.text,629944,629944,ascii,4,PF*F
12,.text,629991,629991,ascii,5,F@F*F
12,.text,630001,630001,ascii,7,"F0FV!""F"
12,.text,630030,630030,ascii,6, FQF2F
12,.text,630088,630088,ascii,4,@FKF
12,.text,630135,630135,ascii,5,FYHxD
12,.text,630148,630148,ascii,4,@FIF
12,.text,630159,630159,ascii,5,F@F1F
12,.text,630173,630173,ascii,7,"FPF@!""F"
12,.text,630236,630236,ascii,4,"@F""F"
12,.text,630259,630259,ascii,7,F(F@!2F
12,.text,630288,630288,ascii,8,PF>!ZF+F
12,.text,630345,630345,ascii,5,F'HxD
12,.text,630358,630358,ascii,6,(F!FRF
12,.text,630366,630366,ascii,6,@FJFSF
12,.text,630452,630452,ascii,12,mat_cmp_bvec
12,.text,630520,630520,ascii,40,FINISHME: Handle matrix operation for %s
12,.text,630568,630568,ascii,13,mat_op_to_vec
12,.text,630615,630615,ascii,5,F(iAz
12,.text,630650,630650,ascii,4,0FIF
12,.text,630674,630674,ascii,4, FAF
12,.text,630684,630684,ascii,6,"0F)F""F"
12,.text,630696,630696,ascii,4,.F0F
12,.text,630770,630770,ascii,6,"HFQF""F"
12,.text,630797,630797,ascii,7,F(F@!BF
12,.text,630828,630828,ascii,4,"HF""F"
12,.text,630837,630837,ascii,5,F@F*F
12,.text,630966,630966,ascii,4,"(F""F"
12,.text,631023,631023,ascii,5,JxD{D
12,.text,631180,631180,ascii,4,pi5F
12,.text,631276,631276,ascii,7,pi)i@DP
12,.text,631328,631328,ascii,4,IF(F
12,.text,631375,631375,ascii,4,0@DP
12,.text,631411,631411,ascii,6,C(wpiA
12,.text,631421,631421,ascii,7,i@D@hhb
12,.text,631437,631437,ascii,4,api!
12,.text,631461,631461,ascii,5,aqiAD
12,.text,631477,631477,ascii,5,aqiAD
12,.text,631493,631493,ascii,5,a(F1F
12,.text,631504,631504,ascii,4,")F""F"
12,.text,631523,631523,ascii,5,5i`(`
12,.text,631708,631708,ascii,4,iF(h
12,.text,631732,631732,ascii,4,(F!F
12,.text,631904,631904,ascii,4,@FIF
12,.text,631943,631943,ascii,5,i(FAF
12,.text,631954,631954,ascii,4,EF%`
12,.text,632079,632079,ascii,4,F.hv
12,.text,632111,632111,ascii,4, `v]
12,.text,632132,632132,ascii,4,QHxD
12,.text,632215,632215,ascii,5,F=HxD
12,.text,632271,632271,ascii,5,$2HxD
12,.text,632291,632291,ascii,5,i0F)F
12,.text,632299,632299,ascii,5,F(F !
12,.text,632338,632338,ascii,4,XF!F
12,.text,632350,632350,ascii,4,HFZF
12,.text,632468,632468,ascii,6,result
12,.text,632589,632589,ascii,5,HmFxD
12,.text,632642,632642,ascii,4,(F!F
12,.text,632892,632892,ascii,4,main
12,.text,633031,633031,ascii,5,hPF1F
12,.text,633040,633040,ascii,4,PFIF
12,.text,633064,633064,ascii,4, FAF
12,.text,633072,633072,ascii,4,(F !
12,.text,633088,633088,ascii,6,"(FQF""F"
12,.text,633378,633378,ascii,4,]F)h
12,.text,633398,633398,ascii,4,UJzD
12,.text,633454,633454,ascii,4,IiNh
12,.text,633506,633506,ascii,4,0F!F
12,.text,633516,633516,ascii,4,`iaj
12,.text,633548,633548,ascii,4,1F#F
12,.text,633644,633644,ascii,6,BhJ`Bh
12,.text,633732,633732,ascii,4,main
12,.text,633782,633782,ascii,4,)iJh
12,.text,633839,633839,ascii,8,F(iAi hQ
12,.text,633864,633864,ascii,6,PF)FZF
12,.text,633898,633898,ascii,4,2F8i
12,.text,633946,633946,ascii,4,)F8i
12,.text,633999,633999,ascii,5,2 F)F
12,.text,634084,634084,ascii,4,LA2F
12,.text,634114,634114,ascii,4,",@JF"
12,.text,634142,634142,ascii,4, h !
12,.text,634162,634162,ascii,4,@FQF
12,.text,634172,634172,ascii,6,@F)F3F
12,.text,634182,634182,ascii,4, h !
12,.text,634201,634201,ascii,4,"""!hO"
12,.text,634217,634217,ascii,5,FXFKF
12,.text,634230,634230,ascii,4,p9 h
12,.text,634236,634236,ascii,4,IF*F
12,.text,634250,634250,ascii,4,IF*F
12,.text,634263,634263,ascii,5,F8iAF
12,.text,634273,634273,ascii,5,F F3F
12,.text,634287,634287,ascii,7,F FYF3F
12,.text,634371,634371,ascii,4,F:i[
12,.text,634423,634423,ascii,4,JyDX
12,.text,634472,634472,ascii,4,D! h
12,.text,634572,634572,ascii,5,P0)w`
12,.text,634578,634578,ascii,4,N2(F
12,.text,634656,634656,ascii,4, hh!
12,.text,634665,634665,ascii,5,FyHxD
12,.text,634671,634671,ascii,5,hXF1F
12,.text,634680,634680,ascii,4,9iXF
12,.text,634690,634690,ascii,4, h !
12,.text,634706,634706,ascii,6,(FQFZF
12,.text,634718,634718,ascii,6,UF h !
12,.text,634729,634729,ascii,5,FjHxD
12,.text,634744,634744,ascii,6,XF)FKF
12,.text,634774,634774,ascii,4,@hIh
12,.text,634790,634790,ascii,4,"(h,!"
12,.text,634801,634801,ascii,5,F]HxD
12,.text,634836,634836,ascii,4,@hIh
12,.text,634852,634852,ascii,4,"(h,!"
12,.text,634861,634861,ascii,5,FKHxD
12,.text,634888,634888,ascii,4,"(h,!"
12,.text,634899,634899,ascii,5,FCHxD
12,.text,634926,634926,ascii,4,PF#F
12,.text,634934,634934,ascii,6,",F ! h"
12,.text,634945,634945,ascii,5,F:HxD
12,.text,634958,634958,ascii,7,(FYFRF%
12,.text,634966,634966,ascii,4,"(h,!"
12,.text,634975,634975,ascii,5,F-HxD
12,.text,635002,635002,ascii,4, F[F
12,.text,635011,635011,ascii,7,"F,F ! h"
12,.text,635023,635023,ascii,5,F#HxD
12,.text,635036,635036,ascii,6,(FQFZF
12,.text,635112,635112,ascii,5,%s.%s
12,.text,635124,635124,ascii,9,packed:%s
12,.text,635184,635184,ascii,4,xyzw
12,.text,635255,635255,ascii,5,F0hh!
12,.text,635272,635272,ascii,4,@FIF
12,.text,635282,635282,ascii,4,0h !
12,.text,635298,635298,ascii,6,PF)FBF
12,.text,635360,635360,ascii,4,ZFxi
12,.text,635400,635400,ascii,6,%s[%d]
12,.text,635625,635625,ascii,4,"4?,3"
12,.text,635675,635675,ascii,4,F@FO
12,.text,635687,635687,ascii,5,F0FIF
12,.text,635777,635777,ascii,4,F@FO
12,.text,635789,635789,ascii,5,F0FIF
12,.text,635854,635854,ascii,4,XF1F
12,.text,635905,635905,ascii,5,#xDzD
12,.text,635916,635916,ascii,4,PFIF
12,.text,635934,635934,ascii,4,XF1F
12,.text,635961,635961,ascii,5,&PFIF
12,.text,635979,635979,ascii,7,FPFIFzD
12,.text,636049,636049,ascii,5,bPFIF
12,.text,636157,636157,ascii,5,FXF1F
12,.text,636223,636223,ascii,5,FXF1F
12,.text,636352,636352,ascii,4,XF1F
12,.text,636470,636470,ascii,4,XF1F
12,.text,636523,636523,ascii,5,#xDzD
12,.text,636595,636595,ascii,5,FZ 1F
12,.text,636778,636778,ascii,4,XF1F
12,.text,636871,636871,ascii,4,F0FO
12,.text,636883,636883,ascii,5,F@FIF
12,.text,636951,636951,ascii,5,#xDzD
12,.text,636999,636999,ascii,5,JxDzD
12,.text,637007,637007,ascii,5,h@F1F
12,.text,637059,637059,ascii,5,J@F1F
12,.text,637078,637078,ascii,4,@FzD
12,.text,637149,637149,ascii,5,J@F1F
12,.text,637279,637279,ascii,7,FXF1FRF
12,.text,637363,637363,ascii,7,FXFQF2F
12,.text,637668,637668,ascii,28,tmp_split_unpack_half_2x16_u
12,.text,637704,637704,ascii,28,tmp_split_unpack_half_2x16_v
12,.text,637752,637752,ascii,22,tmp_unpack_half_2x16_m
12,.text,637831,637831,ascii,5,F'I(J
12,.text,637923,637923,ascii,5,FhF)F
12,.text,637939,637939,ascii,4,F FO
12,.text,638000,638000,ascii,22,tmp_pack_uvec2_to_uint
12,.text,638056,638056,ascii,4,(F!F
12,.text,638104,638104,ascii,4,(F!F
12,.text,638135,638135,ascii,5,F;I<J
12,.text,638319,638319,ascii,5,FhF!F
12,.text,638384,638384,ascii,22,tmp_pack_uvec4_to_uint
12,.text,638454,638454,ascii,4, F1F
12,.text,638510,638510,ascii,4, F1F
12,.text,638548,638548,ascii,4, F1F
12,.text,638731,638731,ascii,4,F FO
12,.text,638865,638865,ascii,4,F FO
12,.text,638937,638937,ascii,5,FPF)F
12,.text,639020,639020,ascii,22,tmp_pack_half_1x16_u16
12,.text,639048,639048,ascii,20,tmp_pack_half_1x16_f
12,.text,639072,639072,ascii,20,tmp_pack_half_1x16_e
12,.text,639096,639096,ascii,20,tmp_pack_half_1x16_m
12,.text,639135,639135,ascii,5,F5I6J
12,.text,639360,639360,ascii,26,tmp_unpack_uint_to_uvec2_u
12,.text,639392,639392,ascii,27,tmp_unpack_uint_to_uvec2_u2
12,.text,639452,639452,ascii,4,(F!F
12,.text,639483,639483,ascii,5,FWIXJ
12,.text,639844,639844,ascii,26,tmp_unpack_uint_to_uvec4_u
12,.text,639876,639876,ascii,27,tmp_unpack_uint_to_uvec4_u4
12,.text,639923,639923,ascii,5,FsJyD
12,.text,639948,639948,ascii,4, F1F
12,.text,639959,639959,ascii,5,F F1F
12,.text,639998,639998,ascii,4, F1F
12,.text,640083,640083,ascii,4,F FO
12,.text,640309,640309,ascii,5,F0F)F
12,.text,640319,640319,ascii,5,FXFIF
12,.text,640392,640392,ascii,24,tmp_unpack_half_1x16_u32
12,.text,640420,640420,ascii,22,tmp_unpack_half_1x16_e
12,.text,640444,640444,ascii,22,tmp_unpack_half_1x16_m
12,.text,640516,640516,ascii,4,(F!F
12,.text,640870,640870,ascii,4,XFQF
12,.text,640942,640942,ascii,6,*DCiPh
12,.text,640995,640995,ascii,5,FXFRF
12,.text,641162,641162,ascii,4,0i@h
12,.text,641306,641306,ascii,4,PFYF
12,.text,641346,641346,ascii,4,PFYF
12,.text,641419,641419,ascii,5,i(i@h
12,.text,641516,641516,ascii,4,QFHF
12,.text,641532,641532,ascii,4,IF(F
12,.text,641604,641604,ascii,4,@FIF
12,.text,641774,641774,ascii,4,(FAF
12,.text,641860,641860,ascii,6,%s[%d]
12,.text,641868,641868,ascii,5,%s[0]
12,.text,641900,641900,ascii,13,ubo_load_temp
12,.text,641920,641920,ascii,20,ubo_load_temp_offset
12,.text,641978,641978,ascii,4,RiSz
12,.text,642100,642100,ascii,4, iAh
12,.text,642108,642108,ascii,4,@iAh
12,.text,642154,642154,ascii,4,+i^h
12,.text,642209,642209,ascii,5,i !]i
12,.text,642250,642250,ascii,4,BhPF
12,.text,642340,642340,ascii,4,XiQF
12,.text,642357,642357,ascii,5,))F]F
12,.text,642410,642410,ascii,4,XFAF
12,.text,642451,642451,ascii,5,F0FZF
12,.text,642464,642464,ascii,4,(FKF
12,.text,642525,642525,ascii,4,H%FO
12,.text,642568,642568,ascii,4, FAF
12,.text,642611,642611,ascii,5,"FPF""F"
12,.text,642636,642636,ascii,4,HF+F
12,.text,642706,642706,ascii,4,",FMF"
12,.text,642738,642738,ascii,4,MHxD
12,.text,642772,642772,ascii,4,0F)F
12,.text,642815,642815,ascii,5,FXF2F
12,.text,642907,642907,ascii,5,F HxD
12,.text,642920,642920,ascii,4,0FIF
12,.text,642963,642963,ascii,5,iXFBF
12,.text,643116,643116,ascii,8,0F\!BF#F
12,.text,643189,643189,ascii,5,FWHxD
12,.text,643202,643202,ascii,4,0F)F
12,.text,643216,643216,ascii,4,XF !
12,.text,643225,643225,ascii,5,FOHxD
12,.text,643245,643245,ascii,5,"""(F1F"
12,.text,643293,643293,ascii,7,F?H\FxD
12,.text,643304,643304,ascii,4,(FYF
12,.text,643312,643312,ascii,6,1i(FBF
12,.text,643322,643322,ascii,4," F,!"
12,.text,643358,643358,ascii,4, F3F
12,.text,643366,643366,ascii,4,@FD!
12,.text,643384,643384,ascii,4, F%i
12,.text,643396,643396,ascii,4,0F)F
12,.text,643448,643448,ascii,4,(F1F
12,.text,643456,643456,ascii,4,HF !
12,.text,643472,643472,ascii,6,"0F)F""F"
12,.text,643552,643552,ascii,21,dereference_condition
12,.text,643650,643650,ascii,4,XF!F
12,.text,643800,643800,ascii,6, F+i*F
12,.text,643938,643938,ascii,4, F1F
12,.text,643950,643950,ascii,4, F1F
12,.text,643990,643990,ascii,4,0FAF
12,.text,643999,643999,ascii,5, .``v
12,.text,644182,644182,ascii,4, F1F
12,.text,644236,644236,ascii,4,0FAF
12,.text,644244,644244,ascii,4,0F!F
12,.text,644252,644252,ascii,4,XF !
12,.text,644271,644271,ascii,5, (F1F
12,.text,644322,644322,ascii,4, FAF
12,.text,644357,644357,ascii,5,`XFD!
12,.text,644367,644367,ascii,5,F{HxD
12,.text,644376,644376,ascii,4,@FQF
12,.text,644404,644404,ascii,4,@F!F
12,.text,644450,644450,ascii,4,QFNF
12,.text,644460,644460,ascii,4,HFAF
12,.text,644468,644468,ascii,4,(F !
12,.text,644487,644487,ascii,5,  FIF
12,.text,644631,644631,ascii,4,) F3
12,.text,644643,644643,ascii,5,F=HxD
12,.text,644679,644679,ascii,4, !FA
12,.text,644686,644686,ascii,4,aa!F
12,.text,644836,644836,ascii,23,dereference_array_value
12,.text,644868,644868,ascii,23,dereference_array_index
12,.text,644951,644951,ascii,5,a`FpG
12,.text,644995,644995,ascii,5,iLhh!
12,.text,645005,645005,ascii,5,FsHxD
12,.text,645086,645086,ascii,4,^HxD
12,.text,645115,645115,ascii,7,F0FJF+F
12,.text,645153,645153,ascii,7,F(FIF3F
12,.text,645214,645214,ascii,4,PFBF
12,.text,645232,645232,ascii,4,RF3F
12,.text,645275,645275,ascii,5,F0HxD
12,.text,645281,645281,ascii,5,h F)F
12,.text,645324,645324,ascii,6,F!#FxD
12,.text,645376,645376,ascii,4,2FxD
12,.text,645398,645398,ascii,4,`a F
12,.text,645408,645408,ascii,4, bXF
12,.text,645424,645424,ascii,6,XF1FCF
12,.text,645533,645533,ascii,5,F Fh!
12,.text,645543,645543,ascii,5,F2HxD
12,.text,645552,645552,ascii,4,@FYF
12,.text,645560,645560,ascii,4,@F)F
12,.text,645582,645582,ascii,4,*H)F
12,.text,645632,645632,ascii,4,qi(F
12,.text,645640,645640,ascii,4, F !
12,.text,645668,645668,ascii,6,QF0i*F
12,.text,645686,645686,ascii,6, F)FRF
12,.text,645796,645796,ascii,4,$ )h
12,.text,645813,645813,ascii,4,G `]
12,.text,646053,646053,ascii,5,F F)F
12,.text,646073,646073,ascii,5,0A`ih
12,.text,646083,646083,ascii,9,`ihH`ph5F
12,.text,646185,646185,ascii,4,i^(@
12,.text,646200,646200,ascii,4,D!(i
12,.text,646245,646245,ascii,5,h(F!F
12,.text,646314,646314,ascii,4,0F)F
12,.text,646340,646340,ascii,6,RF(F1F
12,.text,646444,646444,ascii,6,1F(F.F
12,.text,646473,646473,ascii,9,F1F^F(F2F
12,.text,646566,646566,ascii,6,5F(i^F
12,.text,646634,646634,ascii,4, !4F
12,.text,646656,646656,ascii,4,(h!F
12,.text,646680,646680,ascii,4,0FJF
12,.text,646734,646734,ascii,4,(FJF
12,.text,646790,646790,ascii,6,*F FAF
12,.text,646916,646916,ascii,4,(F!F
12,.text,646964,646964,ascii,15,vec_index_tmp_i
12,.text,646980,646980,ascii,13,vec_value_tmp
12,.text,646996,646996,ascii,15,vec_index_tmp_v
12,.text,647239,647239,ascii,5,F F)F
12,.text,647259,647259,ascii,5,0A`ih
12,.text,647269,647269,ascii,9,`ihH`ph5F
12,.text,647447,647447,ascii,5,i0F*F
12,.text,647489,647489,ascii,5,F i@z
12,.text,647788,647788,ascii,4,@FD!
12,.text,647826,647826,ascii,4, F)F
12,.text,647858,647858,ascii,4,b`@!
12,.text,647968,647968,ascii,4,@Fh!
12,.text,647977,647977,ascii,5,FYHxD
12,.text,647983,647983,ascii,5,h0F!F
12,.text,648040,648040,ascii,4,@F !
12,.text,648056,648056,ascii,6,PF)F2F
12,.text,648170,648170,ascii,4,@F !
12,.text,648198,648198,ascii,4,0F!F
12,.text,648324,648324,ascii,9,vecop_tmp
12,.text,648515,648515,ascii,4,ig(@
12,.text,648528,648528,ascii,4,(b`j
12,.text,648643,648643,ascii,5,FmHxD
12,.text,648656,648656,ascii,4,(FIF
12,.text,648693,648693,ascii,4,F ja
12,.text,648762,648762,ascii,4, i@z
12,.text,648790,648790,ascii,4,NHxD
12,.text,648798,648798,ascii,4,0jh!
12,.text,648814,648814,ascii,4,XFIF
12,.text,648848,648848,ascii,4,`j1j
12,.text,648975,648975,ascii,5,F$HxD
12,.text,648988,648988,ascii,4,(FAF
12,.text,648998,648998,ascii,4,5`%F
12,.text,649076,649076,ascii,7,vec_tmp
12,.text,649088,649088,ascii,8,src_temp
12,.text,649108,649108,ascii,15,index_condition
12,.text,649147,649147,ascii,5,F)HxD
12,.text,649397,649397,ascii,5,FaHxD
12,.text,649406,649406,ascii,4,0FQF
12,.text,649436,649436,ascii,4,0FIF
12,.text,649455,649455,ascii,9,hp`1`N`D!
12,.text,649482,649482,ascii,4,0FIF
12,.text,649565,649565,ascii,5,`A`P`
12,.text,649576,649576,ascii,4,@FD!
12,.text,649585,649585,ascii,5,F;HxD
12,.text,649600,649600,ascii,4,0FIF
12,.text,649643,649643,ascii,4,iBbA
12,.text,649679,649679,ascii,5,`A`P`
12,.text,649739,649739,ascii,5,`A`P`
12,.text,649796,649796,ascii,10,__VertexID
12,.text,649808,649808,ascii,15,gl_VertexIDMESA
12,.text,649828,649828,ascii,13,gl_BaseVertex
12,.text,649868,649868,ascii,31,Mesa error: out of memory in %s
12,.text,649921,649921,ascii,5,IxDyD
12,.text,649964,649964,ascii,8,    --%s
12,.text,649987,649987,ascii,4,F FO
12,.text,650012,650012,ascii,8,bh(F1F#F
12,.text,650027,650027,ascii,5,HyDxD
12,.text,650087,650087,ascii,4,hT0]
12,.text,650284,650284,ascii,6,YF2F+F
12,.text,650598,650598,ascii,5,D2 #F
12,.text,650648,650648,ascii,5,"D! ""F"
12,.text,650706,650706,ascii,5,"D @""F"
12,.text,650865,650865,ascii,4,a0FO
12,.text,650896,650896,ascii,4, P(F
12,.text,651123,651123,ascii,5,"!+F""F"
12,.text,651232,651232,ascii,4,THxD
12,.text,651377,651377,ascii,5,IxDyD
12,.text,651436,651436,ascii,30,Unrecognized GLSL version `%s'
12,.text,651492,651492,ascii,5,.vert
12,.text,651500,651500,ascii,5,.glsl
12,.text,651508,651508,ascii,5,.geom
12,.text,651516,651516,ascii,5,.frag
12,.text,651524,651524,ascii,5,.comp
12,.text,651544,651544,ascii,16,Info log for %s:
12,.text,651576,651576,ascii,21,Info log for linking:
12,.text,651612,651612,ascii,25,"File ""%s"" does not exist."
12,.text,651974,651974,utf-16le-ascii-subset,12,''''''
12,.text,652148,652148,ascii,4, !&F
12,.text,652194,652194,ascii,4, F1F
12,.text,652330,652330,ascii,4,JF@h
12,.text,652383,652383,ascii,4,iX(O
12,.text,652471,652471,ascii,5,$(F1F
12,.text,652533,652533,ascii,5,FX ZF
12,.text,652573,652573,ascii,5,FX *F
12,.text,652743,652743,ascii,5,&XFAF
12,.text,652817,652817,ascii,5,FW ZF
12,.text,652885,652885,ascii,5,$(F1F
12,.text,652959,652959,ascii,4,FW =
12,.text,652994,652994,ascii,4,5F(h
12,.text,653079,653079,ascii,5,$XF)F
12,.text,653220,653220,ascii,4,@FIF
12,.text,653768,653768,ascii,6,(hAk(F
12,.text,654091,654091,ascii,7,"F0F)F""F"
12,.text,654206,654206,ascii,4,?)JF
12,.text,654283,654283,ascii,4,iJF!
12,.text,654525,654525,ascii,4,",JF?"
12,.text,654532,654532,ascii,6, hAk F
12,.text,654605,654605,ascii,4,",JF?"
12,.text,654634,654634,ascii,4,HFD!
12,.text,654810,654810,ascii,4,@)JF
12,.text,654902,654902,ascii,4,@FIF
12,.text,654965,654965,ascii,4,i>*@
12,.text,654987,654987,ascii,4,i>*@
12,.text,655288,655288,ascii,4,@Fh!
12,.text,655326,655326,ascii,4,(F!F
12,.text,655453,655453,ascii,4,-JF?
12,.text,655552,655552,ascii,5,"B"" FO"
12,.text,655659,655659,ascii,4,",JF?"
12,.text,655668,655668,ascii,4,@FIF
12,.text,655689,655689,ascii,5,FdHxD
12,.text,655737,655737,ascii,5,FeHxD
12,.text,655766,655766,ascii,4,PFY!
12,.text,655790,655790,ascii,4,@FIF
12,.text,655817,655817,ascii,5,FEHxD
12,.text,655885,655885,ascii,4,i@(G
12,.text,655925,655925,ascii,4,i>(0
12,.text,655979,655979,ascii,5,hKi!F
12,.text,656343,656343,ascii,5,&)FJF
12,.text,656354,656354,ascii,4,3F@F
12,.text,656366,656366,ascii,6,#j)FJF
12,.text,656378,656378,ascii,4,3F@F
12,.text,656447,656447,ascii,7,aIiAapG
12,.text,656510,656510,ascii,4,-h)h
12,.text,656559,656559,ascii,5,"F""HxD"
12,.text,656602,656602,ascii,4,HFAF
12,.text,656626,656626,ascii,4,hiIF
12,.text,656670,656670,ascii,4,0FIF
12,.text,656692,656692,ascii,5,undef
12,.text,656791,656791,ascii,5,FiFxD
12,.text,656866,656866,ascii,4, h)F
12,.text,656998,656998,ascii,4,0FQF
12,.text,657067,657067,ascii,7,hBhJ`Bh
12,.text,657119,657119,ascii,11,hFh^`Fh3`A`
12,.text,657176,657176,ascii,4,ZHxD
12,.text,657261,657261,ascii,4,%BiB
12,.text,657298,657298,ascii,4,"1F""F"
12,.text,657310,657310,ascii,4,C#@F
12,.text,657392,657392,ascii,6,Bj*DJb
12,.text,657410,657410,ascii,4, hAh
12,.text,657532,657532,ascii,5,%s_%d
12,.text,657602,657602,ascii,4,oF&1
12,.text,657714,657714,ascii,4,0iAh
12,.text,657756,657756,ascii,4,-h(h
12,.text,657798,657798,ascii,4,0iAh
12,.text,657832,657832,ascii,5,!P(F]
12,.text,657945,657945,ascii,4,F.FV
12,.text,657959,657959,ascii,5,G h1F
12,.text,657971,657971,ascii,4,G.FV
12,.text,657987,657987,ascii,5,G h1F
12,.text,658085,658085,ascii,4,"@""hr"
12,.text,658155,658155,ascii,5,0A`ah
12,.text,658165,658165,ascii,8,`ahH`(h 
12,.text,658174,658174,ascii,6,2h)F4F
12,.text,658230,658230,ascii,4,0F*F
12,.text,658529,658529,ascii,5,h0F)F
12,.text,658566,658566,ascii,5,0FQF@
12,.text,658575,658575,ascii,5,"""0`@F"
12,.text,658681,658681,ascii,5,F$HxD
12,.text,658687,658687,ascii,5,h0F)F
12,.text,658739,658739,ascii,5,"""0` F"
12,.text,658808,658808,ascii,4,-h(h
12,.text,658873,658873,ascii,5,h0F)F
12,.text,658925,658925,ascii,5,"""0` F"
12,.text,659021,659021,ascii,5,F F2F
12,.text,659297,659297,ascii,5,0A`ih
12,.text,659307,659307,ascii,5,`ihH`
12,.text,659314,659314,ascii,4,(hQF
12,.text,659323,659323,ascii,4,G!h!
12,.text,659328,659328,ascii,6,2h%F3F
12,.text,659427,659427,ascii,5,G(h!F
12,.text,659888,659888,ascii,4,(FQF
12,.text,659994,659994,ascii,4,!F4F
12,.text,660013,660013,ascii,7,hKhs`Kh
12,.text,660151,660151,ascii,5,F9HxD
12,.text,660157,660157,ascii,5,h0F)F
12,.text,660224,660224,ascii,4,(HxD
12,.text,660276,660276,ascii,4,)`ha
12,.text,660304,660304,ascii,4, FAF
12,.text,660321,660321,ascii,4,!RFB
12,.text,660368,660368,ascii,4,-h(h
12,.text,660403,660403,ascii,5,F%HxD
12,.text,660501,660501,ascii,7,hBhJ`Bh
12,.text,660839,660839,ascii,4,`Hk`
12,.text,660957,660957,ascii,4,`)h!
12,.text,660962,660962,ascii,6,#h*F F
12,.text,661021,661021,ascii,6,F&h1hA
12,.text,661057,661057,ascii,8,`D`p` `]
12,.text,661108,661108,ascii,4,$@xD
12,.text,661141,661141,ascii,5,h0F)F
12,.text,661178,661178,ascii,5,0FQF@
12,.text,661187,661187,ascii,5,"""0`@F"
12,.text,661345,661345,ascii,5,F#HxD
12,.text,661351,661351,ascii,5,h0F)F
12,.text,661403,661403,ascii,5,"""0` F"
12,.text,661470,661470,ascii,4,-h(h
12,.text,661533,661533,ascii,5,h0F)F
12,.text,661585,661585,ascii,5,"""0` F"
12,.text,661889,661889,ascii,4,"G*h"""
12,.text,661894,661894,ascii,6,#h(F&F
12,.text,662023,662023,ascii,11,hNh^`Nh3`J`
12,.text,662035,662035,ascii,5,`+h)F
12,.text,662127,662127,ascii,5,F5HxD
12,.text,662133,662133,ascii,5,h0F)F
12,.text,662200,662200,ascii,4,$HxD
12,.text,662264,662264,ascii,4, FAF
12,.text,662281,662281,ascii,4,!RFB
12,.text,662326,662326,ascii,4,-h(h
12,.text,662425,662425,ascii,5,h0F)F
12,.text,662462,662462,ascii,5,0FQF@
12,.text,662471,662471,ascii,5,"""0`@F"
12,.text,662577,662577,ascii,5,F$HxD
12,.text,662583,662583,ascii,5,h0F)F
12,.text,662635,662635,ascii,5,"""0` F"
12,.text,662704,662704,ascii,4,(h)F
12,.text,662769,662769,ascii,5,h0F)F
12,.text,662821,662821,ascii,5,"""0` F"
12,.text,662967,662967,ascii,5,FmHxD
12,.text,663003,663003,ascii,5,`@F)F
12,.text,663489,663489,ascii,4,"G*h"""
12,.text,663494,663494,ascii,6,#h(F&F
12,.text,663599,663599,ascii,5,FeHxD
12,.text,663826,663826,ascii,5,&0[EO
12,.text,663939,663939,ascii,5,h@F!F
12,.text,663948,663948,ascii,4,@F1F
12,.text,663986,663986,ascii,4,(FAF
12,.text,664067,664067,ascii,9,"hUhe`Uh,`"
12,.text,664096,664096,ascii,6,KhS`Kh
12,.text,664165,664165,ascii,5,F@HxD
12,.text,664171,664171,ascii,5,h0F)F
12,.text,664246,664246,ascii,4,-HxD
12,.text,664408,664408,ascii,4, h!F
12,.text,664512,664512,ascii,5,0F!F@
12,.text,664521,664521,ascii,5,"""0`@F"
12,.text,664645,664645,ascii,5,% j&1
12,.text,664894,664894,ascii,4,)FxD
12,.text,664947,664947,ascii,5,h0FSi
12,.text,664984,664984,ascii,4,0FD!
12,.text,664997,664997,ascii,5,F]HxD
12,.text,665112,665112,ascii,4,(FIF
12,.text,665253,665253,ascii,5,F HxD
12,.text,665324,665324,ascii,4,)a(`
12,.text,665425,665425,ascii,5,!AvpG
12,.text,665668,665668,ascii,28,gl_ModelViewProjectionMatrix
12,.text,665700,665700,ascii,9,gl_Vertex
12,.text,665712,665712,ascii,9,Transpose
12,.text,666021,666021,ascii,4,#00!
12,.text,666426,666426,ascii,4, FT!
12,.text,666544,666544,ascii,4,`HxD
12,.text,666552,666552,ascii,4,WHxD
12,.text,666582,666582,ascii,6, ![F0F
12,.text,666620,666620,ascii,4,XF2F
12,.text,666656,666656,ascii,6, ![F@F
12,.text,666688,666688,ascii,4,(FBF
12,.text,666736,666736,ascii,6, ![F F
12,.text,666755,666755,ascii,5,F3HxD
12,.text,666774,666774,ascii,4,"""FxD"
12,.text,666848,666848,ascii,8,TexCoord
12,.text,666860,666860,ascii,8,FragData
12,.text,666876,666876,ascii,24,gl_%s_FrontColor%i_dummy
12,.text,666908,666908,ascii,23,gl_%s_BackColor%i_dummy
12,.text,666936,666936,ascii,24,gl_%s_FogFragCoord_dummy
12,.text,666997,666997,ascii,5, pGJj
12,.text,667039,667039,ascii,4,lAcB
12,.text,667114,667114,ascii,5,$ @jb
12,.text,667153,667153,ascii,5," ""j`v"
12,.text,667204,667204,ascii,4,$ Aj
12,.text,667414,667414,ascii,4,KHxD
12,.text,667422,667422,ascii,4,CHxD
12,.text,667462,667462,ascii,4,XFD!
12,.text,667509,667509,ascii,4,iab@
12,.text,667562,667562,ascii,4,XFD!
12,.text,667584,667584,ascii,4,@FJF
12,.text,667680,667680,ascii,10,gl_%s_%s%i
12,.text,667696,667696,ascii,16,gl_%s_%s%i_dummy
12,.text,667833,667833,ascii,7,h*`Mhj`
12,.text,667855,667855,ascii,5,`MhU`
12,.text,667863,667863,ascii,7,h*`Mhj`
12,.text,667895,667895,ascii,5,`JhB`
12,.text,667905,667905,ascii,5,`IhH`
12,.text,667963,667963,ascii,5,G iiF
12,.text,668057,668057,ascii,4,FH~`
12,.text,668213,668213,ascii,5,F4HxD
12,.text,668259,668259,ascii,5,F$HxD
12,.text,668839,668839,ascii,4,",yDz"
12,.text,669318,669318,ascii,4,.C&B
12,.text,669366,669366,ascii,6,CFAi(F
12,.text,669521,669521,ascii,7,hChK`Ch
12,.text,669755,669755,ascii,7,hAhY`Ah
12,.text,669943,669943,ascii,9,"hDhT`Dh""`"
12,.text,669979,669979,ascii,7,FAHmFxD
12,.text,670036,670036,ascii,4,(FAF
12,.text,670061,670061,ascii,4,F({p
12,.text,670151,670151,ascii,5,`E`Ih
12,.text,670157,670157,ascii,4,GahO
12,.text,670292,670292,ascii,4,main
12,.text,670302,670302,ascii,4,oFIi
12,.text,670344,670344,ascii,4,-h(h
12,.text,670396,670396,ascii,5,!P(F]
12,.text,670511,670511,ascii,4,"F,FT"
12,.text,670617,670617,ascii,5,"""!`2`"
12,.text,670627,670627,ascii,9,_u`L`LFqh
12,.text,670649,670649,ascii,4, &`F
12,.text,670679,670679,ascii,5,F%HxD
12,.text,670723,670723,ascii,4,=.FV
12,.text,670748,670748,ascii,6,liIF F
12,.text,670762,670762,ascii,4, FQF
12,.text,670781,670781,ascii,4,=.FV
12,.text,670792,670792,ascii,4,hFAF
12,.text,670840,670840,ascii,37,gl_ModelViewProjectionMatrixTranspose
12,.text,670880,670880,ascii,25,gl_TextureMatrixTranspose
12,.text,670925,670925,ascii,4,i@(Z
12,.text,671120,671120,ascii,28,gl_ModelViewProjectionMatrix
12,.text,671156,671156,ascii,16,gl_TextureMatrix
12,.text,671206,671206,ascii,4,  yD
12,.text,671299,671299,ascii,5,HzDxD
12,.text,671576,671576,ascii,4, ! F
12,.text,671622,671622,ascii,6,!F(F2F
12,.text,671768,671768,ascii,4,IF*i
12,.text,671803,671803,ascii,4,i0hp
12,.text,671811,671811,ascii,4,P)hQ
12,.text,671816,671816,ascii,4,bJzD
12,.text,671894,671894,ascii,4,^FEF
12,.text,672024,672024,ascii,4, !XF
12,.text,672040,672040,ascii,4,0hYF
12,.text,672074,672074,ascii,4,!hXF
12,.text,672097,672097,ascii,5,F(F1F
12,.text,672143,672143,ascii,5,4NFQF
12,.text,672254,672254,ascii,4,0h)F
12,.text,672267,672267,ascii,5,F(F !
12,.text,672290,672290,ascii,6,"""i(F1F"
12,.text,672309,672309,ascii,7,5h``h(`
12,.text,672319,672319,ascii,5,``hE`
12,.text,672339,672339,ascii,4,```]
12,.text,672399,672399,ascii,4,G `]
12,.text,672569,672569,ascii,5,F FAF
12,.text,672593,672593,ascii,5,0A`qh
12,.text,672603,672603,ascii,9,`qhH`hh.F
12,.text,672710,672710,ascii,4,(F)F
12,.text,672851,672851,ascii,4,"F,FT"
12,.text,672947,672947,ascii,5,F&HxD
12,.text,672960,672960,ascii,4,*iHF
12,.text,673001,673001,ascii,5,?s`T`
12,.text,673091,673091,ascii,4, &`F
12,.text,673222,673222,ascii,4, F1F
12,.text,673303,673303,ascii,4, `v]
12,.text,673343,673343,ascii,5,%xDVF
12,.text,673650,673650,ascii,4,!F2F
12,.text,673919,673919,ascii,4,  `$
12,.text,673960,673960,ascii,6,0FAFW-
12,.text,674309,674309,ascii,5,6`DQD
12,.text,674607,674607,ascii,5," )F""F"
12,.text,674624,674624,ascii,4,",F F"
12,.text,674647,674647,ascii,5," )F""F"
12,.text,674664,674664,ascii,4,%F(F
12,.text,675062,675062,ascii,6,">!""F3F"
12,.text,675163,675163,ascii,5,:3j#b
12,.text,675200,675200,ascii,4,0F{D
12,.text,675355,675355,ascii,5, HspG
12,.text,675642,675642,ascii,4,JibE
12,.text,675723,675723,ascii,9,_fhn`fh5`
12,.text,675767,675767,ascii,5,?``#`
12,.text,675884,675884,ascii,4, FAF
12,.text,675927,675927,ascii,7,hChS`Ch
12,.text,676003,676003,ascii,5,a F2i
12,.text,676040,676040,ascii,4,JiAF
12,.text,676048,676048,ascii,6,HDCh F
12,.text,676110,676110,ascii,6,*P5Fhi
12,.text,676268,676268,ascii,5,%s_%s
12,.text,676348,676348,ascii,4,oF&1
12,.text,676423,676423,ascii,5,F0i@h
12,.text,676445,676445,ascii,4,%(F]
12,.text,676466,676466,ascii,4,-h(h
12,.text,676600,676600,ascii,4,$h#h
12,.text,676636,676636,ascii,4,6h2h
12,.text,676675,676675,ascii,5,G@F)F
12,.text,676772,676772,ascii,4,LHxD
12,.text,676780,676780,ascii,4,KHxD
12,.text,676788,676788,ascii,4,GHxD
12,.text,676796,676796,ascii,4,CHxD
12,.text,676879,676879,ascii,4,F`iP
12,.text,676955,676955,ascii,4,F`iP
12,.text,676968,676968,ascii,4,@F !
12,.text,676986,676986,ascii,4,(FZF
12,.text,677049,677049,ascii,5,_HhE`
12,.text,677061,677061,ascii,4,`H`@
12,.text,677220,677220,ascii,4,6h0h
12,.text,677252,677252,ascii,4,!h@F
12,.text,677414,677414,ascii,4,@JzD
12,.text,677714,677714,ascii,4,(F!F
12,.text,677728,677728,ascii,4, FyD
12,.text,677801,677801,ascii,5,FxD2F
12,.text,677880,677880,ascii,6,`i*hAi
12,.text,677948,677948,ascii,4, h)F
12,.text,678202,678202,ascii,4,@F1F
12,.text,678606,678606,ascii,4, FQF
12,.text,678627,678627,ascii,5,0A`qh
12,.text,678637,678637,ascii,5,`qhH`
12,.text,678711,678711,ascii,5, AFNF
12,.text,678955,678955,ascii,4,F%hM
12,.text,678988,678988,ascii,4,6h1h
12,.text,679162,679162,ascii,4,6h1h
12,.text,679316,679316,ascii,4,(FAF
12,.text,679432,679432,ascii,4,HF!F
12,.text,679499,679499,ascii,7,hBhJ`Bh
12,.text,679532,679532,ascii,4,U`0h
12,.text,679583,679583,ascii,11,h]hE`]h(`Y`
12,.text,679604,679604,ascii,4,U`FE
12,.text,679686,679686,ascii,4,"B""(F"
12,.text,679727,679727,ascii,7,0AFBi(F
12,.text,679841,679841,ascii,5,hBhQ`
12,.text,679960,679960,ascii,4,xyzw
12,.text,679968,679968,ascii,5,%s_%c
12,.text,680038,680038,ascii,4,oF&1
12,.text,680286,680286,ascii,4,6h0h
12,.text,680294,680294,ascii,4, k !
12,.text,680323,680323,ascii,5,`0a0u
12,.text,680369,680369,ascii,4,&0F]
12,.text,680393,680393,ascii,5,HmFxD
12,.text,680428,680428,ascii,4,(F!F
12,.text,680491,680491,ascii,5,FBHxD
12,.text,680590,680590,ascii,4,% !k
12,.text,680705,680705,ascii,5,#@iyD
12,.text,681069,681069,ascii,5,hKi1F
12,.text,681378,681378,ascii,4,PF !
12,.text,681461,681461,ascii,5,`pG8d
12,.text,681473,681473,ascii,4,FyDC
12,.text,681493,681493,ascii,5,`pG&d
12,.text,681520,681520,ascii,4,(F!h
12,.text,681530,681530,ascii,6,jF(F!F
12,.text,681589,681589,ascii,5,FxDYF
12,.text,681693,681693,ascii,5,FYHxD
12,.text,681716,681716,ascii,4,UHxD
12,.text,681745,681745,ascii,5,FOHxD
12,.text,681785,681785,ascii,5,F@HxD
12,.text,681824,681824,ascii,4,@D(`
12,.text,681840,681840,ascii,4,(FYF
12,.text,681855,681855,ascii,4,x()@
12,.text,681883,681883,ascii,5,F.HxD
12,.text,681896,681896,ascii,5,",H4FD"
12,.text,681923,681923,ascii,5,OqiA`
12,.text,681929,681929,ascii,9,`paHF)FZF
12,.text,681946,681946,ascii,4,(FYF
12,.text,682036,682036,ascii,4,+INF
12,.text,682080,682080,ascii,45,Unclosed expression (check your parenthesis).
12,.text,682268,682268,ascii,4, hAh
12,.text,682366,682366,ascii,6, hAh F
12,.text,682420,682420,ascii,5,!hNEO
12,.text,682548,682548,ascii,4,)`!h
12,.text,682553,682553,ascii,9,D `.h0x;(
12,.text,682572,682572,ascii,4,0FAF
12,.text,682582,682582,ascii,4,)`!h
12,.text,682587,682587,ascii,9,D `.hIF0F
12,.text,682602,682602,ascii,4,)`!h
12,.text,682607,682607,ascii,9,D `.h0x;(
12,.text,682637,682637,ascii,5,`pGpG
12,.text,683188,683188,ascii,6,yDzD!#
12,.text,683298,683298,ascii,6,yDzD:#
12,.text,683475,683475,ascii,4,h `[
12,.text,683483,683483,ascii,6," ch""hY"
12,.text,683521,683521,ascii,4,Ygh;
12,.text,683543,683543,ascii,5,`c`#h
12,.text,683614,683614,ascii,4,chE`
12,.text,683619,683619,ascii,4,`ch[
12,.text,683674,683674,ascii,4,\X!h
12,.text,683798,683798,ascii,8,#|CrchE`
12,.text,683807,683807,ascii,4,`ch[
12,.text,683851,683851,ascii,4,`r`8
12,.text,683877,683877,ascii,7,zCrshE`
12,.text,683885,683885,ascii,4,`sh[
12,.text,683909,683909,ascii,7,&}D-h/h
12,.text,683987,683987,ascii,8,L|D$h#h%
12,.text,684039,684039,ascii,7,0yDzD3#
12,.text,684167,684167,ascii,4,h``[
12,.text,684177,684177,ascii,4,hbhY
12,.text,684218,684218,ascii,4,frc`
12,.text,684420,684420,ascii,4,ck+`
12,.text,684522,684522,ascii,4,ck+`
12,.text,684581,684581,ascii,6,0yDzD[
12,.text,684625,684625,ascii,6,0yDzD[
12,.text,684720,684720,ascii,6, lH1bl
12,.text,684918,684918,ascii,4,#b8i
12,.text,685004,685004,ascii,4,CBXA
12,.text,685143,685143,ascii,4,XpG8
12,.text,685181,685181,ascii,4,h a[
12,.text,685189,685189,ascii,12," chl`+`ch""iY"
12,.text,685379,685379,ascii,5, 7`t`
12,.text,685718,685718,ascii,4,e\x-
12,.text,685760,685760,ascii,4,CBXA
12,.text,686541,686541,ascii,6,"!""s!`#"
12,.text,686551,686551,ascii,4,Y#{ 
12,.text,687214,687214,ascii,4, #e`
12,.text,687227,687227,ascii,5,I{DxD
12,.text,687245,687245,ascii,7,0yDzD!#
12,.text,687343,687343,ascii,6,PC`pG8
12,.text,687587,687587,ascii,5,"h,Y[h"
12,.text,687701,687701,ascii,4,2YCc
12,.text,687733,687733,ascii,9,MY`CYbabF
12,.text,687773,687773,ascii,4,-Yas
12,.text,688051,688051,ascii,4,!rh-
12,.text,688339,688339,ascii,6,PC`pG8
12,.text,688573,688573,ascii,5,"h,Y[h"
12,.text,688935,688935,ascii,4,Cch`
12,.text,689017,689017,ascii,4,Cch`
12,.text,689283,689283,ascii,4,Cch_
12,.text,689952,689952,ascii,6,r`bFca
12,.text,689985,689985,ascii,4,Isx}
12,.text,690190,690190,ascii,4,x#8!
12,.text,690833,690833,ascii,5,;C`cY
12,.text,691120,691120,ascii,4,}D-h
12,.text,691126,691126,ascii,4,+hiF
12,.text,691198,691198,ascii,4,|D$h
12,.text,691348,691348,ascii,4,}D-h
12,.text,691470,691470,ascii,4,}D-h
12,.text,691558,691558,ascii,4,}D-h
12,.text,691726,691726,ascii,8,|D$hiF#h
12,.text,691802,691802,ascii,8,|D$hiF#h
12,.text,691866,691866,ascii,8,|D$hiF#h
12,.text,692273,692273,ascii,5,;C`cY
12,.text,692291,692291,ascii,4,#CaC
12,.text,692360,692360,ascii,4,|D$h
12,.text,692366,692366,ascii,4,#hiF
12,.text,692448,692448,ascii,4,|D$h
12,.text,692454,692454,ascii,4,#hiF
12,.text,692648,692648,ascii,4,}D-h
12,.text,692654,692654,ascii,4,+hiF
12,.text,692780,692780,ascii,4,|D$h
12,.text,692904,692904,ascii,4,|D$h
12,.text,693026,693026,ascii,4,}D-h
12,.text,693154,693154,ascii,4,}D-h
12,.text,693280,693280,ascii,4,|D$h
12,.text,693431,693431,ascii,5,x}D-h
12,.text,693568,693568,ascii,6,\@!C9C
12,.text,693844,693844,ascii,4,|D$h
12,.text,693850,693850,ascii,4,#hiF
12,.text,693992,693992,ascii,4,}D-h
12,.text,694030,694030,ascii,4,{hRh
12,.text,694183,694183,ascii,5,;ZBSA
12,.text,694264,694264,ascii,4,|D$h
12,.text,694270,694270,ascii,4,#hiF
12,.text,694332,694332,ascii,4,|D$h
12,.text,694338,694338,ascii,4,#hiF
12,.text,694404,694404,ascii,4,|D$h
12,.text,694410,694410,ascii,4,#hiF
12,.text,694821,694821,ascii,7,2|D$h#h
12,.text,694915,694915,ascii,4,&=K*
12,.text,694926,694926,ascii,7,'`;K<O 
12,.text,695014,695014,ascii,5,(K+I(
12,.text,695034,695034,ascii,5,!K'I(
12,.text,695055,695055,ascii,4,K#I(
12,.text,695068,695068,ascii,4,"!I""J"
12,.text,695073,695073,ascii,6, yDzD+
12,.text,695097,695097,ascii,7, yDzD{D
12,.text,695339,695339,ascii,5,#c`bh
12,.text,695377,695377,ascii,5,#c`ch
12,.text,695390,695390,ascii,4,bhH0
12,.text,695402,695402,ascii,4,7dsd
12,.text,695494,695494,ascii,10,nMnLoJ}D-h
12,.text,695592,695592,ascii,4,6h[h
12,.text,695678,695678,ascii,4,6h[h
12,.text,695774,695774,ascii,5,/Irh(
12,.text,695820,695820,ascii,4,bjyD
12,.text,695865,695865,ascii,6, yDzD+
12,.text,695998,695998,ascii,6,SOSLTJ
12,.text,696235,696235,ascii,4,"I""h0"
12,.text,696253,696253,ascii,4,Ibh0
12,.text,696287,696287,ascii,6, yDzD3
12,.text,696382,696382,ascii,6,WOWLXJ
12,.text,696633,696633,ascii,4,Ibh8
12,.text,696687,696687,ascii,6, yDzD;
12,.text,696800,696800,ascii,4,|D$h
12,.text,697041,697041,ascii,5,3kc+h
12,.text,697217,697217,ascii,5,hkc+h
12,.text,697306,697306,ascii,5,gIjk0
12,.text,697324,697324,ascii,5,cIbh0
12,.text,697378,697378,ascii,4,YKYI
12,.text,697465,697465,ascii,6,YDJFI(
12,.text,697495,697495,ascii,4,XyD(
12,.text,697511,697511,ascii,6,"Y,J=I("
12,.text,697532,697532,ascii,5,"9I""h("
12,.text,697559,697559,ascii,4,XyD(
12,.text,697577,697577,ascii,4,J0I(
12,.text,697640,697640,ascii,4,!IyD
12,.text,697650,697650,ascii,4, I J
12,.text,697656,697656,ascii,4,yDzD
12,.text,697788,697788,ascii,4,;iPJ
12,.text,697814,697814,ascii,5,XCJII
12,.text,697860,697860,ascii,7,;i>J@I(
12,.text,697884,697884,ascii,4,;i<I
12,.text,697891,697891,ascii,4,YyD(
12,.text,697906,697906,ascii,7,;i7J8I(
12,.text,697928,697928,ascii,5,"4I""h("
12,.text,697946,697946,ascii,5,;i0I(
12,.text,697966,697966,ascii,7,";i(J,I("
12,.text,698166,698166,ascii,10,FMFLGJ}D-h
12,.text,698299,698299,ascii,4,"""9h "
12,.text,698369,698369,ascii,4,I2k 
12,.text,698387,698387,ascii,4,Izh 
12,.text,698403,698403,ascii,6, yDzD#
12,.text,698494,698494,ascii,10,FMFLGJ}D-h
12,.text,698627,698627,ascii,4,"""9h "
12,.text,698715,698715,ascii,4,Izh 
12,.text,698731,698731,ascii,6, yDzD#
12,.text,698827,698827,ascii,5,J~D6h
12,.text,698904,698904,ascii,4,"""h{h"
12,.text,699070,699070,ascii,4,"""iyD"
12,.text,699296,699296,ascii,5,bkyD|
12,.text,699346,699346,ascii,5,"_I""k("
12,.text,699368,699368,ascii,5,bkyDX
12,.text,699440,699440,ascii,5,bkyD4
12,.text,699494,699494,ascii,4,bkyD
12,.text,699556,699556,ascii,4,6I7J
12,.text,699561,699561,ascii,6, yDzD+
12,.text,699608,699608,ascii,4,"""h{h"
12,.text,700024,700024,ascii,4,3`#h
12,.text,700050,700050,ascii,4,}D-h
12,.text,700108,700108,ascii,4,"ch""i"
12,.text,700144,700144,ascii,4,;hka
12,.text,700184,700184,ascii,4,|D$h
12,.text,700218,700218,ascii,4,kh*i
12,.text,700235,700235,ascii,4,Gki0
12,.text,700280,700280,ascii,4,|D$h
12,.text,701287,701287,ascii,5,J~D6h
12,.text,701420,701420,ascii,4,yDzD
12,.text,701490,701490,ascii,5,~DzD1
12,.text,701624,701624,ascii,4,yDzD
12,.text,701670,701670,ascii,6,"PC}I""x"
12,.text,701688,701688,ascii,4,zN{J
12,.text,701694,701694,ascii,5,~DzD1
12,.text,701824,701824,ascii,5,\I]J 
12,.text,701830,701830,ascii,4,yDzD
12,.text,701876,701876,ascii,6,"PCQI""x"
12,.text,701894,701894,ascii,4,NNNJ
12,.text,701900,701900,ascii,5,~DzD1
12,.text,702034,702034,ascii,5,/I/J 
12,.text,702040,702040,ascii,4,yDzD
12,.text,702090,702090,ascii,6,"PC""I*x"
12,.text,702243,702243,ascii,4,D}D9
12,.text,702418,702418,ascii,4,yDzD
12,.text,702456,702456,ascii,6,yDzD #
12,.text,702535,702535,ascii,4,@pGK
12,.text,702556,702556,ascii,9,}D-h1H+h/
12,.text,702602,702602,ascii,4,)IyD
12,.text,702688,702688,ascii,5,(xQCa
12,.text,702703,702703,ascii,16,"`""`BBPAjxw:VBrAS"
12,.text,702723,702723,ascii,7,Cx:PBBA
12,.text,702788,702788,ascii,4,}D-h
12,.text,703248,703248,ascii,6,yDM#zD
12,.text,703398,703398,ascii,4,@B @
12,.text,703431,703431,ascii,8,$|C{B3@^
12,.text,703488,703488,ascii,4,|D$h
12,.text,703512,703512,ascii,4,@B0@
12,.text,703614,703614,ascii,5,DB%@s
12,.text,703863,703863,ascii,7,L|D$h#h
12,.text,704127,704127,ascii,5,&xDzD
12,.text,704169,704169,ascii,5,IxDyD
12,.text,704190,704190,ascii,8, hkF)FBF
12,.text,704271,704271,ascii,9, f` `)h t
12,.text,704319,704319,ascii,9, f` `)h t
12,.text,704373,704373,ascii,5,KxD{D
12,.text,704443,704443,ascii,6,hAX)aO
12,.text,704532,704532,ascii,29,Pure virtual function called!
12,.text,704576,704576,ascii,32,Deleted virtual function called!
12,.text,704618,704618,ascii,4,4HxD
12,.text,704634,704634,ascii,4,1HxD
12,.text,704644,704644,ascii,7,/HxDDi|
12,.text,704682,704682,ascii,4,(HxD
12,.text,704744,704744,ascii,4,xDDi
12,.text,704749,704749,ascii,5,"H""hxD"
12,.text,704755,704755,ascii,5,hBa F
12,.text,704868,704868,ascii,54,Can't allocate thread-specific C++ runtime info block.
12,.text,704996,704996,ascii,40,Not enough memory to allocate exception!
12,.text,705096,705096,ascii,32,Exception destructor has thrown!
12,.text,705188,705188,ascii,4,(`hh
12,.text,705193,705193,ascii,4,8h`T
12,.text,705212,705212,ascii,31,Can't handle non-C++ exception!
12,.text,705295,705295,ascii,5,  `(F
12,.text,705310,705310,ascii,4,pi `
12,.text,705320,705320,ascii,4,pi `
12,.text,705352,705352,ascii,41,Internal error during exception handling!
12,.text,705486,705486,ascii,6, a84hh
12,.text,705493,705493,ascii,5,0h` F
12,.text,705538,705538,ascii,5,NrZ@B
12,.text,705576,705576,ascii,54,Attempting to rethrow an exception that doesn't exist!
12,.text,705638,705638,ascii,5,NrQ@B
12,.text,705648,705648,ascii,4,+2P@
12,.text,705661,705661,ascii,4, pGP
12,.text,705770,705770,ascii,4,pGpG
12,.text,705806,705806,ascii,9,pi `(Fta]
12,.text,705898,705898,ascii,5,!XPFQ
12,.text,705960,705960,ascii,4,0FYF
12,.text,705966,705966,ascii,4,PFIF
12,.text,705992,705992,ascii,6,"PFIF""F"
12,.text,706006,706006,ascii,4,5F(F
12,.text,706041,706041,ascii,5,h(F1F
12,.text,706179,706179,ascii,5,!xDzD
12,.text,706254,706254,ascii,4, hPE
12,.text,706281,706281,ascii,5,"hPF""F"
12,.text,706298,706298,ascii,4,ah0F
12,.text,706323,706323,ascii,4,0`a&
12,.text,706363,706363,ascii,5,"i""FPD"
12,.text,706398,706398,ascii,4,xDzD
12,.text,706438,706438,ascii,4,"""FxD"
12,.text,706496,706496,ascii,15,PANIC:GAbi++:%s
12,.text,706516,706516,ascii,9,liblog.so
12,.text,706528,706528,ascii,19,__android_log_print
12,.text,706548,706548,ascii,6,GAbi++
12,.text,706802,706802,ascii,4,(F1F
12,.text,706811,706811,ascii,5,F(F1F
12,.text,706821,706821,ascii,5,F(F1F
12,.text,706942,706942,ascii,4,QHxD
12,.text,707090,707090,ascii,4,BF0h
12,.text,707532,707532,ascii,8,(b`ihb h
12,.text,707541,707541,ascii,5,b i(c
12,.text,707726,707726,ascii,16,pGstd::bad_alloc
12,.text,707786,707786,ascii,22,pGbad_array_new_length
12,.text,707883,707883,ascii,5,F}D F
12,.text,707939,707939,ascii,5,JyD{D
12,.text,708065,708065,ascii,5,N}D~D
12,.text,708077,708077,ascii,7,p `(F1F
12,.text,708117,708117,ascii,5,q!`xD
12,.text,708370,708370,ascii,4, F)F
12,.text,708431,708431,ascii,5,"""1F#F"
12,.text,708464,708464,ascii,4, F)F
12,.text,708517,708517,ascii,5,"""1F#F"
12,.text,708534,708534,ascii,4, F)F
12,.text,708550,708550,ascii,4, F)F
12,.text,708640,708640,ascii,6, F)F2F
12,.text,708650,708650,ascii,6, F)F2F
12,.text,708755,708755,ascii,5,$yDzD
12,.text,708869,708869,ascii,5,h*FCF
12,.text,709033,709033,ascii,5,JyDzD
12,.text,709109,709109,ascii,5,JyDzD
12,.text,709200,709200,ascii,6,oFIh@h
12,.text,709224,709224,ascii,6,oFIh@h
12,.text,709244,709244,ascii,6,oFIh@h
12,.text,709306,709306,ascii,15,pGstd::bad_cast
12,.text,709370,709370,ascii,17,pGstd::bad_typeid
12,.text,709595,709595,ascii,4,F@Fl
12,.text,709602,709602,ascii,4,%FfF
12,.text,709630,709630,ascii,8,DJo!xDzD
12,.text,709709,709709,ascii,5,!xDzD
12,.text,709733,709733,ascii,11,"!,J,KxDzD{D"
12,.text,709796,709796,ascii,57,info.base_type != NULL && cur_base_info.base_type != NULL
12,.text,709856,709856,ascii,43,*info.base_type == *cur_base_info.base_type
12,.text,709960,709960,ascii,4,!F@F
12,.text,709974,709974,ascii,4,)HxD
12,.text,710041,710041,ascii,5,"<1F""F"
12,.text,710075,710075,ascii,7,03U(`(F
12,.text,710212,710212,ascii,4,%F F
12,.text,710236,710236,ascii,8, `(FAFJF
12,.text,710320,710320,ascii,12,basic_string
12,.text,710364,710364,ascii,4,!F@F
12,.text,710378,710378,ascii,4,)HxD
12,.text,710445,710445,ascii,5,"<1F""F"
12,.text,710479,710479,ascii,7,03U(`(F
12,.text,710588,710588,ascii,4,!F@F
12,.text,710602,710602,ascii,4,)HxD
12,.text,710669,710669,ascii,5,"<1F""F"
12,.text,710703,710703,ascii,7,03U(`(F
12,.text,710812,710812,ascii,4,!F@F
12,.text,710826,710826,ascii,4,)HxD
12,.text,710893,710893,ascii,5,"<1F""F"
12,.text,710927,710927,ascii,7,03U(`(F
12,.text,711036,711036,ascii,4,!F@F
12,.text,711050,711050,ascii,4,)HxD
12,.text,711117,711117,ascii,5,"<1F""F"
12,.text,711151,711151,ascii,7,03U(`(F
12,.text,711260,711260,ascii,4,!F@F
12,.text,711274,711274,ascii,4,)HxD
12,.text,711341,711341,ascii,5,"<1F""F"
12,.text,711375,711375,ascii,7,03U(`(F
12,.text,711479,711479,ascii,7,0 `mi(F
12,.text,711547,711547,ascii,5,>)F2F
12,.text,711563,711563,ascii,4,U F]
12,.text,711683,711683,ascii,6,!AU F]
12,.text,711786,711786,ascii,4,0F*F
12,.text,711799,711799,ascii,6,!AU F]
12,.text,711829,711829,ascii,4,1!`!
12,.text,711873,711873,ascii,4,1!`!
12,.text,711929,711929,ascii,4,1!`!
12,.text,711977,711977,ascii,4,1!`!
12,.text,712025,712025,ascii,4,1!`!
12,.text,712073,712073,ascii,4,1!`!
12,.text,712121,712121,ascii,4,1!`!
12,.text,712169,712169,ascii,4,1!`!
12,.text,712217,712217,ascii,4,1!`!
12,.text,712265,712265,ascii,4,1!`!
12,.text,712313,712313,ascii,4,1!`!
12,.text,712435,712435,ascii,5,JyDzD
12,.text,712475,712475,ascii,5,F}D(F
12,.text,712523,712523,ascii,7,F)H)hxD
12,.text,712558,712558,ascii,7,"#I""hyDA"
12,.text,712636,712636,ascii,4,XQ+D
12,.text,712837,712837,ascii,5,F~D0F
12,.text,712864,712864,ascii,9,BX*`EP0F]
12,.text,712907,712907,ascii,5,FKHyD
12,.text,712936,712936,ascii,4,PIyD
12,.text,712948,712948,ascii,7,.h%FJJp
12,.text,713006,713006,ascii,4,BIyD
12,.text,713013,713013,ascii,7,X1`=IyD
12,.text,713038,713038,ascii,4,3HxD
12,.text,713061,713061,ascii,5,F.HxD
12,.text,713159,713159,ascii,5,M{D~D
12,.text,713165,713165,ascii,4,h}DC
12,.text,713170,713170,ascii,10,"""@(`1`HFAF"
12,.text,713293,713293,ascii,5,F~D0F
12,.text,713320,713320,ascii,9,BX*`EP0F]
12,.text,713364,713364,ascii,4, F*F
12,.text,713422,713422,ascii,4,)Q%D
12,.text,713468,713468,ascii,10,8H9JxDiCzD
12,.text,713554,713554,ascii,6,"1`,IyD"
12,.text,713572,713572,ascii,4,'IyD
12,.text,713582,713582,ascii,4,0` D
12,.text,713651,713651,ascii,5,HzDxD
12,.text,713747,713747,ascii,5,F}D(F
12,.text,713797,713797,ascii,5,H!lxD
12,.text,713830,713830,ascii,4, F@!
12,.text,713868,713868,ascii,4,9HxD
12,.text,713876,713876,ascii,4,8HxD
12,.text,713894,713894,ascii,4,5HxD
12,.text,713902,713902,ascii,4,4HxD
12,.text,713910,713910,ascii,8,3H3IxDyD
12,.text,713931,713931,ascii,5,p2HxD
12,.text,713940,713940,ascii,6,1H!lxD
12,.text,713972,713972,ascii,4, F@!
12,.text,713980,713980,ascii,4,(HxD
12,.text,713996,713996,ascii,4,'HxD
12,.text,714025,714025,ascii,5,JyDzD
12,.text,714057,714057,ascii,5,JyDzD
12,.text,714242,714242,ascii,4, F*F
12,.text,714278,714278,ascii,4,5Q&D
12,.text,714396,714396,ascii,4,(`@F
12,.text,714442,714442,ascii,4,"0F""F"
12,.text,714476,714476,ascii,4,KFpC
12,.text,714597,714597,ascii,4,L@F]
12,.text,714674,714674,ascii,4,*h!F
12,.text,714865,714865,ascii,4,L@F]
12,.text,714942,714942,ascii,4,*h!F
12,.text,715059,715059,ascii,5,JxDzD
12,.text,715156,715156,ascii,5,NsZ@B
12,.text,715166,715166,ascii,4,+3Y@
12,.text,715318,715318,ascii,5,NrQ@B
12,.text,715328,715328,ascii,4,+2P@
12,.text,715408,715408,ascii,6,9IxDyD
12,.text,715418,715418,ascii,4,6HxD
12,.text,715494,715494,ascii,4,XFAF
12,.text,715563,715563,ascii,5,JyDzD
12,.text,715752,715752,ascii,5,N``FH
12,.text,715759,715759,ascii,4,C )(
12,.text,715803,715803,ascii,6,{{{{Mm
12,.text,715919,715919,ascii,4,`pF]
12,.text,716074,716074,ascii,16,pGstd::exception
12,.text,716114,716114,ascii,20,pGstd::bad_exception
12,.text,716332,716332,ascii,5,(h2hP
12,.text,716412,716412,ascii,6,0F)FKF
12,.text,716445,716445,ascii,5,JxDzD
12,.text,716474,716474,ascii,4,0hBF
12,.text,716557,716557,ascii,5,JxDzD
12,.text,716586,716586,ascii,4,(hJF
12,.text,716633,716633,ascii,5,JyDzD
12,.text,716673,716673,ascii,5,JyDzD
12,.text,716802,716802,ascii,4,@ #!
12,.text,717020,717020,ascii,5,"!1C """
15,.rodata,756256,756256,ascii,67,/data/data/com.gameloft.android.GAND.GloftD2SS/lib/libStormGLOFT.so
15,.rodata,756324,756324,ascii,71,/data/data/com.gameloft.android.GAND.GloftD2SS/lib/libDungeonHunter2.so
15,.rodata,756396,756396,ascii,10,StormGLOFT
15,.rodata,756407,756407,ascii,17,mprotect error:%s
15,.rodata,756425,756425,ascii,24,ChangePageProperty error
15,.rodata,756450,756450,ascii,6,#endif
15,.rodata,756457,756457,ascii,12,basic_string
15,.rodata,756470,756470,ascii,24,Try to hook %s in lib %s
15,.rodata,756495,756495,ascii,17,libDungeonHunter2
15,.rodata,756513,756513,ascii,70,Java_com_gameloft_android_GAND_GloftD2SS_DungeonHunter2_nativeSetPhone
15,.rodata,756584,756584,ascii,66,Java_com_gameloft_android_GAND_GloftD2SS_GameRenderer_nativeResize
15,.rodata,756651,756651,ascii,14,nativeGetWidth
15,.rodata,756666,756666,ascii,4,%02x
15,.rodata,756674,756674,ascii,24,cannot read symbol table
15,.rodata,756700,756700,ascii,22,cannot read memory map
15,.rodata,756724,756724,ascii,7,%s open
15,.rodata,756733,756733,ascii,11,load_symtab
15,.rodata,756745,756745,ascii,20,Error ELF parsing %s
15,.rodata,756767,756767,ascii,13,Out of memory
15,.rodata,756782,756782,ascii,24,bad dynamic symbol table
15,.rodata,756808,756808,ascii,16,bad symbol table
15,.rodata,756826,756826,ascii,15,no symbol table
15,.rodata,756843,756843,ascii,27,change page property error.
15,.rodata,756871,756871,ascii,21,pstInlineHook is null
15,.rodata,756893,756893,ascii,14,cnt %d thumb32
15,.rodata,756908,756908,ascii,14,fixLength : %d
15,.rodata,756923,756923,ascii,14,cnt %d thumb16
15,.rodata,756938,756938,ascii,14,backUpPos : %d
15,.rodata,756953,756953,ascii,23,shell code malloc fail.
15,.rodata,756977,756977,ascii,37,change shell code page property fail.
15,.rodata,757015,757015,ascii,13,address null.
15,.rodata,757029,757029,ascii,39,new entry for old function malloc fail.
15,.rodata,757069,757069,ascii,36,change new entry page property fail.
15,.rodata,757106,757106,ascii,38,build jump opcodes for new entry fail.
15,.rodata,757145,757145,ascii,22,pstInlineHook is null.
15,.rodata,757168,757168,ascii,23,Init Arm HookInfo fail.
15,.rodata,757192,757192,ascii,15,BuildStub fail.
15,.rodata,757208,757208,ascii,22,BuildOldFunction fail.
15,.rodata,757231,757231,ascii,24,RebuildHookAddress fail.
15,.rodata,757256,757256,ascii,24,isThumb32 : opcode is %x
15,.rodata,757281,757281,ascii,9,tmp is %d
15,.rodata,757291,757291,ascii,9,thumb32 !
15,.rodata,757301,757301,ascii,20,sizeof(uint8_t) : %d
15,.rodata,757322,757322,ascii,34,-------------START----------------
15,.rodata,757357,757357,ascii,19,currentOpcode is %x
15,.rodata,757377,757377,ascii,11,offset : %d
15,.rodata,757389,757389,ascii,11,fixPos : %d
15,.rodata,757401,757401,ascii,34,--------------END-----------------
15,.rodata,757436,757436,ascii,32,pstInlineHook->backUpLength : %d
15,.rodata,757469,757469,ascii,12,Fix finish !
15,.rodata,757482,757482,ascii,20,B1_CONDITION_THUMB16
15,.rodata,757503,757503,ascii,15,BtoB in thumb16
15,.rodata,757519,757519,ascii,10,B1_THUMB16
15,.rodata,757530,757530,ascii,10,B2_THUMB16
15,.rodata,757541,757541,ascii,8,CNT : %d
15,.rodata,757550,757550,ascii,10,VALUE : %x
15,.rodata,757561,757561,ascii,14,HOOK ADDR : %x
15,.rodata,757576,757576,ascii,19,new_entry_addr : %x
15,.rodata,757596,757596,ascii,14,NEW VALUE : %x
15,.rodata,757611,757611,ascii,111,BEQ_ARM BNE_ARM BCS_ARM BCC_ARM BMI_ARM BPL_ARM BVS_ARM BVC_ARM BHI_ARM BLS_ARM BGE_ARM BLT_ARM BGT_ARM BLE_ARM
15,.rodata,757723,757723,ascii,15,B TO B in Arm32
15,.rodata,757739,757739,ascii,29,"cnt !=1or0, something wrong !"
15,.rodata,757769,757769,ascii,20,BLX_ARM : value : %d
15,.rodata,757790,757790,ascii,19,BL_ARM B_ARM BX_ARM
15,.rodata,757810,757810,ascii,10,value : %d
15,.rodata,757821,757821,ascii,17,Backup to backup!
15,.rodata,757839,757839,ascii,33,ADR1_ARM ADR2_ARM LDR_ARM MOV_ARM
15,.rodata,757873,757873,ascii,25,ADR1_ARM ADR2_ARM LDR_ARM
15,.rodata,757899,757899,ascii,8,ADR1_ARM
15,.rodata,757908,757908,ascii,8,ADR2_ARM
15,.rodata,757917,757917,ascii,7,MOV_ARM
15,.rodata,757925,757925,ascii,9,OTHER_ARM
15,.rodata,757935,757935,ascii,20,B1_CONDITION_THUMB32
15,.rodata,757956,757956,ascii,19,THUMB32 OPCODE : %x
15,.rodata,757976,757976,ascii,15,BtoB in thumb32
15,.rodata,757992,757992,ascii,10,B2_THUMB32
15,.rodata,758003,758003,ascii,37,ADR1_THUMB32 ADR2_THUMB32 LDR_THUMB32
15,.rodata,758041,758041,ascii,25,ADR1_THUMB32 ADR2_THUMB32
15,.rodata,758067,758067,ascii,12,ADR1_THUMB32
15,.rodata,758080,758080,ascii,12,ADR2_THUMB32
15,.rodata,758093,758093,ascii,11,LDR_THUMB32
15,.rodata,758105,758105,ascii,23,TBB_THUMB32 TBH_THUMB32
15,.rodata,758129,758129,ascii,11,TBB_THUMB32
15,.rodata,758141,758141,ascii,11,TBH_THUMB32
15,.rodata,758153,758153,ascii,13,OTHER_THUMB32
15,.rodata,758167,758167,ascii,21,getTypeInThumb16 : %x
15,.rodata,758189,758189,ascii,21,getTypeInThumb32 : %x
15,.rodata,758212,758212,ascii,40,#define followed by a non-identifier: %s
15,.rodata,758253,758253,ascii,37,Token pasting (##) is illegal in GLES
15,.rodata,758291,758291,ascii,20,Unterminated comment
15,.rodata,758312,758312,ascii,49,Internal compiler error: Unexpected character: %s
15,.rodata,758362,758362,ascii,19,flex scanner jammed
15,.rodata,758382,758382,ascii,50,fatal flex scanner internal error--no action found
15,.rodata,758433,758433,ascii,55,fatal flex scanner internal error--end of buffer missed
15,.rodata,758489,758489,ascii,31,flex scanner push-back overflow
15,.rodata,758521,758521,ascii,45,out of memory expanding start-condition stack
15,.rodata,758567,758567,ascii,31,start-condition stack underflow
15,.rodata,758599,758599,ascii,50,undefined macro %s in expression (illegal in GLES)
15,.rodata,758650,758650,ascii,4,elif
15,.rodata,758655,758655,ascii,9,#line %ji
15,.rodata,758666,758666,ascii,13,#line %ji %ji
15,.rodata,758681,758681,ascii,8,__LINE__
15,.rodata,758690,758690,ascii,8,__FILE__
15,.rodata,758699,758699,ascii,11,__VERSION__
15,.rodata,758711,758711,ascii,56,Built-in (pre-defined) macro names can not be undefined.
15,.rodata,758768,758768,ascii,22,#if with no expression
15,.rodata,758791,758791,ascii,17,#elif after #else
15,.rodata,758809,758809,ascii,24,#elif with no expression
15,.rodata,758834,758834,ascii,41,ignoring illegal #elif without expression
15,.rodata,758876,758876,ascii,14,multiple #else
15,.rodata,758891,758891,ascii,38,#version must appear on the first line
15,.rodata,758930,758930,ascii,26,#define without macro name
15,.rodata,758957,758957,ascii,29,Illegal non-directive after #
15,.rodata,758987,758987,ascii,38,zero modulus in preprocessor directive
15,.rodata,759026,759026,ascii,39,division by 0 in preprocessor directive
15,.rodata,759066,759066,ascii,32,extra tokens at end of directive
15,.rodata,759099,759099,ascii,7,-> $$ =
15,.rodata,759107,759107,ascii,12,syntax error
15,.rodata,759120,759120,ascii,17,Error: discarding
15,.rodata,759138,759138,ascii,14,Error: popping
15,.rodata,759153,759153,ascii,16,memory exhausted
15,.rodata,759170,759170,ascii,29,Cleanup: discarding lookahead
15,.rodata,759200,759200,ascii,16,Cleanup: popping
15,.rodata,759217,759217,ascii,4,$end
15,.rodata,759222,759222,ascii,5,error
15,.rodata,759228,759228,ascii,10,$undefined
15,.rodata,759239,759239,ascii,7,DEFINED
15,.rodata,759247,759247,ascii,13,ELIF_EXPANDED
15,.rodata,759261,759261,ascii,10,HASH_TOKEN
15,.rodata,759272,759272,ascii,12,DEFINE_TOKEN
15,.rodata,759285,759285,ascii,15,FUNC_IDENTIFIER
15,.rodata,759301,759301,ascii,14,OBJ_IDENTIFIER
15,.rodata,759316,759316,ascii,4,ELIF
15,.rodata,759321,759321,ascii,4,ELSE
15,.rodata,759326,759326,ascii,5,ENDIF
15,.rodata,759332,759332,ascii,11,ERROR_TOKEN
15,.rodata,759347,759347,ascii,5,IFDEF
15,.rodata,759353,759353,ascii,6,IFNDEF
15,.rodata,759360,759360,ascii,4,LINE
15,.rodata,759365,759365,ascii,6,PRAGMA
15,.rodata,759372,759372,ascii,5,UNDEF
15,.rodata,759378,759378,ascii,13,VERSION_TOKEN
15,.rodata,759392,759392,ascii,7,GARBAGE
15,.rodata,759400,759400,ascii,10,IDENTIFIER
15,.rodata,759411,759411,ascii,11,IF_EXPANDED
15,.rodata,759423,759423,ascii,7,INTEGER
15,.rodata,759431,759431,ascii,14,INTEGER_STRING
15,.rodata,759446,759446,ascii,13,LINE_EXPANDED
15,.rodata,759460,759460,ascii,7,NEWLINE
15,.rodata,759468,759468,ascii,5,OTHER
15,.rodata,759474,759474,ascii,11,PLACEHOLDER
15,.rodata,759486,759486,ascii,5,SPACE
15,.rodata,759492,759492,ascii,9,PLUS_PLUS
15,.rodata,759502,759502,ascii,11,MINUS_MINUS
15,.rodata,759514,759514,ascii,5,PASTE
15,.rodata,759539,759539,ascii,9,NOT_EQUAL
15,.rodata,759549,759549,ascii,5,EQUAL
15,.rodata,759563,759563,ascii,16,GREATER_OR_EQUAL
15,.rodata,759580,759580,ascii,13,LESS_OR_EQUAL
15,.rodata,759594,759594,ascii,11,RIGHT_SHIFT
15,.rodata,759606,759606,ascii,10,LEFT_SHIFT
15,.rodata,759637,759637,ascii,5,UNARY
15,.rodata,759691,759691,ascii,7,$accept
15,.rodata,759699,759699,ascii,5,input
15,.rodata,759705,759705,ascii,4,line
15,.rodata,759710,759710,ascii,13,expanded_line
15,.rodata,759724,759724,ascii,6,define
15,.rodata,759731,759731,ascii,12,control_line
15,.rodata,759747,759747,ascii,20,control_line_success
15,.rodata,759789,759789,ascii,18,control_line_error
15,.rodata,759808,759808,ascii,16,integer_constant
15,.rodata,759825,759825,ascii,10,expression
15,.rodata,759836,759836,ascii,15,identifier_list
15,.rodata,759852,759852,ascii,9,text_line
15,.rodata,759862,759862,ascii,16,replacement_list
15,.rodata,759879,759879,ascii,4,junk
15,.rodata,759884,759884,ascii,9,pp_tokens
15,.rodata,759894,759894,ascii,19,preprocessing_token
15,.rodata,759914,759914,ascii,8,operator
15,.rodata,759923,759923,ascii,37,Reducing stack by rule %d (line %lu):
15,.rodata,759962,759962,ascii,24,Redefinition of macro %s
15,.rodata,759988,759988,ascii,71,"Macro names containing ""__"" are reserved for use by the implementation."
15,.rodata,760061,760061,ascii,15,#%s without #if
15,.rodata,760078,760078,ascii,18,#endif without #if
15,.rodata,760098,760098,ascii,30,GL_EXT_separate_shader_objects
15,.rodata,760129,760129,ascii,25,GL_OES_EGL_image_external
15,.rodata,760155,760155,ascii,27,GL_OES_standard_derivatives
15,.rodata,760183,760183,ascii,23,GL_ARB_arrays_of_arrays
15,.rodata,760207,760207,ascii,33,GL_ARB_fragment_coord_conventions
15,.rodata,760241,760241,ascii,30,GL_ARB_fragment_layer_viewport
15,.rodata,760272,760272,ascii,31,GL_ARB_explicit_attrib_location
15,.rodata,760304,760304,ascii,32,GL_ARB_explicit_uniform_location
15,.rodata,760337,760337,ascii,25,GL_ARB_shader_texture_lod
15,.rodata,760363,760363,ascii,21,GL_ARB_draw_instanced
15,.rodata,760385,760385,ascii,21,GL_EXT_draw_instanced
15,.rodata,760407,760407,ascii,25,GL_AMD_conservative_depth
15,.rodata,760433,760433,ascii,25,GL_ARB_conservative_depth
15,.rodata,760459,760459,ascii,26,GL_ARB_shader_bit_encoding
15,.rodata,760486,760486,ascii,28,GL_ARB_uniform_buffer_object
15,.rodata,760515,760515,ascii,29,GL_ARB_texture_cube_map_array
15,.rodata,760545,760545,ascii,31,GL_ARB_shading_language_packing
15,.rodata,760577,760577,ascii,26,GL_ARB_texture_multisample
15,.rodata,760604,760604,ascii,27,GL_ARB_texture_query_levels
15,.rodata,760632,760632,ascii,24,GL_ARB_texture_query_lod
15,.rodata,760657,760657,ascii,18,GL_ARB_gpu_shader5
15,.rodata,760676,760676,ascii,26,GL_AMD_vertex_shader_layer
15,.rodata,760703,760703,ascii,35,GL_AMD_vertex_shader_viewport_index
15,.rodata,760739,760739,ascii,31,GL_ARB_shading_language_420pack
15,.rodata,760771,760771,ascii,21,GL_ARB_sample_shading
15,.rodata,760793,760793,ascii,21,GL_ARB_texture_gather
15,.rodata,760815,760815,ascii,29,GL_ARB_shader_atomic_counters
15,.rodata,760845,760845,ascii,21,GL_ARB_viewport_array
15,.rodata,760867,760867,ascii,21,GL_ARB_compute_shader
15,.rodata,760889,760889,ascii,30,GL_ARB_shader_image_load_store
15,.rodata,760920,760920,ascii,25,GL_ARB_derivative_control
15,.rodata,760946,760946,ascii,25,GL_EXT_shader_integer_mix
15,.rodata,760972,760972,ascii,15,GL_core_profile
15,.rodata,760988,760988,ascii,26,GL_FRAGMENT_PRECISION_HIGH
15,.rodata,761015,761015,ascii,16,#version %ji%s%s
15,.rodata,761032,761032,ascii,21,%s index must be < %u
15,.rodata,761054,761054,ascii,21,%s index must be >= 0
15,.rodata,761076,761076,ascii,36,unsized array index must be constant
15,.rodata,761113,761113,ascii,42,uniform block array index must be constant
15,.rodata,761156,761156,ascii,70,sampler arrays indexed with non-constant expressions is optional in %s
15,.rodata,761227,761227,ascii,93,sampler arrays indexed with non-constant expressions will be forbidden in GLSL 1.30 and later
15,.rodata,761321,761321,ascii,88,sampler arrays indexed with non-constant expressions is forbidden in GLSL 1.30 and later
15,.rodata,761408,761408,utf-16le-ascii-subset,14,r=+-*/%
15,.rodata,761442,761442,utf-16le-ascii-subset,10,=&^|~
15,.rodata,761506,761506,ascii,83,unknown type `%s' (structure name may be shadowed by a variable with the same name)
15,.rodata,761590,761590,ascii,34,cannot construct sampler type `%s'
15,.rodata,761625,761625,ascii,28,array constructors forbidden
15,.rodata,761654,761654,ascii,58,"for matrix `%s' constructor, matrix must be only parameter"
15,.rodata,761713,761713,ascii,36,too few components to construct `%s'
15,.rodata,761750,761750,ascii,35,type of C-style initializer unknown
15,.rodata,761786,761786,ascii,77,C-style initialization requires the GL_ARB_shading_language_420pack extension
15,.rodata,761864,761864,ascii,43,too many parameters in constructor for `%s'
15,.rodata,761908,761908,ascii,26,no function with name '%s'
15,.rodata,761935,761935,ascii,54,no matching function for call to `%s'; candidates are:
15,.rodata,761990,761990,ascii,47,parameter `in %s' must be a constant expression
15,.rodata,762038,762038,ascii,37,parameter `%s` must be a shader input
15,.rodata,762076,762076,ascii,35,parameter `%s` must not be swizzled
15,.rodata,762112,762112,ascii,5,inout
15,.rodata,762118,762118,ascii,42,function parameter '%s %s' references a %s
15,.rodata,762161,762161,ascii,65,function parameter '%s %s' references the read-only variable '%s'
15,.rodata,762227,762227,ascii,43,function parameter '%s %s' is not an lvalue
15,.rodata,762271,762271,ascii,55,function call parameter `%s' drops `coherent' qualifier
15,.rodata,762327,762327,ascii,55,function call parameter `%s' drops `volatile' qualifier
15,.rodata,762383,762383,ascii,55,function call parameter `%s' drops `restrict' qualifier
15,.rodata,762439,762439,ascii,55,function call parameter `%s' drops `readonly' qualifier
15,.rodata,762495,762495,ascii,56,function call parameter `%s' drops `writeonly' qualifier
15,.rodata,762552,762552,ascii,9,%s_retval
15,.rodata,762562,762562,ascii,9,inout_tmp
15,.rodata,762572,762572,ascii,69,"aggregates can only initialize vectors, matrices, arrays, and structs"
15,.rodata,762642,762642,ascii,38,%s constructor must have %u parameters
15,.rodata,762681,762681,ascii,6,vector
15,.rodata,762688,762688,ascii,6,matrix
15,.rodata,762695,762695,ascii,12,gl_FragCoord
15,.rodata,762708,762708,ascii,71,`gl_TexCoord' array size cannot be larger than gl_MaxTextureCoords (%u)
15,.rodata,762780,762780,ascii,75,`gl_ClipDistance' array size cannot be larger than gl_MaxClipDistances (%u)
15,.rodata,762856,762856,ascii,40,operands of `%s' must have the same type
15,.rodata,762897,762897,ascii,27,array comparisons forbidden
15,.rodata,762925,762925,ascii,33,opaque type comparisons forbidden
15,.rodata,762959,762959,ascii,33,operand of `~' must be an integer
15,.rodata,762993,762993,ascii,7,and_tmp
15,.rodata,763001,763001,ascii,6,or_tmp
15,.rodata,763008,763008,ascii,7,operand
15,.rodata,763016,763016,ascii,65,second and third operands of ?: operator must have matching types
15,.rodata,763082,763082,ascii,57,second and third operands of ?: operator cannot be arrays
15,.rodata,763140,763140,ascii,15,conditional_tmp
15,.rodata,763156,763156,ascii,51,left-hand operand of comma expression has no effect
15,.rodata,763208,763208,ascii,13,type mismatch
15,.rodata,763222,763222,ascii,9,attribute
15,.rodata,763232,763232,ascii,7,varying
15,.rodata,763240,763240,ascii,61,initializer of %s variable `%s' must be a constant expression
15,.rodata,763302,763302,ascii,7,uniform
15,.rodata,763310,763310,ascii,71,`%s' cannot be marked invariant; interfaces between shader stages only.
15,.rodata,763382,763382,ascii,64,variable `%s' may not be redeclared `invariant' after being used
15,.rodata,763447,763447,ascii,49,undeclared variable `%s' cannot be marked precise
15,.rodata,763497,763497,ascii,79,variable `%s' from an outer scope may not be redeclared `precise' in this scope
15,.rodata,763577,763577,ascii,62,variable `%s' may not be redeclared `precise' after being used
15,.rodata,763640,763640,ascii,38,invalid type `%s' in empty declaration
15,.rodata,763679,763679,ascii,51,precision qualifiers can't be applied to structures
15,.rodata,763731,763731,ascii,5,highp
15,.rodata,763737,763737,ascii,7,mediump
15,.rodata,763745,763745,ascii,4,lowp
15,.rodata,763750,763750,ascii,96,"empty declaration with precision qualifier, to set the default precision, use `precision %s %s;'"
15,.rodata,763847,763847,ascii,40,invalid type `%s' in declaration of `%s'
15,.rodata,763888,763888,ascii,35,invalid type in declaration of `%s'
15,.rodata,763924,763924,ascii,128,`varying in' qualifier in declaration of `%s' only valid for geometry shaders using ARB_geometry_shader4 or EXT_geometry_shader4
15,.rodata,764053,764053,ascii,129,`varying out' qualifier in declaration of `%s' only valid for geometry shaders using ARB_geometry_shader4 or EXT_geometry_shader4
15,.rodata,764183,764183,ascii,79,`out' qualifier in declaration of `%s' only valid for function parameters in %s
15,.rodata,764263,764263,ascii,78,`in' qualifier in declaration of `%s' only valid for function parameters in %s
15,.rodata,764342,764342,ascii,70,`%s' cannot be marked invariant; interfaces between shader stages only
15,.rodata,764413,764413,ascii,30, or in function parameter list
15,.rodata,764444,764444,ascii,51,%s variable `%s' must be declared at global scope%s
15,.rodata,764496,764496,ascii,55,vertex shader input / attribute cannot have type %s`%s'
15,.rodata,764552,764552,ascii,54,vertex shader input / attribute cannot have array type
15,.rodata,764607,764607,ascii,37,geometry shader inputs must be arrays
15,.rodata,764645,764645,ascii,13,vertex output
15,.rodata,764659,764659,ascii,14,fragment input
15,.rodata,764674,764674,ascii,74,"if a %s is (or contains) an integer, then it must be qualified with 'flat'"
15,.rodata,764749,764749,ascii,16,centroid varying
15,.rodata,764766,764766,ascii,73,qualifier '%s' cannot be applied to the deprecated storage qualifier '%s'
15,.rodata,764840,764840,ascii,56,qualifier '%s' cannot be applied to vertex shader inputs
15,.rodata,764897,764897,ascii,59,qualifier '%s' cannot be applied to fragment shader outputs
15,.rodata,764957,764957,ascii,76,"precision qualifiers apply only to floating point, integer and sampler types"
15,.rodata,765034,765034,ascii,41,opaque variables must be declared uniform
15,.rodata,765076,765076,ascii,51,`%s' has already been redeclared using gl_PerVertex
15,.rodata,765128,765128,ascii,45,const declaration of `%s' must be initialized
15,.rodata,765174,765174,ascii,53,unsized array declarations are not allowed in GLSL ES
15,.rodata,765228,765228,ascii,44,name `%s' already taken in the current scope
15,.rodata,765273,765273,ascii,39,named parameter cannot have type `void'
15,.rodata,765313,765313,ascii,56,out and inout parameters cannot contain opaque variables
15,.rodata,765370,765370,ascii,40,function `%s' return type has qualifiers
15,.rodata,765411,765411,ascii,56,function `%s' return type array must be explicitly sized
15,.rodata,765468,765468,ascii,54,function `%s' return type can't contain an opaque type
15,.rodata,765523,765523,ascii,46,function name `%s' conflicts with non-function
15,.rodata,765570,765570,ascii,61,function `%s' parameter `%s' qualifiers don't match prototype
15,.rodata,765632,765632,ascii,49,function `%s' return type doesn't match prototype
15,.rodata,765682,765682,ascii,4,main
15,.rodata,765687,765687,ascii,23,main() must return void
15,.rodata,765711,765711,ascii,35,main() must not take any parameters
15,.rodata,765747,765747,ascii,66,"function `%s' has non-void return type %s, but no return statement"
15,.rodata,765814,765814,ascii,65,"could not implicitly convert return value to %s, in function `%s'"
15,.rodata,765880,765880,ascii,58,"`return' with wrong type %s, in function `%s' returning %s"
15,.rodata,765939,765939,ascii,62,void functions can only use `return' without a return argument
15,.rodata,766002,766002,ascii,57,"`return' with no value, in function %s returning non-void"
15,.rodata,766060,766060,ascii,67,type mismatch with switch init-expression and case label (%s != %s)
15,.rodata,766128,766128,ascii,30,implicit type conversion error
15,.rodata,766159,766159,ascii,37,multiple default labels in one switch
15,.rodata,766197,766197,ascii,31,this is the first default label
15,.rodata,766229,766229,ascii,72,"default precision statements apply only to float, int, and sampler types"
15,.rodata,766302,766302,ascii,44,atomic counter in structure or uniform block
15,.rodata,766347,766347,ascii,35,image in structure or uniform block
15,.rodata,766383,766383,ascii,109,"uniform block layout qualifiers std140, packed, and shared can only be applied to uniform blocks, not members"
15,.rodata,766493,766493,ascii,74,row_major and column_major can only be applied to uniform interface blocks
15,.rodata,766568,766568,ascii,69,interpolation qualifiers cannot be used with uniform interface blocks
15,.rodata,766638,766638,ascii,76,auxiliary storage qualifiers cannot be used in uniform blocks or structures.
15,.rodata,766715,766715,ascii,5,gl_in
15,.rodata,766721,766721,ascii,64,redeclaration of gl_PerVertex input not allowed in the %s shader
15,.rodata,766786,766786,ascii,11,gl_Position
15,.rodata,766798,766798,ascii,65,redeclaration of gl_PerVertex output not allowed in the %s shader
15,.rodata,766864,766864,ascii,54,gl_PerVertex must be declared as an input or an output
15,.rodata,766919,766919,ascii,86,redeclaration of gl_PerVertex must be a subset of the built-in members of gl_PerVertex
15,.rodata,767006,767006,ascii,107,redeclaration of a built-in interface block must appear before any use of any member of the interface block
15,.rodata,767114,767114,ascii,70,interface block `%s' with type `%s' already taken in the current scope
15,.rodata,767185,767185,ascii,64,only geometry shader inputs may be unsized instance block arrays
15,.rodata,767250,767250,ascii,15,`%s' redeclared
15,.rodata,767266,767266,ascii,100,stream layout qualifier on interface block member `%s' does not match the interface block (%d vs %d)
15,.rodata,767367,767367,ascii,65,redeclaration of gl_PerVertex can only include built-in variables
15,.rodata,767433,767433,ascii,32,`%s' has already been redeclared
15,.rodata,767466,767466,ascii,67,redeclaration of gl_PerVertex cannot follow a redeclaration of `%s'
15,.rodata,767534,767534,ascii,64,geometry shader input layout does not match previous declaration
15,.rodata,767599,767599,ascii,114,"this geometry shader input layout implies %u vertices per primitive, but a previous input is declared with size %u"
15,.rodata,767714,767714,ascii,111,"this geometry shader input layout implies %u vertices, but an access to element %u of input `%s' already exists"
15,.rodata,767826,767826,ascii,70,product of local_sizes exceeds MAX_COMPUTE_WORK_GROUP_INVOCATIONS (%d)
15,.rodata,767897,767897,ascii,16,gl_WorkGroupSize
15,.rodata,767914,767914,ascii,46,array size must be > %u due to previous access
15,.rodata,767961,767961,ascii,48,operands to arithmetic operators must be numeric
15,.rodata,768010,768010,ascii,44,vector size mismatch for arithmetic operator
15,.rodata,768055,768055,ascii,39,size mismatch for matrix multiplication
15,.rodata,768095,768095,ascii,43,operands of %% must have the same base type
15,.rodata,768139,768139,ascii,33,bit-wise operations are forbidden
15,.rodata,768173,768173,ascii,71,"if the first operand of %s is scalar, the second must be scalar as well"
15,.rodata,768245,768245,ascii,64,vector operands to operator %s must have same number of elements
15,.rodata,768310,768310,ascii,59,operands to relational operators must be scalar and numeric
15,.rodata,768370,768370,ascii,60,could not implicitly convert operands to relational operator
15,.rodata,768431,768431,ascii,18,base type mismatch
15,.rodata,768450,768450,ascii,53,operands of `%s' cannot be vectors of different sizes
15,.rodata,768504,768504,ascii,83,invalid array of `%s'GL_ARB_arrays_of_arrays required for defining arrays of arrays
15,.rodata,768588,768588,ascii,49,only the outermost array dimension can be unsized
15,.rodata,768638,768638,ascii,32,array size could not be resolved
15,.rodata,768671,768671,ascii,96,"Primitive type may only be specified on GS input or output layout declaration, not on variables."
15,.rodata,768768,768768,ascii,66,`const' may not be applied to `out' or `inout' function parameters
15,.rodata,768835,768835,ascii,76,user-defined input and output variables are not permitted in compute shaders
15,.rodata,768912,768912,ascii,50,varying variables must be of base type float in %s
15,.rodata,768963,768963,ascii,35,illegal type for a varying variable
15,.rodata,768999,768999,ascii,17,origin_upper_left
15,.rodata,769017,769017,ascii,81,layout qualifier `%s' can only be applied to fragment shader input `gl_FragCoord'
15,.rodata,769099,769099,ascii,67,gl_FragCoord used before its first redeclaration in fragment shader
15,.rodata,769167,769167,ascii,71,gl_FragCoord redeclared with different layout qualifiers (%s) and (%s) 
15,.rodata,769239,769239,ascii,41,explicit index requires explicit location
15,.rodata,769281,769281,ascii,32,misaligned atomic counter offset
15,.rodata,769314,769314,ascii,46,atomic counters require explicit binding point
15,.rodata,769361,769361,ascii,97,atomic counters may only be declared as function parameters or uniform-qualified global variables
15,.rodata,769459,769459,ascii,82,sample qualifier may only be used on `in` or `out` variables between shader stages
15,.rodata,769542,769542,ascii,97,"centroid qualifier may only be used with `in', `out' or `varying' variables between shader stages"
15,.rodata,769640,769640,ascii,64,`layout' qualifier may not be used with `attribute' or `varying'
15,.rodata,769705,769705,ascii,111,extension GL_AMD_conservative_depth or GL_ARB_conservative_depth must be enabled to use depth layout qualifiers
15,.rodata,769817,769817,ascii,12,gl_FragDepth
15,.rodata,769830,769830,ascii,59,depth layout qualifiers can be applied only to gl_FragDepth
15,.rodata,769890,769890,ascii,65,at most one depth layout qualifier can be applied to gl_FragDepth
15,.rodata,769956,769956,ascii,39,"origin_upper_left, pixel_center_integer"
15,.rodata,769996,769996,ascii,36,explicit location < 0 for uniform %s
15,.rodata,770033,770033,ascii,64,location(s) consumed by uniform %s >= MAX_UNIFORM_LOCATIONS (%u)
15,.rodata,770098,770098,ascii,59,compute shader variables cannot be given explicit locations
15,.rodata,770158,770158,ascii,52,%s cannot be given an explicit location in %s shader
15,.rodata,770211,770211,ascii,33,explicit index may only be 0 or 1
15,.rodata,770245,770245,ascii,123,uniform explicit location requires GL_ARB_explicit_uniform_location and either GL_ARB_explicit_attrib_location or GLSL 330.
15,.rodata,770369,770369,ascii,32,%s explicit location requires %s
15,.rodata,770402,770402,ascii,48,"the ""binding"" qualifier only applies to uniforms"
15,.rodata,770451,770451,ascii,27,binding values must be >= 0
15,.rodata,770479,770479,ascii,86,layout(binding = %d) for %d UBOs exceeds the maximum number of UBO binding points (%d)
15,.rodata,770566,770566,ascii,91,layout(binding = %d) for %d samplers exceeds the maximum number of texture image units (%d)
15,.rodata,770658,770658,ascii,86,layout(binding = %d) exceeds the  maximum number of atomic counter buffer bindings(%d)
15,.rodata,770745,770745,ascii,100,"the ""binding"" qualifier only applies to uniform blocks, samplers, atomic counters, or arrays thereof"
15,.rodata,770846,770846,ascii,97,image variables may only be declared as function parameters or uniform-qualified global variables
15,.rodata,770944,770944,ascii,61,format qualifiers cannot be used on image function parameters
15,.rodata,771006,771006,ascii,62,format qualifier doesn't match the base data type of the image
15,.rodata,771069,771069,ascii,75,uniforms not qualified with `writeonly' must have a format layout qualifier
15,.rodata,771145,771145,ascii,112,"geometry shader input size contradicts previously declared layout (size is %u, but layout requires a size of %u)"
15,.rodata,771258,771258,ascii,97,"geometry shader input sizes are inconsistent (size is %u, but a previous declaration has size %u)"
15,.rodata,771356,771356,ascii,34,precision qualifiers are forbidden
15,.rodata,771391,771391,ascii,82,the first redeclaration of gl_FragDepth must appear before any use of gl_FragDepth
15,.rodata,771474,771474,ascii,90,"gl_FragDepth: depth layout is declared here as '%s, but it was previously declared as '%s'"
15,.rodata,771565,771565,ascii,47,redeclaration of `%s' with incorrect qualifiers
15,.rodata,771613,771613,ascii,40,redeclaration of `%s' has incorrect type
15,.rodata,771654,771654,ascii,77,interpolation qualifier `%s' can only be applied to shader inputs or outputs.
15,.rodata,771732,771732,ascii,97,interpolation qualifier `%s' cannot be applied to vertex shader inputs or fragment shader outputs
15,.rodata,771830,771830,ascii,116,uniform block layout qualifiers row_major and column_major may not be applied to variables outside of uniform blocks
15,.rodata,771947,771947,ascii,121,uniform block layout qualifiers row_major and column_major applied to non-matrix types may be rejected by older compilers
15,.rodata,772069,772069,ascii,54,fragment shader writes to both `gl_FragColor' and `%s'
15,.rodata,772124,772124,ascii,53,fragment shader writes to both `gl_FragData' and `%s'
15,.rodata,772178,772178,ascii,56,geometry shader set conflicting max_vertices (%d and %d)
15,.rodata,772235,772235,ascii,62,`stream' value is larger than MAX_VERTEX_STREAMS - 1 (%d > %d)
15,.rodata,772298,772298,ascii,35,duplicate layout `stream' qualifier
15,.rodata,772334,772334,ascii,67,compute shader set conflicting values for local_size_%c (%d and %d)
15,.rodata,772402,772402,ascii,76,"input layout qualifiers only valid in geometry, fragment and compute shaders"
15,.rodata,772479,772479,ascii,43,conflicting input primitive types specified
15,.rodata,772523,772523,ascii,40,conflicting invocations counts specified
15,.rodata,772564,772564,ascii,23,__intrinsic_atomic_read
15,.rodata,772588,772588,ascii,28,__intrinsic_atomic_increment
15,.rodata,772617,772617,ascii,31,__intrinsic_atomic_predecrement
15,.rodata,772649,772649,ascii,26,__intrinsic_memory_barrier
15,.rodata,772676,772676,ascii,9,imageLoad
15,.rodata,772686,772686,ascii,22,__intrinsic_image_load
15,.rodata,772709,772709,ascii,10,imageStore
15,.rodata,772720,772720,ascii,23,__intrinsic_image_store
15,.rodata,772744,772744,ascii,14,imageAtomicAdd
15,.rodata,772759,772759,ascii,28,__intrinsic_image_atomic_add
15,.rodata,772788,772788,ascii,14,imageAtomicMin
15,.rodata,772803,772803,ascii,28,__intrinsic_image_atomic_min
15,.rodata,772832,772832,ascii,14,imageAtomicMax
15,.rodata,772847,772847,ascii,28,__intrinsic_image_atomic_max
15,.rodata,772876,772876,ascii,14,imageAtomicAnd
15,.rodata,772891,772891,ascii,28,__intrinsic_image_atomic_and
15,.rodata,772920,772920,ascii,13,imageAtomicOr
15,.rodata,772934,772934,ascii,27,__intrinsic_image_atomic_or
15,.rodata,772962,772962,ascii,14,imageAtomicXor
15,.rodata,772977,772977,ascii,5,coord
15,.rodata,772983,772983,ascii,6,sample
15,.rodata,772990,772990,ascii,7,radians
15,.rodata,772998,772998,ascii,7,degrees
15,.rodata,773006,773006,ascii,4,asin
15,.rodata,773011,773011,ascii,4,acos
15,.rodata,773016,773016,ascii,4,atan
15,.rodata,773021,773021,ascii,4,sinh
15,.rodata,773026,773026,ascii,4,cosh
15,.rodata,773031,773031,ascii,4,tanh
15,.rodata,773036,773036,ascii,5,asinh
15,.rodata,773042,773042,ascii,5,acosh
15,.rodata,773048,773048,ascii,5,atanh
15,.rodata,773054,773054,ascii,4,exp2
15,.rodata,773059,773059,ascii,4,log2
15,.rodata,773064,773064,ascii,4,sqrt
15,.rodata,773069,773069,ascii,11,inversesqrt
15,.rodata,773081,773081,ascii,4,sign
15,.rodata,773086,773086,ascii,5,floor
15,.rodata,773092,773092,ascii,5,trunc
15,.rodata,773098,773098,ascii,5,round
15,.rodata,773104,773104,ascii,9,roundEven
15,.rodata,773114,773114,ascii,4,ceil
15,.rodata,773119,773119,ascii,5,fract
15,.rodata,773125,773125,ascii,4,modf
15,.rodata,773130,773130,ascii,5,clamp
15,.rodata,773136,773136,ascii,4,step
15,.rodata,773141,773141,ascii,10,smoothstep
15,.rodata,773152,773152,ascii,5,isnan
15,.rodata,773158,773158,ascii,5,isinf
15,.rodata,773164,773164,ascii,14,floatBitsToInt
15,.rodata,773179,773179,ascii,15,floatBitsToUint
15,.rodata,773195,773195,ascii,14,intBitsToFloat
15,.rodata,773210,773210,ascii,15,uintBitsToFloat
15,.rodata,773226,773226,ascii,13,packUnorm2x16
15,.rodata,773240,773240,ascii,13,packSnorm2x16
15,.rodata,773254,773254,ascii,12,packUnorm4x8
15,.rodata,773267,773267,ascii,12,packSnorm4x8
15,.rodata,773280,773280,ascii,15,unpackUnorm2x16
15,.rodata,773296,773296,ascii,15,unpackSnorm2x16
15,.rodata,773312,773312,ascii,14,unpackUnorm4x8
15,.rodata,773327,773327,ascii,14,unpackSnorm4x8
15,.rodata,773342,773342,ascii,12,packHalf2x16
15,.rodata,773355,773355,ascii,14,unpackHalf2x16
15,.rodata,773370,773370,ascii,6,length
15,.rodata,773377,773377,ascii,8,distance
15,.rodata,773386,773386,ascii,5,cross
15,.rodata,773392,773392,ascii,9,normalize
15,.rodata,773402,773402,ascii,10,ftransform
15,.rodata,773413,773413,ascii,11,faceforward
15,.rodata,773425,773425,ascii,7,reflect
15,.rodata,773433,773433,ascii,7,refract
15,.rodata,773441,773441,ascii,14,matrixCompMult
15,.rodata,773456,773456,ascii,12,outerProduct
15,.rodata,773469,773469,ascii,11,determinant
15,.rodata,773481,773481,ascii,7,inverse
15,.rodata,773489,773489,ascii,9,transpose
15,.rodata,773499,773499,ascii,8,lessThan
15,.rodata,773508,773508,ascii,13,lessThanEqual
15,.rodata,773522,773522,ascii,11,greaterThan
15,.rodata,773534,773534,ascii,16,greaterThanEqual
15,.rodata,773551,773551,ascii,8,notEqual
15,.rodata,773560,773560,ascii,5,equal
15,.rodata,773566,773566,ascii,11,textureSize
15,.rodata,773578,773578,ascii,7,texture
15,.rodata,773586,773586,ascii,10,textureLod
15,.rodata,773597,773597,ascii,13,textureOffset
15,.rodata,773611,773611,ascii,11,textureProj
15,.rodata,773623,773623,ascii,10,texelFetch
15,.rodata,773634,773634,ascii,16,texelFetchOffset
15,.rodata,773651,773651,ascii,17,textureProjOffset
15,.rodata,773669,773669,ascii,16,textureLodOffset
15,.rodata,773686,773686,ascii,14,textureProjLod
15,.rodata,773701,773701,ascii,20,textureProjLodOffset
15,.rodata,773722,773722,ascii,11,textureGrad
15,.rodata,773734,773734,ascii,17,textureGradOffset
15,.rodata,773752,773752,ascii,15,textureProjGrad
15,.rodata,773768,773768,ascii,21,textureProjGradOffset
15,.rodata,773790,773790,ascii,10,EmitVertex
15,.rodata,773801,773801,ascii,12,EndPrimitive
15,.rodata,773814,773814,ascii,16,EmitStreamVertex
15,.rodata,773831,773831,ascii,18,EndStreamPrimitive
15,.rodata,773850,773850,ascii,15,textureQueryLOD
15,.rodata,773866,773866,ascii,18,textureQueryLevels
15,.rodata,773885,773885,ascii,9,texture1D
15,.rodata,773895,773895,ascii,14,texture1DArray
15,.rodata,773910,773910,ascii,13,texture1DProj
15,.rodata,773924,773924,ascii,12,texture1DLod
15,.rodata,773937,773937,ascii,17,texture1DArrayLod
15,.rodata,773955,773955,ascii,16,texture1DProjLod
15,.rodata,773972,773972,ascii,9,texture2D
15,.rodata,773982,773982,ascii,14,texture2DArray
15,.rodata,773997,773997,ascii,13,texture2DProj
15,.rodata,774011,774011,ascii,12,texture2DLod
15,.rodata,774024,774024,ascii,17,texture2DArrayLod
15,.rodata,774042,774042,ascii,16,texture2DProjLod
15,.rodata,774059,774059,ascii,9,texture3D
15,.rodata,774069,774069,ascii,13,texture3DProj
15,.rodata,774083,774083,ascii,12,texture3DLod
15,.rodata,774096,774096,ascii,16,texture3DProjLod
15,.rodata,774113,774113,ascii,11,textureCube
15,.rodata,774125,774125,ascii,14,textureCubeLod
15,.rodata,774140,774140,ascii,13,texture2DRect
15,.rodata,774154,774154,ascii,17,texture2DRectProj
15,.rodata,774172,774172,ascii,15,texture2DLodEXT
15,.rodata,774188,774188,ascii,19,texture2DProjLodEXT
15,.rodata,774208,774208,ascii,17,textureCubeLodEXT
15,.rodata,774226,774226,ascii,8,shadow1D
15,.rodata,774235,774235,ascii,13,shadow1DArray
15,.rodata,774249,774249,ascii,8,shadow2D
15,.rodata,774258,774258,ascii,11,shadow2DEXT
15,.rodata,774270,774270,ascii,13,shadow2DArray
15,.rodata,774284,774284,ascii,12,shadow1DProj
15,.rodata,774297,774297,ascii,12,shadow2DProj
15,.rodata,774310,774310,ascii,15,shadow2DProjEXT
15,.rodata,774326,774326,ascii,11,shadow1DLod
15,.rodata,774338,774338,ascii,11,shadow2DLod
15,.rodata,774350,774350,ascii,16,shadow1DArrayLod
15,.rodata,774367,774367,ascii,15,shadow1DProjLod
15,.rodata,774383,774383,ascii,15,shadow2DProjLod
15,.rodata,774399,774399,ascii,12,shadow2DRect
15,.rodata,774412,774412,ascii,16,shadow2DRectProj
15,.rodata,774429,774429,ascii,16,texture1DGradARB
15,.rodata,774446,774446,ascii,20,texture1DProjGradARB
15,.rodata,774467,774467,ascii,16,texture2DGradARB
15,.rodata,774484,774484,ascii,20,texture2DProjGradARB
15,.rodata,774505,774505,ascii,16,texture3DGradARB
15,.rodata,774522,774522,ascii,20,texture3DProjGradARB
15,.rodata,774543,774543,ascii,18,textureCubeGradARB
15,.rodata,774562,774562,ascii,16,texture2DGradEXT
15,.rodata,774579,774579,ascii,20,texture2DProjGradEXT
15,.rodata,774600,774600,ascii,18,textureCubeGradEXT
15,.rodata,774619,774619,ascii,15,shadow1DGradARB
15,.rodata,774635,774635,ascii,19,shadow1DProjGradARB
15,.rodata,774655,774655,ascii,15,shadow2DGradARB
15,.rodata,774671,774671,ascii,19,shadow2DProjGradARB
15,.rodata,774691,774691,ascii,20,texture2DRectGradARB
15,.rodata,774712,774712,ascii,24,texture2DRectProjGradARB
15,.rodata,774737,774737,ascii,19,shadow2DRectGradARB
15,.rodata,774757,774757,ascii,23,shadow2DRectProjGradARB
15,.rodata,774781,774781,ascii,13,textureGather
15,.rodata,774795,774795,ascii,19,textureGatherOffset
15,.rodata,774815,774815,ascii,20,textureGatherOffsets
15,.rodata,774836,774836,ascii,4,dFdx
15,.rodata,774841,774841,ascii,4,dFdy
15,.rodata,774846,774846,ascii,6,fwidth
15,.rodata,774853,774853,ascii,10,dFdxCoarse
15,.rodata,774864,774864,ascii,10,dFdyCoarse
15,.rodata,774875,774875,ascii,12,fwidthCoarse
15,.rodata,774888,774888,ascii,8,dFdxFine
15,.rodata,774897,774897,ascii,8,dFdyFine
15,.rodata,774906,774906,ascii,10,fwidthFine
15,.rodata,774917,774917,ascii,6,noise1
15,.rodata,774924,774924,ascii,6,noise2
15,.rodata,774931,774931,ascii,6,noise3
15,.rodata,774938,774938,ascii,6,noise4
15,.rodata,774945,774945,ascii,15,bitfieldExtract
15,.rodata,774961,774961,ascii,14,bitfieldInsert
15,.rodata,774976,774976,ascii,15,bitfieldReverse
15,.rodata,774992,774992,ascii,8,bitCount
15,.rodata,775001,775001,ascii,7,findLSB
15,.rodata,775009,775009,ascii,7,findMSB
15,.rodata,775017,775017,ascii,5,ldexp
15,.rodata,775023,775023,ascii,9,uaddCarry
15,.rodata,775033,775033,ascii,10,usubBorrow
15,.rodata,775044,775044,ascii,12,imulExtended
15,.rodata,775057,775057,ascii,21,interpolateAtCentroid
15,.rodata,775079,775079,ascii,11,SubFactor00
15,.rodata,775091,775091,ascii,11,SubFactor01
15,.rodata,775103,775103,ascii,11,SubFactor02
15,.rodata,775115,775115,ascii,11,SubFactor03
15,.rodata,775127,775127,ascii,11,SubFactor04
15,.rodata,775139,775139,ascii,11,SubFactor05
15,.rodata,775151,775151,ascii,11,SubFactor06
15,.rodata,775163,775163,ascii,11,SubFactor07
15,.rodata,775175,775175,ascii,11,SubFactor08
15,.rodata,775187,775187,ascii,11,SubFactor09
15,.rodata,775199,775199,ascii,11,SubFactor10
15,.rodata,775211,775211,ascii,11,SubFactor11
15,.rodata,775223,775223,ascii,11,SubFactor12
15,.rodata,775235,775235,ascii,11,SubFactor13
15,.rodata,775247,775247,ascii,11,SubFactor14
15,.rodata,775259,775259,ascii,11,SubFactor15
15,.rodata,775271,775271,ascii,11,SubFactor16
15,.rodata,775283,775283,ascii,11,SubFactor17
15,.rodata,775295,775295,ascii,11,SubFactor18
15,.rodata,775307,775307,ascii,12,f11_22_21_12
15,.rodata,775320,775320,ascii,12,f10_22_20_12
15,.rodata,775333,775333,ascii,12,f10_21_20_11
15,.rodata,775346,775346,ascii,7,sampler
15,.rodata,775354,775354,ascii,6,offset
15,.rodata,775361,775361,ascii,7,compare
15,.rodata,775369,775369,ascii,6,stream
15,.rodata,775376,775376,ascii,4,bits
15,.rodata,775381,775381,ascii,11,interpolant
15,.rodata,775393,775393,ascii,4,void
15,.rodata,775398,775398,ascii,4,bool
15,.rodata,775403,775403,ascii,5,bvec2
15,.rodata,775409,775409,ascii,5,bvec3
15,.rodata,775415,775415,ascii,5,bvec4
15,.rodata,775421,775421,ascii,5,ivec2
15,.rodata,775427,775427,ascii,5,ivec3
15,.rodata,775433,775433,ascii,5,ivec4
15,.rodata,775439,775439,ascii,4,uint
15,.rodata,775444,775444,ascii,5,uvec2
15,.rodata,775450,775450,ascii,5,uvec3
15,.rodata,775456,775456,ascii,5,uvec4
15,.rodata,775462,775462,ascii,5,float
15,.rodata,775468,775468,ascii,4,vec2
15,.rodata,775473,775473,ascii,4,vec3
15,.rodata,775478,775478,ascii,4,vec4
15,.rodata,775483,775483,ascii,4,mat2
15,.rodata,775488,775488,ascii,4,mat3
15,.rodata,775493,775493,ascii,4,mat4
15,.rodata,775498,775498,ascii,6,mat2x3
15,.rodata,775505,775505,ascii,6,mat2x4
15,.rodata,775512,775512,ascii,6,mat3x2
15,.rodata,775519,775519,ascii,6,mat3x4
15,.rodata,775526,775526,ascii,6,mat4x2
15,.rodata,775533,775533,ascii,6,mat4x3
15,.rodata,775540,775540,ascii,9,sampler1D
15,.rodata,775550,775550,ascii,9,sampler2D
15,.rodata,775560,775560,ascii,9,sampler3D
15,.rodata,775570,775570,ascii,11,samplerCube
15,.rodata,775582,775582,ascii,14,sampler1DArray
15,.rodata,775597,775597,ascii,14,sampler2DArray
15,.rodata,775612,775612,ascii,16,samplerCubeArray
15,.rodata,775629,775629,ascii,13,sampler2DRect
15,.rodata,775643,775643,ascii,13,samplerBuffer
15,.rodata,775657,775657,ascii,11,sampler2DMS
15,.rodata,775669,775669,ascii,16,sampler2DMSArray
15,.rodata,775686,775686,ascii,10,isampler1D
15,.rodata,775697,775697,ascii,10,isampler2D
15,.rodata,775708,775708,ascii,10,isampler3D
15,.rodata,775719,775719,ascii,12,isamplerCube
15,.rodata,775732,775732,ascii,15,isampler1DArray
15,.rodata,775748,775748,ascii,15,isampler2DArray
15,.rodata,775764,775764,ascii,17,isamplerCubeArray
15,.rodata,775782,775782,ascii,14,isampler2DRect
15,.rodata,775797,775797,ascii,14,isamplerBuffer
15,.rodata,775812,775812,ascii,12,isampler2DMS
15,.rodata,775825,775825,ascii,17,isampler2DMSArray
15,.rodata,775843,775843,ascii,10,usampler1D
15,.rodata,775854,775854,ascii,10,usampler2D
15,.rodata,775865,775865,ascii,10,usampler3D
15,.rodata,775876,775876,ascii,12,usamplerCube
15,.rodata,775889,775889,ascii,15,usampler1DArray
15,.rodata,775905,775905,ascii,15,usampler2DArray
15,.rodata,775921,775921,ascii,17,usamplerCubeArray
15,.rodata,775939,775939,ascii,14,usampler2DRect
15,.rodata,775954,775954,ascii,14,usamplerBuffer
15,.rodata,775969,775969,ascii,12,usampler2DMS
15,.rodata,775982,775982,ascii,17,usampler2DMSArray
15,.rodata,776000,776000,ascii,15,sampler1DShadow
15,.rodata,776016,776016,ascii,15,sampler2DShadow
15,.rodata,776032,776032,ascii,17,samplerCubeShadow
15,.rodata,776050,776050,ascii,20,sampler1DArrayShadow
15,.rodata,776071,776071,ascii,20,sampler2DArrayShadow
15,.rodata,776092,776092,ascii,22,samplerCubeArrayShadow
15,.rodata,776115,776115,ascii,19,sampler2DRectShadow
15,.rodata,776135,776135,ascii,18,samplerExternalOES
15,.rodata,776154,776154,ascii,7,image1D
15,.rodata,776162,776162,ascii,7,image2D
15,.rodata,776170,776170,ascii,7,image3D
15,.rodata,776178,776178,ascii,11,image2DRect
15,.rodata,776190,776190,ascii,9,imageCube
15,.rodata,776200,776200,ascii,11,imageBuffer
15,.rodata,776212,776212,ascii,12,image1DArray
15,.rodata,776225,776225,ascii,12,image2DArray
15,.rodata,776238,776238,ascii,14,imageCubeArray
15,.rodata,776253,776253,ascii,9,image2DMS
15,.rodata,776263,776263,ascii,14,image2DMSArray
15,.rodata,776278,776278,ascii,8,iimage1D
15,.rodata,776287,776287,ascii,8,iimage2D
15,.rodata,776296,776296,ascii,8,iimage3D
15,.rodata,776305,776305,ascii,12,iimage2DRect
15,.rodata,776318,776318,ascii,10,iimageCube
15,.rodata,776329,776329,ascii,12,iimageBuffer
15,.rodata,776342,776342,ascii,13,iimage1DArray
15,.rodata,776356,776356,ascii,13,iimage2DArray
15,.rodata,776370,776370,ascii,15,iimageCubeArray
15,.rodata,776386,776386,ascii,10,iimage2DMS
15,.rodata,776397,776397,ascii,15,iimage2DMSArray
15,.rodata,776413,776413,ascii,8,uimage1D
15,.rodata,776422,776422,ascii,8,uimage2D
15,.rodata,776431,776431,ascii,8,uimage3D
15,.rodata,776440,776440,ascii,12,uimage2DRect
15,.rodata,776453,776453,ascii,10,uimageCube
15,.rodata,776464,776464,ascii,12,uimageBuffer
15,.rodata,776477,776477,ascii,13,uimage1DArray
15,.rodata,776491,776491,ascii,13,uimage2DArray
15,.rodata,776505,776505,ascii,15,uimageCubeArray
15,.rodata,776521,776521,ascii,10,uimage2DMS
15,.rodata,776532,776532,ascii,15,uimage2DMSArray
15,.rodata,776548,776548,ascii,23,gl_DepthRangeParameters
15,.rodata,776572,776572,ascii,18,gl_PointParameters
15,.rodata,776591,776591,ascii,4,near
15,.rodata,776600,776600,ascii,4,diff
15,.rodata,776605,776605,ascii,4,size
15,.rodata,776610,776610,ascii,7,sizeMin
15,.rodata,776618,776618,ascii,7,sizeMax
15,.rodata,776626,776626,ascii,17,fadeThresholdSize
15,.rodata,776644,776644,ascii,27,distanceConstantAttenuation
15,.rodata,776672,776672,ascii,25,distanceLinearAttenuation
15,.rodata,776698,776698,ascii,28,distanceQuadraticAttenuation
15,.rodata,776727,776727,ascii,8,emission
15,.rodata,776736,776736,ascii,7,ambient
15,.rodata,776744,776744,ascii,7,diffuse
15,.rodata,776752,776752,ascii,8,specular
15,.rodata,776761,776761,ascii,9,shininess
15,.rodata,776771,776771,ascii,8,position
15,.rodata,776780,776780,ascii,10,halfVector
15,.rodata,776791,776791,ascii,13,spotDirection
15,.rodata,776805,776805,ascii,12,spotExponent
15,.rodata,776818,776818,ascii,10,spotCutoff
15,.rodata,776829,776829,ascii,13,spotCosCutoff
15,.rodata,776843,776843,ascii,19,constantAttenuation
15,.rodata,776863,776863,ascii,17,linearAttenuation
15,.rodata,776881,776881,ascii,20,quadraticAttenuation
15,.rodata,776902,776902,ascii,10,sceneColor
15,.rodata,776913,776913,ascii,5,color
15,.rodata,776919,776919,ascii,7,density
15,.rodata,776927,776927,ascii,5,start
15,.rodata,776937,776937,ascii,5,scale
15,.rodata,776943,776943,ascii,26,gl_MaxVertexUniformVectors
15,.rodata,776970,776970,ascii,28,gl_MaxFragmentUniformVectors
15,.rodata,776999,776999,ascii,25,gl_MaxVertexOutputVectors
15,.rodata,777025,777025,ascii,26,gl_MaxFragmentInputVectors
15,.rodata,777052,777052,ascii,20,gl_MaxVaryingVectors
15,.rodata,777073,777073,ascii,29,gl_MaxVertexUniformComponents
15,.rodata,777103,777103,ascii,31,gl_MaxFragmentUniformComponents
15,.rodata,777135,777135,ascii,24,gl_MinProgramTexelOffset
15,.rodata,777160,777160,ascii,24,gl_MaxProgramTexelOffset
15,.rodata,777185,777185,ascii,19,gl_MaxClipDistances
15,.rodata,777205,777205,ascii,23,gl_MaxVaryingComponents
15,.rodata,777229,777229,ascii,28,gl_MaxVertexOutputComponents
15,.rodata,777258,777258,ascii,29,gl_MaxGeometryInputComponents
15,.rodata,777288,777288,ascii,30,gl_MaxGeometryOutputComponents
15,.rodata,777319,777319,ascii,29,gl_MaxFragmentInputComponents
15,.rodata,777349,777349,ascii,31,gl_MaxGeometryTextureImageUnits
15,.rodata,777381,777381,ascii,28,gl_MaxGeometryOutputVertices
15,.rodata,777410,777410,ascii,35,gl_MaxGeometryTotalOutputComponents
15,.rodata,777446,777446,ascii,31,gl_MaxGeometryUniformComponents
15,.rodata,777478,777478,ascii,31,gl_MaxGeometryVaryingComponents
15,.rodata,777510,777510,ascii,12,gl_MaxLights
15,.rodata,777523,777523,ascii,16,gl_MaxClipPlanes
15,.rodata,777540,777540,ascii,18,gl_MaxTextureUnits
15,.rodata,777559,777559,ascii,19,gl_MaxTextureCoords
15,.rodata,777579,777579,ascii,26,gl_MaxVertexAtomicCounters
15,.rodata,777606,777606,ascii,28,gl_MaxGeometryAtomicCounters
15,.rodata,777635,777635,ascii,28,gl_MaxFragmentAtomicCounters
15,.rodata,777664,777664,ascii,28,gl_MaxCombinedAtomicCounters
15,.rodata,777693,777693,ascii,27,gl_MaxAtomicCounterBindings
15,.rodata,777721,777721,ascii,31,gl_MaxTessControlAtomicCounters
15,.rodata,777753,777753,ascii,34,gl_MaxTessEvaluationAtomicCounters
15,.rodata,777788,777788,ascii,33,gl_MaxComputeAtomicCounterBuffers
15,.rodata,777822,777822,ascii,27,gl_MaxComputeAtomicCounters
15,.rodata,777850,777850,ascii,26,gl_MaxComputeImageUniforms
15,.rodata,777877,777877,ascii,30,gl_MaxComputeTextureImageUnits
15,.rodata,777908,777908,ascii,30,gl_MaxComputeUniformComponents
15,.rodata,777939,777939,ascii,27,gl_MaxComputeWorkGroupCount
15,.rodata,777967,777967,ascii,26,gl_MaxComputeWorkGroupSize
15,.rodata,777994,777994,ascii,16,gl_MaxImageUnits
15,.rodata,778011,778011,ascii,42,gl_MaxCombinedImageUnitsAndFragmentOutputs
15,.rodata,778054,778054,ascii,18,gl_MaxImageSamples
15,.rodata,778073,778073,ascii,25,gl_MaxVertexImageUniforms
15,.rodata,778099,778099,ascii,30,gl_MaxTessControlImageUniforms
15,.rodata,778130,778130,ascii,33,gl_MaxTessEvaluationImageUniforms
15,.rodata,778164,778164,ascii,27,gl_MaxGeometryImageUniforms
15,.rodata,778192,778192,ascii,27,gl_MaxFragmentImageUniforms
15,.rodata,778220,778220,ascii,27,gl_MaxCombinedImageUniforms
15,.rodata,778248,778248,ascii,13,gl_NumSamples
15,.rodata,778262,778262,ascii,13,gl_DepthRange
15,.rodata,778276,778276,ascii,24,gl_CurrentAttribVertMESA
15,.rodata,778301,778301,ascii,24,gl_CurrentAttribFragMESA
15,.rodata,778326,778326,ascii,18,gl_ModelViewMatrix
15,.rodata,778345,778345,ascii,19,gl_ProjectionMatrix
15,.rodata,778365,778365,ascii,28,gl_ModelViewProjectionMatrix
15,.rodata,778394,778394,ascii,15,gl_NormalMatrix
15,.rodata,778410,778410,ascii,25,gl_ModelViewMatrixInverse
15,.rodata,778436,778436,ascii,26,gl_ProjectionMatrixInverse
15,.rodata,778463,778463,ascii,35,gl_ModelViewProjectionMatrixInverse
15,.rodata,778499,778499,ascii,27,gl_ModelViewMatrixTranspose
15,.rodata,778527,778527,ascii,28,gl_ProjectionMatrixTranspose
15,.rodata,778556,778556,ascii,37,gl_ModelViewProjectionMatrixTranspose
15,.rodata,778594,778594,ascii,34,gl_ModelViewMatrixInverseTranspose
15,.rodata,778629,778629,ascii,35,gl_ProjectionMatrixInverseTranspose
15,.rodata,778665,778665,ascii,44,gl_ModelViewProjectionMatrixInverseTranspose
15,.rodata,778710,778710,ascii,14,gl_NormalScale
15,.rodata,778725,778725,ascii,23,gl_LightModelParameters
15,.rodata,778749,778749,ascii,13,gl_LightModel
15,.rodata,778763,778763,ascii,25,gl_FogParamsOptimizedMESA
15,.rodata,778789,778789,ascii,16,gl_TextureMatrix
15,.rodata,778806,778806,ascii,23,gl_TextureMatrixInverse
15,.rodata,778830,778830,ascii,25,gl_TextureMatrixTranspose
15,.rodata,778856,778856,ascii,32,gl_TextureMatrixInverseTranspose
15,.rodata,778889,778889,ascii,12,gl_ClipPlane
15,.rodata,778902,778902,ascii,8,gl_Point
15,.rodata,778911,778911,ascii,21,gl_MaterialParameters
15,.rodata,778933,778933,ascii,16,gl_FrontMaterial
15,.rodata,778950,778950,ascii,15,gl_BackMaterial
15,.rodata,778966,778966,ascii,24,gl_LightSourceParameters
15,.rodata,778991,778991,ascii,14,gl_LightSource
15,.rodata,779006,779006,ascii,21,gl_LightModelProducts
15,.rodata,779028,779028,ascii,25,gl_FrontLightModelProduct
15,.rodata,779054,779054,ascii,24,gl_BackLightModelProduct
15,.rodata,779079,779079,ascii,16,gl_LightProducts
15,.rodata,779096,779096,ascii,20,gl_FrontLightProduct
15,.rodata,779117,779117,ascii,19,gl_BackLightProduct
15,.rodata,779137,779137,ascii,18,gl_TextureEnvColor
15,.rodata,779156,779156,ascii,12,gl_EyePlaneS
15,.rodata,779169,779169,ascii,12,gl_EyePlaneT
15,.rodata,779182,779182,ascii,12,gl_EyePlaneR
15,.rodata,779195,779195,ascii,12,gl_EyePlaneQ
15,.rodata,779208,779208,ascii,15,gl_ObjectPlaneS
15,.rodata,779224,779224,ascii,15,gl_ObjectPlaneT
15,.rodata,779240,779240,ascii,15,gl_ObjectPlaneR
15,.rodata,779256,779256,ascii,15,gl_ObjectPlaneQ
15,.rodata,779272,779272,ascii,16,gl_FogParameters
15,.rodata,779289,779289,ascii,6,gl_Fog
15,.rodata,779296,779296,ascii,12,gl_PointSize
15,.rodata,779309,779309,ascii,15,gl_ClipDistance
15,.rodata,779325,779325,ascii,11,gl_TexCoord
15,.rodata,779337,779337,ascii,15,gl_FogFragCoord
15,.rodata,779353,779353,ascii,8,gl_Color
15,.rodata,779362,779362,ascii,17,gl_SecondaryColor
15,.rodata,779380,779380,ascii,13,gl_ClipVertex
15,.rodata,779394,779394,ascii,13,gl_FrontColor
15,.rodata,779408,779408,ascii,12,gl_BackColor
15,.rodata,779421,779421,ascii,22,gl_FrontSecondaryColor
15,.rodata,779444,779444,ascii,21,gl_BackSecondaryColor
15,.rodata,779466,779466,ascii,12,gl_PerVertex
15,.rodata,779479,779479,ascii,11,gl_VertexID
15,.rodata,779491,779491,ascii,16,gl_InstanceIDARB
15,.rodata,779508,779508,ascii,16,gl_InstanceIDEXT
15,.rodata,779525,779525,ascii,13,gl_InstanceID
15,.rodata,779539,779539,ascii,8,gl_Layer
15,.rodata,779548,779548,ascii,16,gl_ViewportIndex
15,.rodata,779565,779565,ascii,9,gl_Vertex
15,.rodata,779575,779575,ascii,9,gl_Normal
15,.rodata,779585,779585,ascii,17,gl_MultiTexCoord0
15,.rodata,779603,779603,ascii,17,gl_MultiTexCoord1
15,.rodata,779621,779621,ascii,17,gl_MultiTexCoord2
15,.rodata,779639,779639,ascii,17,gl_MultiTexCoord3
15,.rodata,779657,779657,ascii,17,gl_MultiTexCoord4
15,.rodata,779675,779675,ascii,17,gl_MultiTexCoord5
15,.rodata,779693,779693,ascii,17,gl_MultiTexCoord6
15,.rodata,779711,779711,ascii,17,gl_MultiTexCoord7
15,.rodata,779729,779729,ascii,11,gl_FogCoord
15,.rodata,779741,779741,ascii,15,gl_InvocationID
15,.rodata,779757,779757,ascii,16,gl_PrimitiveIDIn
15,.rodata,779774,779774,ascii,14,gl_PrimitiveID
15,.rodata,779789,779789,ascii,14,gl_FrontFacing
15,.rodata,779804,779804,ascii,13,gl_PointCoord
15,.rodata,779818,779818,ascii,12,gl_FragColor
15,.rodata,779831,779831,ascii,11,gl_FragData
15,.rodata,779843,779843,ascii,20,gl_FragStencilRefARB
15,.rodata,779864,779864,ascii,28,GL_ARB_shader_stencil_export
15,.rodata,779893,779893,ascii,20,gl_FragStencilRefAMD
15,.rodata,779914,779914,ascii,28,GL_AMD_shader_stencil_export
15,.rodata,779943,779943,ascii,15,gl_FragDepthEXT
15,.rodata,779959,779959,ascii,17,GL_EXT_frag_depth
15,.rodata,779977,779977,ascii,15,gl_LastFragData
15,.rodata,779993,779993,ascii,31,GL_EXT_shader_framebuffer_fetch
15,.rodata,780025,780025,ascii,11,gl_SampleID
15,.rodata,780037,780037,ascii,17,gl_SamplePosition
15,.rodata,780055,780055,ascii,13,gl_SampleMask
15,.rodata,780069,780069,ascii,15,gl_SampleMaskIn
15,.rodata,780085,780085,ascii,33,illegal use of reserved word `%s'
15,.rodata,780119,780119,ascii,80,pragma `invariant(all)' not supported in %s (GLSL ES 1.00 or GLSL 1.20 required)
15,.rodata,780200,780200,ascii,61,#extension directive is not allowed in the middle of a shader
15,.rodata,780262,780262,ascii,25,duplicate const qualifier
15,.rodata,780288,780288,ascii,27,duplicate precise qualifier
15,.rodata,780316,780316,ascii,32,duplicate in/out/inout qualifier
15,.rodata,780349,780349,ascii,45,in/out/inout must come after const or precise
15,.rodata,780395,780395,ascii,29,duplicate precision qualifier
15,.rodata,780425,780425,ascii,35,precision qualifiers must come last
15,.rodata,780461,780461,ascii,20,pixel_center_integer
15,.rodata,780482,780482,ascii,61,GL_ARB_fragment_coord_conventions layout identifier `%s' used
15,.rodata,780544,780544,ascii,9,depth_any
15,.rodata,780554,780554,ascii,13,depth_greater
15,.rodata,780568,780568,ascii,10,depth_less
15,.rodata,780579,780579,ascii,15,depth_unchanged
15,.rodata,780595,780595,ascii,55,GL_AMD_conservative_depth layout qualifier `%s' is used
15,.rodata,780651,780651,ascii,55,GL_ARB_conservative_depth layout qualifier `%s' is used
15,.rodata,780707,780707,ascii,6,std140
15,.rodata,780714,780714,ascii,6,shared
15,.rodata,780721,780721,ascii,12,column_major
15,.rodata,780734,780734,ascii,9,row_major
15,.rodata,780744,780744,ascii,6,packed
15,.rodata,780751,780751,ascii,73,#version 140 / GL_ARB_uniform_buffer_object layout qualifier `%s' is used
15,.rodata,780825,780825,ascii,6,points
15,.rodata,780832,780832,ascii,5,lines
15,.rodata,780838,780838,ascii,15,lines_adjacency
15,.rodata,780854,780854,ascii,10,line_strip
15,.rodata,780865,780865,ascii,9,triangles
15,.rodata,780875,780875,ascii,19,triangles_adjacency
15,.rodata,780895,780895,ascii,14,triangle_strip
15,.rodata,780910,780910,ascii,39,#version 150 layout qualifier `%s' used
15,.rodata,780950,780950,ascii,7,rgba32f
15,.rodata,780958,780958,ascii,7,rgba16f
15,.rodata,780966,780966,ascii,5,rg32f
15,.rodata,780972,780972,ascii,5,rg16f
15,.rodata,780978,780978,ascii,14,r11f_g11f_b10f
15,.rodata,780993,780993,ascii,4,r32f
15,.rodata,780998,780998,ascii,4,r16f
15,.rodata,781003,781003,ascii,8,rgba32ui
15,.rodata,781012,781012,ascii,8,rgba16ui
15,.rodata,781021,781021,ascii,10,rgb10_a2ui
15,.rodata,781032,781032,ascii,7,rgba8ui
15,.rodata,781040,781040,ascii,6,rg32ui
15,.rodata,781047,781047,ascii,6,rg16ui
15,.rodata,781054,781054,ascii,5,rg8ui
15,.rodata,781060,781060,ascii,5,r32ui
15,.rodata,781066,781066,ascii,5,r16ui
15,.rodata,781072,781072,ascii,4,r8ui
15,.rodata,781077,781077,ascii,7,rgba32i
15,.rodata,781085,781085,ascii,7,rgba16i
15,.rodata,781093,781093,ascii,6,rgba8i
15,.rodata,781100,781100,ascii,5,rg32i
15,.rodata,781106,781106,ascii,5,rg16i
15,.rodata,781112,781112,ascii,4,rg8i
15,.rodata,781117,781117,ascii,4,r32i
15,.rodata,781122,781122,ascii,4,r16i
15,.rodata,781131,781131,ascii,6,rgba16
15,.rodata,781138,781138,ascii,8,rgb10_a2
15,.rodata,781147,781147,ascii,5,rgba8
15,.rodata,781153,781153,ascii,4,rg16
15,.rodata,781169,781169,ascii,12,rgba16_snorm
15,.rodata,781182,781182,ascii,11,rgba8_snorm
15,.rodata,781194,781194,ascii,10,rg16_snorm
15,.rodata,781205,781205,ascii,9,rg8_snorm
15,.rodata,781215,781215,ascii,9,r16_snorm
15,.rodata,781225,781225,ascii,8,r8_snorm
15,.rodata,781234,781234,ascii,20,early_fragment_tests
15,.rodata,781255,781255,ascii,35,unrecognized layout identifier `%s'
15,.rodata,781291,781291,ascii,8,location
15,.rodata,781300,781300,ascii,29,invalid location %d specified
15,.rodata,781330,781330,ascii,5,index
15,.rodata,781336,781336,ascii,26,invalid index %d specified
15,.rodata,781363,781363,ascii,7,binding
15,.rodata,781371,781371,ascii,12,max_vertices
15,.rodata,781384,781384,ascii,33,invalid max_vertices %d specified
15,.rodata,781418,781418,ascii,45,#version 150 max_vertices qualifier specified
15,.rodata,781464,781464,ascii,27,invalid stream %d specified
15,.rodata,781492,781492,ascii,12,local_size_x
15,.rodata,781505,781505,ascii,12,local_size_y
15,.rodata,781518,781518,ascii,12,local_size_z
15,.rodata,781531,781531,ascii,26,invalid %s of %d specified
15,.rodata,781558,781558,ascii,53,%s qualifier requires GLSL 4.30 or ARB_compute_shader
15,.rodata,781612,781612,ascii,11,invocations
15,.rodata,781624,781624,ascii,32,invalid invocations %d specified
15,.rodata,781657,781657,ascii,59,invocations (%d) exceeds GL_MAX_GEOMETRY_SHADER_INVOCATIONS
15,.rodata,781717,781717,ascii,50,GL_ARB_gpu_shader5 invocations qualifier specified
15,.rodata,781768,781768,ascii,29,"duplicate ""precise"" qualifier"
15,.rodata,781798,781798,ascii,31,"duplicate ""invariant"" qualifier"
15,.rodata,781830,781830,ascii,37,"""invariant"" must come after ""precise"""
15,.rodata,781868,781868,ascii,33,duplicate interpolation qualifier
15,.rodata,781902,781902,ascii,65,"interpolation qualifiers must come after ""precise"" or ""invariant"""
15,.rodata,781968,781968,ascii,32,duplicate layout(...) qualifiers
15,.rodata,782001,782001,ascii,58,duplicate auxiliary storage qualifier (centroid or sample)
15,.rodata,782060,782060,ascii,69,auxiliary storage qualifiers must come just before storage qualifiers
15,.rodata,782130,782130,ascii,27,duplicate storage qualifier
15,.rodata,782158,782158,ascii,109,"storage qualifiers must come after precise, invariant, interpolation, layout and auxiliary storage qualifiers"
15,.rodata,782268,782268,ascii,62,GL_ARB_arrays_of_arrays required for defining arrays of arrays
15,.rodata,782331,782331,ascii,61,only precision qualifiers may be applied to structure members
15,.rodata,782393,782393,ascii,95,stream layout qualifier on interface block member does not match the interface block (%d vs %d)
15,.rodata,782489,782489,ascii,80,#version 140 / GL_ARB_uniform_buffer_object required for defining uniform blocks
15,.rodata,782570,782570,ascii,48,#version 150 required for using interface blocks
15,.rodata,782619,782619,ascii,55,`in' interface block is not allowed for a vertex shader
15,.rodata,782675,782675,ascii,58,`out' interface block is not allowed for a fragment shader
15,.rodata,782734,782734,ascii,54,interface blocks with an instance name are not allowed
15,.rodata,782789,782789,ascii,85,uniform/in/out qualifier on interface block member does not match the interface block
15,.rodata,782875,782875,ascii,62,keyword 'attribute' cannot be used with interface block member
15,.rodata,782938,782938,ascii,60,keyword 'varying' cannot be used with interface block member
15,.rodata,782999,782999,ascii,9,ATTRIBUTE
15,.rodata,783009,783009,ascii,9,CONST_TOK
15,.rodata,783019,783019,ascii,8,BOOL_TOK
15,.rodata,783028,783028,ascii,9,FLOAT_TOK
15,.rodata,783038,783038,ascii,7,INT_TOK
15,.rodata,783046,783046,ascii,8,UINT_TOK
15,.rodata,783055,783055,ascii,5,BREAK
15,.rodata,783061,783061,ascii,8,CONTINUE
15,.rodata,783077,783077,ascii,7,DISCARD
15,.rodata,783085,783085,ascii,6,RETURN
15,.rodata,783092,783092,ascii,6,SWITCH
15,.rodata,783099,783099,ascii,4,CASE
15,.rodata,783104,783104,ascii,7,DEFAULT
15,.rodata,783112,783112,ascii,5,BVEC2
15,.rodata,783118,783118,ascii,5,BVEC3
15,.rodata,783124,783124,ascii,5,BVEC4
15,.rodata,783130,783130,ascii,5,IVEC2
15,.rodata,783136,783136,ascii,5,IVEC3
15,.rodata,783142,783142,ascii,5,IVEC4
15,.rodata,783148,783148,ascii,5,UVEC2
15,.rodata,783154,783154,ascii,5,UVEC3
15,.rodata,783160,783160,ascii,5,UVEC4
15,.rodata,783166,783166,ascii,4,VEC2
15,.rodata,783171,783171,ascii,4,VEC3
15,.rodata,783176,783176,ascii,4,VEC4
15,.rodata,783181,783181,ascii,8,CENTROID
15,.rodata,783190,783190,ascii,6,IN_TOK
15,.rodata,783197,783197,ascii,7,OUT_TOK
15,.rodata,783205,783205,ascii,9,INOUT_TOK
15,.rodata,783215,783215,ascii,7,UNIFORM
15,.rodata,783223,783223,ascii,7,VARYING
15,.rodata,783231,783231,ascii,6,SAMPLE
15,.rodata,783238,783238,ascii,13,NOPERSPECTIVE
15,.rodata,783252,783252,ascii,4,FLAT
15,.rodata,783257,783257,ascii,6,SMOOTH
15,.rodata,783264,783264,ascii,6,MAT2X2
15,.rodata,783271,783271,ascii,6,MAT2X3
15,.rodata,783278,783278,ascii,6,MAT2X4
15,.rodata,783285,783285,ascii,6,MAT3X2
15,.rodata,783292,783292,ascii,6,MAT3X3
15,.rodata,783299,783299,ascii,6,MAT3X4
15,.rodata,783306,783306,ascii,6,MAT4X2
15,.rodata,783313,783313,ascii,6,MAT4X3
15,.rodata,783320,783320,ascii,6,MAT4X4
15,.rodata,783327,783327,ascii,9,SAMPLER1D
15,.rodata,783337,783337,ascii,9,SAMPLER2D
15,.rodata,783347,783347,ascii,9,SAMPLER3D
15,.rodata,783357,783357,ascii,11,SAMPLERCUBE
15,.rodata,783369,783369,ascii,15,SAMPLER1DSHADOW
15,.rodata,783385,783385,ascii,15,SAMPLER2DSHADOW
15,.rodata,783401,783401,ascii,17,SAMPLERCUBESHADOW
15,.rodata,783419,783419,ascii,14,SAMPLER1DARRAY
15,.rodata,783434,783434,ascii,14,SAMPLER2DARRAY
15,.rodata,783449,783449,ascii,20,SAMPLER1DARRAYSHADOW
15,.rodata,783470,783470,ascii,20,SAMPLER2DARRAYSHADOW
15,.rodata,783491,783491,ascii,16,SAMPLERCUBEARRAY
15,.rodata,783508,783508,ascii,22,SAMPLERCUBEARRAYSHADOW
15,.rodata,783531,783531,ascii,10,ISAMPLER1D
15,.rodata,783542,783542,ascii,10,ISAMPLER2D
15,.rodata,783553,783553,ascii,10,ISAMPLER3D
15,.rodata,783564,783564,ascii,12,ISAMPLERCUBE
15,.rodata,783577,783577,ascii,15,ISAMPLER1DARRAY
15,.rodata,783593,783593,ascii,15,ISAMPLER2DARRAY
15,.rodata,783609,783609,ascii,17,ISAMPLERCUBEARRAY
15,.rodata,783627,783627,ascii,10,USAMPLER1D
15,.rodata,783638,783638,ascii,10,USAMPLER2D
15,.rodata,783649,783649,ascii,10,USAMPLER3D
15,.rodata,783660,783660,ascii,12,USAMPLERCUBE
15,.rodata,783673,783673,ascii,15,USAMPLER1DARRAY
15,.rodata,783689,783689,ascii,15,USAMPLER2DARRAY
15,.rodata,783705,783705,ascii,17,USAMPLERCUBEARRAY
15,.rodata,783723,783723,ascii,13,SAMPLER2DRECT
15,.rodata,783737,783737,ascii,14,ISAMPLER2DRECT
15,.rodata,783752,783752,ascii,14,USAMPLER2DRECT
15,.rodata,783767,783767,ascii,19,SAMPLER2DRECTSHADOW
15,.rodata,783787,783787,ascii,13,SAMPLERBUFFER
15,.rodata,783801,783801,ascii,14,ISAMPLERBUFFER
15,.rodata,783816,783816,ascii,14,USAMPLERBUFFER
15,.rodata,783831,783831,ascii,11,SAMPLER2DMS
15,.rodata,783843,783843,ascii,12,ISAMPLER2DMS
15,.rodata,783856,783856,ascii,12,USAMPLER2DMS
15,.rodata,783869,783869,ascii,16,SAMPLER2DMSARRAY
15,.rodata,783886,783886,ascii,17,ISAMPLER2DMSARRAY
15,.rodata,783904,783904,ascii,17,USAMPLER2DMSARRAY
15,.rodata,783922,783922,ascii,18,SAMPLEREXTERNALOES
15,.rodata,783941,783941,ascii,7,IMAGE1D
15,.rodata,783949,783949,ascii,7,IMAGE2D
15,.rodata,783957,783957,ascii,7,IMAGE3D
15,.rodata,783965,783965,ascii,11,IMAGE2DRECT
15,.rodata,783977,783977,ascii,9,IMAGECUBE
15,.rodata,783987,783987,ascii,11,IMAGEBUFFER
15,.rodata,783999,783999,ascii,12,IMAGE1DARRAY
15,.rodata,784012,784012,ascii,12,IMAGE2DARRAY
15,.rodata,784025,784025,ascii,14,IMAGECUBEARRAY
15,.rodata,784040,784040,ascii,9,IMAGE2DMS
15,.rodata,784050,784050,ascii,14,IMAGE2DMSARRAY
15,.rodata,784065,784065,ascii,8,IIMAGE1D
15,.rodata,784074,784074,ascii,8,IIMAGE2D
15,.rodata,784083,784083,ascii,8,IIMAGE3D
15,.rodata,784092,784092,ascii,12,IIMAGE2DRECT
15,.rodata,784105,784105,ascii,10,IIMAGECUBE
15,.rodata,784116,784116,ascii,12,IIMAGEBUFFER
15,.rodata,784129,784129,ascii,13,IIMAGE1DARRAY
15,.rodata,784143,784143,ascii,13,IIMAGE2DARRAY
15,.rodata,784157,784157,ascii,15,IIMAGECUBEARRAY
15,.rodata,784173,784173,ascii,10,IIMAGE2DMS
15,.rodata,784184,784184,ascii,15,IIMAGE2DMSARRAY
15,.rodata,784200,784200,ascii,8,UIMAGE1D
15,.rodata,784209,784209,ascii,8,UIMAGE2D
15,.rodata,784218,784218,ascii,8,UIMAGE3D
15,.rodata,784227,784227,ascii,12,UIMAGE2DRECT
15,.rodata,784240,784240,ascii,10,UIMAGECUBE
15,.rodata,784251,784251,ascii,12,UIMAGEBUFFER
15,.rodata,784264,784264,ascii,13,UIMAGE1DARRAY
15,.rodata,784278,784278,ascii,13,UIMAGE2DARRAY
15,.rodata,784292,784292,ascii,15,UIMAGECUBEARRAY
15,.rodata,784308,784308,ascii,10,UIMAGE2DMS
15,.rodata,784319,784319,ascii,15,UIMAGE2DMSARRAY
15,.rodata,784335,784335,ascii,13,IMAGE1DSHADOW
15,.rodata,784349,784349,ascii,13,IMAGE2DSHADOW
15,.rodata,784363,784363,ascii,18,IMAGE1DARRAYSHADOW
15,.rodata,784382,784382,ascii,18,IMAGE2DARRAYSHADOW
15,.rodata,784401,784401,ascii,8,COHERENT
15,.rodata,784410,784410,ascii,8,VOLATILE
15,.rodata,784419,784419,ascii,8,RESTRICT
15,.rodata,784428,784428,ascii,8,READONLY
15,.rodata,784437,784437,ascii,9,WRITEONLY
15,.rodata,784447,784447,ascii,11,ATOMIC_UINT
15,.rodata,784459,784459,ascii,6,STRUCT
15,.rodata,784466,784466,ascii,8,VOID_TOK
15,.rodata,784475,784475,ascii,5,WHILE
15,.rodata,784481,784481,ascii,15,TYPE_IDENTIFIER
15,.rodata,784497,784497,ascii,14,NEW_IDENTIFIER
15,.rodata,784512,784512,ascii,13,FLOATCONSTANT
15,.rodata,784526,784526,ascii,11,INTCONSTANT
15,.rodata,784538,784538,ascii,12,UINTCONSTANT
15,.rodata,784551,784551,ascii,12,BOOLCONSTANT
15,.rodata,784564,784564,ascii,15,FIELD_SELECTION
15,.rodata,784580,784580,ascii,7,LEFT_OP
15,.rodata,784588,784588,ascii,8,RIGHT_OP
15,.rodata,784597,784597,ascii,6,INC_OP
15,.rodata,784604,784604,ascii,6,DEC_OP
15,.rodata,784611,784611,ascii,5,LE_OP
15,.rodata,784617,784617,ascii,5,GE_OP
15,.rodata,784623,784623,ascii,5,EQ_OP
15,.rodata,784629,784629,ascii,5,NE_OP
15,.rodata,784635,784635,ascii,6,AND_OP
15,.rodata,784642,784642,ascii,5,OR_OP
15,.rodata,784648,784648,ascii,6,XOR_OP
15,.rodata,784655,784655,ascii,10,MUL_ASSIGN
15,.rodata,784666,784666,ascii,10,DIV_ASSIGN
15,.rodata,784677,784677,ascii,10,ADD_ASSIGN
15,.rodata,784688,784688,ascii,10,MOD_ASSIGN
15,.rodata,784699,784699,ascii,11,LEFT_ASSIGN
15,.rodata,784711,784711,ascii,12,RIGHT_ASSIGN
15,.rodata,784724,784724,ascii,10,AND_ASSIGN
15,.rodata,784735,784735,ascii,10,XOR_ASSIGN
15,.rodata,784746,784746,ascii,9,OR_ASSIGN
15,.rodata,784756,784756,ascii,10,SUB_ASSIGN
15,.rodata,784767,784767,ascii,9,INVARIANT
15,.rodata,784777,784777,ascii,7,PRECISE
15,.rodata,784785,784785,ascii,4,LOWP
15,.rodata,784790,784790,ascii,7,MEDIUMP
15,.rodata,784798,784798,ascii,5,HIGHP
15,.rodata,784804,784804,ascii,6,SUPERP
15,.rodata,784811,784811,ascii,9,PRECISION
15,.rodata,784821,784821,ascii,11,VERSION_TOK
15,.rodata,784833,784833,ascii,9,EXTENSION
15,.rodata,784843,784843,ascii,5,COLON
15,.rodata,784853,784853,ascii,9,INTERFACE
15,.rodata,784863,784863,ascii,6,OUTPUT
15,.rodata,784870,784870,ascii,15,PRAGMA_DEBUG_ON
15,.rodata,784886,784886,ascii,16,PRAGMA_DEBUG_OFF
15,.rodata,784903,784903,ascii,18,PRAGMA_OPTIMIZE_ON
15,.rodata,784922,784922,ascii,19,PRAGMA_OPTIMIZE_OFF
15,.rodata,784942,784942,ascii,20,PRAGMA_INVARIANT_ALL
15,.rodata,784963,784963,ascii,10,LAYOUT_TOK
15,.rodata,784978,784978,ascii,5,CLASS
15,.rodata,784984,784984,ascii,5,UNION
15,.rodata,784990,784990,ascii,4,ENUM
15,.rodata,784995,784995,ascii,7,TYPEDEF
15,.rodata,785003,785003,ascii,8,TEMPLATE
15,.rodata,785012,785012,ascii,4,THIS
15,.rodata,785017,785017,ascii,10,PACKED_TOK
15,.rodata,785028,785028,ascii,4,GOTO
15,.rodata,785033,785033,ascii,10,INLINE_TOK
15,.rodata,785044,785044,ascii,8,NOINLINE
15,.rodata,785053,785053,ascii,10,PUBLIC_TOK
15,.rodata,785064,785064,ascii,6,STATIC
15,.rodata,785071,785071,ascii,6,EXTERN
15,.rodata,785078,785078,ascii,8,EXTERNAL
15,.rodata,785087,785087,ascii,8,LONG_TOK
15,.rodata,785096,785096,ascii,9,SHORT_TOK
15,.rodata,785106,785106,ascii,10,DOUBLE_TOK
15,.rodata,785117,785117,ascii,4,HALF
15,.rodata,785122,785122,ascii,9,FIXED_TOK
15,.rodata,785132,785132,ascii,8,UNSIGNED
15,.rodata,785141,785141,ascii,9,INPUT_TOK
15,.rodata,785151,785151,ascii,5,HVEC2
15,.rodata,785157,785157,ascii,5,HVEC3
15,.rodata,785163,785163,ascii,5,HVEC4
15,.rodata,785169,785169,ascii,5,DVEC2
15,.rodata,785175,785175,ascii,5,DVEC3
15,.rodata,785181,785181,ascii,5,DVEC4
15,.rodata,785187,785187,ascii,5,FVEC2
15,.rodata,785193,785193,ascii,5,FVEC3
15,.rodata,785199,785199,ascii,5,FVEC4
15,.rodata,785205,785205,ascii,13,SAMPLER3DRECT
15,.rodata,785219,785219,ascii,6,SIZEOF
15,.rodata,785226,785226,ascii,4,CAST
15,.rodata,785231,785231,ascii,9,NAMESPACE
15,.rodata,785241,785241,ascii,5,USING
15,.rodata,785247,785247,ascii,8,RESOURCE
15,.rodata,785256,785256,ascii,5,PATCH
15,.rodata,785262,785262,ascii,10,SUBROUTINE
15,.rodata,785273,785273,ascii,9,ERROR_TOK
15,.rodata,785283,785283,ascii,6,COMMON
15,.rodata,785290,785290,ascii,9,PARTITION
15,.rodata,785300,785300,ascii,6,ACTIVE
15,.rodata,785307,785307,ascii,6,FILTER
15,.rodata,785314,785314,ascii,9,ROW_MAJOR
15,.rodata,785324,785324,ascii,4,THEN
15,.rodata,785337,785337,ascii,16,translation_unit
15,.rodata,785354,785354,ascii,17,version_statement
15,.rodata,785372,785372,ascii,16,pragma_statement
15,.rodata,785389,785389,ascii,24,extension_statement_list
15,.rodata,785414,785414,ascii,14,any_identifier
15,.rodata,785429,785429,ascii,19,extension_statement
15,.rodata,785449,785449,ascii,25,external_declaration_list
15,.rodata,785475,785475,ascii,19,variable_identifier
15,.rodata,785495,785495,ascii,18,primary_expression
15,.rodata,785514,785514,ascii,18,postfix_expression
15,.rodata,785533,785533,ascii,18,integer_expression
15,.rodata,785552,785552,ascii,13,function_call
15,.rodata,785566,785566,ascii,23,function_call_or_method
15,.rodata,785590,785590,ascii,21,function_call_generic
15,.rodata,785612,785612,ascii,34,function_call_header_no_parameters
15,.rodata,785647,785647,ascii,36,function_call_header_with_parameters
15,.rodata,785684,785684,ascii,20,function_call_header
15,.rodata,785705,785705,ascii,19,function_identifier
15,.rodata,785725,785725,ascii,19,method_call_generic
15,.rodata,785745,785745,ascii,32,method_call_header_no_parameters
15,.rodata,785778,785778,ascii,34,method_call_header_with_parameters
15,.rodata,785813,785813,ascii,18,method_call_header
15,.rodata,785832,785832,ascii,16,unary_expression
15,.rodata,785849,785849,ascii,14,unary_operator
15,.rodata,785864,785864,ascii,25,multiplicative_expression
15,.rodata,785890,785890,ascii,19,additive_expression
15,.rodata,785910,785910,ascii,16,shift_expression
15,.rodata,785927,785927,ascii,21,relational_expression
15,.rodata,785949,785949,ascii,19,equality_expression
15,.rodata,785969,785969,ascii,14,and_expression
15,.rodata,785984,785984,ascii,23,exclusive_or_expression
15,.rodata,786008,786008,ascii,23,inclusive_or_expression
15,.rodata,786032,786032,ascii,22,logical_and_expression
15,.rodata,786055,786055,ascii,22,logical_xor_expression
15,.rodata,786078,786078,ascii,21,logical_or_expression
15,.rodata,786100,786100,ascii,22,conditional_expression
15,.rodata,786123,786123,ascii,21,assignment_expression
15,.rodata,786145,786145,ascii,19,assignment_operator
15,.rodata,786165,786165,ascii,19,constant_expression
15,.rodata,786185,786185,ascii,11,declaration
15,.rodata,786197,786197,ascii,18,function_prototype
15,.rodata,786216,786216,ascii,19,function_declarator
15,.rodata,786236,786236,ascii,31,function_header_with_parameters
15,.rodata,786268,786268,ascii,15,function_header
15,.rodata,786284,786284,ascii,20,parameter_declarator
15,.rodata,786305,786305,ascii,21,parameter_declaration
15,.rodata,786327,786327,ascii,19,parameter_qualifier
15,.rodata,786347,786347,ascii,29,parameter_direction_qualifier
15,.rodata,786377,786377,ascii,24,parameter_type_specifier
15,.rodata,786402,786402,ascii,20,init_declarator_list
15,.rodata,786423,786423,ascii,18,single_declaration
15,.rodata,786442,786442,ascii,20,fully_specified_type
15,.rodata,786463,786463,ascii,16,layout_qualifier
15,.rodata,786480,786480,ascii,24,layout_qualifier_id_list
15,.rodata,786505,786505,ascii,19,layout_qualifier_id
15,.rodata,786525,786525,ascii,32,interface_block_layout_qualifier
15,.rodata,786558,786558,ascii,23,interpolation_qualifier
15,.rodata,786582,786582,ascii,14,type_qualifier
15,.rodata,786597,786597,ascii,27,auxiliary_storage_qualifier
15,.rodata,786625,786625,ascii,17,storage_qualifier
15,.rodata,786643,786643,ascii,15,array_specifier
15,.rodata,786659,786659,ascii,14,type_specifier
15,.rodata,786674,786674,ascii,23,type_specifier_nonarray
15,.rodata,786698,786698,ascii,29,basic_type_specifier_nonarray
15,.rodata,786728,786728,ascii,19,precision_qualifier
15,.rodata,786748,786748,ascii,16,struct_specifier
15,.rodata,786765,786765,ascii,23,struct_declaration_list
15,.rodata,786789,786789,ascii,18,struct_declaration
15,.rodata,786808,786808,ascii,22,struct_declarator_list
15,.rodata,786831,786831,ascii,17,struct_declarator
15,.rodata,786849,786849,ascii,11,initializer
15,.rodata,786861,786861,ascii,16,initializer_list
15,.rodata,786878,786878,ascii,21,declaration_statement
15,.rodata,786900,786900,ascii,9,statement
15,.rodata,786910,786910,ascii,16,simple_statement
15,.rodata,786927,786927,ascii,18,compound_statement
15,.rodata,786946,786946,ascii,22,statement_no_new_scope
15,.rodata,786969,786969,ascii,31,compound_statement_no_new_scope
15,.rodata,787001,787001,ascii,14,statement_list
15,.rodata,787016,787016,ascii,20,expression_statement
15,.rodata,787037,787037,ascii,19,selection_statement
15,.rodata,787057,787057,ascii,24,selection_rest_statement
15,.rodata,787082,787082,ascii,9,condition
15,.rodata,787092,787092,ascii,16,switch_statement
15,.rodata,787109,787109,ascii,11,switch_body
15,.rodata,787121,787121,ascii,10,case_label
15,.rodata,787132,787132,ascii,15,case_label_list
15,.rodata,787148,787148,ascii,14,case_statement
15,.rodata,787163,787163,ascii,19,case_statement_list
15,.rodata,787183,787183,ascii,19,iteration_statement
15,.rodata,787203,787203,ascii,18,for_init_statement
15,.rodata,787222,787222,ascii,12,conditionopt
15,.rodata,787235,787235,ascii,18,for_rest_statement
15,.rodata,787254,787254,ascii,14,jump_statement
15,.rodata,787269,787269,ascii,20,external_declaration
15,.rodata,787290,787290,ascii,19,function_definition
15,.rodata,787310,787310,ascii,15,interface_block
15,.rodata,787326,787326,ascii,21,basic_interface_block
15,.rodata,787348,787348,ascii,19,interface_qualifier
15,.rodata,787368,787368,ascii,17,instance_name_opt
15,.rodata,787386,787386,ascii,11,member_list
15,.rodata,787398,787398,ascii,18,member_declaration
15,.rodata,787417,787417,ascii,15,layout_defaults
15,.rodata,787433,787433,ascii,14,GLSL%s %d.%02d
15,.rodata,787448,787448,ascii,4,warn
15,.rodata,787453,787453,ascii,75,"""%s"" is not a valid shading language profile; if present, it must be ""core"""
15,.rodata,787529,787529,ascii,52,GLSL 1.00 ES should be selected using `#version 100'
15,.rodata,787582,787582,ascii,47,%s is not supported. Supported versions are: %s
15,.rodata,787630,787630,ascii,6,vertex
15,.rodata,787637,787637,ascii,8,fragment
15,.rodata,787646,787646,ascii,8,geometry
15,.rodata,787655,787655,ascii,7,unknown
15,.rodata,787663,787663,ascii,10,invariant 
15,.rodata,787674,787674,ascii,19,GL_ARB_draw_buffers
15,.rodata,787694,787694,ascii,30,GL_ARB_separate_shader_objects
15,.rodata,787725,787725,ascii,24,GL_ARB_texture_rectangle
15,.rodata,787750,787750,ascii,17,GL_OES_texture_3D
15,.rodata,787768,787768,ascii,28,GL_AMD_shader_trinary_minmax
15,.rodata,787797,787797,ascii,19,GL_EXT_draw_buffers
15,.rodata,787817,787817,ascii,18,GL_EXT_gpu_shader4
15,.rodata,787836,787836,ascii,25,GL_EXT_shader_texture_lod
15,.rodata,787862,787862,ascii,22,GL_EXT_shadow_samplers
15,.rodata,787885,787885,ascii,20,GL_EXT_texture_array
15,.rodata,787906,787906,ascii,37,cannot access field `%s' of structure
15,.rodata,787944,787944,ascii,71,length method on matrix only availablewith ARB_shading_language_420pack
15,.rodata,788016,788016,ascii,27,invalid swizzle / mask `%s'
15,.rodata,788044,788044,ascii,54,cannot access field `%s' of non-structure / non-vector
15,.rodata,788102,788102,ascii,6,smooth
15,.rodata,788109,788109,ascii,4,flat
15,.rodata,788114,788114,ascii,13,noperspective
15,.rodata,788128,788128,ascii,16,invalid variable
15,.rodata,788209,788209,ascii,11,bitcast_i2f
15,.rodata,788221,788221,ascii,11,bitcast_f2i
15,.rodata,788233,788233,ascii,11,bitcast_u2f
15,.rodata,788245,788245,ascii,11,bitcast_f2u
15,.rodata,788261,788261,ascii,10,round_even
15,.rodata,788280,788280,ascii,11,sin_reduced
15,.rodata,788292,788292,ascii,11,cos_reduced
15,.rodata,788304,788304,ascii,22,unpackHalf2x16_split_x
15,.rodata,788327,788327,ascii,22,unpackHalf2x16_split_y
15,.rodata,788350,788350,ascii,16,bitfield_reverse
15,.rodata,788367,788367,ascii,9,bit_count
15,.rodata,788377,788377,ascii,8,find_msb
15,.rodata,788386,788386,ascii,8,find_lsb
15,.rodata,788399,788399,ascii,5,noise
15,.rodata,788405,788405,ascii,23,interpolate_at_centroid
15,.rodata,788429,788429,ascii,9,imul_high
15,.rodata,788439,788439,ascii,5,carry
15,.rodata,788445,788445,ascii,6,borrow
15,.rodata,788452,788452,ascii,9,all_equal
15,.rodata,788462,788462,ascii,10,any_nequal
15,.rodata,788489,788489,ascii,18,packHalf2x16_split
15,.rodata,788512,788512,ascii,8,ubo_load
15,.rodata,788521,788521,ascii,14,vector_extract
15,.rodata,788536,788536,ascii,21,interpolate_at_offset
15,.rodata,788558,788558,ascii,21,interpolate_at_sample
15,.rodata,788588,788588,ascii,4,csel
15,.rodata,788597,788597,ascii,16,bitfield_extract
15,.rodata,788614,788614,ascii,13,vector_insert
15,.rodata,788628,788628,ascii,15,bitfield_insert
15,.rodata,788664,788664,ascii,6,txf_ms
15,.rodata,788683,788683,ascii,12,query_levels
15,.rodata,788696,788696,ascii,38,#extension GL_EXT_gpu_shader4 : enable
15,.rodata,788736,788736,ascii,45,#extension GL_EXT_shader_texture_lod : enable
15,.rodata,788783,788783,ascii,47,#extension GL_OES_standard_derivatives : enable
15,.rodata,788832,788832,ascii,42,#extension GL_EXT_shadow_samplers : enable
15,.rodata,788876,788876,ascii,37,#extension GL_EXT_frag_depth : enable
15,.rodata,788915,788915,ascii,39,#extension GL_EXT_draw_buffers : enable
15,.rodata,788956,788956,ascii,41,#extension GL_EXT_draw_instanced : enable
15,.rodata,788999,788999,ascii,51,#extension GL_EXT_shader_framebuffer_fetch : enable
15,.rodata,789052,789052,ascii,46,#extension GL_ARB_shader_bit_encoding : enable
15,.rodata,789100,789100,ascii,8,uniform 
15,.rodata,789113,789113,ascii,4,out 
15,.rodata,789118,789118,ascii,6,inout 
15,.rodata,789125,789125,ascii,10,attribute 
15,.rodata,789136,789136,ascii,8,varying 
15,.rodata,789145,789145,ascii,7,smooth 
15,.rodata,789153,789153,ascii,5,flat 
15,.rodata,789159,789159,ascii,14,noperspective 
15,.rodata,789174,789174,ascii,4,%s (
15,.rodata,789179,789179,ascii,4, %s 
15,.rodata,789184,789184,ascii,4,xyzw
15,.rodata,789194,789194,ascii,4,low_
15,.rodata,789199,789199,ascii,7,medium_
15,.rodata,789207,789207,ascii,5,high_
15,.rodata,789213,789213,ascii,90,"%s vec4 impl_%stexture%sLodEXT(%s sampler%s sampler, highp vec%d coord, mediump float lod)"
15,.rodata,789305,789305,ascii,38,#if defined(GL_EXT_shader_texture_lod)
15,.rodata,789346,789346,ascii,44,"return texture%sLodEXT(sampler, coord, lod);"
15,.rodata,789393,789393,ascii,38,"return texture%s(sampler, coord, lod);"
15,.rodata,789433,789433,ascii,93,"%s vec4 impl_%stexture2DProjLodEXT(%s sampler2D sampler, highp vec4 coord, mediump float lod)"
15,.rodata,789529,789529,ascii,48,"return texture%sProjLodEXT(sampler, coord, lod);"
15,.rodata,789580,789580,ascii,42,"return texture%sProj(sampler, coord, lod);"
15,.rodata,789624,789624,ascii,94,"%s vec4 impl_%stexture%sProjLodEXT(%s sampler%s sampler, highp vec%d coord, mediump float lod)"
15,.rodata,789720,789720,ascii,6,highp 
15,.rodata,789727,789727,ascii,8,mediump 
15,.rodata,789736,789736,ascii,5,lowp 
15,.rodata,789742,789742,ascii,4,[%u]
15,.rodata,789747,789747,ascii,4,1.0/
15,.rodata,789756,789756,ascii,26,unpackHalf2x16_splitX_TODO
15,.rodata,789783,789783,ascii,26,unpackHalf2x16_splitY_TODO
15,.rodata,789810,789810,ascii,8,saturate
15,.rodata,789819,789819,ascii,16,*_imul_high_TODO
15,.rodata,789836,789836,ascii,10,carry_TODO
15,.rodata,789847,789847,ascii,11,borrow_TODO
15,.rodata,789863,789863,ascii,23,packHalf2x16_split_TODO
15,.rodata,789887,789887,ascii,8,bfm_TODO
15,.rodata,789896,789896,ascii,11,uboloadTODO
15,.rodata,789908,789908,ascii,10,ldexp_TODO
15,.rodata,789919,789919,ascii,18,vectorExtract_TODO
15,.rodata,789938,789938,ascii,19,interpolateAtOffset
15,.rodata,789958,789958,ascii,19,interpolateAtSample
15,.rodata,789982,789982,ascii,9,csel_TODO
15,.rodata,789992,789992,ascii,8,bfi_TODO
15,.rodata,790001,790001,ascii,21,bitfield_extract_TODO
15,.rodata,790023,790023,ascii,18,vector_insert_TODO
15,.rodata,790042,790042,ascii,20,bitfield_insert_TODO
15,.rodata,790063,790063,ascii,10,vectorTODO
15,.rodata,790083,790083,ascii,4,Cube
15,.rodata,790088,790088,ascii,4,Rect
15,.rodata,790097,790097,ascii,8,External
15,.rodata,790106,790106,ascii,23,#include <metal_stdlib>
15,.rodata,790131,790131,ascii,9,constant 
15,.rodata,790141,790141,ascii,4, = {
15,.rodata,790149,790149,ascii,15, [[depth(any)]]
15,.rodata,790165,790165,ascii,13, [[position]]
15,.rodata,790179,790179,ascii,17, [[front_facing]]
15,.rodata,790197,790197,ascii,16, [[point_coord]]
15,.rodata,790214,790214,ascii,15, [[point_size]]
15,.rodata,790230,790230,ascii,16, [[instance_id]]
15,.rodata,790247,790247,ascii,18, [[attribute(%i)]]
15,.rodata,790266,790266,ascii,14, [[color(%d)]]
15,.rodata,790281,790281,ascii,16, [[texture(%i)]]
15,.rodata,790298,790298,ascii,36,", sampler _mtlsmp_%s [[sampler(%i)]]"
15,.rodata,790335,790335,ascii,124,"xlatMtlShaderOutput xlatMtlMain (xlatMtlShaderInput _mtl_i [[stage_in]], constant xlatMtlShaderUniform& _mtl_u [[buffer(0)]]"
15,.rodata,790460,790460,ascii,106,"inline float4x4 _xlinit_float4x4(float v) { return float4x4(float4(v), float4(v), float4(v), float4(v)); }"
15,.rodata,790567,790567,ascii,95,"inline float3x3 _xlinit_float3x3(float v) { return float3x3(float3(v), float3(v), float3(v)); }"
15,.rodata,790663,790663,ascii,84,"inline float2x2 _xlinit_float2x2(float v) { return float2x2(float2(v), float2(v)); }"
15,.rodata,790748,790748,ascii,98,"inline half4x4 _xlinit_half4x4(half v) { return half4x4(half4(v), half4(v), half4(v), half4(v)); }"
15,.rodata,790847,790847,ascii,88,"inline half3x3 _xlinit_half3x3(half v) { return half3x3(half3(v), half3(v), half3(v)); }"
15,.rodata,790936,790936,ascii,78,"inline half2x2 _xlinit_half2x2(half v) { return half2x2(half2(v), half2(v)); }"
15,.rodata,791016,791016,ascii,101,"constexpr sampler _mtl_xl_shadow_sampler(address::clamp_to_edge, filter::linear, compare_func::less);"
15,.rodata,791119,791119,ascii,16,.sample(_mtlsmp_
15,.rodata,791136,791136,ascii,7,", bias("
15,.rodata,791144,791144,ascii,8,", level("
15,.rodata,791153,791153,ascii,24,", gradientcube((float3)("
15,.rodata,791178,791178,ascii,22,", gradient2d((float2)("
15,.rodata,791201,791201,ascii,12,"), (float3)("
15,.rodata,791214,791214,ascii,12,"), (float2)("
15,.rodata,791227,791227,ascii,120,"inline float4x4 _xlcast_float4x4(half4x4 v) { return float4x4(float4(v[0]), float4(v[1]), float4(v[2]), float4(v[3])); }"
15,.rodata,791348,791348,ascii,106,"inline float3x3 _xlcast_float3x3(half3x3 v) { return float3x3(float3(v[0]), float3(v[1]), float3(v[2])); }"
15,.rodata,791455,791455,ascii,92,"inline float2x2 _xlcast_float2x2(half2x2 v) { return float2x2(float2(v[0]), float2(v[1])); }"
15,.rodata,791548,791548,ascii,114,"inline half4x4 _xlcast_half4x4(float4x4 v) { return half4x4(half4(v[0]), half4(v[1]), half4(v[2]), half4(v[3])); }"
15,.rodata,791663,791663,ascii,101,"inline half3x3 _xlcast_half3x3(float3x3 v) { return half3x3(half3(v[0]), half3(v[1]), half3(v[2])); }"
15,.rodata,791765,791765,ascii,88,"inline half2x2 _xlcast_half2x2(float2x2 v) { return half2x2(half2(v[0]), half2(v[1])); }"
15,.rodata,791855,791855,ascii,5,rsqrt
15,.rodata,791861,791861,ascii,8,as_type_
15,.rodata,791870,791870,ascii,4,rint
15,.rodata,791875,791875,ascii,9,fast::sin
15,.rodata,791885,791885,ascii,9,fast::cos
15,.rodata,791895,791895,ascii,4,dfdx
15,.rodata,791900,791900,ascii,4,dfdy
15,.rodata,791905,791905,ascii,26,interpolateAtCentroid_TODO
15,.rodata,791932,791932,ascii,4,fmod
15,.rodata,791937,791937,ascii,24,interpolateAtOffset_TODO
15,.rodata,791962,791962,ascii,24,interpolateAtSample_TODO
15,.rodata,791987,791987,ascii,4,half
15,.rodata,791992,791992,ascii,5,short
15,.rodata,791998,791998,ascii,5,half2
15,.rodata,792004,792004,ascii,6,float2
15,.rodata,792011,792011,ascii,5,half3
15,.rodata,792017,792017,ascii,6,float3
15,.rodata,792024,792024,ascii,5,half4
15,.rodata,792030,792030,ascii,6,float4
15,.rodata,792037,792037,ascii,6,short2
15,.rodata,792044,792044,ascii,4,int2
15,.rodata,792049,792049,ascii,6,short3
15,.rodata,792056,792056,ascii,4,int3
15,.rodata,792061,792061,ascii,6,short4
15,.rodata,792068,792068,ascii,4,int4
15,.rodata,792073,792073,ascii,7,half2x2
15,.rodata,792081,792081,ascii,8,float2x2
15,.rodata,792090,792090,ascii,7,half3x3
15,.rodata,792098,792098,ascii,8,float3x3
15,.rodata,792107,792107,ascii,8,float4x4
15,.rodata,792116,792116,ascii,7,half2x3
15,.rodata,792124,792124,ascii,8,float2x3
15,.rodata,792133,792133,ascii,7,half2x4
15,.rodata,792141,792141,ascii,8,float2x4
15,.rodata,792150,792150,ascii,7,half3x2
15,.rodata,792158,792158,ascii,8,float3x2
15,.rodata,792167,792167,ascii,7,half3x4
15,.rodata,792175,792175,ascii,8,float3x4
15,.rodata,792184,792184,ascii,7,half4x2
15,.rodata,792192,792192,ascii,8,float4x2
15,.rodata,792201,792201,ascii,7,half4x3
15,.rodata,792209,792209,ascii,8,float4x3
15,.rodata,792218,792218,ascii,15,texture2d<half>
15,.rodata,792234,792234,ascii,16,texture2d<float>
15,.rodata,792251,792251,ascii,17,texturecube<half>
15,.rodata,792269,792269,ascii,18,texturecube<float>
15,.rodata,792288,792288,ascii,15,texture3d<half>
15,.rodata,792304,792304,ascii,16,texture3d<float>
15,.rodata,792321,792321,ascii,14,depth2d<float>
15,.rodata,792336,792336,ascii,16,depthcube<float>
15,.rodata,792353,792353,ascii,10,((float3)(
15,.rodata,792364,792364,ascii,10,((float2)(
15,.rodata,792375,792375,ascii,16,).xyz / (float)(
15,.rodata,792392,792392,ascii,15,).xy / (float)(
15,.rodata,792408,792408,ascii,4,).w)
15,.rodata,792413,792413,ascii,10,shader_in 
15,.rodata,792424,792424,ascii,11,shader_out 
15,.rodata,792436,792436,ascii,13,shader_inout 
15,.rodata,792450,792450,ascii,9,const_in 
15,.rodata,792460,792460,ascii,4,sys 
15,.rodata,792465,792465,ascii,10,temporary 
15,.rodata,792476,792476,ascii,8,stream1 
15,.rodata,792485,792485,ascii,8,stream2 
15,.rodata,792494,792494,ascii,8,stream3 
15,.rodata,792503,792503,ascii,4,(%s 
15,.rodata,792508,792508,ascii,32,Too many combined atomic buffers
15,.rodata,792541,792541,ascii,64,Atomic counter %s declared at offset %d which is already in use.
15,.rodata,792606,792606,ascii,48,definitions of interface block `%s' do not match
15,.rodata,792656,792656,ascii,46,uniform block `%s' has mismatching definitions
15,.rodata,792703,792703,ascii,65,%s shader has multiple outputs explicitly assigned to location %d
15,.rodata,792770,792770,ascii,66,%s shader input `%s' with explicit location has no matching output
15,.rodata,792838,792838,ascii,69,"Transform feedback varying %s has index %i, but the array size is %u."
15,.rodata,792908,792908,ascii,64,"Transform feedback varying %s requested, but %s is not an array."
15,.rodata,792973,792973,ascii,81,Transform feedback varying %s exceeds MAX_TRANSFORM_FEEDBACK_SEPARATE_COMPONENTS.
15,.rodata,793055,793055,ascii,74,The MAX_TRANSFORM_FEEDBACK_INTERLEAVED_COMPONENTS limit has been exceeded.
15,.rodata,793130,793130,ascii,199,"Transform feedback can't capture varyings belonging to different vertex streams in a single buffer. Varying %s writes to buffer from stream %u, other varyings in the same buffer write from stream %u."
15,.rodata,793330,793330,ascii,5,%s.%s
15,.rodata,793336,793336,ascii,85,"output %s is assigned to stream=%d but is linked to an input, which requires stream=0"
15,.rodata,793422,793422,ascii,86,"%s shader output `%s' declared as type `%s', but %s shader input declared as type `%s'"
15,.rodata,793510,793510,ascii,86,"%s shader output `%s' %s centroid qualifier, but %s shader input %s centroid qualifier"
15,.rodata,793598,793598,ascii,82,"%s shader output `%s' %s sample qualifier, but %s shader input %s sample qualifier"
15,.rodata,793682,793682,ascii,88,"%s shader output `%s' %s invariant qualifier, but %s shader input %s invariant qualifier"
15,.rodata,793772,793772,ascii,116,"%s shader output `%s' specifies %s interpolation qualifier, but %s shader input specifies %s interpolation qualifier"
15,.rodata,793890,793890,ascii,71,vertex shader does not write to `gl_Position'.It's value is undefined. 
15,.rodata,793963,793963,ascii,63,fragment shader writes to both `gl_FragColor' and `gl_FragData'
15,.rodata,794028,794028,ascii,51,explicit bindings for %s `%s' have differing values
15,.rodata,794081,794081,ascii,55,offset specifications for %s `%s' have differing values
15,.rodata,794138,794138,ascii,116,All redeclarations of gl_FragDepth in all fragment shaders in a single program must have the same set of qualifiers.
15,.rodata,794255,794255,ascii,192,"If gl_FragDepth is redeclared with a layout qualifier in any fragment shader, it must be redeclared with the same layout qualifier in all fragment shaders that have assignments to gl_FragDepth"
15,.rodata,794448,794448,ascii,46,initializers for %s `%s' have differing values
15,.rodata,794496,794496,ascii,67,shared global variable `%s' has multiple non-constant initializers.
15,.rodata,794565,794565,ascii,62,declarations for %s `%s' have mismatching invariant qualifiers
15,.rodata,794629,794629,ascii,61,declarations for %s `%s' have mismatching centroid qualifiers
15,.rodata,794692,794692,ascii,59,declarations for %s `%s` have mismatching sample qualifiers
15,.rodata,794753,794753,ascii,22,%s shader lacks `main'
15,.rodata,794777,794777,ascii,23,link_intrastage_shaders
15,.rodata,794801,794801,ascii,64,insufficient contiguous locations available for %s `%s' %d %d %d
15,.rodata,794866,794866,ascii,52,overlapping location is assigned to %s `%s' %d %d %d
15,.rodata,794920,794920,ascii,55,insufficient contiguous locations available for %s `%s'
15,.rodata,794976,794976,ascii,63,Compute shaders may not be linked with any other type of shader
15,.rodata,795041,795041,ascii,83,"Transform feedback varyings specified, but no vertex or geometry shader is present."
15,.rodata,795125,795125,ascii,29,program lacks a vertex shader
15,.rodata,795156,795156,ascii,31,program lacks a fragment shader
15,.rodata,795189,795189,ascii,75,fragment shader defined with conflicting layout qualifiers for gl_FragCoord
15,.rodata,795266,795266,ascii,53,geometry shader defined with conflicting output types
15,.rodata,795321,795321,ascii,72,geometry shader defined with conflicting output vertex count (%d and %d)
15,.rodata,795395,795395,ascii,69,geometry shader defined with conflicting invocation count (%d and %d)
15,.rodata,795466,795466,ascii,51,geometry shader didn't declare primitive input type
15,.rodata,795519,795519,ascii,52,geometry shader didn't declare primitive output type
15,.rodata,795573,795573,ascii,43,geometry shader didn't declare max_vertices
15,.rodata,795618,795618,ascii,51,compute shader defined with conflicting local sizes
15,.rodata,795671,795671,ascii,67,"size of array %s declared as %u, but number of input vertices is %u"
15,.rodata,795740,795740,ascii,69,"geometry shader accesses element %i of %s, but only %i input vertices"
15,.rodata,795811,795811,ascii,66,location qualifier for uniform %s overlapspreviously used location
15,.rodata,795878,795878,ascii,87,"Invalid call %s(%d). Accepted values for the stream parameter are in the range [0, %d]."
15,.rodata,795966,795966,ascii,76,EmitStreamVertex(n) and EndStreamPrimitive(n) with n>0 requires point output
15,.rodata,796043,796043,ascii,35,Too many %s shader texture samplers
15,.rodata,796079,796079,ascii,140,"Too many %s shader default uniform block components, but the driver will try to optimize them out; this is non-portable out-of-spec behavior"
15,.rodata,796221,796221,ascii,51,Too many %s shader default uniform block components
15,.rodata,796273,796273,ascii,126,"Too many %s shader uniform components, but the driver will try to optimize them out; this is non-portable out-of-spec behavior"
15,.rodata,796401,796401,ascii,37,Too many %s shader uniform components
15,.rodata,796439,796439,ascii,40,Too many combined uniform blocks (%d/%d)
15,.rodata,796480,796480,ascii,34,Too many %s uniform blocks (%d/%d)
15,.rodata,796515,796515,ascii,33,Too many %s shader image uniforms
15,.rodata,796549,796549,ascii,32,Too many combined image uniforms
15,.rodata,796582,796582,ascii,53,Too many combined image uniforms and fragment outputs
15,.rodata,796636,796636,ascii,8,%s.%s.%s
15,.rodata,796645,796645,ascii,20,tmp_pack_half_2x16_f
15,.rodata,796666,796666,ascii,22,tmp_pack_half_2x16_f32
15,.rodata,796689,796689,ascii,22,tmp_pack_half_2x16_f16
15,.rodata,796712,796712,ascii,20,tmp_pack_half_2x16_e
15,.rodata,796733,796733,ascii,20,tmp_pack_half_2x16_m
15,.rodata,796754,796754,ascii,26,tmp_split_pack_half_2x16_v
15,.rodata,796781,796781,ascii,24,tmp_unpack_half_2x16_f16
15,.rodata,796806,796806,ascii,24,tmp_unpack_half_2x16_f32
15,.rodata,796831,796831,ascii,22,tmp_unpack_half_2x16_e
15,.rodata,796854,796854,ascii,55,usage: %s [options] <file.vert | file.geom | file.frag>
15,.rodata,796911,796911,ascii,21,Possible options are:
15,.rodata,796934,796934,ascii,8,dump-ast
15,.rodata,796943,796943,ascii,8,dump-hir
15,.rodata,796952,796952,ascii,8,dump-lir
15,.rodata,796961,796961,ascii,4,link
15,.rodata,796966,796966,ascii,7,version
15,.rodata,796974,796974,ascii,55,[!] %s:%d:%s(): ZzMemoryProtectAsExecutable error at %p
15,.rodata,797031,797031,ascii,19,././src/allocator.c
15,.rodata,797051,797051,ascii,18,[!] %s:%d:%s(): %s
15,.rodata,797071,797071,ascii,21,././src/interceptor.c
15,.rodata,797093,797093,ascii,59,current device does not support allocating r-x memory page!
15,.rodata,797153,797153,ascii,48,[!] %s:%d:%s():  %p not build HookFunctionEntry!
15,.rodata,797203,797203,ascii,34,[!] %s:%d:%s(): %p already enable!
15,.rodata,797239,797239,ascii,32,xxxx0000100xxxxxxxxxxxxxxxx0xxxx
15,.rodata,797272,797272,ascii,32,xxxx0101x0011111xxxxxxxxxxxxxxxx
15,.rodata,797305,797305,ascii,32,xxxx001010001111xxxxxxxxxxxxxxxx
15,.rodata,797338,797338,ascii,32,xxxx001001001111xxxxxxxxxxxxxxxx
15,.rodata,797371,797371,ascii,32,xxxx1010xxxxxxxxxxxxxxxxxxxxxxxx
15,.rodata,797404,797404,ascii,32,xxxx1011xxxxxxxxxxxxxxxxxxxxxxxx
15,.rodata,797437,797437,ascii,32,1111101xxxxxxxxxxxxxxxxxxxxxxxxx
15,.rodata,797470,797470,ascii,16,11101xxxxxxxxxxx
15,.rodata,797487,797487,ascii,16,11111xxxxxxxxxxx
15,.rodata,797504,797504,ascii,16,11110xxxxxxxxxxx
15,.rodata,797521,797521,ascii,16,1011x0x1xxxxxxxx
15,.rodata,797538,797538,ascii,16,01000100xxxxxxxx
15,.rodata,797555,797555,ascii,16,01001xxxxxxxxxxx
15,.rodata,797572,797572,ascii,16,11111000x1011111
15,.rodata,797589,797589,ascii,16,xxxxxxxxxxxxxxxx
15,.rodata,797606,797606,ascii,16,10100xxxxxxxxxxx
15,.rodata,797623,797623,ascii,16,11110x1010101111
15,.rodata,797640,797640,ascii,16,0xxxxxxxxxxxxxxx
15,.rodata,797657,797657,ascii,16,11110x1000001111
15,.rodata,797674,797674,ascii,16,1101xxxxxxxxxxxx
15,.rodata,797691,797691,ascii,16,11100xxxxxxxxxxx
15,.rodata,797708,797708,ascii,16,10x0xxxxxxxxxxxx
15,.rodata,797725,797725,ascii,16,10x1xxxxxxxxxxxx
15,.rodata,797742,797742,ascii,16,11x1xxxxxxxxxxxx
15,.rodata,797759,797759,ascii,16,11x0xxxxxxxxxxxx
15,.rodata,797776,797776,ascii,37,././src/platforms/arch-arm/regs-arm.c
15,.rodata,797814,797814,ascii,33,zz_arm64_register_describe error.
15,.rodata,797848,797848,ascii,40,======= Global Interceptor Info ======= 
15,.rodata,797892,797892,ascii,15,enter_thunk: %p
15,.rodata,797911,797911,ascii,15,leave_thunk: %p
15,.rodata,797930,797930,ascii,20,insn_leave_thunk: %p
15,.rodata,797954,797954,ascii,40,dynamic_binary_instrumentation_thunk: %p
15,.rodata,797996,797996,ascii,6,zzinfo
15,.rodata,798006,798006,ascii,36,ZzThunkerBuildThunk return ZZ_FAILED
15,.rodata,798044,798044,ascii,40,======= EnterTransferTrampoline ======= 
15,.rodata,798088,798088,ascii,32,on_enter_transfer_trampoline: %p
15,.rodata,798124,798124,ascii,22,trampoline_length: %ld
15,.rodata,798150,798150,ascii,14,hook_entry: %p
15,.rodata,798168,798168,ascii,29,jump_target: replace_call(%p)
15,.rodata,798201,798201,ascii,61,jump_target: on_dynamic_binary_instrumentation_trampoline(%p)
15,.rodata,798266,798266,ascii,36,jump_target: on_enter_trampoline(%p)
15,.rodata,798304,798304,ascii,32,======= EnterTrampoline ======= 
15,.rodata,798340,798340,ascii,23,on_enter_trampoline: %p
15,.rodata,798367,798367,ascii,28,jump_target: enter_thunk(%p)
15,.rodata,798397,798397,ascii,55,======= DynamicBinaryInstrumentationTrampoline ======= 
15,.rodata,798456,798456,ascii,45,dynamic_binary_instrumentation_trampoline: %p
15,.rodata,798505,798505,ascii,53,jump_target: dynamic_binary_instrumentation_thunk(%p)
15,.rodata,798560,798560,ascii,33,======= InvokeTrampoline ======= 
15,.rodata,798597,798597,ascii,24,on_invoke_trampoline: %p
15,.rodata,798625,798625,ascii,39,jump_target: restore_next_insn_addr(%p)
15,.rodata,798666,798666,ascii,43,======= InvokeTrampoline Relocator ======= 
15,.rodata,798711,798711,ascii,7,0x%.2x 
15,.rodata,798722,798722,ascii,26,Thumb Origin Prologue:: %s
15,.rodata,798752,798752,ascii,39,Thumb Relocator Input Start Address: %p
15,.rodata,798795,798795,ascii,45,Thumb Relocator Input Instruction Number: %ld
15,.rodata,798844,798844,ascii,30,Thumb Relocator Input Size: %p
15,.rodata,798878,798878,ascii,40,Thumb Relocator Output Start Address: %p
15,.rodata,798922,798922,ascii,45,Thumb Relocator Output Instruction Number: %p
15,.rodata,798971,798971,ascii,32,Thumb Relocator Output Size: %ld
15,.rodata,799008,799008,ascii,65,"origin input(%p) -> relocated ouput(%p), relocate %ld instruction"
15,.rodata,799078,799078,ascii,23,ARM Origin Prologue: %s
15,.rodata,799105,799105,ascii,37,ARM Relocator Input Start Address: %p
15,.rodata,799146,799146,ascii,43,ARM Relocator Input Instruction Number: %ld
15,.rodata,799193,799193,ascii,28,ARM Relocator Input Size: %p
15,.rodata,799225,799225,ascii,38,ARM Relocator Output Start Address: %p
15,.rodata,799267,799267,ascii,43,ARM Relocator Output Instruction Number: %p
15,.rodata,799314,799314,ascii,30,ARM Relocator Output Size: %ld
15,.rodata,799346,799346,ascii,36,======= InsnLeaveTrampoline ======= 
15,.rodata,799386,799386,ascii,28,on_insn_leave_trampoline: %p
15,.rodata,799416,799416,ascii,32,======= LeaveTrampoline ======= 
15,.rodata,799452,799452,ascii,23,on_leave_trampoline: %p
15,.rodata,799477,799477,ascii,33,======= ActiveTrampoline ======= 
15,.rodata,799514,799514,ascii,25,HookZz Target Address: %p
15,.rodata,799543,799543,ascii,38,HookZz Target Address Arch Mode: Thumb
15,.rodata,799585,799585,ascii,39,Thumb Brach Jump Type: Near Jump(B xxx)
15,.rodata,799628,799628,ascii,49,"Thumb Brach Jump Type: Abs Jump(ldr pc, [pc, #x])"
15,.rodata,799681,799681,ascii,60,"Thumb Brach Jump Type: Align Abs Jump(nop; ldr pc, [pc, #x])"
15,.rodata,799745,799745,ascii,36,HookZz Target Address Arch Mode: ARM
15,.rodata,799785,799785,ascii,31,ARM Jump Type: Near Jump(B xxx)
15,.rodata,799820,799820,ascii,48,"ARM Brach Jump Type: Abs Jump(ldr pc, [pc, #-4])"
15,.rodata,799872,799872,ascii,24,Hook Type: HOOK_TYPE_DBI
15,.rodata,799900,799900,ascii,48,on_dynamic_binary_instrumentation_trampoline: %p
15,.rodata,799952,799952,ascii,36,Hook Type: HOOK_TYPE_ONE_INSTRUCTION
15,.rodata,799992,799992,ascii,42,Hook Type: HOOK_TYPE_FUNCTION_via_PRE_POST
15,.rodata,800038,800038,ascii,41,Hook Type: HOOK_TYPE_FUNCTION_via_REPLACE
15,.rodata,800083,800083,ascii,37,Hook Type: HOOK_TYPE_FUNCTION_via_GOT
15,.rodata,800126,800126,ascii,20,ZzThunkerBuildThunk:
15,.rodata,800147,800147,ascii,40,"LogInfo: enter_thunk at %p, length: %ld."
15,.rodata,800189,800189,ascii,40,"LogInfo: leave_thunk at %p, length: %ld."
15,.rodata,800231,800231,ascii,45,"LogInfo: insn_leave_thunk at %p, length: %ld."
15,.rodata,800278,800278,ascii,65,"LogInfo: dynamic_binary_instrumentation_thunk at %p, length: %ld."
15,.rodata,800345,800345,ascii,49,[!] %s:%d:%s(): search address start_addr(%p) < 0
15,.rodata,800396,800396,ascii,50,././src/kitzz/CommonKit/memory/common_memory_kit.c
15,.rodata,800447,800447,ascii,51,[!] %s:%d:%s(): search start_add(%p) < end_addr(%p)
15,.rodata,800500,800500,ascii,13,/proc/%d/maps
15,.rodata,800514,800514,ascii,15,/proc/self/maps
15,.rodata,800532,800532,ascii,28,%lx-%lx %s %llx %x:%x %lu %s
15,.rodata,800561,800561,ascii,38,"[!] %s:%d:%s(): r = %d, at (%p) error!"
15,.rodata,800601,800601,ascii,48,././src/kitzz/PosixKit/memory/posix_memory_kit.c
15,.rodata,800650,800650,ascii,4,mmap
15,.rodata,800655,800655,ascii,113,/usr/local/google/buildbot/src/android/ndk-release-r16/out/stlport/ndk/sources/cxx-stl/gabi++/src/dynamic_cast.cc
15,.rodata,800769,800769,ascii,138,"const void *(anonymous namespace)::walk_object(const void *, const abi::__class_type_info *, const void *, const abi::__class_type_info *)"
15,.rodata,800908,800908,ascii,133,"void (anonymous namespace)::base_to_derived_cast(const void *, const abi::__class_type_info *, (anonymous namespace)::cast_context *)"
15,.rodata,801042,801042,ascii,120,/usr/local/google/buildbot/src/android/ndk-release-r16/out/stlport/ndk/sources/cxx-stl/gabi++/src/vmi_class_type_info.cc
15,.rodata,801163,801163,ascii,137,"virtual bool __cxxabiv1::__vmi_class_type_info::walk_to(const __cxxabiv1::__class_type_info *, void *&, __cxxabiv1::__UpcastInfo &) const"
15,.rodata,801301,801301,ascii,45,info.adjustedPtr && cur_base_info.adjustedPtr
15,.rodata,801352,801352,ascii,7,#endif]
15,.rodata,801360,801360,ascii,8,[memory]
15,.rodata,801376,801376,ascii,9,(1.0/0.0)
15,.rodata,801400,801400,ascii,10,(-1.0/0.0)
15,.rodata,801416,801416,ascii,9,(0.0/0.0)
15,.rodata,808144,808144,ascii,20,unknown option -- %c
15,.rodata,808165,808165,ascii,33,option requires an argument -- %c
15,.rodata,808199,808199,ascii,24,ambiguous option -- %.*s
15,.rodata,808224,808224,ascii,39,option doesn't take an argument -- %.*s
15,.rodata,808264,808264,ascii,33,option requires an argument -- %s
15,.rodata,808298,808298,ascii,20,unknown option -- %s
15,.rodata,809374,809374,utf-16le-ascii-subset,14,501232/
15,.rodata,809390,809390,utf-16le-ascii-subset,12,//////
15,.rodata,809406,809406,utf-16le-ascii-subset,12,///--/
15,.rodata,809458,809458,utf-16le-ascii-subset,16,02&+')*.
15,.rodata,809492,809492,utf-16le-ascii-subset,16,"!#%$""--("
15,.rodata,809938,809938,utf-16le-ascii-subset,10,!!%+%
15,.rodata,809986,809986,utf-16le-ascii-subset,14,(3(3II3
15,.rodata,810014,810014,utf-16le-ascii-subset,18,@C@C^d^@C
15,.rodata,810068,810068,utf-16le-ascii-subset,8,nVDV
15,.rodata,810092,810092,utf-16le-ascii-subset,14,YVYoohD
15,.rodata,810206,810206,utf-16le-ascii-subset,8,GGGG
15,.rodata,810462,810462,utf-16le-ascii-subset,84,"}|zyxwvuplkjigfeca`\XWTSP98765420/.,*'&$# "
15,.rodata,810678,810678,utf-16le-ascii-subset,8,fgjk
15,.rodata,811644,811644,utf-16le-ascii-subset,60," !""""""""""""""#""""""""""""""""""""""""""""""$&&''"
15,.rodata,811712,811712,utf-16le-ascii-subset,8,(()*
15,.rodata,811726,811726,utf-16le-ascii-subset,84,")))))))))+)))))),,,,,,,,,,,,,,,,,,,,,,,)./"
15,.rodata,811832,811832,utf-16le-ascii-subset,14,1@@@AJK
15,.rodata,811848,811848,utf-16le-ascii-subset,32,BMNSAT23^A45SBT6
15,.rodata,811886,811886,utf-16le-ascii-subset,8,78./
15,.rodata,811896,811896,utf-16le-ascii-subset,10,0WdXe
15,.rodata,811926,811926,utf-16le-ascii-subset,22,EEEEmvmEE23
15,.rodata,811950,811950,utf-16le-ascii-subset,10,w45EE
15,.rodata,811962,811962,utf-16le-ascii-subset,16,6DDC78DD
15,.rodata,811982,811982,utf-16le-ascii-subset,8,WFXE
15,.rodata,812008,812008,utf-16le-ascii-subset,30,XCC}FEYCCFZGHHH
15,.rodata,812044,812044,utf-16le-ascii-subset,10,EEEEI
15,.rodata,812118,812118,utf-16le-ascii-subset,8,nnon
15,.rodata,812134,812134,utf-16le-ascii-subset,16,%%%%%%%%
15,.rodata,812166,812166,utf-16le-ascii-subset,34,--------CCCOORRRR
15,.rodata,812202,812202,utf-16le-ascii-subset,24,RRRVVVVVVVV[
15,.rodata,812230,812230,utf-16le-ascii-subset,28,[[[[[]]]]]]]]`
15,.rodata,812262,812262,utf-16le-ascii-subset,8,``mm
15,.rodata,812272,812272,utf-16le-ascii-subset,12,mmmmms
15,.rodata,812288,812288,utf-16le-ascii-subset,14,ssssstt
15,.rodata,812304,812304,utf-16le-ascii-subset,22,ttttt{{{{{{
15,.rodata,812398,812398,utf-16le-ascii-subset,76,~zyxua_\rrqqp9lkjihcbba_\UUQPL?>=<;::9
15,.rodata,812840,812840,utf-16le-ascii-subset,8,!!!!
15,.rodata,812978,812978,ascii,8,450.8/=1
15,.rodata,812997,812997,ascii,4,>(?)
15,.rodata,813061,813061,ascii,4,;#<7
15,.rodata,813225,813225,ascii,10," !""&'*+,-3"
15,.rodata,813256,813256,utf-16le-ascii-subset,42,"!""#$%&'()*+,-./012./5"
15,.rodata,813314,813314,utf-16le-ascii-subset,24,"5()*+,-./012"
15,.rodata,813340,813340,utf-16le-ascii-subset,12,:;<=>5
15,.rodata,813366,813366,utf-16le-ascii-subset,14,B./012L
15,.rodata,813384,813384,utf-16le-ascii-subset,20,"|PM,-./012"
15,.rodata,813406,813406,utf-16le-ascii-subset,36,[\]^_`abcdefghijkl
15,.rodata,813472,813472,utf-16le-ascii-subset,32,"4x%&'()*+,-./012"
15,.rodata,813516,813516,utf-16le-ascii-subset,26,"&'()*+,-./012"
15,.rodata,813568,813568,utf-16le-ascii-subset,38," !""#$%&'()*+,-./012"
15,.rodata,813608,813608,utf-16le-ascii-subset,24,456789:;<=>?
15,.rodata,813664,813664,utf-16le-ascii-subset,38," !""#$%&'()*+,-./012"
15,.rodata,813704,813704,utf-16le-ascii-subset,24,456789:;<=>?
15,.rodata,813760,813760,utf-16le-ascii-subset,38," !""#$%&'()*+,-./012"
15,.rodata,813800,813800,utf-16le-ascii-subset,24,456789:;<=>?
15,.rodata,813856,813856,utf-16le-ascii-subset,38," !""#$%&'()*+,-./012"
15,.rodata,813896,813896,utf-16le-ascii-subset,24,456789:;<=>?
15,.rodata,813952,813952,utf-16le-ascii-subset,38," !""#$%&'()*+,-./012"
15,.rodata,813992,813992,utf-16le-ascii-subset,24,456789:;<=>?
15,.rodata,814048,814048,utf-16le-ascii-subset,38," !""#$%&'()*+,-./012"
15,.rodata,814088,814088,utf-16le-ascii-subset,24,456789:;<=>?
15,.rodata,814144,814144,utf-16le-ascii-subset,38," !""#$%&'()*+,-./012"
15,.rodata,814184,814184,utf-16le-ascii-subset,24,456789:;<=>?
15,.rodata,814240,814240,utf-16le-ascii-subset,38," !""#$%&'()*+,-./012"
15,.rodata,814280,814280,utf-16le-ascii-subset,24,456789:;<=>?
15,.rodata,814318,814318,utf-16le-ascii-subset,36,"!""#$%&'()*+,-./012"
15,.rodata,814368,814368,utf-16le-ascii-subset,36,"!""#$%&'()*+,-./012"
15,.rodata,814446,814446,utf-16le-ascii-subset,96,"""#$%&'()*+,-./012#$%&'()*+,-./012$%&'()*+,-./012"
15,.rodata,814542,814542,ascii,7,4OT7P89
15,.rodata,814550,814550,ascii,22,89[\]^_`abcdefghijkl:;
15,.rodata,814575,814575,ascii,5,m<s=>
15,.rodata,814582,814582,ascii,17,bcdefghijkltUVWXY
15,.rodata,814607,814607,ascii,7,phijkl{
15,.rodata,814618,814618,ascii,8,|fghijkl
15,.rodata,814645,814645,ascii,8,T89T~jkl
15,.rodata,814662,814662,ascii,14,_`abcdefghijkl
15,.rodata,814682,814682,ascii,13,`abcdefghijkl
15,.rodata,814728,814728,ascii,12,"""#$%&'()*+,-"
15,.rodata,814776,814776,ascii,12,"""#$%&'()*+,-"
15,.rodata,814824,814824,ascii,12,"""#$%&'()*+,-"
15,.rodata,814872,814872,ascii,12,"""#$%&'()*+,-"
15,.rodata,814920,814920,ascii,12,"""#$%&'()*+,-"
15,.rodata,814968,814968,ascii,12,"""#$%&'()*+,-"
15,.rodata,815016,815016,ascii,12,"""#$%&'()*+,-"
15,.rodata,815064,815064,ascii,13,"""#$%&'()*+,-Z"
15,.rodata,815083,815083,ascii,19,[\]^_`abcdefghijkl}
15,.rodata,815108,815108,ascii,19,[\]^_`abcdefghijklA
15,.rodata,815129,815129,ascii,12,BCDEFGHIJKLM
15,.rodata,815146,815146,ascii,49,N\]^_`abcdefghijkl]^_`abcdefghijkl^_`abcdefghijkl
15,.rodata,815205,815205,ascii,36,HTUuvtponm]lkghjife_`^cdXYbarVWZ[\qs
15,.rodata,815248,815248,ascii,5,"NR.,+"
15,.rodata,815277,815277,ascii,5,IUODC
15,.rodata,815323,815323,ascii,19,E/0123459867:;=<@?>
15,.rodata,815500,815500,ascii,119,@AABBBBCCCCDDDEEFEHGIGJGGKGLGGGMGNGGGGGOOOPPQQQQQQQQQQQQQQQQQQQQQQQQQRRSSTTUUVVWWWWWWXXXXXXXXXXXXXXXXXXXXXXXXXXXXXXXXXr
15,.rodata,815678,815678,utf-16le-ascii-subset,26,0x1nzuvwqr2?@
15,.rodata,815733,815733,ascii,40," !""#$%&'()*+,-./012456789:;<=>?BCEGOSVWX"
15,.rodata,815776,815776,ascii,7,./467PQ
15,.rodata,815802,815802,ascii,6,WQQQQQ
15,.rodata,815809,815809,ascii,18,"!""#$%&'()*+,-./012"
15,.rodata,815835,815835,ascii,4,JKLF
15,.rodata,815845,815845,ascii,20,P5QQQQQQQQQQQQQQQQQQ
15,.rodata,816186,816186,ascii,4,4R5T
15,.rodata,816516,816516,utf-16le-ascii-subset,50,!%+2467=>CDJKQUV]^ejnotuz
15,.rodata,816730,816730,ascii,27,"syntax error, unexpected %s"
15,.rodata,816758,816758,ascii,14,", expecting %s"
15,.rodata,816773,816773,ascii,6, or %s
15,.rodata,817119,817119,ascii,9, 1:3#/:3#
15,.rodata,817131,817131,ascii,9,@qgfFogfF
15,.rodata,817168,817168,ascii,21,19ast_array_specifier
15,.rodata,817200,817200,ascii,20,18ast_expression_bin
15,.rodata,817296,817296,ascii,25,23ast_function_expression
15,.rodata,817328,817328,ascii,27,25ast_aggregate_initializer
15,.rodata,817552,817552,ascii,16,14ast_expression
15,.rodata,817584,817584,ascii,21,19ast_interface_block
15,.rodata,817616,817616,ascii,21,19ast_gs_input_layout
15,.rodata,817648,817648,ascii,21,19ast_cs_input_layout
15,.rodata,817680,817680,ascii,31,29interface_block_usage_visitor
15,.rodata,817712,817712,ascii,20,18ast_type_specifier
15,.rodata,822016,822016,utf-16le-ascii-subset,18,56789:;<=
15,.rodata,823430,823430,utf-16le-ascii-subset,10,YG!'i
15,.rodata,823456,823456,utf-16le-ascii-subset,10,"""!i""-"
15,.rodata,823468,823468,utf-16le-ascii-subset,36,"'""""'x+""G.""+/x/+/,+"
15,.rodata,823524,823524,utf-16le-ascii-subset,12,"j*,)*:"
15,.rodata,823550,823550,utf-16le-ascii-subset,8,*j)|
15,.rodata,823564,823564,utf-16le-ascii-subset,12,*))|).
15,.rodata,823580,823580,utf-16le-ascii-subset,26,005555555DDFF
15,.rodata,823634,823634,utf-16le-ascii-subset,8,DDFF
15,.rodata,823652,823652,utf-16le-ascii-subset,16,IIIIIII`
15,.rodata,823706,823706,utf-16le-ascii-subset,8,0t~t
15,.rodata,823720,823720,utf-16le-ascii-subset,14,HHHHHHH
15,.rodata,825750,825750,utf-16le-ascii-subset,72,}{zywvusrponmlkhgfedcba_^]\[ZXWSO4& 
15,.rodata,826030,826030,utf-16le-ascii-subset,12,OD@O|L
15,.rodata,830452,830452,utf-16le-ascii-subset,22,"#$%&'()*+,-"
15,.rodata,830488,830488,utf-16le-ascii-subset,124,:012321111111111415555556111=@UBDDDDDDDOPWAC1>RSVZ][w{^\XYeyf_
15,.rodata,830630,830630,utf-16le-ascii-subset,58,112321111111111415555556111na
15,.rodata,830714,830714,utf-16le-ascii-subset,12,j1dkqp
15,.rodata,830776,830776,utf-16le-ascii-subset,14,GGGGGGH
15,.rodata,830884,830884,utf-16le-ascii-subset,14,MMMMMMM
15,.rodata,830986,830986,utf-16le-ascii-subset,14,HHHHHHH
15,.rodata,832110,832110,utf-16le-ascii-subset,26,7777788888TTT
15,.rodata,833084,833084,utf-16le-ascii-subset,14,}mQE?<;
15,.rodata,834900,834900,utf-16le-ascii-subset,190," !""#$%&'()*+,-./0123456789:;<=>?@ABCDEFGHIJKLMNOPQRSTUVWXYZ[\]^_`abcdefghijklmnopqrstuvwxyz{|}~"
15,.rodata,835898,835898,utf-16le-ascii-subset,20," !""#$%&'()"
15,.rodata,835994,835994,utf-16le-ascii-subset,20," !""#$%&'()"
15,.rodata,836416,836416,utf-16le-ascii-subset,186," !""#$%&'()*+,-./0123456789:;<=>?@ABCDEFGHIJKLMNOPQRSTUVWXYZ[\]^_`abcdefghijklmnopqrstuvwxyz{|"
15,.rodata,836924,836924,utf-16le-ascii-subset,186," !""#$%&'()*+,-./0123456789:;<=>?@ABCDEFGHIJKLMNOPQRSTUVWXYZ[\]^_`abcdefghijklmnopqrstuvwxyz{|"
15,.rodata,837432,837432,utf-16le-ascii-subset,186," !""#$%&'()*+,-./0123456789:;<=>?@ABCDEFGHIJKLMNOPQRSTUVWXYZ[\]^_`abcdefghijklmnopqrstuvwxyz{|"
15,.rodata,837912,837912,utf-16le-ascii-subset,186," !""#$%&'()*+,-./0123456789:;<=>?@ABCDEFGHIJKLMNOPQRSTUVWXYZ[\]^_`abcdefghijklmnopqrstuvwxyz{|"
15,.rodata,838386,838386,utf-16le-ascii-subset,186," !""#$%&'()*+,-./0123456789:;<=>?@ABCDEFGHIJKLMNOPQRSTUVWXYZ[\]^_`abcdefghijklmnopqrstuvwxyz{|"
15,.rodata,838874,838874,utf-16le-ascii-subset,186," !""#$%&'()*+,-./0123456789:;<=>?@ABCDEFGHIJKLMNOPQRSTUVWXYZ[\]^_`abcdefghijklmnopqrstuvwxyz{|"
15,.rodata,839380,839380,utf-16le-ascii-subset,186," !""#$%&'()*+,-./0123456789:;<=>?@ABCDEFGHIJKLMNOPQRSTUVWXYZ[\]^_`abcdefghijklmnopqrstuvwxyz{|"
15,.rodata,839886,839886,utf-16le-ascii-subset,186," !""#$%&'()*+,-./0123456789:;<=>?@ABCDEFGHIJKLMNOPQRSTUVWXYZ[\]^_`abcdefghijklmnopqrstuvwxyz{|"
15,.rodata,840366,840366,utf-16le-ascii-subset,186," !""#$%&'()*+,-./0123456789:;<=>?@ABCDEFGHIJKLMNOPQRSTUVWXYZ[\]^_`abcdefghijklmnopqrstuvwxyz{|"
15,.rodata,840862,840862,utf-16le-ascii-subset,166,"*+,-./0123456789:;<=>?@ABCDEFGHIJKLMNOPQRSTUVWXYZ[\]^_`abcdefghijklmnopqrstuvwxyz{|"
15,.rodata,841308,841308,utf-16le-ascii-subset,166,"*+,-./0123456789:;<=>?@ABCDEFGHIJKLMNOPQRSTUVWXYZ[\]^_`abcdefghijklmnopqrstuvwxyz{|"
15,.rodata,841754,841754,utf-16le-ascii-subset,166,"*+,-./0123456789:;<=>?@ABCDEFGHIJKLMNOPQRSTUVWXYZ[\]^_`abcdefghijklmnopqrstuvwxyz{|"
15,.rodata,842214,842214,utf-16le-ascii-subset,186," !""#$%&'()*+,-./0123456789:;<=>?@ABCDEFGHIJKLMNOPQRSTUVWXYZ[\]^_`abcdefghijklmnopqrstuvwxyz{|"
15,.rodata,842636,842636,utf-16le-ascii-subset,166,"*+,-./0123456789:;<=>?@ABCDEFGHIJKLMNOPQRSTUVWXYZ[\]^_`abcdefghijklmnopqrstuvwxyz{|"
15,.rodata,843038,843038,utf-16le-ascii-subset,166,"*+,-./0123456789:;<=>?@ABCDEFGHIJKLMNOPQRSTUVWXYZ[\]^_`abcdefghijklmnopqrstuvwxyz{|"
15,.rodata,843440,843440,utf-16le-ascii-subset,166,"*+,-./0123456789:;<=>?@ABCDEFGHIJKLMNOPQRSTUVWXYZ[\]^_`abcdefghijklmnopqrstuvwxyz{|"
15,.rodata,843842,843842,utf-16le-ascii-subset,166,"*+,-./0123456789:;<=>?@ABCDEFGHIJKLMNOPQRSTUVWXYZ[\]^_`abcdefghijklmnopqrstuvwxyz{|"
15,.rodata,844244,844244,utf-16le-ascii-subset,166,"*+,-./0123456789:;<=>?@ABCDEFGHIJKLMNOPQRSTUVWXYZ[\]^_`abcdefghijklmnopqrstuvwxyz{|"
15,.rodata,844670,844670,utf-16le-ascii-subset,186," !""#$%&'()*+,-./0123456789:;<=>?@ABCDEFGHIJKLMNOPQRSTUVWXYZ[\]^_`abcdefghijklmnopqrstuvwxyz{|"
15,.rodata,845038,845038,utf-16le-ascii-subset,186," !""#$%&'()*+,-./0123456789:;<=>?@ABCDEFGHIJKLMNOPQRSTUVWXYZ[\]^_`abcdefghijklmnopqrstuvwxyz{|"
15,.rodata,845380,845380,utf-16le-ascii-subset,186," !""#$%&'()*+,-./0123456789:;<=>?@ABCDEFGHIJKLMNOPQRSTUVWXYZ[\]^_`abcdefghijklmnopqrstuvwxyz{|"
15,.rodata,845624,845624,utf-16le-ascii-subset,20," !""#$%&'()"
15,.rodata,845664,845664,utf-16le-ascii-subset,20," !""#$%&'()"
15,.rodata,845988,845988,utf-16le-ascii-subset,166,"*+,-./0123456789:;<=>?@ABCDEFGHIJKLMNOPQRSTUVWXYZ[\]^_`abcdefghijklmnopqrstuvwxyz{|"
15,.rodata,846790,846790,utf-16le-ascii-subset,10,"()*+,"
15,.rodata,846886,846886,utf-16le-ascii-subset,10,"()*+,"
15,.rodata,847292,847292,utf-16le-ascii-subset,190," !""#$%&'()*+,-./0123456789:;<=>?@ABCDEFGHIJKLMNOPQRSTUVWXYZ[\]^_`abcdefghijklmnopqrstuvwxyz{|}~"
15,.rodata,847800,847800,utf-16le-ascii-subset,190," !""#$%&'()*+,-./0123456789:;<=>?@ABCDEFGHIJKLMNOPQRSTUVWXYZ[\]^_`abcdefghijklmnopqrstuvwxyz{|}~"
15,.rodata,848308,848308,utf-16le-ascii-subset,190," !""#$%&'()*+,-./0123456789:;<=>?@ABCDEFGHIJKLMNOPQRSTUVWXYZ[\]^_`abcdefghijklmnopqrstuvwxyz{|}~"
15,.rodata,848788,848788,utf-16le-ascii-subset,8," !""#"
15,.rodata,848804,848804,utf-16le-ascii-subset,174,"()*+,-./0123456789:;<=>?@ABCDEFGHIJKLMNOPQRSTUVWXYZ[\]^_`abcdefghijklmnopqrstuvwxyz{|}~"
15,.rodata,849262,849262,utf-16le-ascii-subset,8," !""#"
15,.rodata,849278,849278,utf-16le-ascii-subset,174,"()*+,-./0123456789:;<=>?@ABCDEFGHIJKLMNOPQRSTUVWXYZ[\]^_`abcdefghijklmnopqrstuvwxyz{|}~"
15,.rodata,849750,849750,utf-16le-ascii-subset,190," !""#$%&'()*+,-./0123456789:;<=>?@ABCDEFGHIJKLMNOPQRSTUVWXYZ[\]^_`abcdefghijklmnopqrstuvwxyz{|}~"
15,.rodata,850256,850256,utf-16le-ascii-subset,190," !""#$%&'()*+,-./0123456789:;<=>?@ABCDEFGHIJKLMNOPQRSTUVWXYZ[\]^_`abcdefghijklmnopqrstuvwxyz{|}~"
15,.rodata,850762,850762,utf-16le-ascii-subset,190," !""#$%&'()*+,-./0123456789:;<=>?@ABCDEFGHIJKLMNOPQRSTUVWXYZ[\]^_`abcdefghijklmnopqrstuvwxyz{|}~"
15,.rodata,851242,851242,utf-16le-ascii-subset,190," !""#$%&'()*+,-./0123456789:;<=>?@ABCDEFGHIJKLMNOPQRSTUVWXYZ[\]^_`abcdefghijklmnopqrstuvwxyz{|}~"
15,.rodata,851744,851744,utf-16le-ascii-subset,164,-./0123456789:;<=>?@ABCDEFGHIJKLMNOPQRSTUVWXYZ[\]^_`abcdefghijklmnopqrstuvwxyz{|}~
15,.rodata,852190,852190,utf-16le-ascii-subset,164,-./0123456789:;<=>?@ABCDEFGHIJKLMNOPQRSTUVWXYZ[\]^_`abcdefghijklmnopqrstuvwxyz{|}~
15,.rodata,852636,852636,utf-16le-ascii-subset,164,-./0123456789:;<=>?@ABCDEFGHIJKLMNOPQRSTUVWXYZ[\]^_`abcdefghijklmnopqrstuvwxyz{|}~
15,.rodata,853090,853090,utf-16le-ascii-subset,8," !""#"
15,.rodata,853106,853106,utf-16le-ascii-subset,174,"()*+,-./0123456789:;<=>?@ABCDEFGHIJKLMNOPQRSTUVWXYZ[\]^_`abcdefghijklmnopqrstuvwxyz{|}~"
15,.rodata,853518,853518,utf-16le-ascii-subset,164,-./0123456789:;<=>?@ABCDEFGHIJKLMNOPQRSTUVWXYZ[\]^_`abcdefghijklmnopqrstuvwxyz{|}~
15,.rodata,853920,853920,utf-16le-ascii-subset,164,-./0123456789:;<=>?@ABCDEFGHIJKLMNOPQRSTUVWXYZ[\]^_`abcdefghijklmnopqrstuvwxyz{|}~
15,.rodata,854322,854322,utf-16le-ascii-subset,164,-./0123456789:;<=>?@ABCDEFGHIJKLMNOPQRSTUVWXYZ[\]^_`abcdefghijklmnopqrstuvwxyz{|}~
15,.rodata,854724,854724,utf-16le-ascii-subset,164,-./0123456789:;<=>?@ABCDEFGHIJKLMNOPQRSTUVWXYZ[\]^_`abcdefghijklmnopqrstuvwxyz{|}~
15,.rodata,855126,855126,utf-16le-ascii-subset,164,-./0123456789:;<=>?@ABCDEFGHIJKLMNOPQRSTUVWXYZ[\]^_`abcdefghijklmnopqrstuvwxyz{|}~
15,.rodata,855546,855546,utf-16le-ascii-subset,190," !""#$%&'()*+,-./0123456789:;<=>?@ABCDEFGHIJKLMNOPQRSTUVWXYZ[\]^_`abcdefghijklmnopqrstuvwxyz{|}~"
15,.rodata,855914,855914,utf-16le-ascii-subset,190," !""#$%&'()*+,-./0123456789:;<=>?@ABCDEFGHIJKLMNOPQRSTUVWXYZ[\]^_`abcdefghijklmnopqrstuvwxyz{|}~"
15,.rodata,856256,856256,utf-16le-ascii-subset,8," !""#"
15,.rodata,856272,856272,utf-16le-ascii-subset,174,"()*+,-./0123456789:;<=>?@ABCDEFGHIJKLMNOPQRSTUVWXYZ[\]^_`abcdefghijklmnopqrstuvwxyz{|}~"
15,.rodata,856516,856516,utf-16le-ascii-subset,10,"()*+,"
15,.rodata,856546,856546,utf-16le-ascii-subset,20,"#$%&'()*+,"
15,.rodata,856870,856870,utf-16le-ascii-subset,164,-./0123456789:;<=>?@ABCDEFGHIJKLMNOPQRSTUVWXYZ[\]^_`abcdefghijklmnopqrstuvwxyz{|}~
15,.rodata,857588,857588,utf-16le-ascii-subset,8,<=>?
15,.rodata,857626,857626,utf-16le-ascii-subset,26,DGJORTVXZ\^`m
15,.rodata,857794,857794,utf-16le-ascii-subset,26,+-cdfehijklgb
15,.rodata,857952,857952,utf-16le-ascii-subset,44,"4,aABCEFHIMNKLPQSUWY[]"
15,.rodata,859740,859740,ascii,27,"syntax error, unexpected %s"
15,.rodata,859768,859768,ascii,14,", expecting %s"
15,.rodata,859783,859783,ascii,6, or %s
15,.rodata,859792,859792,ascii,39,extension `%s' unsupported in %s shader
15,.rodata,859840,859840,ascii,22,20ast_struct_specifier
15,.rodata,859863,859863,ascii,9,8ast_node
15,.rodata,859888,859888,ascii,26,24ast_fully_specified_type
15,.rodata,859920,859920,ascii,26,24ast_parameter_declarator
15,.rodata,859952,859952,ascii,25,23ast_function_definition
15,.rodata,859984,859984,ascii,24,22ast_compound_statement
15,.rodata,860016,860016,ascii,26,24ast_expression_statement
15,.rodata,860043,860043,ascii,14,12ast_function
15,.rodata,860064,860064,ascii,17,15ast_declaration
15,.rodata,860096,860096,ascii,21,19ast_declarator_list
15,.rodata,860128,860128,ascii,20,18ast_jump_statement
15,.rodata,860160,860160,ascii,25,23ast_selection_statement
15,.rodata,860192,860192,ascii,22,20ast_switch_statement
15,.rodata,860224,860224,ascii,17,15ast_switch_body
15,.rodata,860256,860256,ascii,16,14ast_case_label
15,.rodata,860288,860288,ascii,21,19ast_case_label_list
15,.rodata,860320,860320,ascii,20,18ast_case_statement
15,.rodata,860352,860352,ascii,25,23ast_case_statement_list
15,.rodata,860384,860384,ascii,25,23ast_iteration_statement
15,.rodata,860416,860416,ascii,13,compiler_temp
15,.rodata,860432,860432,ascii,16,14ir_dereference
15,.rodata,860480,860480,ascii,6,5ir_if
15,.rodata,860487,860487,ascii,8,7ir_call
15,.rodata,860496,860496,ascii,10,9ir_return
15,.rodata,860507,860507,ascii,14,12ir_loop_jump
15,.rodata,860522,860522,ascii,12,10ir_discard
15,.rodata,860535,860535,ascii,10,9ir_rvalue
15,.rodata,860546,860546,ascii,12,10ir_texture
15,.rodata,860560,860560,ascii,24,22ir_precision_statement
15,.rodata,860592,860592,ascii,23,21ir_typedecl_statement
15,.rodata,860616,860616,ascii,13,11ir_variable
15,.rodata,860630,860630,ascii,12,10ir_swizzle
15,.rodata,860643,860643,ascii,8,7ir_loop
15,.rodata,860656,860656,ascii,25,23ir_dereference_variable
15,.rodata,860688,860688,ascii,22,20ir_dereference_array
15,.rodata,860720,860720,ascii,23,21ir_dereference_record
15,.rodata,860744,860744,ascii,15,13ir_assignment
15,.rodata,860760,860760,ascii,13,11ir_function
15,.rodata,860784,860784,ascii,23,21ir_function_signature
15,.rodata,860808,860808,ascii,13,11ir_constant
15,.rodata,860822,860822,ascii,8,7ir_jump
15,.rodata,860832,860832,ascii,23,21fixup_ir_call_visitor
15,.rodata,860864,860864,ascii,16,14ir_instruction
15,.rodata,860881,860881,ascii,15,13ir_expression
15,.rodata,860897,860897,ascii,10,9exec_node
15,.rodata,860912,860912,ascii,34,32ir_expression_flattening_visitor
15,.rodata,860960,860960,ascii,32,30ir_function_can_inline_visitor
15,.rodata,861008,861008,ascii,39,N12_GLOBAL__N_121has_recursion_visitorE
15,.rodata,861056,861056,ascii,25,23ir_hierarchical_visitor
15,.rodata,861088,861088,ascii,16,14ir_emit_vertex
15,.rodata,861120,861120,ascii,18,16ir_end_primitive
15,.rodata,861152,861152,ascii,42,N12_GLOBAL__N_124import_prototype_visitorE
15,.rodata,861232,861232,ascii,23,21ir_print_glsl_visitor
15,.rodata,861256,861256,ascii,12,10ir_visitor
15,.rodata,861280,861280,ascii,24,22ir_print_metal_visitor
15,.rodata,861312,861312,ascii,18,16ir_print_visitor
15,.rodata,861344,861344,ascii,19,17ir_rvalue_visitor
15,.rodata,861376,861376,ascii,25,23ir_rvalue_enter_visitor
15,.rodata,861408,861408,ascii,24,22ir_rvalue_base_visitor
15,.rodata,861440,861440,ascii,26,24ir_stats_counter_visitor
15,.rodata,861472,861472,ascii,25,23ir_struct_usage_visitor
15,.rodata,861504,861504,ascii,25,23ir_decl_removal_visitor
15,.rodata,861536,861536,ascii,30,28ir_variable_refcount_visitor
15,.rodata,861568,861568,ascii,35,N12_GLOBAL__N_117call_link_visitorE
15,.rodata,861616,861616,ascii,35,33link_uniform_block_active_visitor
15,.rodata,861664,861664,ascii,34,N12_GLOBAL__N_116count_block_sizeE
15,.rodata,861712,861712,ascii,29,N12_GLOBAL__N_111ubo_visitorE
15,.rodata,861744,861744,ascii,26,24program_resource_visitor
15,.rodata,861776,861776,ascii,36,N12_GLOBAL__N_118count_uniform_sizeE
15,.rodata,861824,861824,ascii,28,26parcel_out_uniform_storage
15,.rodata,861856,861856,ascii,31,29tfeedback_candidate_generator
15,.rodata,861888,861888,ascii,41,N12_GLOBAL__N_123find_assignment_visitorE
15,.rodata,861936,861936,ascii,75,Z15remap_variablesP14ir_instructionP9gl_shaderP10hash_tableE13remap_visitor
15,.rodata,862016,862016,ascii,43,N12_GLOBAL__N_125geom_array_resize_visitorE
15,.rodata,862064,862064,ascii,36,N12_GLOBAL__N_118find_deref_visitorE
15,.rodata,862112,862112,ascii,42,N12_GLOBAL__N_124find_emit_vertex_visitorE
15,.rodata,862160,862160,ascii,22,20array_sizing_visitor
15,.rodata,862192,862192,ascii,31,N12_GLOBAL__N_113loop_analysisE
15,.rodata,862224,862224,ascii,13,11examine_rhs
15,.rodata,862240,862240,ascii,38,N12_GLOBAL__N_120loop_control_visitorE
15,.rodata,862288,862288,ascii,37,N12_GLOBAL__N_119loop_unroll_visitorE
15,.rodata,862336,862336,ascii,19,17loop_unroll_count
15,.rodata,862368,862368,ascii,45,N12_GLOBAL__N_127lower_clip_distance_visitorE
15,.rodata,862416,862416,ascii,39,N12_GLOBAL__N_121lower_discard_visitorE
15,.rodata,862464,862464,ascii,44,N12_GLOBAL__N_126lower_discard_flow_visitorE
15,.rodata,862512,862512,ascii,46,N12_GLOBAL__N_128ir_if_to_cond_assign_visitorE
15,.rodata,862560,862560,ascii,44,N12_GLOBAL__N_126lower_instructions_visitorE
15,.rodata,862608,862608,ascii,40,N12_GLOBAL__N_122ir_lower_jumps_visitorE
15,.rodata,862656,862656,ascii,25,23ir_control_flow_visitor
15,.rodata,862688,862688,ascii,42,N12_GLOBAL__N_124ir_mat_op_to_vec_visitorE
15,.rodata,862736,862736,ascii,61,N12_GLOBAL__N_143flatten_named_interface_blocks_declarationsE
15,.rodata,862800,862800,ascii,21,19lower_noise_visitor
15,.rodata,862832,862832,ascii,32,30brw_lower_offset_array_visitor
15,.rodata,862880,862880,ascii,37,N12_GLOBAL__N_119output_read_removerE
15,.rodata,862928,862928,ascii,34,32lower_packed_varyings_gs_splicer
15,.rodata,862976,862976,ascii,48,N12_GLOBAL__N_130lower_packing_builtins_visitorE
15,.rodata,863040,863040,ascii,45,N12_GLOBAL__N_127lower_ubo_reference_visitorE
15,.rodata,863088,863088,ascii,55,N12_GLOBAL__N_137variable_index_to_cond_assign_visitorE
15,.rodata,863152,863152,ascii,37,N12_GLOBAL__N_119find_variable_indexE
15,.rodata,863200,863200,ascii,32,N12_GLOBAL__N_114deref_replacerE
15,.rodata,863248,863248,ascii,53,N12_GLOBAL__N_135ir_vec_index_to_cond_assign_visitorE
15,.rodata,863312,863312,ascii,49,N12_GLOBAL__N_131ir_vec_index_to_swizzle_visitorE
15,.rodata,863376,863376,ascii,38,N12_GLOBAL__N_120lower_vector_visitorE
15,.rodata,863424,863424,ascii,39,N12_GLOBAL__N_121vector_insert_visitorE
15,.rodata,863472,863472,ascii,41,N12_GLOBAL__N_123lower_vertex_id_visitorE
15,.rodata,863520,863520,ascii,38,N12_GLOBAL__N_120ir_algebraic_visitorE
15,.rodata,863568,863568,ascii,28,26ir_array_splitting_visitor
15,.rodata,863600,863600,ascii,44,N12_GLOBAL__N_126ir_array_reference_visitorE
15,.rodata,863648,863648,ascii,45,N12_GLOBAL__N_127ir_constant_folding_visitorE
15,.rodata,863696,863696,ascii,49,N12_GLOBAL__N_131ir_constant_propagation_visitorE
15,.rodata,863760,863760,ascii,46,N12_GLOBAL__N_128ir_constant_variable_visitorE
15,.rodata,863808,863808,ascii,45,N12_GLOBAL__N_127ir_copy_propagation_visitorE
15,.rodata,863856,863856,ascii,54,N12_GLOBAL__N_136ir_copy_propagation_elements_visitorE
15,.rodata,863920,863920,ascii,29,N12_GLOBAL__N_111cse_visitorE
15,.rodata,863952,863952,ascii,42,N12_GLOBAL__N_124is_cse_candidate_visitorE
15,.rodata,864000,864000,ascii,41,N12_GLOBAL__N_123contains_rvalue_visitorE
15,.rodata,864048,864048,ascii,38,N12_GLOBAL__N_120varying_info_visitorE
15,.rodata,864096,864096,ascii,42,N12_GLOBAL__N_124replace_varyings_visitorE
15,.rodata,864144,864144,ascii,35,N12_GLOBAL__N_117array_index_visitE
15,.rodata,864192,864192,ascii,41,N12_GLOBAL__N_123kill_for_derefs_visitorE
15,.rodata,864240,864240,ascii,43,N12_GLOBAL__N_125ir_dead_functions_visitorE
15,.rodata,864288,864288,ascii,37,N12_GLOBAL__N_119nested_if_flattenerE
15,.rodata,864336,864336,ascii,32,N12_GLOBAL__N_114matrix_flipperE
15,.rodata,864384,864384,ascii,33,31ir_variable_replacement_visitor
15,.rodata,864432,864432,ascii,46,N12_GLOBAL__N_128ir_function_inlining_visitorE
15,.rodata,864480,864480,ascii,46,N12_GLOBAL__N_128ir_if_simplification_visitorE
15,.rodata,864528,864528,ascii,35,N12_GLOBAL__N_117ir_minmax_visitorE
15,.rodata,864576,864576,ascii,41,N12_GLOBAL__N_123ir_noop_swizzle_visitorE
15,.rodata,864624,864624,ascii,38,N12_GLOBAL__N_120ir_rebalance_visitorE
15,.rodata,864672,864672,ascii,41,N12_GLOBAL__N_123redundant_jumps_visitorE
15,.rodata,864720,864720,ascii,48,N12_GLOBAL__N_130ir_structure_reference_visitorE
15,.rodata,864784,864784,ascii,48,N12_GLOBAL__N_130ir_structure_splitting_visitorE
15,.rodata,864848,864848,ascii,44,N12_GLOBAL__N_126ir_swizzle_swizzle_visitorE
15,.rodata,864896,864896,ascii,42,N12_GLOBAL__N_124ir_tree_grafting_visitorE
15,.rodata,864944,864944,ascii,29,27ir_vector_splitting_visitor
15,.rodata,864976,864976,ascii,45,N12_GLOBAL__N_127ir_vector_reference_visitorE
15,.rodata,865024,865024,ascii,38,N12_GLOBAL__N_120ir_vectorize_visitorE
15,.rodata,865063,865063,ascii,6,5s_int
15,.rodata,865070,865070,ascii,8,7s_float
15,.rodata,865079,865079,ascii,9,8s_symbol
15,.rodata,865089,865089,ascii,7,6s_list
15,.rodata,865097,865097,ascii,9,8s_number
15,.rodata,865107,865107,ascii,14,12s_expression
15,.rodata,865124,865124,ascii,15,ZzNewMemoryPage
15,.rodata,865140,865140,ascii,19,ZzNewNearMemoryPage
15,.rodata,865160,865160,ascii,27,ZzGlobalInterceptorInstance
15,.rodata,865188,865188,ascii,12,ZzEnableHook
15,.rodata,865204,865204,ascii,24,zz_arm_register_describe
15,.rodata,865232,865232,ascii,17,zz_vm_search_data
15,.rodata,865252,865252,ascii,19,zz_posix_vm_protect
15,.rodata,865280,865280,ascii,33,N10__cxxabiv117__class_type_infoE
15,.rodata,865328,865328,ascii,32,N10__cxxabiv116__shim_type_infoE
15,.rodata,865362,865362,ascii,12,St9bad_alloc
15,.rodata,865376,865376,ascii,24,St20bad_array_new_length
15,.rodata,865408,865408,ascii,35,N10__cxxabiv119__pointer_type_infoE
15,.rodata,865456,865456,ascii,36,N10__cxxabiv120__si_class_type_infoE
15,.rodata,865493,865493,ascii,12,St9type_info
15,.rodata,865506,865506,ascii,11,St8bad_cast
15,.rodata,865518,865518,ascii,14,St10bad_typeid
15,.rodata,865536,865536,ascii,37,N10__cxxabiv121__vmi_class_type_infoE
15,.rodata,865574,865574,ascii,15,St11logic_error
15,.rodata,865600,865600,ascii,21,St17__Named_exception
15,.rodata,865632,865632,ascii,17,St13runtime_error
15,.rodata,865664,865664,ascii,16,St12domain_error
15,.rodata,865696,865696,ascii,20,St16invalid_argument
15,.rodata,865728,865728,ascii,16,St12length_error
15,.rodata,865760,865760,ascii,16,St12out_of_range
15,.rodata,865777,865777,ascii,15,St11range_error
15,.rodata,865808,865808,ascii,18,St14overflow_error
15,.rodata,865840,865840,ascii,19,St15underflow_error
15,.rodata,865860,865860,ascii,12,St9exception
15,.rodata,865888,865888,ascii,17,St13bad_exception
15,.rodata,865920,865920,ascii,36,N10__cxxabiv120__function_type_infoE
15,.rodata,865968,865968,ascii,39,N10__cxxabiv123__fundamental_type_infoE
15,.rodata,866024,866024,ascii,4,PKDn
15,.rodata,866171,866171,ascii,4,PKDh
15,.rodata,866219,866219,ascii,4,PKDs
15,.rodata,866231,866231,ascii,4,PKDi
15,.rodata,866240,866240,ascii,33,N10__cxxabiv117__pbase_type_infoE
23,.comment,906157,,ascii,38,GCC: (GNU) 4.9.x 20150123 (prerelease)
23,.comment,906196,,ascii,60,Android clang version 5.0.300080  (based on LLVM 5.0.300080)
23,.comment,906257,,ascii,36,GCC: (GNU) 4.9 20150123 (prerelease)
24,.note.gnu.gold-version,906312,,ascii,9,gold 1.12
25,.ARM.attributes,906329,,ascii,5,aeabi
25,.ARM.attributes,906341,,ascii,9,cortex-a8
26,.shstrtab,906384,,ascii,9,.shstrtab
26,.shstrtab,906394,,ascii,19,.note.android.ident
26,.shstrtab,906414,,ascii,18,.note.gnu.build-id
26,.shstrtab,906433,,ascii,7,.dynsym
26,.shstrtab,906441,,ascii,7,.dynstr
26,.shstrtab,906449,,ascii,5,.hash
26,.shstrtab,906455,,ascii,12,.gnu.version
26,.shstrtab,906468,,ascii,14,.gnu.version_d
26,.shstrtab,906483,,ascii,14,.gnu.version_r
26,.shstrtab,906498,,ascii,8,.rel.dyn
26,.shstrtab,906507,,ascii,8,.rel.plt
26,.shstrtab,906516,,ascii,5,.text
26,.shstrtab,906522,,ascii,10,.ARM.extab
26,.shstrtab,906533,,ascii,10,.ARM.exidx
26,.shstrtab,906544,,ascii,7,.rodata
26,.shstrtab,906552,,ascii,11,.fini_array
26,.shstrtab,906564,,ascii,11,.init_array
26,.shstrtab,906576,,ascii,12,.data.rel.ro
26,.shstrtab,906589,,ascii,8,.dynamic
26,.shstrtab,906598,,ascii,4,.got
26,.shstrtab,906603,,ascii,5,.data
26,.shstrtab,906609,,ascii,4,.bss
26,.shstrtab,906614,,ascii,8,.comment
26,.shstrtab,906623,,ascii,22,.note.gnu.gold-version
26,.shstrtab,906646,,ascii,15,.ARM.attributes
