table,index,name,demangled,value,address,size,mode,type,binding,visibility,section_index,section
.dynsym,0,,,0,0,0,,STT_NOTYPE,STB_LOCAL,STV_DEFAULT,SHN_UNDEF,SHN_UNDEF
.dynsym,1,__cxa_finalize,__cxa_finalize,0,0,0,arm,STT_FUNC,STB_GLOBAL,STV_DEFAULT,SHN_UNDEF,SHN_UNDEF
.dynsym,2,__cxa_atexit,__cxa_atexit,0,0,0,arm,STT_FUNC,STB_GLOBAL,STV_DEFAULT,SHN_UNDEF,SHN_UNDEF
.dynsym,3,_Z22posix_vm_get_page_sizev,posix_vm_get_page_size(),225588,225588,8,arm,STT_FUNC,STB_GLOBAL,STV_DEFAULT,12,.text
.dynsym,4,sysconf,sysconf,0,0,0,arm,STT_FUNC,STB_GLOBAL,STV_DEFAULT,SHN_UNDEF,SHN_UNDEF
.dynsym,5,__aeabi_unwind_cpp_pr0,__aeabi_unwind_cpp_pr0,720280,720280,8,arm,STT_FUNC,STB_GLOBAL,STV_DEFAULT,12,.text
.dynsym,6,JNI_OnLoad,JNI_OnLoad,225596,225596,168,arm,STT_FUNC,STB_GLOBAL,STV_DEFAULT,12,.text
.dynsym,7,hook_export_function,hook_export_function,234176,234176,740,arm,STT_FUNC,STB_GLOBAL,STV_DEFAULT,12,.text
.dynsym,8,_Z20hook_inline_functionPKcib,"hook_inline_function(char const*, int, bool)",276628,276628,352,arm,STT_FUNC,STB_GLOBAL,STV_DEFAULT,12,.text
.dynsym,9,_Z20hook_import_functionPKcS0_Ph,"hook_import_function(char const*, char const*, unsigned char*)",225764,225764,328,arm,STT_FUNC,STB_GLOBAL,STV_DEFAULT,12,.text
.dynsym,10,_Z17my_glShaderSourcejiPKPKcPKi,"my_glShaderSource(unsigned int, int, char const* const*, int const*)",226092,226092,2264,arm,STT_FUNC,STB_GLOBAL,STV_DEFAULT,12,.text
.dynsym,11,_Z14my_glGetStringj,my_glGetString(unsigned int),228356,228356,220,arm,STT_FUNC,STB_GLOBAL,STV_DEFAULT,12,.text
.dynsym,12,__aeabi_unwind_cpp_pr1,__aeabi_unwind_cpp_pr1,720288,720288,8,arm,STT_FUNC,STB_WEAK,STV_DEFAULT,12,.text
.dynsym,13,dlopen,dlopen,0,0,0,arm,STT_FUNC,STB_GLOBAL,STV_DEFAULT,SHN_UNDEF,SHN_UNDEF
.dynsym,14,__aeabi_uidivmod,__aeabi_uidivmod,716884,716884,32,arm,STT_FUNC,STB_GLOBAL,STV_DEFAULT,12,.text
.dynsym,15,strcmp,strcmp,0,0,0,arm,STT_FUNC,STB_GLOBAL,STV_DEFAULT,SHN_UNDEF,SHN_UNDEF
.dynsym,16,glGetShaderiv,glGetShaderiv,0,0,0,arm,STT_FUNC,STB_GLOBAL,STV_DEFAULT,SHN_UNDEF,SHN_UNDEF
.dynsym,17,_Z18glslopt_initialize14glslopt_target,glslopt_initialize(glslopt_target),487961,487960,22,thumb,STT_FUNC,STB_GLOBAL,STV_DEFAULT,12,.text
.dynsym,18,strlen,strlen,0,0,0,arm,STT_FUNC,STB_GLOBAL,STV_DEFAULT,SHN_UNDEF,SHN_UNDEF
.dynsym,19,_Znaj,operator new[](unsigned int),708019,708018,14,thumb,STT_FUNC,STB_WEAK,STV_DEFAULT,12,.text
.dynsym,20,_ZNSs10_M_replaceEPcS_PKcS1_b,"std::basic_string<char, std::char_traits<char>, std::allocator<char> >::_M_replace(char*, char*, char const*, char const*, bool)",232740,232740,404,arm,STT_FUNC,STB_WEAK,STV_DEFAULT,12,.text
.dynsym,21,strncat,strncat,0,0,0,arm,STT_FUNC,STB_GLOBAL,STV_DEFAULT,SHN_UNDEF,SHN_UNDEF
.dynsym,22,_ZdlPv,operator delete(void*),705837,705836,10,thumb,STT_FUNC,STB_WEAK,STV_DEFAULT,12,.text
.dynsym,23,_ZNSt12__node_alloc13_M_deallocateEPvj,"std::__node_alloc::_M_deallocate(void*, unsigned int)",713281,713280,68,thumb,STT_FUNC,STB_GLOBAL,STV_DEFAULT,12,.text
.dynsym,24,strstr,strstr,0,0,0,arm,STT_FUNC,STB_GLOBAL,STV_DEFAULT,SHN_UNDEF,SHN_UNDEF
.dynsym,25,_Znwj,operator new(unsigned int),707877,707876,112,thumb,STT_FUNC,STB_WEAK,STV_DEFAULT,12,.text
.dynsym,26,strcat,strcat,0,0,0,arm,STT_FUNC,STB_GLOBAL,STV_DEFAULT,SHN_UNDEF,SHN_UNDEF
.dynsym,27,_ZNSt12__node_alloc11_M_allocateERj,std::__node_alloc::_M_allocate(unsigned int&),713277,713276,4,thumb,STT_FUNC,STB_GLOBAL,STV_DEFAULT,12,.text
.dynsym,28,__aeabi_memcpy,__aeabi_memcpy,0,0,0,arm,STT_FUNC,STB_GLOBAL,STV_DEFAULT,SHN_UNDEF,SHN_UNDEF
.dynsym,29,_Z16glslopt_optimizeP11glslopt_ctx19glslopt_shader_typePKcj,"glslopt_optimize(glslopt_ctx*, glslopt_shader_type, char const*, unsigned int)",488165,488164,1700,thumb,STT_FUNC,STB_GLOBAL,STV_DEFAULT,12,.text
.dynsym,30,_Z18glslopt_get_statusP14glslopt_shader,glslopt_get_status(glslopt_shader*),490083,490082,8,thumb,STT_FUNC,STB_GLOBAL,STV_DEFAULT,12,.text
.dynsym,31,_Z18glslopt_get_outputP14glslopt_shader,glslopt_get_output(glslopt_shader*),490091,490090,8,thumb,STT_FUNC,STB_GLOBAL,STV_DEFAULT,12,.text
.dynsym,32,__android_log_print,__android_log_print,0,0,0,arm,STT_FUNC,STB_GLOBAL,STV_DEFAULT,SHN_UNDEF,SHN_UNDEF
.dynsym,33,realloc,realloc,0,0,0,arm,STT_FUNC,STB_GLOBAL,STV_DEFAULT,SHN_UNDEF,SHN_UNDEF
.dynsym,34,_Z21glslopt_shader_deleteP14glslopt_shader,glslopt_shader_delete(glslopt_shader*),490009,490008,20,thumb,STT_FUNC,STB_GLOBAL,STV_DEFAULT,12,.text
.dynsym,35,glShaderSource,glShaderSource,0,0,0,arm,STT_FUNC,STB_GLOBAL,STV_DEFAULT,SHN_UNDEF,SHN_UNDEF
.dynsym,36,free,free,0,0,0,arm,STT_FUNC,STB_GLOBAL,STV_DEFAULT,SHN_UNDEF,SHN_UNDEF
.dynsym,37,_ZdaPv,operator delete[](void*),705847,705846,4,thumb,STT_FUNC,STB_WEAK,STV_DEFAULT,12,.text
.dynsym,38,_Z15glslopt_cleanupP11glslopt_ctx,glslopt_cleanup(glslopt_ctx*),488117,488116,30,thumb,STT_FUNC,STB_GLOBAL,STV_DEFAULT,12,.text
.dynsym,39,__stack_chk_fail,__stack_chk_fail,0,0,0,arm,STT_FUNC,STB_GLOBAL,STV_DEFAULT,SHN_UNDEF,SHN_UNDEF
.dynsym,40,_ZSt24__stl_throw_length_errorPKc,std::__stl_throw_length_error(char const*),710785,710784,224,thumb,STT_FUNC,STB_GLOBAL,STV_DEFAULT,12,.text
.dynsym,41,_ZSt24__stl_throw_out_of_rangePKc,std::__stl_throw_out_of_range(char const*),710561,710560,224,thumb,STT_FUNC,STB_GLOBAL,STV_DEFAULT,12,.text
.dynsym,42,__stack_chk_guard,__stack_chk_guard,0,0,0,,STT_OBJECT,STB_GLOBAL,STV_DEFAULT,SHN_UNDEF,SHN_UNDEF
.dynsym,43,glGetString,glGetString,0,0,0,arm,STT_FUNC,STB_GLOBAL,STV_DEFAULT,SHN_UNDEF,SHN_UNDEF
.dynsym,44,_Z18ChangePagePropertymj,"ChangePageProperty(unsigned long, unsigned int)",228576,228576,172,arm,STT_FUNC,STB_GLOBAL,STV_DEFAULT,12,.text
.dynsym,45,__aeabi_uidiv,__aeabi_uidiv,716716,716716,0,arm,STT_FUNC,STB_GLOBAL,STV_DEFAULT,12,.text
.dynsym,46,mprotect,mprotect,0,0,0,arm,STT_FUNC,STB_GLOBAL,STV_DEFAULT,SHN_UNDEF,SHN_UNDEF
.dynsym,47,__errno,__errno,0,0,0,arm,STT_FUNC,STB_GLOBAL,STV_DEFAULT,SHN_UNDEF,SHN_UNDEF
.dynsym,48,strerror,strerror,0,0,0,arm,STT_FUNC,STB_GLOBAL,STV_DEFAULT,SHN_UNDEF,SHN_UNDEF
.dynsym,49,_Z11SafeMemReadmjPc,"SafeMemRead(unsigned long, unsigned int, char*)",228748,228748,320,arm,STT_FUNC,STB_GLOBAL,STV_DEFAULT,12,.text
.dynsym,50,_Z12SafeMemWritemjPc,"SafeMemWrite(unsigned long, unsigned int, char*)",229068,229068,320,arm,STT_FUNC,STB_GLOBAL,STV_DEFAULT,12,.text
.dynsym,51,_Z11PatchOpcodePKcm,"PatchOpcode(char const*, unsigned long)",229388,229388,464,arm,STT_FUNC,STB_GLOBAL,STV_DEFAULT,12,.text
.dynsym,52,_Z15DecompressPVRTCjijiiiPKv,"DecompressPVRTC(unsigned int, int, unsigned int, int, int, int, void const*)",229852,229852,288,arm,STT_FUNC,STB_GLOBAL,STV_DEFAULT,12,.text
.dynsym,53,malloc,malloc,0,0,0,arm,STT_FUNC,STB_GLOBAL,STV_DEFAULT,SHN_UNDEF,SHN_UNDEF
.dynsym,54,_Z19PVRTDecompressPVRTCPKviiiPh,"PVRTDecompressPVRTC(void const*, int, int, int, unsigned char*)",242584,242584,2984,arm,STT_FUNC,STB_GLOBAL,STV_DEFAULT,12,.text
.dynsym,55,_Z15my_glTexImage2DjiiiiijjPKv,"my_glTexImage2D(unsigned int, int, int, int, int, int, unsigned int, unsigned int, void const*)",230140,230140,956,arm,STT_FUNC,STB_GLOBAL,STV_DEFAULT,12,.text
.dynsym,56,glGetError,glGetError,0,0,0,arm,STT_FUNC,STB_GLOBAL,STV_DEFAULT,SHN_UNDEF,SHN_UNDEF
.dynsym,57,glTexImage2D,glTexImage2D,0,0,0,arm,STT_FUNC,STB_GLOBAL,STV_DEFAULT,SHN_UNDEF,SHN_UNDEF
.dynsym,58,is16BitRendering,is16BitRendering,910257,910257,1,,STT_OBJECT,STB_GLOBAL,STV_DEFAULT,22,.bss
.dynsym,59,_Z14DecompressS3TCjijiiiPKv,"DecompressS3TC(unsigned int, int, unsigned int, int, int, int, void const*)",231096,231096,232,arm,STT_FUNC,STB_GLOBAL,STV_DEFAULT,12,.text
.dynsym,60,_Z24BlockDecompressImageDXT1mmPKhPm,"BlockDecompressImageDXT1(unsigned long, unsigned long, unsigned char const*, unsigned long*)",250528,250528,176,arm,STT_FUNC,STB_GLOBAL,STV_DEFAULT,12,.text
.dynsym,61,_Z24BlockDecompressImageDXT3mmPKhPm,"BlockDecompressImageDXT3(unsigned long, unsigned long, unsigned char const*, unsigned long*)",251736,251736,176,arm,STT_FUNC,STB_GLOBAL,STV_DEFAULT,12,.text
.dynsym,62,_Z24BlockDecompressImageDXT5mmPKhPm,"BlockDecompressImageDXT5(unsigned long, unsigned long, unsigned char const*, unsigned long*)",251560,251560,176,arm,STT_FUNC,STB_GLOBAL,STV_DEFAULT,12,.text
.dynsym,63,_Z13DecompressATCjijiiiPKv,"DecompressATC(unsigned int, int, unsigned int, int, int, int, void const*)",231328,231328,184,arm,STT_FUNC,STB_GLOBAL,STV_DEFAULT,12,.text
.dynsym,64,_Z15DecompressATITCPKhPmmmj,"DecompressATITC(unsigned char const*, unsigned long*, unsigned long, unsigned long, unsigned int)",253852,253852,1164,arm,STT_FUNC,STB_GLOBAL,STV_DEFAULT,12,.text
.dynsym,65,_Z13DecompressETCjijiiiPKv,"DecompressETC(unsigned int, int, unsigned int, int, int, int, void const*)",231512,231512,140,arm,STT_FUNC,STB_GLOBAL,STV_DEFAULT,12,.text
.dynsym,66,_Z14DecompressETC1PhS_ii,"DecompressETC1(unsigned char*, unsigned char*, int, int)",275360,275360,440,arm,STT_FUNC,STB_GLOBAL,STV_DEFAULT,12,.text
.dynsym,67,_Z25my_glCompressedTexImage2DjijiiiiPKv,"my_glCompressedTexImage2D(unsigned int, int, unsigned int, int, int, int, int, void const*)",231652,231652,592,arm,STT_FUNC,STB_GLOBAL,STV_DEFAULT,12,.text
.dynsym,68,_Z25convertRGBA8888ToRGBA4444PKhiPh,"convertRGBA8888ToRGBA4444(unsigned char const*, int, unsigned char*)",232244,232244,92,arm,STT_FUNC,STB_GLOBAL,STV_DEFAULT,12,.text
.dynsym,69,_Z21convertRGB888ToRGB565PKhiPh,"convertRGB888ToRGB565(unsigned char const*, int, unsigned char*)",232336,232336,80,arm,STT_FUNC,STB_GLOBAL,STV_DEFAULT,12,.text
.dynsym,70,_Z13my_glViewportiiii,"my_glViewport(int, int, int, int)",232416,232416,28,arm,STT_FUNC,STB_GLOBAL,STV_DEFAULT,12,.text
.dynsym,71,glViewport,glViewport,0,0,0,arm,STT_FUNC,STB_GLOBAL,STV_DEFAULT,SHN_UNDEF,SHN_UNDEF
.dynsym,72,_Z12my_glScissoriiii,"my_glScissor(int, int, int, int)",232444,232444,28,arm,STT_FUNC,STB_GLOBAL,STV_DEFAULT,12,.text
.dynsym,73,glScissor,glScissor,0,0,0,arm,STT_FUNC,STB_GLOBAL,STV_DEFAULT,SHN_UNDEF,SHN_UNDEF
.dynsym,74,_Z19IsLowMemoryPlatformv,IsLowMemoryPlatform(),232472,232472,268,arm,STT_FUNC,STB_GLOBAL,STV_DEFAULT,12,.text
.dynsym,75,fopen,fopen,0,0,0,arm,STT_FUNC,STB_GLOBAL,STV_DEFAULT,SHN_UNDEF,SHN_UNDEF
.dynsym,76,fscanf,fscanf,0,0,0,arm,STT_FUNC,STB_GLOBAL,STV_DEFAULT,SHN_UNDEF,SHN_UNDEF
.dynsym,77,fclose,fclose,0,0,0,arm,STT_FUNC,STB_GLOBAL,STV_DEFAULT,SHN_UNDEF,SHN_UNDEF
.dynsym,78,_ZNSs9_M_insertEPcPKcS1_b,"std::basic_string<char, std::char_traits<char>, std::allocator<char> >::_M_insert(char*, char const*, char const*, bool)",233144,233144,1032,arm,STT_FUNC,STB_WEAK,STV_DEFAULT,12,.text
.dynsym,79,__aeabi_memmove,__aeabi_memmove,0,0,0,arm,STT_FUNC,STB_GLOBAL,STV_DEFAULT,SHN_UNDEF,SHN_UNDEF
.dynsym,80,isHighDevice,isHighDevice,910256,910256,1,,STT_OBJECT,STB_GLOBAL,STV_DEFAULT,22,.bss
.dynsym,81,build_hook_info_list,build_hook_info_list,236460,236460,156,arm,STT_FUNC,STB_GLOBAL,STV_DEFAULT,12,.text
.dynsym,82,dlsym,dlsym,0,0,0,arm,STT_FUNC,STB_GLOBAL,STV_DEFAULT,SHN_UNDEF,SHN_UNDEF
.dynsym,83,strncmp,strncmp,0,0,0,arm,STT_FUNC,STB_GLOBAL,STV_DEFAULT,SHN_UNDEF,SHN_UNDEF
.dynsym,84,is_func_hooked,is_func_hooked,235496,235496,132,arm,STT_FUNC,STB_GLOBAL,STV_DEFAULT,12,.text
.dynsym,85,getpid,getpid,0,0,0,arm,STT_FUNC,STB_GLOBAL,STV_DEFAULT,SHN_UNDEF,SHN_UNDEF
.dynsym,86,hook,hook,240996,240996,956,arm,STT_FUNC,STB_GLOBAL,STV_DEFAULT,12,.text
.dynsym,87,add_hooked_info,add_hooked_info,235628,235628,104,arm,STT_FUNC,STB_GLOBAL,STV_DEFAULT,12,.text
.dynsym,88,custom_lib_hook_info_root,custom_lib_hook_info_root,910260,910260,4,,STT_OBJECT,STB_GLOBAL,STV_DEFAULT,22,.bss
.dynsym,89,hooked_info_root,hooked_info_root,910264,910264,4,,STT_OBJECT,STB_GLOBAL,STV_DEFAULT,22,.bss
.dynsym,90,storm_nativeSetPhone,storm_nativeSetPhone,234916,234916,236,arm,STT_FUNC,STB_GLOBAL,STV_DEFAULT,12,.text
.dynsym,91,__aeabi_memcpy4,__aeabi_memcpy4,0,0,0,arm,STT_FUNC,STB_GLOBAL,STV_DEFAULT,SHN_UNDEF,SHN_UNDEF
.dynsym,92,hook_precall,hook_precall,241952,241952,264,arm,STT_FUNC,STB_GLOBAL,STV_DEFAULT,12,.text
.dynsym,93,hook_postcall,hook_postcall,242216,242216,264,arm,STT_FUNC,STB_GLOBAL,STV_DEFAULT,12,.text
.dynsym,94,getuid,getuid,0,0,0,arm,STT_FUNC,STB_GLOBAL,STV_DEFAULT,SHN_UNDEF,SHN_UNDEF
.dynsym,95,custom_hook_info_nativeSetPhone,custom_hook_info_nativeSetPhone,909344,909344,224,,STT_OBJECT,STB_GLOBAL,STV_DEFAULT,21,.data
.dynsym,96,my_height,my_height,943312,943312,4,,STT_OBJECT,STB_GLOBAL,STV_DEFAULT,22,.bss
.dynsym,97,my_width,my_width,943308,943308,4,,STT_OBJECT,STB_GLOBAL,STV_DEFAULT,22,.bss
.dynsym,98,orig_width,orig_width,909328,909328,8,,STT_OBJECT,STB_GLOBAL,STV_DEFAULT,21,.data
.dynsym,99,orig_height,orig_height,909336,909336,8,,STT_OBJECT,STB_GLOBAL,STV_DEFAULT,21,.data
.dynsym,100,storm_nativeResize,storm_nativeResize,235152,235152,196,arm,STT_FUNC,STB_GLOBAL,STV_DEFAULT,12,.text
.dynsym,101,custom_hook_info_nativeResize,custom_hook_info_nativeResize,909568,909568,224,,STT_OBJECT,STB_GLOBAL,STV_DEFAULT,21,.data
.dynsym,102,storm_nativeGetWidth,storm_nativeGetWidth,235348,235348,148,arm,STT_FUNC,STB_GLOBAL,STV_DEFAULT,12,.text
.dynsym,103,custom_hook_info_nativeGetWidth,custom_hook_info_nativeGetWidth,909792,909792,224,,STT_OBJECT,STB_GLOBAL,STV_DEFAULT,21,.data
.dynsym,104,MAX_DATA_LEN,MAX_DATA_LEN,909320,909320,4,,STT_OBJECT,STB_GLOBAL,STV_DEFAULT,21,.data
.dynsym,105,find_file_path_from_fd,find_file_path_from_fd,235732,235732,356,arm,STT_FUNC,STB_GLOBAL,STV_DEFAULT,12,.text
.dynsym,106,snprintf,snprintf,0,0,0,arm,STT_FUNC,STB_GLOBAL,STV_DEFAULT,SHN_UNDEF,SHN_UNDEF
.dynsym,107,readlink,readlink,0,0,0,arm,STT_FUNC,STB_GLOBAL,STV_DEFAULT,SHN_UNDEF,SHN_UNDEF
.dynsym,108,sprintf,sprintf,0,0,0,arm,STT_FUNC,STB_GLOBAL,STV_DEFAULT,SHN_UNDEF,SHN_UNDEF
.dynsym,109,get_id,get_id,236088,236088,8,arm,STT_FUNC,STB_GLOBAL,STV_DEFAULT,12,.text
.dynsym,110,time,time,0,0,0,arm,STT_FUNC,STB_GLOBAL,STV_DEFAULT,SHN_UNDEF,SHN_UNDEF
.dynsym,111,to_hex,to_hex,236096,236096,72,arm,STT_FUNC,STB_GLOBAL,STV_DEFAULT,12,.text
.dynsym,112,array_to_string,array_to_string,236168,236168,292,arm,STT_FUNC,STB_GLOBAL,STV_DEFAULT,12,.text
.dynsym,113,open,open,0,0,0,arm,STT_FUNC,STB_GLOBAL,STV_DEFAULT,SHN_UNDEF,SHN_UNDEF
.dynsym,114,read,read,0,0,0,arm,STT_FUNC,STB_GLOBAL,STV_DEFAULT,SHN_UNDEF,SHN_UNDEF
.dynsym,115,close,close,0,0,0,arm,STT_FUNC,STB_GLOBAL,STV_DEFAULT,SHN_UNDEF,SHN_UNDEF
.dynsym,116,lseek,lseek,0,0,0,arm,STT_FUNC,STB_GLOBAL,STV_DEFAULT,SHN_UNDEF,SHN_UNDEF
.dynsym,117,exit,exit,0,0,0,arm,STT_FUNC,STB_GLOBAL,STV_DEFAULT,SHN_UNDEF,SHN_UNDEF
.dynsym,118,find_name,find_name,238444,238444,624,arm,STT_FUNC,STB_GLOBAL,STV_DEFAULT,12,.text
.dynsym,119,fgets,fgets,0,0,0,arm,STT_FUNC,STB_GLOBAL,STV_DEFAULT,SHN_UNDEF,SHN_UNDEF
.dynsym,120,printf,printf,0,0,0,arm,STT_FUNC,STB_GLOBAL,STV_DEFAULT,SHN_UNDEF,SHN_UNDEF
.dynsym,121,strtok,strtok,0,0,0,arm,STT_FUNC,STB_GLOBAL,STV_DEFAULT,SHN_UNDEF,SHN_UNDEF
.dynsym,122,sscanf,sscanf,0,0,0,arm,STT_FUNC,STB_GLOBAL,STV_DEFAULT,SHN_UNDEF,SHN_UNDEF
.dynsym,123,strcpy,strcpy,0,0,0,arm,STT_FUNC,STB_GLOBAL,STV_DEFAULT,SHN_UNDEF,SHN_UNDEF
.dynsym,124,strrchr,strrchr,0,0,0,arm,STT_FUNC,STB_GLOBAL,STV_DEFAULT,SHN_UNDEF,SHN_UNDEF
.dynsym,125,strncpy,strncpy,0,0,0,arm,STT_FUNC,STB_GLOBAL,STV_DEFAULT,SHN_UNDEF,SHN_UNDEF
.dynsym,126,find_libbase,find_libbase,239968,239968,236,arm,STT_FUNC,STB_GLOBAL,STV_DEFAULT,12,.text
.dynsym,127,hook_cacheflush,hook_cacheflush,240552,240552,48,arm,STT_FUNC,STB_GLOBAL,STV_DEFAULT,12,.text
.dynsym,128,hook_direct,hook_direct,240600,240600,396,arm,STT_FUNC,STB_GLOBAL,STV_DEFAULT,12,.text
.dynsym,129,unhook,unhook,242480,242480,104,arm,STT_FUNC,STB_GLOBAL,STV_DEFAULT,12,.text
.dynsym,130,__aeabi_idiv,__aeabi_idiv,716916,716916,0,arm,STT_FUNC,STB_GLOBAL,STV_DEFAULT,12,.text
.dynsym,131,memcmp,memcmp,0,0,0,arm,STT_FUNC,STB_GLOBAL,STV_DEFAULT,SHN_UNDEF,SHN_UNDEF
.dynsym,132,_Z22util_number_is_power_2j,util_number_is_power_2(unsigned int),245568,245568,40,arm,STT_FUNC,STB_GLOBAL,STV_DEFAULT,12,.text
.dynsym,133,_Z11modifyPixeliiiiimi,"modifyPixel(int, int, int, int, int, unsigned long, int)",245608,245608,196,arm,STT_FUNC,STB_GLOBAL,STV_DEFAULT,12,.text
.dynsym,134,_Z20ETCTextureDecompressPKvRKiS2_S0_S2_,"ETCTextureDecompress(void const*, int const&, int const&, void const*, int const&)",245804,245804,1756,arm,STT_FUNC,STB_GLOBAL,STV_DEFAULT,12,.text
.dynsym,135,ETC_DIFF,ETC_DIFF,910020,910020,4,,STT_OBJECT,STB_GLOBAL,STV_DEFAULT,21,.data
.dynsym,136,ETC_FLIP,ETC_FLIP,910016,910016,4,,STT_OBJECT,STB_GLOBAL,STV_DEFAULT,21,.data
.dynsym,137,_Z17PVRTDecompressETCPKvRKjS2_PvRKi,"PVRTDecompressETC(void const*, unsigned int const&, unsigned int const&, void*, int const&)",247560,247560,392,arm,STT_FUNC,STB_GLOBAL,STV_DEFAULT,12,.text
.dynsym,138,_Z20PVRTTextureLoadTiledPhjjPKhjjjb,"PVRTTextureLoadTiled(unsigned char*, unsigned int, unsigned int, unsigned char const*, unsigned int, unsigned int, unsigned int, bool)",248508,248508,324,arm,STT_FUNC,STB_GLOBAL,STV_DEFAULT,12,.text
.dynsym,139,_Z18PVRTTextureTwiddleRjjj,"PVRTTextureTwiddle(unsigned int&, unsigned int, unsigned int)",248920,248920,376,arm,STT_FUNC,STB_GLOBAL,STV_DEFAULT,12,.text
.dynsym,140,_Z20PVRTTextureDeTwiddleRjS_j,"PVRTTextureDeTwiddle(unsigned int&, unsigned int&, unsigned int)",248832,248832,88,arm,STT_FUNC,STB_GLOBAL,STV_DEFAULT,12,.text
.dynsym,141,_Z17PVRTTextureCreatejjjjjb,"PVRTTextureCreate(unsigned int, unsigned int, unsigned int, unsigned int, unsigned int, bool)",249296,249296,208,arm,STT_FUNC,STB_GLOBAL,STV_DEFAULT,12,.text
.dynsym,142,_Z8PackRGBAhhhh,"PackRGBA(unsigned char, unsigned char, unsigned char, unsigned char)",249504,249504,16,arm,STT_FUNC,STB_GLOBAL,STV_DEFAULT,12,.text
.dynsym,143,_Z19DecompressBlockDXT1mmmPKhPm,"DecompressBlockDXT1(unsigned long, unsigned long, unsigned long, unsigned char const*, unsigned long*)",249520,249520,1008,arm,STT_FUNC,STB_GLOBAL,STV_DEFAULT,12,.text
.dynsym,144,_Z19DecompressBlockDXT5mmmPKhPm,"DecompressBlockDXT5(unsigned long, unsigned long, unsigned long, unsigned char const*, unsigned long*)",250704,250704,856,arm,STT_FUNC,STB_GLOBAL,STV_DEFAULT,12,.text
.dynsym,145,_Z19DecompressBlockDXT3mmmPKhPm,"DecompressBlockDXT3(unsigned long, unsigned long, unsigned long, unsigned char const*, unsigned long*)",251912,251912,312,arm,STT_FUNC,STB_GLOBAL,STV_DEFAULT,12,.text
.dynsym,146,_Z27DecompressBlockDXT1InternalPKhPmmS0_,"DecompressBlockDXT1Internal(unsigned char const*, unsigned long*, unsigned long, unsigned char const*)",252224,252224,1256,arm,STT_FUNC,STB_GLOBAL,STV_DEFAULT,12,.text
.dynsym,147,_Z14Color1555To888tPm,"Color1555To888(unsigned short, unsigned long*)",253480,253480,64,arm,STT_FUNC,STB_GLOBAL,STV_DEFAULT,12,.text
.dynsym,148,_Z13Color565To888tPm,"Color565To888(unsigned short, unsigned long*)",253544,253544,52,arm,STT_FUNC,STB_GLOBAL,STV_DEFAULT,12,.text
.dynsym,149,_Z9GetColorsttPm,"GetColors(unsigned short, unsigned short, unsigned long*)",253596,253596,256,arm,STT_FUNC,STB_GLOBAL,STV_DEFAULT,12,.text
.dynsym,150,_ZNK10ColorBlock3GetEPm,ColorBlock::Get(unsigned long*) const,255696,255696,352,arm,STT_FUNC,STB_WEAK,STV_DEFAULT,12,.text
.dynsym,151,_ZNK17InterporatedBlock3GetEPm,InterporatedBlock::Get(unsigned long*) const,255356,255356,340,arm,STT_FUNC,STB_WEAK,STV_DEFAULT,12,.text
.dynsym,152,_ZNK13ExplicitBlock3GetEPm,ExplicitBlock::Get(unsigned long*) const,255016,255016,340,arm,STT_FUNC,STB_WEAK,STV_DEFAULT,12,.text
.dynsym,153,_ZNK18ExplicitAlphaBlock3GetEPm,ExplicitAlphaBlock::Get(unsigned long*) const,256048,256048,292,arm,STT_FUNC,STB_WEAK,STV_DEFAULT,12,.text
.dynsym,154,_ZNK22InterporatedAlphaBlock3GetEPm,InterporatedAlphaBlock::Get(unsigned long*) const,256340,256340,372,arm,STT_FUNC,STB_WEAK,STV_DEFAULT,12,.text
.dynsym,155,_ZNK22InterporatedAlphaBlock22GetCompressedAlphaRampEPh,InterporatedAlphaBlock::GetCompressedAlphaRamp(unsigned char*) const,256712,256712,432,arm,STT_FUNC,STB_WEAK,STV_DEFAULT,12,.text
.dynsym,156,_ZN7rg_etc110etc1_block11pack_color5ERKNS_13color_quad_u8Ebj,"rg_etc1::etc1_block::pack_color5(rg_etc1::color_quad_u8 const&, bool, unsigned int)",257144,257144,132,arm,STT_FUNC,STB_GLOBAL,STV_DEFAULT,12,.text
.dynsym,157,_ZN7rg_etc110etc1_block11pack_color5Ejjjbj,"rg_etc1::etc1_block::pack_color5(unsigned int, unsigned int, unsigned int, bool, unsigned int)",257276,257276,124,arm,STT_FUNC,STB_GLOBAL,STV_DEFAULT,12,.text
.dynsym,158,_ZN7rg_etc110etc1_block13unpack_color5Etbj,"rg_etc1::etc1_block::unpack_color5(unsigned short, bool, unsigned int)",257400,257400,80,arm,STT_FUNC,STB_GLOBAL,STV_DEFAULT,12,.text
.dynsym,159,_ZN7rg_etc110etc1_block13unpack_color5ERjS1_S1_tb,"rg_etc1::etc1_block::unpack_color5(unsigned int&, unsigned int&, unsigned int&, unsigned short, bool)",257480,257480,84,arm,STT_FUNC,STB_GLOBAL,STV_DEFAULT,12,.text
.dynsym,160,_ZN7rg_etc110etc1_block13unpack_color5ERNS_13color_quad_u8Ettbj,"rg_etc1::etc1_block::unpack_color5(rg_etc1::color_quad_u8&, unsigned short, unsigned short, bool, unsigned int)",257564,257564,240,arm,STT_FUNC,STB_GLOBAL,STV_DEFAULT,12,.text
.dynsym,161,_ZN7rg_etc110etc1_block13unpack_delta3ERiS1_S1_t,"rg_etc1::etc1_block::unpack_delta3(int&, int&, int&, unsigned short)",257804,257804,76,arm,STT_FUNC,STB_GLOBAL,STV_DEFAULT,12,.text
.dynsym,162,_ZN7rg_etc110etc1_block13unpack_color5ERjS1_S1_ttbj,"rg_etc1::etc1_block::unpack_color5(unsigned int&, unsigned int&, unsigned int&, unsigned short, unsigned short, bool, unsigned int)",257880,257880,132,arm,STT_FUNC,STB_GLOBAL,STV_DEFAULT,12,.text
.dynsym,163,_ZN7rg_etc110etc1_block11pack_delta3Eiii,"rg_etc1::etc1_block::pack_delta3(int, int, int)",258012,258012,44,arm,STT_FUNC,STB_GLOBAL,STV_DEFAULT,12,.text
.dynsym,164,_ZN7rg_etc110etc1_block11pack_color4ERKNS_13color_quad_u8Ebj,"rg_etc1::etc1_block::pack_color4(rg_etc1::color_quad_u8 const&, bool, unsigned int)",258056,258056,132,arm,STT_FUNC,STB_GLOBAL,STV_DEFAULT,12,.text
.dynsym,165,_ZN7rg_etc110etc1_block11pack_color4Ejjjbj,"rg_etc1::etc1_block::pack_color4(unsigned int, unsigned int, unsigned int, bool, unsigned int)",258188,258188,124,arm,STT_FUNC,STB_GLOBAL,STV_DEFAULT,12,.text
.dynsym,166,_ZN7rg_etc110etc1_block13unpack_color4Etbj,"rg_etc1::etc1_block::unpack_color4(unsigned short, bool, unsigned int)",258312,258312,64,arm,STT_FUNC,STB_GLOBAL,STV_DEFAULT,12,.text
.dynsym,167,_ZN7rg_etc110etc1_block13unpack_color4ERjS1_S1_tb,"rg_etc1::etc1_block::unpack_color4(unsigned int&, unsigned int&, unsigned int&, unsigned short, bool)",258376,258376,68,arm,STT_FUNC,STB_GLOBAL,STV_DEFAULT,12,.text
.dynsym,168,_ZN7rg_etc110etc1_block24get_diff_subblock_colorsEPNS_13color_quad_u8Etj,"rg_etc1::etc1_block::get_diff_subblock_colors(rg_etc1::color_quad_u8*, unsigned short, unsigned int)",258444,258444,396,arm,STT_FUNC,STB_GLOBAL,STV_DEFAULT,12,.text
.dynsym,169,_ZN7rg_etc110etc1_block24get_diff_subblock_colorsEPNS_13color_quad_u8Ettj,"rg_etc1::etc1_block::get_diff_subblock_colors(rg_etc1::color_quad_u8*, unsigned short, unsigned short, unsigned int)",258840,258840,564,arm,STT_FUNC,STB_GLOBAL,STV_DEFAULT,12,.text
.dynsym,170,_ZN7rg_etc110etc1_block23get_abs_subblock_colorsEPNS_13color_quad_u8Etj,"rg_etc1::etc1_block::get_abs_subblock_colors(rg_etc1::color_quad_u8*, unsigned short, unsigned int)",259404,259404,396,arm,STT_FUNC,STB_GLOBAL,STV_DEFAULT,12,.text
.dynsym,171,_ZN7rg_etc117unpack_etc1_blockEPKvPjb,"rg_etc1::unpack_etc1_block(void const*, unsigned int*, bool)",259800,259800,2176,arm,STT_FUNC,STB_GLOBAL,STV_DEFAULT,12,.text
.dynsym,172,_ZN7rg_etc114etc1_optimizer7computeEv,rg_etc1::etc1_optimizer::compute(),261976,261976,1572,arm,STT_FUNC,STB_GLOBAL,STV_DEFAULT,12,.text
.dynsym,173,_ZN7rg_etc114etc1_optimizer17evaluate_solutionERKNS_25etc1_solution_coordinatesERNS0_18potential_solutionEPS4_,"rg_etc1::etc1_optimizer::evaluate_solution(rg_etc1::etc1_solution_coordinates const&, rg_etc1::etc1_optimizer::potential_solution&, rg_etc1::etc1_optimizer::potential_solution*)",263548,263548,1216,arm,STT_FUNC,STB_GLOBAL,STV_DEFAULT,12,.text
.dynsym,174,_ZN7rg_etc114etc1_optimizer22evaluate_solution_fastERKNS_25etc1_solution_coordinatesERNS0_18potential_solutionEPS4_,"rg_etc1::etc1_optimizer::evaluate_solution_fast(rg_etc1::etc1_solution_coordinates const&, rg_etc1::etc1_optimizer::potential_solution&, rg_etc1::etc1_optimizer::potential_solution*)",264764,264764,2356,arm,STT_FUNC,STB_GLOBAL,STV_DEFAULT,12,.text
.dynsym,175,_ZN7rg_etc114etc1_optimizer4initERKNS0_6paramsERNS0_7resultsE,"rg_etc1::etc1_optimizer::init(rg_etc1::etc1_optimizer::params const&, rg_etc1::etc1_optimizer::results&)",267120,267120,584,arm,STT_FUNC,STB_GLOBAL,STV_DEFAULT,12,.text
.dynsym,176,_ZN7rg_etc119indirect_radix_sortIjtEEPT_jS2_S2_PKT0_jjb,"unsigned int* rg_etc1::indirect_radix_sort<unsigned int, unsigned short>(unsigned int, unsigned int*, unsigned int*, unsigned short const*, unsigned int, unsigned int, bool)",267704,267704,1348,arm,STT_FUNC,STB_WEAK,STV_DEFAULT,12,.text
.dynsym,177,__aeabi_memclr8,__aeabi_memclr8,0,0,0,arm,STT_FUNC,STB_GLOBAL,STV_DEFAULT,SHN_UNDEF,SHN_UNDEF
.dynsym,178,_ZN7rg_etc120pack_etc1_block_initEv,rg_etc1::pack_etc1_block_init(),269052,269052,1724,arm,STT_FUNC,STB_GLOBAL,STV_DEFAULT,12,.text
.dynsym,179,_ZN7rg_etc115pack_etc1_blockEPvPKjRNS_16etc1_pack_paramsE,"rg_etc1::pack_etc1_block(void*, unsigned int const*, rg_etc1::etc1_pack_params&)",270776,270776,4584,arm,STT_FUNC,STB_GLOBAL,STV_DEFAULT,12,.text
.dynsym,180,__aeabi_memset8,__aeabi_memset8,0,0,0,arm,STT_FUNC,STB_GLOBAL,STV_DEFAULT,SHN_UNDEF,SHN_UNDEF
.dynsym,181,_ZZN7rg_etc114etc1_optimizer6params22clear_optimizer_paramsEvE20s_default_scan_delta,rg_etc1::etc1_optimizer::params::clear_optimizer_params()::s_default_scan_delta,808020,808020,4,,STT_OBJECT,STB_WEAK,STV_DEFAULT,15,.rodata
.dynsym,182,_ZNSt6vectorIP17tagINLINEHOOKINFOSaIS1_EED2Ev,"std::vector<tagINLINEHOOKINFO*, std::allocator<tagINLINEHOOKINFO*> >::~vector()",275800,275800,64,arm,STT_FUNC,STB_WEAK,STV_DEFAULT,12,.text
.dynsym,183,_Z10InlineHookPvPFvP7pt_regsE,"InlineHook(void*, void (*)(pt_regs*))",275864,275864,440,arm,STT_FUNC,STB_GLOBAL,STV_DEFAULT,12,.text
.dynsym,184,HookArm,HookArm,282000,282000,280,arm,STT_FUNC,STB_GLOBAL,STV_DEFAULT,12,.text
.dynsym,185,HookThumb,HookThumb,282280,282280,280,arm,STT_FUNC,STB_GLOBAL,STV_DEFAULT,12,.text
.dynsym,186,_ZNSt6vectorIP17tagINLINEHOOKINFOSaIS1_EE18_M_insert_overflowEPS1_RKS1_RKSt11__true_typejb,"std::vector<tagINLINEHOOKINFO*, std::allocator<tagINLINEHOOKINFO*> >::_M_insert_overflow(tagINLINEHOOKINFO**, tagINLINEHOOKINFO* const&, std::__true_type const&, unsigned int, bool)",276980,276980,456,arm,STT_FUNC,STB_WEAK,STV_DEFAULT,12,.text
.dynsym,187,_Z12UnInlineHookPv,UnInlineHook(void*),276304,276304,228,arm,STT_FUNC,STB_GLOBAL,STV_DEFAULT,12,.text
.dynsym,188,_Z12RegisterHookP7pt_regs,RegisterHook(pt_regs*),276532,276532,96,arm,STT_FUNC,STB_GLOBAL,STV_DEFAULT,12,.text
.dynsym,189,puts,puts,0,0,0,arm,STT_FUNC,STB_GLOBAL,STV_DEFAULT,SHN_UNDEF,SHN_UNDEF
.dynsym,190,abort,abort,0,0,0,arm,STT_FUNC,STB_GLOBAL,STV_DEFAULT,SHN_UNDEF,SHN_UNDEF
.dynsym,191,ChangePageProperty,ChangePageProperty,277436,277436,216,arm,STT_FUNC,STB_GLOBAL,STV_DEFAULT,12,.text
.dynsym,192,GetModuleBaseAddr,GetModuleBaseAddr,277652,277652,468,arm,STT_FUNC,STB_GLOBAL,STV_DEFAULT,12,.text
.dynsym,193,strtoul,strtoul,0,0,0,arm,STT_FUNC,STB_GLOBAL,STV_DEFAULT,SHN_UNDEF,SHN_UNDEF
.dynsym,194,InitArmHookInfo,InitArmHookInfo,278120,278120,272,arm,STT_FUNC,STB_GLOBAL,STV_DEFAULT,12,.text
.dynsym,195,__aeabi_memset4,__aeabi_memset4,0,0,0,arm,STT_FUNC,STB_GLOBAL,STV_DEFAULT,SHN_UNDEF,SHN_UNDEF
.dynsym,196,lengthFixArm32,lengthFixArm32,283032,283032,44,arm,STT_FUNC,STB_GLOBAL,STV_DEFAULT,12,.text
.dynsym,197,InitThumbHookInfo,InitThumbHookInfo,278392,278392,1020,arm,STT_FUNC,STB_GLOBAL,STV_DEFAULT,12,.text
.dynsym,198,isThumb32,isThumb32,283652,283652,140,arm,STT_FUNC,STB_GLOBAL,STV_DEFAULT,12,.text
.dynsym,199,lengthFixThumb32,lengthFixThumb32,282560,282560,472,arm,STT_FUNC,STB_GLOBAL,STV_DEFAULT,12,.text
.dynsym,200,lengthFixThumb16,lengthFixThumb16,283460,283460,192,arm,STT_FUNC,STB_GLOBAL,STV_DEFAULT,12,.text
.dynsym,201,BuildStub,BuildStub,279412,279412,400,arm,STT_FUNC,STB_GLOBAL,STV_DEFAULT,12,.text
.dynsym,202,_shellcode_start_s,_shellcode_start_s,910024,910024,0,,STT_NOTYPE,STB_GLOBAL,STV_DEFAULT,21,.data
.dynsym,203,_shellcode_end_s,_shellcode_end_s,910100,910100,0,,STT_NOTYPE,STB_GLOBAL,STV_DEFAULT,21,.data
.dynsym,204,_hookstub_function_addr_s,_hookstub_function_addr_s,910092,910092,0,,STT_NOTYPE,STB_GLOBAL,STV_DEFAULT,21,.data
.dynsym,205,_old_function_addr_s,_old_function_addr_s,910096,910096,0,,STT_NOTYPE,STB_GLOBAL,STV_DEFAULT,21,.data
.dynsym,206,BuildStubThumb,BuildStubThumb,279812,279812,400,arm,STT_FUNC,STB_GLOBAL,STV_DEFAULT,12,.text
.dynsym,207,_shellcode_start_s_thumb,_shellcode_start_s_thumb,910100,910100,0,,STT_NOTYPE,STB_GLOBAL,STV_DEFAULT,21,.data
.dynsym,208,_shellcode_end_s_thumb,_shellcode_end_s_thumb,910196,910196,0,,STT_NOTYPE,STB_GLOBAL,STV_DEFAULT,21,.data
.dynsym,209,_hookstub_function_addr_s_thumb,_hookstub_function_addr_s_thumb,910188,910188,0,,STT_NOTYPE,STB_GLOBAL,STV_DEFAULT,21,.data
.dynsym,210,_old_function_addr_s_thumb,_old_function_addr_s_thumb,910192,910192,0,,STT_NOTYPE,STB_GLOBAL,STV_DEFAULT,21,.data
.dynsym,211,BuildArmJumpCode,BuildArmJumpCode,280212,280212,100,arm,STT_FUNC,STB_GLOBAL,STV_DEFAULT,12,.text
.dynsym,212,cacheflush,cacheflush,0,0,0,arm,STT_FUNC,STB_GLOBAL,STV_DEFAULT,SHN_UNDEF,SHN_UNDEF
.dynsym,213,BuildThumbJumpCode,BuildThumbJumpCode,280312,280312,144,arm,STT_FUNC,STB_GLOBAL,STV_DEFAULT,12,.text
.dynsym,214,BuildOldFunction,BuildOldFunction,280456,280456,468,arm,STT_FUNC,STB_GLOBAL,STV_DEFAULT,12,.text
.dynsym,215,mmap,mmap,0,0,0,arm,STT_FUNC,STB_GLOBAL,STV_DEFAULT,SHN_UNDEF,SHN_UNDEF
.dynsym,216,fixPCOpcodeArm,fixPCOpcodeArm,283828,283828,592,arm,STT_FUNC,STB_GLOBAL,STV_DEFAULT,12,.text
.dynsym,217,BuildOldFunctionThumb,BuildOldFunctionThumb,280924,280924,596,arm,STT_FUNC,STB_GLOBAL,STV_DEFAULT,12,.text
.dynsym,218,fixPCOpcodeThumb,fixPCOpcodeThumb,286076,286076,1096,arm,STT_FUNC,STB_GLOBAL,STV_DEFAULT,12,.text
.dynsym,219,RebuildHookTarget,RebuildHookTarget,281520,281520,220,arm,STT_FUNC,STB_GLOBAL,STV_DEFAULT,12,.text
.dynsym,220,RebuildHookTargetThumb,RebuildHookTargetThumb,281740,281740,260,arm,STT_FUNC,STB_GLOBAL,STV_DEFAULT,12,.text
.dynsym,221,isTargetAddrInBackup,isTargetAddrInBackup,283792,283792,36,arm,STT_FUNC,STB_GLOBAL,STV_DEFAULT,12,.text
.dynsym,222,fixPCOpcodeArm32,fixPCOpcodeArm32,284420,284420,1656,arm,STT_FUNC,STB_GLOBAL,STV_DEFAULT,12,.text
.dynsym,223,fixPCOpcodeThumb32,fixPCOpcodeThumb32,287172,287172,2392,arm,STT_FUNC,STB_GLOBAL,STV_DEFAULT,12,.text
.dynsym,224,fixPCOpcodeThumb16,fixPCOpcodeThumb16,289564,289564,1732,arm,STT_FUNC,STB_GLOBAL,STV_DEFAULT,12,.text
.dynsym,225,getopt,getopt,291297,291296,22,thumb,STT_FUNC,STB_GLOBAL,STV_DEFAULT,12,.text
.dynsym,226,getenv,getenv,0,0,0,arm,STT_FUNC,STB_GLOBAL,STV_DEFAULT,SHN_UNDEF,SHN_UNDEF
.dynsym,227,strchr,strchr,0,0,0,arm,STT_FUNC,STB_GLOBAL,STV_DEFAULT,SHN_UNDEF,SHN_UNDEF
.dynsym,228,fprintf,fprintf,0,0,0,arm,STT_FUNC,STB_GLOBAL,STV_DEFAULT,SHN_UNDEF,SHN_UNDEF
.dynsym,229,optind,optind,910200,910200,4,,STT_OBJECT,STB_GLOBAL,STV_DEFAULT,21,.data
.dynsym,230,optreset,optreset,946676,946676,4,,STT_OBJECT,STB_GLOBAL,STV_DEFAULT,22,.bss
.dynsym,231,optarg,optarg,946672,946672,4,,STT_OBJECT,STB_GLOBAL,STV_DEFAULT,22,.bss
.dynsym,232,opterr,opterr,910196,910196,4,,STT_OBJECT,STB_GLOBAL,STV_DEFAULT,21,.data
.dynsym,233,__sF,__sF,0,0,0,,STT_OBJECT,STB_GLOBAL,STV_DEFAULT,SHN_UNDEF,SHN_UNDEF
.dynsym,234,optopt,optopt,910204,910204,4,,STT_OBJECT,STB_GLOBAL,STV_DEFAULT,21,.data
.dynsym,235,getopt_long,getopt_long,292885,292884,26,thumb,STT_FUNC,STB_GLOBAL,STV_DEFAULT,12,.text
.dynsym,236,getopt_long_only,getopt_long_only,292911,292910,26,thumb,STT_FUNC,STB_GLOBAL,STV_DEFAULT,12,.text
.dynsym,237,__aeabi_idivmod,__aeabi_idivmod,717136,717136,32,arm,STT_FUNC,STB_GLOBAL,STV_DEFAULT,12,.text
.dynsym,238,glcpp_lex,glcpp_lex,293709,293708,7516,thumb,STT_FUNC,STB_GLOBAL,STV_DEFAULT,12,.text
.dynsym,239,glcpp__create_buffer,glcpp__create_buffer,301365,301364,116,thumb,STT_FUNC,STB_GLOBAL,STV_DEFAULT,12,.text
.dynsym,240,glcpp_error,glcpp_error,315809,315808,164,thumb,STT_FUNC,STB_GLOBAL,STV_DEFAULT,12,.text
.dynsym,241,getc,getc,0,0,0,arm,STT_FUNC,STB_GLOBAL,STV_DEFAULT,SHN_UNDEF,SHN_UNDEF
.dynsym,242,fread,fread,0,0,0,arm,STT_FUNC,STB_GLOBAL,STV_DEFAULT,SHN_UNDEF,SHN_UNDEF
.dynsym,243,ferror,ferror,0,0,0,arm,STT_FUNC,STB_GLOBAL,STV_DEFAULT,SHN_UNDEF,SHN_UNDEF
.dynsym,244,clearerr,clearerr,0,0,0,arm,STT_FUNC,STB_GLOBAL,STV_DEFAULT,SHN_UNDEF,SHN_UNDEF
.dynsym,245,glcpp_restart,glcpp_restart,301673,301672,98,thumb,STT_FUNC,STB_GLOBAL,STV_DEFAULT,12,.text
.dynsym,246,ralloc_strdup,ralloc_strdup,320939,320938,58,thumb,STT_FUNC,STB_GLOBAL,STV_DEFAULT,12,.text
.dynsym,247,__aeabi_memclr4,__aeabi_memclr4,0,0,0,arm,STT_FUNC,STB_GLOBAL,STV_DEFAULT,SHN_UNDEF,SHN_UNDEF
.dynsym,248,glcpp__flush_buffer,glcpp__flush_buffer,302019,302018,76,thumb,STT_FUNC,STB_GLOBAL,STV_DEFAULT,12,.text
.dynsym,249,glcpp__switch_to_buffer,glcpp__switch_to_buffer,301849,301848,106,thumb,STT_FUNC,STB_GLOBAL,STV_DEFAULT,12,.text
.dynsym,250,glcpp_alloc,glcpp_alloc,301955,301954,4,thumb,STT_FUNC,STB_GLOBAL,STV_DEFAULT,12,.text
.dynsym,251,glcpp__delete_buffer,glcpp__delete_buffer,301959,301958,56,thumb,STT_FUNC,STB_GLOBAL,STV_DEFAULT,12,.text
.dynsym,252,glcpp_free,glcpp_free,302015,302014,4,thumb,STT_FUNC,STB_GLOBAL,STV_DEFAULT,12,.text
.dynsym,253,glcpp_push_buffer_state,glcpp_push_buffer_state,302095,302094,98,thumb,STT_FUNC,STB_GLOBAL,STV_DEFAULT,12,.text
.dynsym,254,glcpp_pop_buffer_state,glcpp_pop_buffer_state,302193,302192,80,thumb,STT_FUNC,STB_GLOBAL,STV_DEFAULT,12,.text
.dynsym,255,glcpp__scan_buffer,glcpp__scan_buffer,302273,302272,140,thumb,STT_FUNC,STB_GLOBAL,STV_DEFAULT,12,.text
.dynsym,256,glcpp__scan_string,glcpp__scan_string,302413,302412,26,thumb,STT_FUNC,STB_GLOBAL,STV_DEFAULT,12,.text
.dynsym,257,glcpp__scan_bytes,glcpp__scan_bytes,302441,302440,164,thumb,STT_FUNC,STB_GLOBAL,STV_DEFAULT,12,.text
.dynsym,258,glcpp_get_extra,glcpp_get_extra,302605,302604,4,thumb,STT_FUNC,STB_GLOBAL,STV_DEFAULT,12,.text
.dynsym,259,glcpp_get_lineno,glcpp_get_lineno,302609,302608,20,thumb,STT_FUNC,STB_GLOBAL,STV_DEFAULT,12,.text
.dynsym,260,glcpp_get_column,glcpp_get_column,302629,302628,20,thumb,STT_FUNC,STB_GLOBAL,STV_DEFAULT,12,.text
.dynsym,261,glcpp_get_in,glcpp_get_in,302649,302648,4,thumb,STT_FUNC,STB_GLOBAL,STV_DEFAULT,12,.text
.dynsym,262,glcpp_get_out,glcpp_get_out,302653,302652,4,thumb,STT_FUNC,STB_GLOBAL,STV_DEFAULT,12,.text
.dynsym,263,glcpp_get_leng,glcpp_get_leng,302657,302656,4,thumb,STT_FUNC,STB_GLOBAL,STV_DEFAULT,12,.text
.dynsym,264,glcpp_get_text,glcpp_get_text,302661,302660,4,thumb,STT_FUNC,STB_GLOBAL,STV_DEFAULT,12,.text
.dynsym,265,glcpp_set_extra,glcpp_set_extra,302665,302664,4,thumb,STT_FUNC,STB_GLOBAL,STV_DEFAULT,12,.text
.dynsym,266,glcpp_set_lineno,glcpp_set_lineno,302669,302668,68,thumb,STT_FUNC,STB_GLOBAL,STV_DEFAULT,12,.text
.dynsym,267,glcpp_set_column,glcpp_set_column,302737,302736,68,thumb,STT_FUNC,STB_GLOBAL,STV_DEFAULT,12,.text
.dynsym,268,glcpp_set_in,glcpp_set_in,302805,302804,4,thumb,STT_FUNC,STB_GLOBAL,STV_DEFAULT,12,.text
.dynsym,269,glcpp_set_out,glcpp_set_out,302809,302808,4,thumb,STT_FUNC,STB_GLOBAL,STV_DEFAULT,12,.text
.dynsym,270,glcpp_get_debug,glcpp_get_debug,302813,302812,4,thumb,STT_FUNC,STB_GLOBAL,STV_DEFAULT,12,.text
.dynsym,271,glcpp_set_debug,glcpp_set_debug,302817,302816,4,thumb,STT_FUNC,STB_GLOBAL,STV_DEFAULT,12,.text
.dynsym,272,glcpp_get_lval,glcpp_get_lval,302821,302820,4,thumb,STT_FUNC,STB_GLOBAL,STV_DEFAULT,12,.text
.dynsym,273,glcpp_set_lval,glcpp_set_lval,302825,302824,4,thumb,STT_FUNC,STB_GLOBAL,STV_DEFAULT,12,.text
.dynsym,274,glcpp_get_lloc,glcpp_get_lloc,302829,302828,4,thumb,STT_FUNC,STB_GLOBAL,STV_DEFAULT,12,.text
.dynsym,275,glcpp_set_lloc,glcpp_set_lloc,302833,302832,4,thumb,STT_FUNC,STB_GLOBAL,STV_DEFAULT,12,.text
.dynsym,276,glcpp_lex_init,glcpp_lex_init,302837,302836,50,thumb,STT_FUNC,STB_GLOBAL,STV_DEFAULT,12,.text
.dynsym,277,__aeabi_memclr,__aeabi_memclr,0,0,0,arm,STT_FUNC,STB_GLOBAL,STV_DEFAULT,SHN_UNDEF,SHN_UNDEF
.dynsym,278,glcpp_lex_init_extra,glcpp_lex_init_extra,302887,302886,90,thumb,STT_FUNC,STB_GLOBAL,STV_DEFAULT,12,.text
.dynsym,279,glcpp_lex_destroy,glcpp_lex_destroy,302977,302976,74,thumb,STT_FUNC,STB_GLOBAL,STV_DEFAULT,12,.text
.dynsym,280,glcpp_realloc,glcpp_realloc,303051,303050,4,thumb,STT_FUNC,STB_GLOBAL,STV_DEFAULT,12,.text
.dynsym,281,glcpp_lex_set_source_string,glcpp_lex_set_source_string,303055,303054,28,thumb,STT_FUNC,STB_GLOBAL,STV_DEFAULT,12,.text
.dynsym,282,glcpp_parser_parse,glcpp_parser_parse,303085,303084,5648,thumb,STT_FUNC,STB_GLOBAL,STV_DEFAULT,12,.text
.dynsym,283,fwrite,fwrite,0,0,0,arm,STT_FUNC,STB_GLOBAL,STV_DEFAULT,SHN_UNDEF,SHN_UNDEF
.dynsym,284,fputc,fputc,0,0,0,arm,STT_FUNC,STB_GLOBAL,STV_DEFAULT,SHN_UNDEF,SHN_UNDEF
.dynsym,285,ralloc_asprintf_rewrite_tail,ralloc_asprintf_rewrite_tail,321781,321780,76,thumb,STT_FUNC,STB_GLOBAL,STV_DEFAULT,12,.text
.dynsym,286,ralloc_free,ralloc_free,320621,320620,28,thumb,STT_FUNC,STB_GLOBAL,STV_DEFAULT,12,.text
.dynsym,287,hash_table_find,hash_table_find,317875,317874,64,thumb,STT_FUNC,STB_GLOBAL,STV_DEFAULT,12,.text
.dynsym,288,hash_table_remove,hash_table_remove,318173,318172,82,thumb,STT_FUNC,STB_GLOBAL,STV_DEFAULT,12,.text
.dynsym,289,strtoll,strtoll,0,0,0,arm,STT_FUNC,STB_GLOBAL,STV_DEFAULT,SHN_UNDEF,SHN_UNDEF
.dynsym,290,__aeabi_ldivmod,__aeabi_ldivmod,717168,717168,0,arm,STT_FUNC,STB_GLOBAL,STV_DEFAULT,12,.text
.dynsym,291,ralloc_size,ralloc_size,320277,320276,48,thumb,STT_FUNC,STB_GLOBAL,STV_DEFAULT,12,.text
.dynsym,292,ralloc_steal,ralloc_steal,320753,320752,56,thumb,STT_FUNC,STB_GLOBAL,STV_DEFAULT,12,.text
.dynsym,293,glcpp_parser_debug,glcpp_parser_debug,946668,946668,4,,STT_OBJECT,STB_GLOBAL,STV_DEFAULT,22,.bss
.dynsym,294,glcpp_warning,glcpp_warning,315973,315972,164,thumb,STT_FUNC,STB_GLOBAL,STV_DEFAULT,12,.text
.dynsym,295,__aeabi_memcpy8,__aeabi_memcpy8,0,0,0,arm,STT_FUNC,STB_GLOBAL,STV_DEFAULT,SHN_UNDEF,SHN_UNDEF
.dynsym,296,hash_table_insert,hash_table_insert,317941,317940,108,thumb,STT_FUNC,STB_GLOBAL,STV_DEFAULT,12,.text
.dynsym,297,glcpp_parser_resolve_implicit_version,glcpp_parser_resolve_implicit_version,309385,309384,32,thumb,STT_FUNC,STB_GLOBAL,STV_DEFAULT,12,.text
.dynsym,298,glcpp_parser_create,glcpp_parser_create,311805,311804,148,thumb,STT_FUNC,STB_GLOBAL,STV_DEFAULT,12,.text
.dynsym,299,hash_table_ctor,hash_table_ctor,317721,317720,66,thumb,STT_FUNC,STB_GLOBAL,STV_DEFAULT,12,.text
.dynsym,300,hash_table_string_hash,hash_table_string_hash,318325,318324,36,thumb,STT_FUNC,STB_GLOBAL,STV_DEFAULT,12,.text
.dynsym,301,glcpp_parser_destroy,glcpp_parser_destroy,311953,311952,28,thumb,STT_FUNC,STB_GLOBAL,STV_DEFAULT,12,.text
.dynsym,302,hash_table_dtor,hash_table_dtor,317787,317786,20,thumb,STT_FUNC,STB_GLOBAL,STV_DEFAULT,12,.text
.dynsym,303,ralloc_asprintf_append,ralloc_asprintf_append,321461,321460,76,thumb,STT_FUNC,STB_GLOBAL,STV_DEFAULT,12,.text
.dynsym,304,ralloc_strcat,ralloc_strcat,321063,321062,28,thumb,STT_FUNC,STB_GLOBAL,STV_DEFAULT,12,.text
.dynsym,305,ralloc_asprintf,ralloc_asprintf,321213,321212,76,thumb,STT_FUNC,STB_GLOBAL,STV_DEFAULT,12,.text
.dynsym,306,ralloc_vasprintf_rewrite_tail,ralloc_vasprintf_rewrite_tail,321625,321624,156,thumb,STT_FUNC,STB_GLOBAL,STV_DEFAULT,12,.text
.dynsym,307,glcpp_preprocess,glcpp_preprocess,316137,316136,556,thumb,STT_FUNC,STB_GLOBAL,STV_DEFAULT,12,.text
.dynsym,308,ralloc_strncat,ralloc_strncat,321169,321168,44,thumb,STT_FUNC,STB_GLOBAL,STV_DEFAULT,12,.text
.dynsym,309,glsl_strtod,glsl_strtod,316693,316692,4,thumb,STT_FUNC,STB_GLOBAL,STV_DEFAULT,12,.text
.dynsym,310,strtod,strtod,0,0,0,arm,STT_FUNC,STB_GLOBAL,STV_DEFAULT,SHN_UNDEF,SHN_UNDEF
.dynsym,311,glsl_strtof,glsl_strtof,316697,316696,22,thumb,STT_FUNC,STB_GLOBAL,STV_DEFAULT,12,.text
.dynsym,312,_mesa_align_malloc,_mesa_align_malloc,316719,316718,36,thumb,STT_FUNC,STB_GLOBAL,STV_DEFAULT,12,.text
.dynsym,313,_mesa_align_calloc,_mesa_align_calloc,316755,316754,38,thumb,STT_FUNC,STB_GLOBAL,STV_DEFAULT,12,.text
.dynsym,314,calloc,calloc,0,0,0,arm,STT_FUNC,STB_GLOBAL,STV_DEFAULT,SHN_UNDEF,SHN_UNDEF
.dynsym,315,_mesa_align_free,_mesa_align_free,316793,316792,12,thumb,STT_FUNC,STB_GLOBAL,STV_DEFAULT,12,.text
.dynsym,316,_mesa_align_realloc,_mesa_align_realloc,316805,316804,84,thumb,STT_FUNC,STB_GLOBAL,STV_DEFAULT,12,.text
.dynsym,317,ffs,ffs,316889,316888,58,thumb,STT_FUNC,STB_GLOBAL,STV_DEFAULT,12,.text
.dynsym,318,ffsll,ffsll,316947,316946,32,thumb,STT_FUNC,STB_GLOBAL,STV_DEFAULT,12,.text
.dynsym,319,_mesa_bitcount,_mesa_bitcount,316979,316978,28,thumb,STT_FUNC,STB_GLOBAL,STV_DEFAULT,12,.text
.dynsym,320,_mesa_bitcount_64,_mesa_bitcount_64,317007,317006,36,thumb,STT_FUNC,STB_GLOBAL,STV_DEFAULT,12,.text
.dynsym,321,_mesa_round_to_even,_mesa_round_to_even,317043,317042,110,thumb,STT_FUNC,STB_GLOBAL,STV_DEFAULT,12,.text
.dynsym,322,floor,floor,0,0,0,arm,STT_FUNC,STB_GLOBAL,STV_DEFAULT,SHN_UNDEF,SHN_UNDEF
.dynsym,323,_mesa_float_to_half,_mesa_float_to_half,317153,317152,232,thumb,STT_FUNC,STB_GLOBAL,STV_DEFAULT,12,.text
.dynsym,324,_mesa_half_to_float,_mesa_half_to_float,317385,317384,136,thumb,STT_FUNC,STB_GLOBAL,STV_DEFAULT,12,.text
.dynsym,325,_mesa_strdup,_mesa_strdup,317521,317520,40,thumb,STT_FUNC,STB_GLOBAL,STV_DEFAULT,12,.text
.dynsym,326,_mesa_strtof,_mesa_strtof,317561,317560,22,thumb,STT_FUNC,STB_GLOBAL,STV_DEFAULT,12,.text
.dynsym,327,_mesa_str_checksum,_mesa_str_checksum,317583,317582,58,thumb,STT_FUNC,STB_GLOBAL,STV_DEFAULT,12,.text
.dynsym,328,_mesa_vsnprintf,_mesa_vsnprintf,317641,317640,4,thumb,STT_FUNC,STB_GLOBAL,STV_DEFAULT,12,.text
.dynsym,329,vsnprintf,vsnprintf,0,0,0,arm,STT_FUNC,STB_GLOBAL,STV_DEFAULT,SHN_UNDEF,SHN_UNDEF
.dynsym,330,_mesa_snprintf,_mesa_snprintf,317645,317644,76,thumb,STT_FUNC,STB_GLOBAL,STV_DEFAULT,12,.text
.dynsym,331,hash_table_clear,hash_table_clear,317807,317806,68,thumb,STT_FUNC,STB_GLOBAL,STV_DEFAULT,12,.text
.dynsym,332,_mesa_error_no_memory,_mesa_error_no_memory,649849,649848,52,thumb,STT_FUNC,STB_GLOBAL,STV_DEFAULT,12,.text
.dynsym,333,hash_table_replace,hash_table_replace,318049,318048,124,thumb,STT_FUNC,STB_GLOBAL,STV_DEFAULT,12,.text
.dynsym,334,hash_table_call_foreach,hash_table_call_foreach,318255,318254,70,thumb,STT_FUNC,STB_GLOBAL,STV_DEFAULT,12,.text
.dynsym,335,hash_table_pointer_hash,hash_table_pointer_hash,318361,318360,4,thumb,STT_FUNC,STB_GLOBAL,STV_DEFAULT,12,.text
.dynsym,336,hash_table_pointer_compare,hash_table_pointer_compare,318365,318364,12,thumb,STT_FUNC,STB_GLOBAL,STV_DEFAULT,12,.text
.dynsym,337,_mesa_symbol_table_pop_scope,_mesa_symbol_table_pop_scope,318377,318376,48,thumb,STT_FUNC,STB_GLOBAL,STV_DEFAULT,12,.text
.dynsym,338,_mesa_symbol_table_push_scope,_mesa_symbol_table_push_scope,318425,318424,72,thumb,STT_FUNC,STB_GLOBAL,STV_DEFAULT,12,.text
.dynsym,339,_mesa_symbol_table_symbol_scope,_mesa_symbol_table_symbol_scope,318497,318496,56,thumb,STT_FUNC,STB_GLOBAL,STV_DEFAULT,12,.text
.dynsym,340,_mesa_symbol_table_find_symbol,_mesa_symbol_table_find_symbol,318553,318552,48,thumb,STT_FUNC,STB_GLOBAL,STV_DEFAULT,12,.text
.dynsym,341,_mesa_symbol_table_add_symbol,_mesa_symbol_table_add_symbol,318601,318600,204,thumb,STT_FUNC,STB_GLOBAL,STV_DEFAULT,12,.text
.dynsym,342,strdup,strdup,0,0,0,arm,STT_FUNC,STB_GLOBAL,STV_DEFAULT,SHN_UNDEF,SHN_UNDEF
.dynsym,343,_mesa_symbol_table_add_global_symbol,_mesa_symbol_table_add_global_symbol,318805,318804,224,thumb,STT_FUNC,STB_GLOBAL,STV_DEFAULT,12,.text
.dynsym,344,_mesa_symbol_table_ctor,_mesa_symbol_table_ctor,319029,319028,56,thumb,STT_FUNC,STB_GLOBAL,STV_DEFAULT,12,.text
.dynsym,345,_mesa_symbol_table_dtor,_mesa_symbol_table_dtor,319085,319084,68,thumb,STT_FUNC,STB_GLOBAL,STV_DEFAULT,12,.text
.dynsym,346,_mesa_hash_table_create,_mesa_hash_table_create,319153,319152,84,thumb,STT_FUNC,STB_GLOBAL,STV_DEFAULT,12,.text
.dynsym,347,rzalloc_array_size,rzalloc_array_size,320489,320488,60,thumb,STT_FUNC,STB_GLOBAL,STV_DEFAULT,12,.text
.dynsym,348,_mesa_hash_table_destroy,_mesa_hash_table_destroy,319237,319236,180,thumb,STT_FUNC,STB_GLOBAL,STV_DEFAULT,12,.text
.dynsym,349,_mesa_hash_table_next_entry,_mesa_hash_table_next_entry,319417,319416,56,thumb,STT_FUNC,STB_GLOBAL,STV_DEFAULT,12,.text
.dynsym,350,_mesa_hash_table_set_deleted_key,_mesa_hash_table_set_deleted_key,319473,319472,4,thumb,STT_FUNC,STB_GLOBAL,STV_DEFAULT,12,.text
.dynsym,351,_mesa_hash_table_search,_mesa_hash_table_search,319477,319476,106,thumb,STT_FUNC,STB_GLOBAL,STV_DEFAULT,12,.text
.dynsym,352,_mesa_hash_table_insert,_mesa_hash_table_insert,319583,319582,190,thumb,STT_FUNC,STB_GLOBAL,STV_DEFAULT,12,.text
.dynsym,353,_mesa_hash_table_remove,_mesa_hash_table_remove,320005,320004,20,thumb,STT_FUNC,STB_GLOBAL,STV_DEFAULT,12,.text
.dynsym,354,_mesa_hash_table_random_entry,_mesa_hash_table_random_entry,320025,320024,132,thumb,STT_FUNC,STB_GLOBAL,STV_DEFAULT,12,.text
.dynsym,355,lrand48,lrand48,0,0,0,arm,STT_FUNC,STB_GLOBAL,STV_DEFAULT,SHN_UNDEF,SHN_UNDEF
.dynsym,356,_mesa_hash_data,_mesa_hash_data,320157,320156,42,thumb,STT_FUNC,STB_GLOBAL,STV_DEFAULT,12,.text
.dynsym,357,_mesa_hash_string,_mesa_hash_string,320199,320198,40,thumb,STT_FUNC,STB_GLOBAL,STV_DEFAULT,12,.text
.dynsym,358,_mesa_key_string_equal,_mesa_key_string_equal,320239,320238,20,thumb,STT_FUNC,STB_GLOBAL,STV_DEFAULT,12,.text
.dynsym,359,_mesa_key_pointer_equal,_mesa_key_pointer_equal,320259,320258,12,thumb,STT_FUNC,STB_GLOBAL,STV_DEFAULT,12,.text
.dynsym,360,ralloc_context,ralloc_context,320271,320270,6,thumb,STT_FUNC,STB_GLOBAL,STV_DEFAULT,12,.text
.dynsym,361,rzalloc_size,rzalloc_size,320325,320324,26,thumb,STT_FUNC,STB_GLOBAL,STV_DEFAULT,12,.text
.dynsym,362,reralloc_size,reralloc_size,320351,320350,16,thumb,STT_FUNC,STB_GLOBAL,STV_DEFAULT,12,.text
.dynsym,363,ralloc_array_size,ralloc_array_size,320437,320436,52,thumb,STT_FUNC,STB_GLOBAL,STV_DEFAULT,12,.text
.dynsym,364,reralloc_array_size,reralloc_array_size,320549,320548,72,thumb,STT_FUNC,STB_GLOBAL,STV_DEFAULT,12,.text
.dynsym,365,ralloc_parent,ralloc_parent,320809,320808,18,thumb,STT_FUNC,STB_GLOBAL,STV_DEFAULT,12,.text
.dynsym,366,ralloc_autofree_context,ralloc_autofree_context,320829,320828,64,thumb,STT_FUNC,STB_GLOBAL,STV_DEFAULT,12,.text
.dynsym,367,ralloc_set_destructor,ralloc_set_destructor,320933,320932,6,thumb,STT_FUNC,STB_GLOBAL,STV_DEFAULT,12,.text
.dynsym,368,ralloc_strndup,ralloc_strndup,320997,320996,66,thumb,STT_FUNC,STB_GLOBAL,STV_DEFAULT,12,.text
.dynsym,369,ralloc_vasprintf,ralloc_vasprintf,321289,321288,108,thumb,STT_FUNC,STB_GLOBAL,STV_DEFAULT,12,.text
.dynsym,370,printf_length,printf_length,321397,321396,64,thumb,STT_FUNC,STB_GLOBAL,STV_DEFAULT,12,.text
.dynsym,371,ralloc_vasprintf_append,ralloc_vasprintf_append,321537,321536,88,thumb,STT_FUNC,STB_GLOBAL,STV_DEFAULT,12,.text
.dynsym,372,_ZNK19ast_array_specifier5printEv,ast_array_specifier::print() const,321857,321856,88,thumb,STT_FUNC,STB_GLOBAL,STV_DEFAULT,12,.text
.dynsym,373,_Z28_mesa_ast_array_index_to_hirPvP22_mesa_glsl_parse_stateP9ir_rvalueS3_R7YYLTYPES5_,"_mesa_ast_array_index_to_hir(void*, _mesa_glsl_parse_state*, ir_rvalue*, ir_rvalue*, YYLTYPE&, YYLTYPE&)",321945,321944,1044,thumb,STT_FUNC,STB_GLOBAL,STV_DEFAULT,12,.text
.dynsym,374,_Z16_mesa_glsl_errorP7YYLTYPEP22_mesa_glsl_parse_statePKcz,"_mesa_glsl_error(YYLTYPE*, _mesa_glsl_parse_state*, char const*, ...)",512897,512896,80,thumb,STT_FUNC,STB_GLOBAL,STV_DEFAULT,12,.text
.dynsym,375,_ZNK9glsl_type8row_typeEv,glsl_type::row_type() const,322989,322988,40,thumb,STT_FUNC,STB_WEAK,STV_DEFAULT,12,.text
.dynsym,376,_Z27glsl_compute_version_stringPvbj,"glsl_compute_version_string(void*, bool, unsigned int)",510781,510780,76,thumb,STT_FUNC,STB_GLOBAL,STV_DEFAULT,12,.text
.dynsym,377,_Z18_mesa_glsl_warningPK7YYLTYPEP22_mesa_glsl_parse_statePKcz,"_mesa_glsl_warning(YYLTYPE const*, _mesa_glsl_parse_state*, char const*, ...)",513625,513624,76,thumb,STT_FUNC,STB_GLOBAL,STV_DEFAULT,12,.text
.dynsym,378,_ZNK9glsl_type11field_indexEPKc,glsl_type::field_index(char const*) const,522757,522756,58,thumb,STT_FUNC,STB_GLOBAL,STV_DEFAULT,12,.text
.dynsym,379,_Z28check_builtin_array_max_sizePKcj7YYLTYPEP22_mesa_glsl_parse_state,"check_builtin_array_max_size(char const*, unsigned int, YYLTYPE, _mesa_glsl_parse_state*)",336465,336464,168,thumb,STT_FUNC,STB_GLOBAL,STV_DEFAULT,12,.text
.dynsym,380,_ZN20ir_dereference_arrayC1EP9ir_rvalueS1_,"ir_dereference_array::ir_dereference_array(ir_rvalue*, ir_rvalue*)",530129,530128,72,thumb,STT_FUNC,STB_GLOBAL,STV_DEFAULT,12,.text
.dynsym,381,_ZN13ir_expressionC1EiP9ir_rvalueS1_,"ir_expression::ir_expression(int, ir_rvalue*, ir_rvalue*)",526025,526024,232,thumb,STT_FUNC,STB_GLOBAL,STV_DEFAULT,12,.text
.dynsym,382,_ZN9exec_node18_ralloc_destructorEPv,exec_node::_ralloc_destructor(void*),323029,323028,2,thumb,STT_FUNC,STB_WEAK,STV_DEFAULT,12,.text
.dynsym,383,_ZN9glsl_type10error_typeE,glsl_type::error_type,874892,874892,4,,STT_OBJECT,STB_GLOBAL,STV_DEFAULT,18,.data.rel.ro
.dynsym,384,_ZN9glsl_type12get_instanceEjjj,"glsl_type::get_instance(unsigned int, unsigned int, unsigned int)",521357,521356,236,thumb,STT_FUNC,STB_GLOBAL,STV_DEFAULT,12,.text
.dynsym,385,_ZTV19ast_array_specifier,vtable for ast_array_specifier,874264,874264,16,,STT_OBJECT,STB_GLOBAL,STV_DEFAULT,18,.data.rel.ro
.dynsym,386,_ZTI19ast_array_specifier,typeinfo for ast_array_specifier,874280,874280,12,,STT_OBJECT,STB_GLOBAL,STV_DEFAULT,18,.data.rel.ro
.dynsym,387,_ZN8ast_node3hirEP9exec_listP22_mesa_glsl_parse_state,"ast_node::hir(exec_list*, _mesa_glsl_parse_state*)",336221,336220,4,thumb,STT_FUNC,STB_GLOBAL,STV_DEFAULT,12,.text
.dynsym,388,_ZTS19ast_array_specifier,typeinfo name for ast_array_specifier,817168,817168,22,,STT_OBJECT,STB_GLOBAL,STV_DEFAULT,15,.rodata
.dynsym,389,_ZTI8ast_node,typeinfo for ast_node,882452,882452,8,,STT_OBJECT,STB_GLOBAL,STV_DEFAULT,18,.data.rel.ro
.dynsym,390,_ZN14ast_expression15operator_stringE13ast_operators,ast_expression::operator_string(ast_operators),323033,323032,16,thumb,STT_FUNC,STB_GLOBAL,STV_DEFAULT,12,.text
.dynsym,391,_ZN18ast_expression_binC2EiP14ast_expressionS1_,"ast_expression_bin::ast_expression_bin(int, ast_expression*, ast_expression*)",323049,323048,36,thumb,STT_FUNC,STB_GLOBAL,STV_DEFAULT,12,.text
.dynsym,392,_ZN14ast_expressionC2EiPS_S0_S0_,"ast_expression::ast_expression(int, ast_expression*, ast_expression*, ast_expression*)",515081,515080,80,thumb,STT_FUNC,STB_GLOBAL,STV_DEFAULT,12,.text
.dynsym,393,_ZTV18ast_expression_bin,vtable for ast_expression_bin,874452,874452,20,,STT_OBJECT,STB_GLOBAL,STV_DEFAULT,18,.data.rel.ro
.dynsym,394,_ZNK18ast_expression_bin5printEv,ast_expression_bin::print() const,323085,323084,52,thumb,STT_FUNC,STB_GLOBAL,STV_DEFAULT,12,.text
.dynsym,395,_ZTI18ast_expression_bin,typeinfo for ast_expression_bin,874472,874472,12,,STT_OBJECT,STB_GLOBAL,STV_DEFAULT,18,.data.rel.ro
.dynsym,396,_ZN14ast_expression3hirEP9exec_listP22_mesa_glsl_parse_state,"ast_expression::hir(exec_list*, _mesa_glsl_parse_state*)",336633,336632,6,thumb,STT_FUNC,STB_GLOBAL,STV_DEFAULT,12,.text
.dynsym,397,_ZN14ast_expression13hir_no_rvalueEP9exec_listP22_mesa_glsl_parse_state,"ast_expression::hir_no_rvalue(exec_list*, _mesa_glsl_parse_state*)",342277,342276,6,thumb,STT_FUNC,STB_GLOBAL,STV_DEFAULT,12,.text
.dynsym,398,_ZTS18ast_expression_bin,typeinfo name for ast_expression_bin,817200,817200,21,,STT_OBJECT,STB_GLOBAL,STV_DEFAULT,15,.rodata
.dynsym,399,_ZTI14ast_expression,typeinfo for ast_expression,874584,874584,12,,STT_OBJECT,STB_GLOBAL,STV_DEFAULT,18,.data.rel.ro
.dynsym,400,_ZN18ast_expression_binC1EiP14ast_expressionS1_,"ast_expression_bin::ast_expression_bin(int, ast_expression*, ast_expression*)",323049,323048,36,thumb,STT_FUNC,STB_GLOBAL,STV_DEFAULT,12,.text
.dynsym,401,_Z16prototype_stringPK9glsl_typePKcP9exec_list,"prototype_string(glsl_type const*, char const*, exec_list*)",323137,323136,184,thumb,STT_FUNC,STB_GLOBAL,STV_DEFAULT,12,.text
.dynsym,402,_Z23single_scalar_parameterP9exec_list,single_scalar_parameter(exec_list*),323321,323320,48,thumb,STT_FUNC,STB_GLOBAL,STV_DEFAULT,12,.text
.dynsym,403,_Z30emit_inline_vector_constructorPK9glsl_typejP9exec_listS3_Pv,"emit_inline_vector_constructor(glsl_type const*, unsigned int, exec_list*, exec_list*, void*)",323369,323368,1060,thumb,STT_FUNC,STB_GLOBAL,STV_DEFAULT,12,.text
.dynsym,404,_ZN11ir_variableC1EPK9glsl_typePKc16ir_variable_mode14glsl_precision,"ir_variable::ir_variable(glsl_type const*, char const*, ir_variable_mode, glsl_precision)",531601,531600,220,thumb,STT_FUNC,STB_GLOBAL,STV_DEFAULT,12,.text
.dynsym,405,_ZNK11ir_constant18get_uint_componentEj,ir_constant::get_uint_component(unsigned int) const,528269,528268,52,thumb,STT_FUNC,STB_GLOBAL,STV_DEFAULT,12,.text
.dynsym,406,_ZNK11ir_constant17get_int_componentEj,ir_constant::get_int_component(unsigned int) const,528321,528320,52,thumb,STT_FUNC,STB_GLOBAL,STV_DEFAULT,12,.text
.dynsym,407,_ZNK11ir_constant19get_float_componentEj,ir_constant::get_float_component(unsigned int) const,528373,528372,92,thumb,STT_FUNC,STB_GLOBAL,STV_DEFAULT,12,.text
.dynsym,408,_ZNK11ir_constant18get_bool_componentEj,ir_constant::get_bool_component(unsigned int) const,528465,528464,58,thumb,STT_FUNC,STB_GLOBAL,STV_DEFAULT,12,.text
.dynsym,409,_ZN23ir_dereference_variableC1EP11ir_variable,ir_dereference_variable::ir_dereference_variable(ir_variable*),530081,530080,48,thumb,STT_FUNC,STB_GLOBAL,STV_DEFAULT,12,.text
.dynsym,410,_ZN11ir_constantC1EPK9glsl_typePK16ir_constant_data,"ir_constant::ir_constant(glsl_type const*, ir_constant_data const*)",526605,526604,88,thumb,STT_FUNC,STB_GLOBAL,STV_DEFAULT,12,.text
.dynsym,411,_ZN13ir_assignmentC1EP14ir_dereferenceP9ir_rvalueS3_j,"ir_assignment::ir_assignment(ir_dereference*, ir_rvalue*, ir_rvalue*, unsigned int)",525493,525492,56,thumb,STT_FUNC,STB_GLOBAL,STV_DEFAULT,12,.text
.dynsym,412,_ZN10ir_swizzleC1EP9ir_rvaluejjjjj,"ir_swizzle::ir_swizzle(ir_rvalue*, unsigned int, unsigned int, unsigned int, unsigned int, unsigned int)",530985,530984,132,thumb,STT_FUNC,STB_GLOBAL,STV_DEFAULT,12,.text
.dynsym,413,_Z23assign_to_matrix_columnP11ir_variablejjP9ir_rvaluejjPv,"assign_to_matrix_column(ir_variable*, unsigned int, unsigned int, ir_rvalue*, unsigned int, unsigned int, void*)",324429,324428,220,thumb,STT_FUNC,STB_GLOBAL,STV_DEFAULT,12,.text
.dynsym,414,_ZN11ir_constantC1Ejj,"ir_constant::ir_constant(unsigned int, unsigned int)",526825,526824,124,thumb,STT_FUNC,STB_GLOBAL,STV_DEFAULT,12,.text
.dynsym,415,_ZN20ir_dereference_arrayC1EP11ir_variableP9ir_rvalue,"ir_dereference_array::ir_dereference_array(ir_variable*, ir_rvalue*)",530273,530272,136,thumb,STT_FUNC,STB_GLOBAL,STV_DEFAULT,12,.text
.dynsym,416,_Z30emit_inline_matrix_constructorPK9glsl_typeiP9exec_listS3_Pv,"emit_inline_matrix_constructor(glsl_type const*, int, exec_list*, exec_list*, void*)",324649,324648,2300,thumb,STT_FUNC,STB_GLOBAL,STV_DEFAULT,12,.text
.dynsym,417,_ZNK9glsl_type11column_typeEv,glsl_type::column_type() const,326949,326948,40,thumb,STT_FUNC,STB_WEAK,STV_DEFAULT,12,.text
.dynsym,418,_ZN13ir_assignmentC1EP9ir_rvalueS1_S1_,"ir_assignment::ir_assignment(ir_rvalue*, ir_rvalue*, ir_rvalue*)",525549,525548,120,thumb,STT_FUNC,STB_GLOBAL,STV_DEFAULT,12,.text
.dynsym,419,_ZN10ir_swizzleC1EP9ir_rvaluePKjj,"ir_swizzle::ir_swizzle(ir_rvalue*, unsigned int const*, unsigned int)",531117,531116,76,thumb,STT_FUNC,STB_GLOBAL,STV_DEFAULT,12,.text
.dynsym,420,_ZN9glsl_type9vec4_typeE,glsl_type::vec4_type,874960,874960,4,,STT_OBJECT,STB_GLOBAL,STV_DEFAULT,18,.data.rel.ro
.dynsym,421,_Z30emit_inline_record_constructorPK9glsl_typeP9exec_listS3_Pv,"emit_inline_record_constructor(glsl_type const*, exec_list*, exec_list*, void*)",326989,326988,304,thumb,STT_FUNC,STB_GLOBAL,STV_DEFAULT,12,.text
.dynsym,422,_ZN21ir_dereference_recordC1EP9ir_rvaluePKc,"ir_dereference_record::ir_dereference_record(ir_rvalue*, char const*)",530409,530408,100,thumb,STT_FUNC,STB_GLOBAL,STV_DEFAULT,12,.text
.dynsym,423,_ZN23ast_function_expression3hirEP9exec_listP22_mesa_glsl_parse_state,"ast_function_expression::hir(exec_list*, _mesa_glsl_parse_state*)",327293,327292,3852,thumb,STT_FUNC,STB_GLOBAL,STV_DEFAULT,12,.text
.dynsym,424,_ZNK18ast_type_specifier9glsl_typeEPPKcP22_mesa_glsl_parse_state,"ast_type_specifier::glsl_type(char const**, _mesa_glsl_parse_state*) const",346077,346076,100,thumb,STT_FUNC,STB_GLOBAL,STV_DEFAULT,12,.text
.dynsym,425,_ZN22_mesa_glsl_parse_state13check_versionEjjP7YYLTYPEPKcz,"_mesa_glsl_parse_state::check_version(unsigned int, unsigned int, YYLTYPE*, char const*, ...)",512501,512500,396,thumb,STT_FUNC,STB_GLOBAL,STV_DEFAULT,12,.text
.dynsym,426,_ZN17glsl_symbol_table12get_functionEPKc,glsl_symbol_table::get_function(char const*),519187,519186,26,thumb,STT_FUNC,STB_GLOBAL,STV_DEFAULT,12,.text
.dynsym,427,_ZN17glsl_symbol_table8get_typeEPKc,glsl_symbol_table::get_type(char const*),519123,519122,26,thumb,STT_FUNC,STB_GLOBAL,STV_DEFAULT,12,.text
.dynsym,428,_Z38_mesa_glsl_get_builtin_function_shaderv,_mesa_glsl_get_builtin_function_shader(),369269,369268,12,thumb,STT_FUNC,STB_GLOBAL,STV_DEFAULT,12,.text
.dynsym,429,_ZN9ir_rvalue11error_valueEPv,ir_rvalue::error_value(void*),532393,532392,68,thumb,STT_FUNC,STB_GLOBAL,STV_DEFAULT,12,.text
.dynsym,430,_ZN17glsl_symbol_table12get_variableEPKc,glsl_symbol_table::get_variable(char const*),519097,519096,26,thumb,STT_FUNC,STB_GLOBAL,STV_DEFAULT,12,.text
.dynsym,431,_ZN11ir_function18has_user_signatureEv,ir_function::has_user_signature(),532361,532360,32,thumb,STT_FUNC,STB_GLOBAL,STV_DEFAULT,12,.text
.dynsym,432,_ZN11ir_function18matching_signatureEP22_mesa_glsl_parse_statePK9exec_listbPb,"ir_function::matching_signature(_mesa_glsl_parse_state*, exec_list const*, bool, bool*)",550649,550648,760,thumb,STT_FUNC,STB_GLOBAL,STV_DEFAULT,12,.text
.dynsym,433,_Z39_mesa_glsl_initialize_builtin_functionsv,_mesa_glsl_initialize_builtin_functions(),368785,368784,396,thumb,STT_FUNC,STB_GLOBAL,STV_DEFAULT,12,.text
.dynsym,434,_Z32_mesa_glsl_find_builtin_functionP22_mesa_glsl_parse_statePKcP9exec_list,"_mesa_glsl_find_builtin_function(_mesa_glsl_parse_state*, char const*, exec_list*)",369213,369212,56,thumb,STT_FUNC,STB_GLOBAL,STV_DEFAULT,12,.text
.dynsym,435,_ZN11ir_functionC1EPKc,ir_function::ir_function(char const*),532309,532308,52,thumb,STT_FUNC,STB_GLOBAL,STV_DEFAULT,12,.text
.dynsym,436,_ZN17glsl_symbol_table19add_global_functionEP11ir_function,glsl_symbol_table::add_global_function(ir_function*),519021,519020,76,thumb,STT_FUNC,STB_GLOBAL,STV_DEFAULT,12,.text
.dynsym,437,_Z13emit_functionP22_mesa_glsl_parse_stateP11ir_function,"emit_function(_mesa_glsl_parse_state*, ir_function*)",354873,354872,24,thumb,STT_FUNC,STB_GLOBAL,STV_DEFAULT,12,.text
.dynsym,438,_ZNK21ir_function_signature15clone_prototypeEPvP10hash_table,"ir_function_signature::clone_prototype(void*, hash_table*) const",537329,537328,148,thumb,STT_FUNC,STB_GLOBAL,STV_DEFAULT,12,.text
.dynsym,439,_ZN13ir_expressionC1EiPK9glsl_typeP9ir_rvalueS4_S4_S4_,"ir_expression::ir_expression(int, glsl_type const*, ir_rvalue*, ir_rvalue*, ir_rvalue*, ir_rvalue*)",525669,525668,92,thumb,STT_FUNC,STB_GLOBAL,STV_DEFAULT,12,.text
.dynsym,440,_ZN21ir_function_signature25constant_expression_valueEP9exec_listP10hash_table,"ir_function_signature::constant_expression_value(exec_list*, hash_table*)",548665,548664,268,thumb,STT_FUNC,STB_GLOBAL,STV_DEFAULT,12,.text
.dynsym,441,_ZN11ir_constantC1Eij,"ir_constant::ir_constant(int, unsigned int)",526949,526948,124,thumb,STT_FUNC,STB_GLOBAL,STV_DEFAULT,12,.text
.dynsym,442,_ZN11ir_constantC1EPK9glsl_typeP9exec_list,"ir_constant::ir_constant(glsl_type const*, exec_list*)",527301,527300,968,thumb,STT_FUNC,STB_GLOBAL,STV_DEFAULT,12,.text
.dynsym,443,_ZN7ir_callC2EP21ir_function_signatureP23ir_dereference_variableP9exec_list,"ir_call::ir_call(ir_function_signature*, ir_dereference_variable*, exec_list*)",334633,334632,128,thumb,STT_FUNC,STB_WEAK,STV_DEFAULT,12,.text
.dynsym,444,_ZN11ir_constantC1EPKS_j,"ir_constant::ir_constant(ir_constant const*, unsigned int)",527189,527188,112,thumb,STT_FUNC,STB_GLOBAL,STV_DEFAULT,12,.text
.dynsym,445,_ZN11ir_variable26temporaries_allocate_namesE,ir_variable::temporaries_allocate_names,946224,946224,1,,STT_OBJECT,STB_GLOBAL,STV_DEFAULT,22,.bss
.dynsym,446,_ZN9glsl_type18get_array_instanceEPKS_j,"glsl_type::get_array_instance(glsl_type const*, unsigned int)",521593,521592,216,thumb,STT_FUNC,STB_GLOBAL,STV_DEFAULT,12,.text
.dynsym,447,_ZNK9glsl_type25can_implicitly_convert_toEPKS_P22_mesa_glsl_parse_state,"glsl_type::can_implicitly_convert_to(glsl_type const*, _mesa_glsl_parse_state*) const",523013,523012,102,thumb,STT_FUNC,STB_GLOBAL,STV_DEFAULT,12,.text
.dynsym,448,_Z25apply_implicit_conversionPK9glsl_typeRP9ir_rvalueP22_mesa_glsl_parse_state,"apply_implicit_conversion(glsl_type const*, ir_rvalue*&, _mesa_glsl_parse_state*)",335713,335712,200,thumb,STT_FUNC,STB_GLOBAL,STV_DEFAULT,12,.text
.dynsym,449,_ZN13ir_expressionC1EiP9ir_rvalue,"ir_expression::ir_expression(int, ir_rvalue*)",525761,525760,264,thumb,STT_FUNC,STB_GLOBAL,STV_DEFAULT,12,.text
.dynsym,450,_ZN25ast_aggregate_initializer3hirEP9exec_listP22_mesa_glsl_parse_state,"ast_aggregate_initializer::hir(exec_list*, _mesa_glsl_parse_state*)",333157,333156,1124,thumb,STT_FUNC,STB_GLOBAL,STV_DEFAULT,12,.text
.dynsym,451,_ZNK9glsl_type15get_scalar_typeEv,glsl_type::get_scalar_type() const,520397,520396,72,thumb,STT_FUNC,STB_GLOBAL,STV_DEFAULT,12,.text
.dynsym,452,_ZNK21ir_function_signature10is_builtinEv,ir_function_signature::is_builtin() const,532053,532052,10,thumb,STT_FUNC,STB_GLOBAL,STV_DEFAULT,12,.text
.dynsym,453,_ZNK21ir_function_signature20is_builtin_availableEPK22_mesa_glsl_parse_state,ir_function_signature::is_builtin_available(_mesa_glsl_parse_state const*) const,532063,532062,12,thumb,STT_FUNC,STB_GLOBAL,STV_DEFAULT,12,.text
.dynsym,454,_ZTV7ir_call,vtable for ir_call,883384,883384,36,,STT_OBJECT,STB_GLOBAL,STV_DEFAULT,18,.data.rel.ro
.dynsym,455,_ZTV23ast_function_expression,vtable for ast_function_expression,874484,874484,20,,STT_OBJECT,STB_GLOBAL,STV_DEFAULT,18,.data.rel.ro
.dynsym,456,_ZTI23ast_function_expression,typeinfo for ast_function_expression,874504,874504,12,,STT_OBJECT,STB_GLOBAL,STV_DEFAULT,18,.data.rel.ro
.dynsym,457,_ZNK14ast_expression5printEv,ast_expression::print() const,514445,514444,636,thumb,STT_FUNC,STB_GLOBAL,STV_DEFAULT,12,.text
.dynsym,458,_ZN23ast_function_expression13hir_no_rvalueEP9exec_listP22_mesa_glsl_parse_state,"ast_function_expression::hir_no_rvalue(exec_list*, _mesa_glsl_parse_state*)",336225,336224,6,thumb,STT_FUNC,STB_GLOBAL,STV_DEFAULT,12,.text
.dynsym,459,_ZTS23ast_function_expression,typeinfo name for ast_function_expression,817296,817296,26,,STT_OBJECT,STB_GLOBAL,STV_DEFAULT,15,.rodata
.dynsym,460,_ZTV25ast_aggregate_initializer,vtable for ast_aggregate_initializer,874516,874516,20,,STT_OBJECT,STB_GLOBAL,STV_DEFAULT,18,.data.rel.ro
.dynsym,461,_ZTI25ast_aggregate_initializer,typeinfo for ast_aggregate_initializer,874536,874536,12,,STT_OBJECT,STB_GLOBAL,STV_DEFAULT,18,.data.rel.ro
.dynsym,462,_ZN25ast_aggregate_initializer13hir_no_rvalueEP9exec_listP22_mesa_glsl_parse_state,"ast_aggregate_initializer::hir_no_rvalue(exec_list*, _mesa_glsl_parse_state*)",336231,336230,6,thumb,STT_FUNC,STB_GLOBAL,STV_DEFAULT,12,.text
.dynsym,463,_ZTS25ast_aggregate_initializer,typeinfo name for ast_aggregate_initializer,817328,817328,28,,STT_OBJECT,STB_GLOBAL,STV_DEFAULT,15,.rodata
.dynsym,464,_Z16_mesa_ast_to_hirP9exec_listP22_mesa_glsl_parse_state,"_mesa_ast_to_hir(exec_list*, _mesa_glsl_parse_state*)",334761,334760,708,thumb,STT_FUNC,STB_GLOBAL,STV_DEFAULT,12,.text
.dynsym,465,_Z31_mesa_glsl_initialize_variablesP9exec_listP22_mesa_glsl_parse_state,"_mesa_glsl_initialize_variables(exec_list*, _mesa_glsl_parse_state*)",443469,443468,4836,thumb,STT_FUNC,STB_GLOBAL,STV_DEFAULT,12,.text
.dynsym,466,_ZN17glsl_symbol_table10push_scopeEv,glsl_symbol_table::push_scope(),518371,518370,6,thumb,STT_FUNC,STB_GLOBAL,STV_DEFAULT,12,.text
.dynsym,467,_Z25detect_recursion_unlinkedP22_mesa_glsl_parse_stateP9exec_list,"detect_recursion_unlinked(_mesa_glsl_parse_state*, exec_list*)",551709,551708,144,thumb,STT_FUNC,STB_GLOBAL,STV_DEFAULT,12,.text
.dynsym,468,_ZN23ir_hierarchical_visitorC2Ev,ir_hierarchical_visitor::ir_hierarchical_visitor(),552721,552720,36,thumb,STT_FUNC,STB_GLOBAL,STV_DEFAULT,12,.text
.dynsym,469,_ZN23ir_hierarchical_visitor3runEP9exec_list,ir_hierarchical_visitor::run(exec_list*),553645,553644,6,thumb,STT_FUNC,STB_GLOBAL,STV_DEFAULT,12,.text
.dynsym,470,_ZN17glsl_symbol_table16disable_variableEPKc,glsl_symbol_table::disable_variable(char const*),519213,519212,24,thumb,STT_FUNC,STB_GLOBAL,STV_DEFAULT,12,.text
.dynsym,471,_ZTV29interface_block_usage_visitor,vtable for interface_block_usage_visitor,874696,874696,156,,STT_OBJECT,STB_WEAK,STV_DEFAULT,18,.data.rel.ro
.dynsym,472,_Z19validate_assignmentP22_mesa_glsl_parse_state7YYLTYPEPK9glsl_typeP9ir_rvalueb,"validate_assignment(_mesa_glsl_parse_state*, YYLTYPE, glsl_type const*, ir_rvalue*, bool)",335913,335912,308,thumb,STT_FUNC,STB_GLOBAL,STV_DEFAULT,12,.text
.dynsym,473,_Z26get_scalar_boolean_operandP9exec_listP22_mesa_glsl_parse_stateP14ast_expressioniPKcPb,"get_scalar_boolean_operand(exec_list*, _mesa_glsl_parse_state*, ast_expression*, int, char const*, bool*)",336237,336236,228,thumb,STT_FUNC,STB_GLOBAL,STV_DEFAULT,12,.text
.dynsym,474,_ZN11ir_constantC1Ebj,"ir_constant::ir_constant(bool, unsigned int)",527073,527072,116,thumb,STT_FUNC,STB_GLOBAL,STV_DEFAULT,12,.text
.dynsym,475,_ZN14ast_expression6do_hirEP9exec_listP22_mesa_glsl_parse_stateb,"ast_expression::do_hir(exec_list*, _mesa_glsl_parse_state*, bool)",336641,336640,5636,thumb,STT_FUNC,STB_GLOBAL,STV_DEFAULT,12,.text
.dynsym,476,_Z16higher_precisionP14ir_instructionS0_,"higher_precision(ir_instruction*, ir_instruction*)",524773,524772,52,thumb,STT_FUNC,STB_GLOBAL,STV_DEFAULT,12,.text
.dynsym,477,_Z32_mesa_ast_field_selection_to_hirPK14ast_expressionP9exec_listP22_mesa_glsl_parse_state,"_mesa_ast_field_selection_to_hir(ast_expression const*, exec_list*, _mesa_glsl_parse_state*)",524085,524084,688,thumb,STT_FUNC,STB_GLOBAL,STV_DEFAULT,12,.text
.dynsym,478,_ZN11ir_constantC1Efj,"ir_constant::ir_constant(float, unsigned int)",526693,526692,132,thumb,STT_FUNC,STB_GLOBAL,STV_DEFAULT,12,.text
.dynsym,479,_ZN9glsl_type9bool_typeE,glsl_type::bool_type,874900,874900,4,,STT_OBJECT,STB_GLOBAL,STV_DEFAULT,18,.data.rel.ro
.dynsym,480,_Z17precision_from_irP14ir_instruction,precision_from_ir(ir_instruction*),524825,524824,44,thumb,STT_FUNC,STB_GLOBAL,STV_DEFAULT,12,.text
.dynsym,481,_ZNK9glsl_type15contains_opaqueEv,glsl_type::contains_opaque() const,520141,520140,66,thumb,STT_FUNC,STB_GLOBAL,STV_DEFAULT,12,.text
.dynsym,482,_ZTV5ir_if,vtable for ir_if,883340,883340,32,,STT_OBJECT,STB_GLOBAL,STV_DEFAULT,18,.data.rel.ro
.dynsym,483,_ZN10ir_builder5derefC2EP11ir_variable,ir_builder::deref::deref(ir_variable*),366301,366300,60,thumb,STT_FUNC,STB_WEAK,STV_DEFAULT,12,.text
.dynsym,484,_ZN10ir_builder6assignENS_5derefENS_7operandE,"ir_builder::assign(ir_builder::deref, ir_builder::operand)",533693,533692,22,thumb,STT_FUNC,STB_GLOBAL,STV_DEFAULT,12,.text
.dynsym,485,_ZN24ast_expression_statement3hirEP9exec_listP22_mesa_glsl_parse_state,"ast_expression_statement::hir(exec_list*, _mesa_glsl_parse_state*)",345981,345980,22,thumb,STT_FUNC,STB_GLOBAL,STV_DEFAULT,12,.text
.dynsym,486,_ZN22ast_compound_statement3hirEP9exec_listP22_mesa_glsl_parse_state,"ast_compound_statement::hir(exec_list*, _mesa_glsl_parse_state*)",346003,346002,74,thumb,STT_FUNC,STB_GLOBAL,STV_DEFAULT,12,.text
.dynsym,487,_ZN17glsl_symbol_table9pop_scopeEv,glsl_symbol_table::pop_scope(),518377,518376,6,thumb,STT_FUNC,STB_GLOBAL,STV_DEFAULT,12,.text
.dynsym,488,_ZNK24ast_fully_specified_type9glsl_typeEPPKcP22_mesa_glsl_parse_state,"ast_fully_specified_type::glsl_type(char const**, _mesa_glsl_parse_state*) const",346661,346660,6,thumb,STT_FUNC,STB_GLOBAL,STV_DEFAULT,12,.text
.dynsym,489,_Z19process_initializerP11ir_variableP15ast_declarationP24ast_fully_specified_typeP9exec_listP22_mesa_glsl_parse_state,"process_initializer(ir_variable*, ast_declaration*, ast_fully_specified_type*, exec_list*, _mesa_glsl_parse_state*)",346669,346668,752,thumb,STT_FUNC,STB_GLOBAL,STV_DEFAULT,12,.text
.dynsym,490,_mesa_shader_stage_to_string,_mesa_shader_stage_to_string,513405,513404,28,thumb,STT_FUNC,STB_GLOBAL,STV_DEFAULT,12,.text
.dynsym,491,_Z28_mesa_ast_set_aggregate_typePK9glsl_typeP14ast_expression,"_mesa_ast_set_aggregate_type(glsl_type const*, ast_expression*)",513767,513766,186,thumb,STT_FUNC,STB_GLOBAL,STV_DEFAULT,12,.text
.dynsym,492,_ZN11ir_constant4zeroEPvPK9glsl_type,"ir_constant::zero(void*, glsl_type const*)",528525,528524,220,thumb,STT_FUNC,STB_GLOBAL,STV_DEFAULT,12,.text
.dynsym,493,_Z19validate_identifierPKc7YYLTYPEP22_mesa_glsl_parse_state,"validate_identifier(char const*, YYLTYPE, _mesa_glsl_parse_state*)",347421,347420,224,thumb,STT_FUNC,STB_GLOBAL,STV_DEFAULT,12,.text
.dynsym,494,_ZN19ast_declarator_list3hirEP9exec_listP22_mesa_glsl_parse_state,"ast_declarator_list::hir(exec_list*, _mesa_glsl_parse_state*)",347645,347644,2560,thumb,STT_FUNC,STB_GLOBAL,STV_DEFAULT,12,.text
.dynsym,495,_ZN17glsl_symbol_table24name_declared_this_scopeEPKc,glsl_symbol_table::name_declared_this_scope(char const*),518383,518382,28,thumb,STT_FUNC,STB_GLOBAL,STV_DEFAULT,12,.text
.dynsym,496,_ZNK9glsl_type11atomic_sizeEv,glsl_type::atomic_size() const,366361,366360,34,thumb,STT_FUNC,STB_WEAK,STV_DEFAULT,12,.text
.dynsym,497,_ZNK9glsl_type16contains_integerEv,glsl_type::contains_integer() const,520071,520070,70,thumb,STT_FUNC,STB_GLOBAL,STV_DEFAULT,12,.text
.dynsym,498,_ZNK18ast_type_qualifier17has_interpolationEv,ast_type_qualifier::has_interpolation() const,366925,366924,12,thumb,STT_FUNC,STB_GLOBAL,STV_DEFAULT,12,.text
.dynsym,499,_ZNK18ast_type_qualifier20interpolation_stringEv,ast_type_qualifier::interpolation_string() const,366981,366980,60,thumb,STT_FUNC,STB_GLOBAL,STV_DEFAULT,12,.text
.dynsym,500,_ZN17glsl_symbol_table12add_variableEP11ir_variable,glsl_symbol_table::add_variable(ir_variable*),518413,518412,208,thumb,STT_FUNC,STB_GLOBAL,STV_DEFAULT,12,.text
.dynsym,501,_ZN22_mesa_glsl_parse_state39check_explicit_uniform_location_allowedEP7YYLTYPEPK11ir_variable,"_mesa_glsl_parse_state::check_explicit_uniform_location_allowed(YYLTYPE*, ir_variable const*)",366397,366396,68,thumb,STT_FUNC,STB_WEAK,STV_DEFAULT,12,.text
.dynsym,502,_ZNK9glsl_type17uniform_locationsEv,glsl_type::uniform_locations() const,522925,522924,88,thumb,STT_FUNC,STB_GLOBAL,STV_DEFAULT,12,.text
.dynsym,503,_ZN22_mesa_glsl_parse_state37check_separate_shader_objects_allowedEP7YYLTYPEPK11ir_variable,"_mesa_glsl_parse_state::check_separate_shader_objects_allowed(YYLTYPE*, ir_variable const*)",366633,366632,196,thumb,STT_FUNC,STB_WEAK,STV_DEFAULT,12,.text
.dynsym,504,_ZN22_mesa_glsl_parse_state38check_explicit_attrib_location_allowedEP7YYLTYPEPK11ir_variable,"_mesa_glsl_parse_state::check_explicit_attrib_location_allowed(YYLTYPE*, ir_variable const*)",366465,366464,168,thumb,STT_FUNC,STB_WEAK,STV_DEFAULT,12,.text
.dynsym,505,_Z11mode_stringPK11ir_variable,mode_string(ir_variable const*),532937,532936,236,thumb,STT_FUNC,STB_GLOBAL,STV_DEFAULT,12,.text
.dynsym,506,_ZNK18ast_type_qualifier10has_layoutEv,ast_type_qualifier::has_layout() const,366937,366936,18,thumb,STT_FUNC,STB_GLOBAL,STV_DEFAULT,12,.text
.dynsym,507,_ZNK9glsl_type14contains_imageEv,glsl_type::contains_image() const,520297,520296,62,thumb,STT_FUNC,STB_GLOBAL,STV_DEFAULT,12,.text
.dynsym,508,_Z17vertices_per_primj,vertices_per_prim(unsigned int),532891,532890,44,thumb,STT_FUNC,STB_GLOBAL,STV_DEFAULT,12,.text
.dynsym,509,_Z19depth_layout_string15ir_depth_layout,depth_layout_string(ir_depth_layout),526465,526464,32,thumb,STT_FUNC,STB_GLOBAL,STV_DEFAULT,12,.text
.dynsym,510,_ZN24ast_parameter_declarator3hirEP9exec_listP22_mesa_glsl_parse_state,"ast_parameter_declarator::hir(exec_list*, _mesa_glsl_parse_state*)",354057,354056,612,thumb,STT_FUNC,STB_GLOBAL,STV_DEFAULT,12,.text
.dynsym,511,_ZN24ast_parameter_declarator17parameters_to_hirEP9exec_listbS1_P22_mesa_glsl_parse_state,"ast_parameter_declarator::parameters_to_hir(exec_list*, bool, exec_list*, _mesa_glsl_parse_state*)",354669,354668,204,thumb,STT_FUNC,STB_GLOBAL,STV_DEFAULT,12,.text
.dynsym,512,_ZN12ast_function3hirEP9exec_listP22_mesa_glsl_parse_state,"ast_function::hir(exec_list*, _mesa_glsl_parse_state*)",354897,354896,964,thumb,STT_FUNC,STB_GLOBAL,STV_DEFAULT,12,.text
.dynsym,513,_ZNK24ast_fully_specified_type14has_qualifiersEv,ast_fully_specified_type::has_qualifiers() const,366913,366912,12,thumb,STT_FUNC,STB_GLOBAL,STV_DEFAULT,12,.text
.dynsym,514,_ZN17glsl_symbol_table12add_functionEP11ir_function,glsl_symbol_table::add_function(ir_function*),518873,518872,148,thumb,STT_FUNC,STB_GLOBAL,STV_DEFAULT,12,.text
.dynsym,515,_ZN11ir_function24exact_matching_signatureEP22_mesa_glsl_parse_statePK9exec_list,"ir_function::exact_matching_signature(_mesa_glsl_parse_state*, exec_list const*)",551409,551408,152,thumb,STT_FUNC,STB_GLOBAL,STV_DEFAULT,12,.text
.dynsym,516,_ZN21ir_function_signature16qualifiers_matchEP9exec_list,ir_function_signature::qualifiers_match(exec_list*),532075,532074,156,thumb,STT_FUNC,STB_GLOBAL,STV_DEFAULT,12,.text
.dynsym,517,_ZN21ir_function_signatureC1EPK9glsl_type14glsl_precisionPFbPK22_mesa_glsl_parse_stateE,"ir_function_signature::ir_function_signature(glsl_type const*, glsl_precision, bool (*)(_mesa_glsl_parse_state const*))",531961,531960,92,thumb,STT_FUNC,STB_GLOBAL,STV_DEFAULT,12,.text
.dynsym,518,_ZN21ir_function_signature18replace_parametersEP9exec_list,ir_function_signature::replace_parameters(exec_list*),532231,532230,76,thumb,STT_FUNC,STB_GLOBAL,STV_DEFAULT,12,.text
.dynsym,519,_ZN23ast_function_definition3hirEP9exec_listP22_mesa_glsl_parse_state,"ast_function_definition::hir(exec_list*, _mesa_glsl_parse_state*)",355861,355860,324,thumb,STT_FUNC,STB_GLOBAL,STV_DEFAULT,12,.text
.dynsym,520,_ZN18ast_jump_statement3hirEP9exec_listP22_mesa_glsl_parse_state,"ast_jump_statement::hir(exec_list*, _mesa_glsl_parse_state*)",356185,356184,964,thumb,STT_FUNC,STB_GLOBAL,STV_DEFAULT,12,.text
.dynsym,521,_ZN23ast_iteration_statement16condition_to_hirEP9exec_listP22_mesa_glsl_parse_state,"ast_iteration_statement::condition_to_hir(exec_list*, _mesa_glsl_parse_state*)",357149,357148,368,thumb,STT_FUNC,STB_GLOBAL,STV_DEFAULT,12,.text
.dynsym,522,_ZTV12ir_loop_jump,vtable for ir_loop_jump,883476,883476,32,,STT_OBJECT,STB_GLOBAL,STV_DEFAULT,18,.data.rel.ro
.dynsym,523,_ZTV10ir_discard,vtable for ir_discard,883520,883520,32,,STT_OBJECT,STB_GLOBAL,STV_DEFAULT,18,.data.rel.ro
.dynsym,524,_ZN9glsl_type9void_typeE,glsl_type::void_type,874896,874896,4,,STT_OBJECT,STB_GLOBAL,STV_DEFAULT,18,.data.rel.ro
.dynsym,525,_ZTV9ir_return,vtable for ir_return,883432,883432,32,,STT_OBJECT,STB_GLOBAL,STV_DEFAULT,18,.data.rel.ro
.dynsym,526,_ZN23ast_selection_statement3hirEP9exec_listP22_mesa_glsl_parse_state,"ast_selection_statement::hir(exec_list*, _mesa_glsl_parse_state*)",357517,357516,348,thumb,STT_FUNC,STB_GLOBAL,STV_DEFAULT,12,.text
.dynsym,527,_ZN20ast_switch_statement3hirEP9exec_listP22_mesa_glsl_parse_state,"ast_switch_statement::hir(exec_list*, _mesa_glsl_parse_state*)",357865,357864,776,thumb,STT_FUNC,STB_GLOBAL,STV_DEFAULT,12,.text
.dynsym,528,_ZN20ast_switch_statement11test_to_hirEP9exec_listP22_mesa_glsl_parse_state,"ast_switch_statement::test_to_hir(exec_list*, _mesa_glsl_parse_state*)",358641,358640,200,thumb,STT_FUNC,STB_GLOBAL,STV_DEFAULT,12,.text
.dynsym,529,_ZN15ast_switch_body3hirEP9exec_listP22_mesa_glsl_parse_state,"ast_switch_body::hir(exec_list*, _mesa_glsl_parse_state*)",358841,358840,22,thumb,STT_FUNC,STB_GLOBAL,STV_DEFAULT,12,.text
.dynsym,530,_ZN23ast_case_statement_list3hirEP9exec_listP22_mesa_glsl_parse_state,"ast_case_statement_list::hir(exec_list*, _mesa_glsl_parse_state*)",358865,358864,660,thumb,STT_FUNC,STB_GLOBAL,STV_DEFAULT,12,.text
.dynsym,531,_ZN18ast_case_statement3hirEP9exec_listP22_mesa_glsl_parse_state,"ast_case_statement::hir(exec_list*, _mesa_glsl_parse_state*)",359525,359524,332,thumb,STT_FUNC,STB_GLOBAL,STV_DEFAULT,12,.text
.dynsym,532,_ZN19ast_case_label_list3hirEP9exec_listP22_mesa_glsl_parse_state,"ast_case_label_list::hir(exec_list*, _mesa_glsl_parse_state*)",359857,359856,46,thumb,STT_FUNC,STB_GLOBAL,STV_DEFAULT,12,.text
.dynsym,533,_ZN14ast_case_label3hirEP9exec_listP22_mesa_glsl_parse_state,"ast_case_label::hir(exec_list*, _mesa_glsl_parse_state*)",359905,359904,980,thumb,STT_FUNC,STB_GLOBAL,STV_DEFAULT,12,.text
.dynsym,534,_ZN9glsl_type8int_typeE,glsl_type::int_type,874916,874916,4,,STT_OBJECT,STB_GLOBAL,STV_DEFAULT,18,.data.rel.ro
.dynsym,535,_ZN9glsl_type9uint_typeE,glsl_type::uint_type,874932,874932,4,,STT_OBJECT,STB_GLOBAL,STV_DEFAULT,18,.data.rel.ro
.dynsym,536,_ZN23ast_iteration_statement3hirEP9exec_listP22_mesa_glsl_parse_state,"ast_iteration_statement::hir(exec_list*, _mesa_glsl_parse_state*)",360885,360884,212,thumb,STT_FUNC,STB_GLOBAL,STV_DEFAULT,12,.text
.dynsym,537,_ZN7ir_loopC1Ev,ir_loop::ir_loop(),530045,530044,36,thumb,STT_FUNC,STB_GLOBAL,STV_DEFAULT,12,.text
.dynsym,538,_ZN18ast_type_specifier3hirEP9exec_listP22_mesa_glsl_parse_state,"ast_type_specifier::hir(exec_list*, _mesa_glsl_parse_state*)",361097,361096,580,thumb,STT_FUNC,STB_GLOBAL,STV_DEFAULT,12,.text
.dynsym,539,_ZTV22ir_precision_statement,vtable for ir_precision_statement,883724,883724,32,,STT_OBJECT,STB_GLOBAL,STV_DEFAULT,18,.data.rel.ro
.dynsym,540,msync,msync,0,0,0,arm,STT_FUNC,STB_GLOBAL,STV_DEFAULT,SHN_UNDEF,SHN_UNDEF
.dynsym,541,_Z40ast_process_structure_or_interface_blockP9exec_listP22_mesa_glsl_parse_stateS0_R7YYLTYPEPP17glsl_struct_fieldb18glsl_matrix_layoutb16ir_variable_mode,"ast_process_structure_or_interface_block(exec_list*, _mesa_glsl_parse_state*, exec_list*, YYLTYPE&, glsl_struct_field**, bool, glsl_matrix_layout, bool, ir_variable_mode)",361677,361676,1008,thumb,STT_FUNC,STB_GLOBAL,STV_DEFAULT,12,.text
.dynsym,542,_ZNK18ast_type_qualifier21has_auxiliary_storageEv,ast_type_qualifier::has_auxiliary_storage() const,366967,366966,12,thumb,STT_FUNC,STB_GLOBAL,STV_DEFAULT,12,.text
.dynsym,543,_Z20interpolation_stringj,interpolation_string(unsigned int),531821,531820,28,thumb,STT_FUNC,STB_GLOBAL,STV_DEFAULT,12,.text
.dynsym,544,_ZN20ast_struct_specifier3hirEP9exec_listP22_mesa_glsl_parse_state,"ast_struct_specifier::hir(exec_list*, _mesa_glsl_parse_state*)",362881,362880,432,thumb,STT_FUNC,STB_GLOBAL,STV_DEFAULT,12,.text
.dynsym,545,munmap,munmap,0,0,0,arm,STT_FUNC,STB_GLOBAL,STV_DEFAULT,SHN_UNDEF,SHN_UNDEF
.dynsym,546,_ZN9glsl_type19get_record_instanceEPK17glsl_struct_fieldjPKc,"glsl_type::get_record_instance(glsl_struct_field const*, unsigned int, char const*)",522249,522248,176,thumb,STT_FUNC,STB_GLOBAL,STV_DEFAULT,12,.text
.dynsym,547,_ZN17glsl_symbol_table8add_typeEPKcPK9glsl_type,"glsl_symbol_table::add_type(char const*, glsl_type const*)",518633,518632,84,thumb,STT_FUNC,STB_GLOBAL,STV_DEFAULT,12,.text
.dynsym,548,perror,perror,0,0,0,arm,STT_FUNC,STB_GLOBAL,STV_DEFAULT,SHN_UNDEF,SHN_UNDEF
.dynsym,549,_ZTV21ir_typedecl_statement,vtable for ir_typedecl_statement,883768,883768,32,,STT_OBJECT,STB_GLOBAL,STV_DEFAULT,18,.data.rel.ro
.dynsym,550,pthread_key_create,pthread_key_create,0,0,0,arm,STT_FUNC,STB_GLOBAL,STV_DEFAULT,SHN_UNDEF,SHN_UNDEF
.dynsym,551,_ZN19ast_interface_block3hirEP9exec_listP22_mesa_glsl_parse_state,"ast_interface_block::hir(exec_list*, _mesa_glsl_parse_state*)",363313,363312,2056,thumb,STT_FUNC,STB_GLOBAL,STV_DEFAULT,12,.text
.dynsym,552,_ZN9glsl_type22get_interface_instanceEPK17glsl_struct_fieldj22glsl_interface_packingPKc,"glsl_type::get_interface_instance(glsl_struct_field const*, unsigned int, glsl_interface_packing, char const*)",522425,522424,180,thumb,STT_FUNC,STB_GLOBAL,STV_DEFAULT,12,.text
.dynsym,553,_ZN17glsl_symbol_table13add_interfaceEPKcPK9glsl_type16ir_variable_mode,"glsl_symbol_table::add_interface(char const*, glsl_type const*, ir_variable_mode)",518717,518716,156,thumb,STT_FUNC,STB_GLOBAL,STV_DEFAULT,12,.text
.dynsym,554,_ZN11ir_variable21reinit_interface_typeEPK9glsl_type,ir_variable::reinit_interface_type(glsl_type const*),365369,365368,36,thumb,STT_FUNC,STB_WEAK,STV_DEFAULT,12,.text
.dynsym,555,_ZN11ir_variable19init_interface_typeEPK9glsl_type,ir_variable::init_interface_type(glsl_type const*),365405,365404,42,thumb,STT_FUNC,STB_WEAK,STV_DEFAULT,12,.text
.dynsym,556,pthread_self,pthread_self,0,0,0,arm,STT_FUNC,STB_GLOBAL,STV_DEFAULT,SHN_UNDEF,SHN_UNDEF
.dynsym,557,_ZN19ast_gs_input_layout3hirEP9exec_listP22_mesa_glsl_parse_state,"ast_gs_input_layout::hir(exec_list*, _mesa_glsl_parse_state*)",365449,365448,276,thumb,STT_FUNC,STB_GLOBAL,STV_DEFAULT,12,.text
.dynsym,558,pthread_setspecific,pthread_setspecific,0,0,0,arm,STT_FUNC,STB_GLOBAL,STV_DEFAULT,SHN_UNDEF,SHN_UNDEF
.dynsym,559,_ZN19ast_cs_input_layout3hirEP9exec_listP22_mesa_glsl_parse_state,"ast_cs_input_layout::hir(exec_list*, _mesa_glsl_parse_state*)",365725,365724,576,thumb,STT_FUNC,STB_GLOBAL,STV_DEFAULT,12,.text
.dynsym,560,pthread_getspecific,pthread_getspecific,0,0,0,arm,STT_FUNC,STB_GLOBAL,STV_DEFAULT,SHN_UNDEF,SHN_UNDEF
.dynsym,561,_ZN9glsl_type10ivec3_typeE,glsl_type::ivec3_type,874924,874924,4,,STT_OBJECT,STB_GLOBAL,STV_DEFAULT,18,.data.rel.ro
.dynsym,562,_ZN29interface_block_usage_visitor5visitEP23ir_dereference_variable,interface_block_usage_visitor::visit(ir_dereference_variable*),366829,366828,36,thumb,STT_FUNC,STB_WEAK,STV_DEFAULT,12,.text
.dynsym,563,_ZTV14ast_expression,vtable for ast_expression,874564,874564,20,,STT_OBJECT,STB_GLOBAL,STV_DEFAULT,18,.data.rel.ro
.dynsym,564,_ZTS14ast_expression,typeinfo name for ast_expression,817552,817552,17,,STT_OBJECT,STB_GLOBAL,STV_DEFAULT,15,.rodata
.dynsym,565,_ZTV19ast_interface_block,vtable for ast_interface_block,874596,874596,16,,STT_OBJECT,STB_GLOBAL,STV_DEFAULT,18,.data.rel.ro
.dynsym,566,_ZTI19ast_interface_block,typeinfo for ast_interface_block,874612,874612,12,,STT_OBJECT,STB_GLOBAL,STV_DEFAULT,18,.data.rel.ro
.dynsym,567,_ZNK8ast_node5printEv,ast_node::print() const,514249,514248,24,thumb,STT_FUNC,STB_GLOBAL,STV_DEFAULT,12,.text
.dynsym,568,_ZTS19ast_interface_block,typeinfo name for ast_interface_block,817584,817584,22,,STT_OBJECT,STB_GLOBAL,STV_DEFAULT,15,.rodata
.dynsym,569,_ZTV19ast_gs_input_layout,vtable for ast_gs_input_layout,874624,874624,16,,STT_OBJECT,STB_GLOBAL,STV_DEFAULT,18,.data.rel.ro
.dynsym,570,_ZTI19ast_gs_input_layout,typeinfo for ast_gs_input_layout,874640,874640,12,,STT_OBJECT,STB_GLOBAL,STV_DEFAULT,18,.data.rel.ro
.dynsym,571,_ZTS19ast_gs_input_layout,typeinfo name for ast_gs_input_layout,817616,817616,22,,STT_OBJECT,STB_GLOBAL,STV_DEFAULT,15,.rodata
.dynsym,572,_ZTV19ast_cs_input_layout,vtable for ast_cs_input_layout,874652,874652,16,,STT_OBJECT,STB_GLOBAL,STV_DEFAULT,18,.data.rel.ro
.dynsym,573,_ZTI19ast_cs_input_layout,typeinfo for ast_cs_input_layout,874668,874668,12,,STT_OBJECT,STB_GLOBAL,STV_DEFAULT,18,.data.rel.ro
.dynsym,574,sigsetjmp,sigsetjmp,0,0,0,arm,STT_FUNC,STB_GLOBAL,STV_DEFAULT,SHN_UNDEF,SHN_UNDEF
.dynsym,575,_ZTS19ast_cs_input_layout,typeinfo name for ast_cs_input_layout,817648,817648,22,,STT_OBJECT,STB_GLOBAL,STV_DEFAULT,15,.rodata
.dynsym,576,sigaction,sigaction,0,0,0,arm,STT_FUNC,STB_GLOBAL,STV_DEFAULT,SHN_UNDEF,SHN_UNDEF
.dynsym,577,_ZTI29interface_block_usage_visitor,typeinfo for interface_block_usage_visitor,874852,874852,12,,STT_OBJECT,STB_WEAK,STV_DEFAULT,18,.data.rel.ro
.dynsym,578,_ZN23ir_hierarchical_visitor5visitEP9ir_rvalue,ir_hierarchical_visitor::visit(ir_rvalue*),552757,552756,24,thumb,STT_FUNC,STB_GLOBAL,STV_DEFAULT,12,.text
.dynsym,579,siglongjmp,siglongjmp,0,0,0,arm,STT_FUNC,STB_GLOBAL,STV_DEFAULT,SHN_UNDEF,SHN_UNDEF
.dynsym,580,_ZN23ir_hierarchical_visitor5visitEP11ir_variable,ir_hierarchical_visitor::visit(ir_variable*),552781,552780,24,thumb,STT_FUNC,STB_GLOBAL,STV_DEFAULT,12,.text
.dynsym,581,_ZN23ir_hierarchical_visitor5visitEP11ir_constant,ir_hierarchical_visitor::visit(ir_constant*),552805,552804,24,thumb,STT_FUNC,STB_GLOBAL,STV_DEFAULT,12,.text
.dynsym,582,_ZN23ir_hierarchical_visitor5visitEP12ir_loop_jump,ir_hierarchical_visitor::visit(ir_loop_jump*),552829,552828,24,thumb,STT_FUNC,STB_GLOBAL,STV_DEFAULT,12,.text
.dynsym,583,_ZN23ir_hierarchical_visitor5visitEP22ir_precision_statement,ir_hierarchical_visitor::visit(ir_precision_statement*),552853,552852,24,thumb,STT_FUNC,STB_GLOBAL,STV_DEFAULT,12,.text
.dynsym,584,_ZN23ir_hierarchical_visitor5visitEP21ir_typedecl_statement,ir_hierarchical_visitor::visit(ir_typedecl_statement*),552877,552876,24,thumb,STT_FUNC,STB_GLOBAL,STV_DEFAULT,12,.text
.dynsym,585,_ZN23ir_hierarchical_visitor11visit_enterEP7ir_loop,ir_hierarchical_visitor::visit_enter(ir_loop*),552925,552924,24,thumb,STT_FUNC,STB_GLOBAL,STV_DEFAULT,12,.text
.dynsym,586,_ZN23ir_hierarchical_visitor11visit_leaveEP7ir_loop,ir_hierarchical_visitor::visit_leave(ir_loop*),552949,552948,24,thumb,STT_FUNC,STB_GLOBAL,STV_DEFAULT,12,.text
.dynsym,587,_ZN23ir_hierarchical_visitor11visit_enterEP21ir_function_signature,ir_hierarchical_visitor::visit_enter(ir_function_signature*),552973,552972,24,thumb,STT_FUNC,STB_GLOBAL,STV_DEFAULT,12,.text
.dynsym,588,_ZN23ir_hierarchical_visitor11visit_leaveEP21ir_function_signature,ir_hierarchical_visitor::visit_leave(ir_function_signature*),552997,552996,24,thumb,STT_FUNC,STB_GLOBAL,STV_DEFAULT,12,.text
.dynsym,589,_ZN23ir_hierarchical_visitor11visit_enterEP11ir_function,ir_hierarchical_visitor::visit_enter(ir_function*),553021,553020,24,thumb,STT_FUNC,STB_GLOBAL,STV_DEFAULT,12,.text
.dynsym,590,_ZN23ir_hierarchical_visitor11visit_leaveEP11ir_function,ir_hierarchical_visitor::visit_leave(ir_function*),553045,553044,24,thumb,STT_FUNC,STB_GLOBAL,STV_DEFAULT,12,.text
.dynsym,591,_ZN23ir_hierarchical_visitor11visit_enterEP13ir_expression,ir_hierarchical_visitor::visit_enter(ir_expression*),553069,553068,24,thumb,STT_FUNC,STB_GLOBAL,STV_DEFAULT,12,.text
.dynsym,592,_ZN23ir_hierarchical_visitor11visit_leaveEP13ir_expression,ir_hierarchical_visitor::visit_leave(ir_expression*),553093,553092,24,thumb,STT_FUNC,STB_GLOBAL,STV_DEFAULT,12,.text
.dynsym,593,_ZN23ir_hierarchical_visitor11visit_enterEP10ir_texture,ir_hierarchical_visitor::visit_enter(ir_texture*),553117,553116,24,thumb,STT_FUNC,STB_GLOBAL,STV_DEFAULT,12,.text
.dynsym,594,_ZN23ir_hierarchical_visitor11visit_leaveEP10ir_texture,ir_hierarchical_visitor::visit_leave(ir_texture*),553141,553140,24,thumb,STT_FUNC,STB_GLOBAL,STV_DEFAULT,12,.text
.dynsym,595,_ZN23ir_hierarchical_visitor11visit_enterEP10ir_swizzle,ir_hierarchical_visitor::visit_enter(ir_swizzle*),553165,553164,24,thumb,STT_FUNC,STB_GLOBAL,STV_DEFAULT,12,.text
.dynsym,596,_ZN23ir_hierarchical_visitor11visit_leaveEP10ir_swizzle,ir_hierarchical_visitor::visit_leave(ir_swizzle*),553189,553188,24,thumb,STT_FUNC,STB_GLOBAL,STV_DEFAULT,12,.text
.dynsym,597,_ZN23ir_hierarchical_visitor11visit_enterEP20ir_dereference_array,ir_hierarchical_visitor::visit_enter(ir_dereference_array*),553213,553212,24,thumb,STT_FUNC,STB_GLOBAL,STV_DEFAULT,12,.text
.dynsym,598,_ZN23ir_hierarchical_visitor11visit_leaveEP20ir_dereference_array,ir_hierarchical_visitor::visit_leave(ir_dereference_array*),553237,553236,24,thumb,STT_FUNC,STB_GLOBAL,STV_DEFAULT,12,.text
.dynsym,599,_ZN23ir_hierarchical_visitor11visit_enterEP21ir_dereference_record,ir_hierarchical_visitor::visit_enter(ir_dereference_record*),553261,553260,24,thumb,STT_FUNC,STB_GLOBAL,STV_DEFAULT,12,.text
.dynsym,600,_ZN23ir_hierarchical_visitor11visit_leaveEP21ir_dereference_record,ir_hierarchical_visitor::visit_leave(ir_dereference_record*),553285,553284,24,thumb,STT_FUNC,STB_GLOBAL,STV_DEFAULT,12,.text
.dynsym,601,_ZN23ir_hierarchical_visitor11visit_enterEP13ir_assignment,ir_hierarchical_visitor::visit_enter(ir_assignment*),553309,553308,24,thumb,STT_FUNC,STB_GLOBAL,STV_DEFAULT,12,.text
.dynsym,602,_ZN23ir_hierarchical_visitor11visit_leaveEP13ir_assignment,ir_hierarchical_visitor::visit_leave(ir_assignment*),553333,553332,24,thumb,STT_FUNC,STB_GLOBAL,STV_DEFAULT,12,.text
.dynsym,603,_ZN23ir_hierarchical_visitor11visit_enterEP7ir_call,ir_hierarchical_visitor::visit_enter(ir_call*),553357,553356,24,thumb,STT_FUNC,STB_GLOBAL,STV_DEFAULT,12,.text
.dynsym,604,_ZN23ir_hierarchical_visitor11visit_leaveEP7ir_call,ir_hierarchical_visitor::visit_leave(ir_call*),553381,553380,24,thumb,STT_FUNC,STB_GLOBAL,STV_DEFAULT,12,.text
.dynsym,605,_ZN23ir_hierarchical_visitor11visit_enterEP9ir_return,ir_hierarchical_visitor::visit_enter(ir_return*),553405,553404,24,thumb,STT_FUNC,STB_GLOBAL,STV_DEFAULT,12,.text
.dynsym,606,_ZN23ir_hierarchical_visitor11visit_leaveEP9ir_return,ir_hierarchical_visitor::visit_leave(ir_return*),553429,553428,24,thumb,STT_FUNC,STB_GLOBAL,STV_DEFAULT,12,.text
.dynsym,607,_ZN23ir_hierarchical_visitor11visit_enterEP10ir_discard,ir_hierarchical_visitor::visit_enter(ir_discard*),553453,553452,24,thumb,STT_FUNC,STB_GLOBAL,STV_DEFAULT,12,.text
.dynsym,608,_ZN23ir_hierarchical_visitor11visit_leaveEP10ir_discard,ir_hierarchical_visitor::visit_leave(ir_discard*),553477,553476,24,thumb,STT_FUNC,STB_GLOBAL,STV_DEFAULT,12,.text
.dynsym,609,_ZN23ir_hierarchical_visitor11visit_enterEP5ir_if,ir_hierarchical_visitor::visit_enter(ir_if*),553501,553500,24,thumb,STT_FUNC,STB_GLOBAL,STV_DEFAULT,12,.text
.dynsym,610,_ZN23ir_hierarchical_visitor11visit_leaveEP5ir_if,ir_hierarchical_visitor::visit_leave(ir_if*),553525,553524,24,thumb,STT_FUNC,STB_GLOBAL,STV_DEFAULT,12,.text
.dynsym,611,_ZN23ir_hierarchical_visitor11visit_enterEP14ir_emit_vertex,ir_hierarchical_visitor::visit_enter(ir_emit_vertex*),553549,553548,24,thumb,STT_FUNC,STB_GLOBAL,STV_DEFAULT,12,.text
.dynsym,612,_ZN23ir_hierarchical_visitor11visit_leaveEP14ir_emit_vertex,ir_hierarchical_visitor::visit_leave(ir_emit_vertex*),553573,553572,24,thumb,STT_FUNC,STB_GLOBAL,STV_DEFAULT,12,.text
.dynsym,613,_ZN23ir_hierarchical_visitor11visit_enterEP16ir_end_primitive,ir_hierarchical_visitor::visit_enter(ir_end_primitive*),553597,553596,24,thumb,STT_FUNC,STB_GLOBAL,STV_DEFAULT,12,.text
.dynsym,614,_ZN23ir_hierarchical_visitor11visit_leaveEP16ir_end_primitive,ir_hierarchical_visitor::visit_leave(ir_end_primitive*),553621,553620,24,thumb,STT_FUNC,STB_GLOBAL,STV_DEFAULT,12,.text
.dynsym,615,_ZTS29interface_block_usage_visitor,typeinfo name for interface_block_usage_visitor,817680,817680,32,,STT_OBJECT,STB_WEAK,STV_DEFAULT,15,.rodata
.dynsym,616,_ZTI23ir_hierarchical_visitor,typeinfo for ir_hierarchical_visitor,885440,885440,8,,STT_OBJECT,STB_GLOBAL,STV_DEFAULT,18,.data.rel.ro
.dynsym,617,_ZNK18ast_type_specifier5printEv,ast_type_specifier::print() const,366865,366864,48,thumb,STT_FUNC,STB_GLOBAL,STV_DEFAULT,12,.text
.dynsym,618,_ZNK18ast_type_qualifier11has_storageEv,ast_type_qualifier::has_storage() const,366955,366954,12,thumb,STT_FUNC,STB_GLOBAL,STV_DEFAULT,12,.text
.dynsym,619,_ZN18ast_type_qualifier15merge_qualifierEP7YYLTYPEP22_mesa_glsl_parse_stateS_,"ast_type_qualifier::merge_qualifier(YYLTYPE*, _mesa_glsl_parse_state*, ast_type_qualifier)",367041,367040,892,thumb,STT_FUNC,STB_GLOBAL,STV_DEFAULT,12,.text
.dynsym,620,_ZN18ast_type_qualifier18merge_in_qualifierEP7YYLTYPEP22_mesa_glsl_parse_stateS_RP8ast_node,"ast_type_qualifier::merge_in_qualifier(YYLTYPE*, _mesa_glsl_parse_state*, ast_type_qualifier, ast_node*&)",367933,367932,832,thumb,STT_FUNC,STB_GLOBAL,STV_DEFAULT,12,.text
.dynsym,621,_ZN8ast_nodeC2Ev,ast_node::ast_node(),514273,514272,36,thumb,STT_FUNC,STB_GLOBAL,STV_DEFAULT,12,.text
.dynsym,622,_ZN8ast_node18_ralloc_destructorEPv,ast_node::_ralloc_destructor(void*),368765,368764,2,thumb,STT_FUNC,STB_WEAK,STV_DEFAULT,12,.text
.dynsym,623,_ZTV18ast_type_specifier,vtable for ast_type_specifier,874864,874864,16,,STT_OBJECT,STB_GLOBAL,STV_DEFAULT,18,.data.rel.ro
.dynsym,624,_ZTI18ast_type_specifier,typeinfo for ast_type_specifier,874880,874880,12,,STT_OBJECT,STB_GLOBAL,STV_DEFAULT,18,.data.rel.ro
.dynsym,625,_ZTS18ast_type_specifier,typeinfo name for ast_type_specifier,817712,817712,21,,STT_OBJECT,STB_GLOBAL,STV_DEFAULT,15,.rodata
.dynsym,626,_mesa_new_shader,_mesa_new_shader,682643,682642,68,thumb,STT_FUNC,STB_GLOBAL,STV_DEFAULT,12,.text
.dynsym,627,_ZN17glsl_symbol_tableC1Ev,glsl_symbol_table::glsl_symbol_table(),518321,518320,28,thumb,STT_FUNC,STB_GLOBAL,STV_DEFAULT,12,.text
.dynsym,628,_ZN17glsl_symbol_table18_ralloc_destructorEPv,glsl_symbol_table::_ralloc_destructor(void*),404613,404612,4,thumb,STT_FUNC,STB_WEAK,STV_DEFAULT,12,.text
.dynsym,629,_ZN9glsl_type9mat4_typeE,glsl_type::mat4_type,874972,874972,4,,STT_OBJECT,STB_GLOBAL,STV_DEFAULT,18,.data.rel.ro
.dynsym,630,_Z36_mesa_glsl_release_builtin_functionsv,_mesa_glsl_release_builtin_functions(),369181,369180,32,thumb,STT_FUNC,STB_GLOBAL,STV_DEFAULT,12,.text
.dynsym,631,_ZN11ir_function18matching_signatureEP22_mesa_glsl_parse_statePK9exec_listb,"ir_function::matching_signature(_mesa_glsl_parse_state*, exec_list const*, bool)",550581,550580,68,thumb,STT_FUNC,STB_GLOBAL,STV_DEFAULT,12,.text
.dynsym,632,_ZN9glsl_type10float_typeE,glsl_type::float_type,874948,874948,4,,STT_OBJECT,STB_GLOBAL,STV_DEFAULT,18,.data.rel.ro
.dynsym,633,_ZN9glsl_type9vec2_typeE,glsl_type::vec2_type,874952,874952,4,,STT_OBJECT,STB_GLOBAL,STV_DEFAULT,18,.data.rel.ro
.dynsym,634,_ZN9glsl_type9vec3_typeE,glsl_type::vec3_type,874956,874956,4,,STT_OBJECT,STB_GLOBAL,STV_DEFAULT,18,.data.rel.ro
.dynsym,635,_ZN9glsl_type10ivec2_typeE,glsl_type::ivec2_type,874920,874920,4,,STT_OBJECT,STB_GLOBAL,STV_DEFAULT,18,.data.rel.ro
.dynsym,636,_ZN9glsl_type10ivec4_typeE,glsl_type::ivec4_type,874928,874928,4,,STT_OBJECT,STB_GLOBAL,STV_DEFAULT,18,.data.rel.ro
.dynsym,637,_ZN9glsl_type10uvec2_typeE,glsl_type::uvec2_type,874936,874936,4,,STT_OBJECT,STB_GLOBAL,STV_DEFAULT,18,.data.rel.ro
.dynsym,638,_ZN9glsl_type10uvec3_typeE,glsl_type::uvec3_type,874940,874940,4,,STT_OBJECT,STB_GLOBAL,STV_DEFAULT,18,.data.rel.ro
.dynsym,639,_ZN9glsl_type10uvec4_typeE,glsl_type::uvec4_type,874944,874944,4,,STT_OBJECT,STB_GLOBAL,STV_DEFAULT,18,.data.rel.ro
.dynsym,640,_ZN9glsl_type10bvec2_typeE,glsl_type::bvec2_type,874904,874904,4,,STT_OBJECT,STB_GLOBAL,STV_DEFAULT,18,.data.rel.ro
.dynsym,641,_ZN9glsl_type10bvec3_typeE,glsl_type::bvec3_type,874908,874908,4,,STT_OBJECT,STB_GLOBAL,STV_DEFAULT,18,.data.rel.ro
.dynsym,642,_ZN9glsl_type10bvec4_typeE,glsl_type::bvec4_type,874912,874912,4,,STT_OBJECT,STB_GLOBAL,STV_DEFAULT,18,.data.rel.ro
.dynsym,643,_ZN9glsl_type9mat2_typeE,glsl_type::mat2_type,874964,874964,4,,STT_OBJECT,STB_GLOBAL,STV_DEFAULT,18,.data.rel.ro
.dynsym,644,_ZN9glsl_type9mat3_typeE,glsl_type::mat3_type,874968,874968,4,,STT_OBJECT,STB_GLOBAL,STV_DEFAULT,18,.data.rel.ro
.dynsym,645,_ZN9glsl_type11mat2x3_typeE,glsl_type::mat2x3_type,874976,874976,4,,STT_OBJECT,STB_GLOBAL,STV_DEFAULT,18,.data.rel.ro
.dynsym,646,_ZN9glsl_type11mat2x4_typeE,glsl_type::mat2x4_type,874980,874980,4,,STT_OBJECT,STB_GLOBAL,STV_DEFAULT,18,.data.rel.ro
.dynsym,647,_ZN9glsl_type11mat3x2_typeE,glsl_type::mat3x2_type,874984,874984,4,,STT_OBJECT,STB_GLOBAL,STV_DEFAULT,18,.data.rel.ro
.dynsym,648,_ZN9glsl_type11mat3x4_typeE,glsl_type::mat3x4_type,874988,874988,4,,STT_OBJECT,STB_GLOBAL,STV_DEFAULT,18,.data.rel.ro
.dynsym,649,_ZN9glsl_type11mat4x2_typeE,glsl_type::mat4x2_type,874992,874992,4,,STT_OBJECT,STB_GLOBAL,STV_DEFAULT,18,.data.rel.ro
.dynsym,650,_ZN9glsl_type11mat4x3_typeE,glsl_type::mat4x3_type,874996,874996,4,,STT_OBJECT,STB_GLOBAL,STV_DEFAULT,18,.data.rel.ro
.dynsym,651,_ZN10ir_builder7operandC2EP11ir_variable,ir_builder::operand::operand(ir_variable*),407305,407304,60,thumb,STT_FUNC,STB_WEAK,STV_DEFAULT,12,.text
.dynsym,652,_ZN10ir_builder4exprE23ir_expression_operationNS_7operandE,"ir_builder::expr(ir_expression_operation, ir_builder::operand)",534161,534160,60,thumb,STT_FUNC,STB_GLOBAL,STV_DEFAULT,12,.text
.dynsym,653,_ZN10ir_builder3retENS_7operandE,ir_builder::ret(ir_builder::operand),533745,533744,60,thumb,STT_FUNC,STB_GLOBAL,STV_DEFAULT,12,.text
.dynsym,654,_ZN10ir_builder10ir_factory4emitEP14ir_instruction,ir_builder::ir_factory::emit(ir_instruction*),533511,533510,22,thumb,STT_FUNC,STB_GLOBAL,STV_DEFAULT,12,.text
.dynsym,655,_ZN10ir_builder7swizzleENS_7operandEii,"ir_builder::swizzle(ir_builder::operand, int, int)",533805,533804,84,thumb,STT_FUNC,STB_GLOBAL,STV_DEFAULT,12,.text
.dynsym,656,_ZN10ir_builder3mulENS_7operandES0_,"ir_builder::mul(ir_builder::operand, ir_builder::operand)",534397,534396,10,thumb,STT_FUNC,STB_GLOBAL,STV_DEFAULT,12,.text
.dynsym,657,_ZN10ir_builder3subENS_7operandES0_,"ir_builder::sub(ir_builder::operand, ir_builder::operand)",534367,534366,10,thumb,STT_FUNC,STB_GLOBAL,STV_DEFAULT,12,.text
.dynsym,658,_ZN10ir_builder3addENS_7operandES0_,"ir_builder::add(ir_builder::operand, ir_builder::operand)",534357,534356,10,thumb,STT_FUNC,STB_GLOBAL,STV_DEFAULT,12,.text
.dynsym,659,_ZN10ir_builder10ir_factory9make_tempEPK9glsl_typePKc14glsl_precision,"ir_builder::ir_factory::make_temp(glsl_type const*, char const*, glsl_precision)",533533,533532,92,thumb,STT_FUNC,STB_GLOBAL,STV_DEFAULT,12,.text
.dynsym,660,_ZN10ir_builder6assignENS_5derefENS_7operandEi,"ir_builder::assign(ir_builder::deref, ir_builder::operand, int)",533715,533714,8,thumb,STT_FUNC,STB_GLOBAL,STV_DEFAULT,12,.text
.dynsym,661,_ZN10ir_builder3negENS_7operandE,ir_builder::neg(ir_builder::operand),534509,534508,8,thumb,STT_FUNC,STB_GLOBAL,STV_DEFAULT,12,.text
.dynsym,662,_ZN10ir_builder3divENS_7operandES0_,"ir_builder::div(ir_builder::operand, ir_builder::operand)",534417,534416,10,thumb,STT_FUNC,STB_GLOBAL,STV_DEFAULT,12,.text
.dynsym,663,_ZN9glsl_type4bvecEj,glsl_type::bvec(unsigned int),521201,521200,156,thumb,STT_FUNC,STB_GLOBAL,STV_DEFAULT,12,.text
.dynsym,664,_ZN9glsl_type14sampler1D_typeE,glsl_type::sampler1D_type,875000,875000,4,,STT_OBJECT,STB_GLOBAL,STV_DEFAULT,18,.data.rel.ro
.dynsym,665,_ZN9glsl_type15isampler1D_typeE,glsl_type::isampler1D_type,875044,875044,4,,STT_OBJECT,STB_GLOBAL,STV_DEFAULT,18,.data.rel.ro
.dynsym,666,_ZN9glsl_type15usampler1D_typeE,glsl_type::usampler1D_type,875088,875088,4,,STT_OBJECT,STB_GLOBAL,STV_DEFAULT,18,.data.rel.ro
.dynsym,667,_ZN9glsl_type14sampler2D_typeE,glsl_type::sampler2D_type,875004,875004,4,,STT_OBJECT,STB_GLOBAL,STV_DEFAULT,18,.data.rel.ro
.dynsym,668,_ZN9glsl_type15isampler2D_typeE,glsl_type::isampler2D_type,875048,875048,4,,STT_OBJECT,STB_GLOBAL,STV_DEFAULT,18,.data.rel.ro
.dynsym,669,_ZN9glsl_type15usampler2D_typeE,glsl_type::usampler2D_type,875092,875092,4,,STT_OBJECT,STB_GLOBAL,STV_DEFAULT,18,.data.rel.ro
.dynsym,670,_ZN9glsl_type14sampler3D_typeE,glsl_type::sampler3D_type,875008,875008,4,,STT_OBJECT,STB_GLOBAL,STV_DEFAULT,18,.data.rel.ro
.dynsym,671,_ZN9glsl_type15isampler3D_typeE,glsl_type::isampler3D_type,875052,875052,4,,STT_OBJECT,STB_GLOBAL,STV_DEFAULT,18,.data.rel.ro
.dynsym,672,_ZN9glsl_type15usampler3D_typeE,glsl_type::usampler3D_type,875096,875096,4,,STT_OBJECT,STB_GLOBAL,STV_DEFAULT,18,.data.rel.ro
.dynsym,673,_ZN9glsl_type16samplerCube_typeE,glsl_type::samplerCube_type,875012,875012,4,,STT_OBJECT,STB_GLOBAL,STV_DEFAULT,18,.data.rel.ro
.dynsym,674,_ZN9glsl_type17isamplerCube_typeE,glsl_type::isamplerCube_type,875056,875056,4,,STT_OBJECT,STB_GLOBAL,STV_DEFAULT,18,.data.rel.ro
.dynsym,675,_ZN9glsl_type17usamplerCube_typeE,glsl_type::usamplerCube_type,875100,875100,4,,STT_OBJECT,STB_GLOBAL,STV_DEFAULT,18,.data.rel.ro
.dynsym,676,_ZN9glsl_type20sampler1DShadow_typeE,glsl_type::sampler1DShadow_type,875132,875132,4,,STT_OBJECT,STB_GLOBAL,STV_DEFAULT,18,.data.rel.ro
.dynsym,677,_ZN9glsl_type20sampler2DShadow_typeE,glsl_type::sampler2DShadow_type,875136,875136,4,,STT_OBJECT,STB_GLOBAL,STV_DEFAULT,18,.data.rel.ro
.dynsym,678,_ZN9glsl_type22samplerCubeShadow_typeE,glsl_type::samplerCubeShadow_type,875140,875140,4,,STT_OBJECT,STB_GLOBAL,STV_DEFAULT,18,.data.rel.ro
.dynsym,679,_ZN9glsl_type19sampler1DArray_typeE,glsl_type::sampler1DArray_type,875016,875016,4,,STT_OBJECT,STB_GLOBAL,STV_DEFAULT,18,.data.rel.ro
.dynsym,680,_ZN9glsl_type20isampler1DArray_typeE,glsl_type::isampler1DArray_type,875060,875060,4,,STT_OBJECT,STB_GLOBAL,STV_DEFAULT,18,.data.rel.ro
.dynsym,681,_ZN9glsl_type20usampler1DArray_typeE,glsl_type::usampler1DArray_type,875104,875104,4,,STT_OBJECT,STB_GLOBAL,STV_DEFAULT,18,.data.rel.ro
.dynsym,682,_ZN9glsl_type19sampler2DArray_typeE,glsl_type::sampler2DArray_type,875020,875020,4,,STT_OBJECT,STB_GLOBAL,STV_DEFAULT,18,.data.rel.ro
.dynsym,683,_ZN9glsl_type20isampler2DArray_typeE,glsl_type::isampler2DArray_type,875064,875064,4,,STT_OBJECT,STB_GLOBAL,STV_DEFAULT,18,.data.rel.ro
.dynsym,684,_ZN9glsl_type20usampler2DArray_typeE,glsl_type::usampler2DArray_type,875108,875108,4,,STT_OBJECT,STB_GLOBAL,STV_DEFAULT,18,.data.rel.ro
.dynsym,685,_ZN9glsl_type25sampler1DArrayShadow_typeE,glsl_type::sampler1DArrayShadow_type,875144,875144,4,,STT_OBJECT,STB_GLOBAL,STV_DEFAULT,18,.data.rel.ro
.dynsym,686,_ZN9glsl_type25sampler2DArrayShadow_typeE,glsl_type::sampler2DArrayShadow_type,875148,875148,4,,STT_OBJECT,STB_GLOBAL,STV_DEFAULT,18,.data.rel.ro
.dynsym,687,_ZN9glsl_type21samplerCubeArray_typeE,glsl_type::samplerCubeArray_type,875024,875024,4,,STT_OBJECT,STB_GLOBAL,STV_DEFAULT,18,.data.rel.ro
.dynsym,688,_ZN9glsl_type22isamplerCubeArray_typeE,glsl_type::isamplerCubeArray_type,875068,875068,4,,STT_OBJECT,STB_GLOBAL,STV_DEFAULT,18,.data.rel.ro
.dynsym,689,_ZN9glsl_type22usamplerCubeArray_typeE,glsl_type::usamplerCubeArray_type,875112,875112,4,,STT_OBJECT,STB_GLOBAL,STV_DEFAULT,18,.data.rel.ro
.dynsym,690,_ZN9glsl_type27samplerCubeArrayShadow_typeE,glsl_type::samplerCubeArrayShadow_type,875152,875152,4,,STT_OBJECT,STB_GLOBAL,STV_DEFAULT,18,.data.rel.ro
.dynsym,691,_ZN9glsl_type18sampler2DRect_typeE,glsl_type::sampler2DRect_type,875028,875028,4,,STT_OBJECT,STB_GLOBAL,STV_DEFAULT,18,.data.rel.ro
.dynsym,692,_ZN9glsl_type19isampler2DRect_typeE,glsl_type::isampler2DRect_type,875072,875072,4,,STT_OBJECT,STB_GLOBAL,STV_DEFAULT,18,.data.rel.ro
.dynsym,693,_ZN9glsl_type19usampler2DRect_typeE,glsl_type::usampler2DRect_type,875116,875116,4,,STT_OBJECT,STB_GLOBAL,STV_DEFAULT,18,.data.rel.ro
.dynsym,694,_ZN9glsl_type24sampler2DRectShadow_typeE,glsl_type::sampler2DRectShadow_type,875156,875156,4,,STT_OBJECT,STB_GLOBAL,STV_DEFAULT,18,.data.rel.ro
.dynsym,695,_ZN9glsl_type18samplerBuffer_typeE,glsl_type::samplerBuffer_type,875032,875032,4,,STT_OBJECT,STB_GLOBAL,STV_DEFAULT,18,.data.rel.ro
.dynsym,696,_ZN9glsl_type19isamplerBuffer_typeE,glsl_type::isamplerBuffer_type,875076,875076,4,,STT_OBJECT,STB_GLOBAL,STV_DEFAULT,18,.data.rel.ro
.dynsym,697,_ZN9glsl_type19usamplerBuffer_typeE,glsl_type::usamplerBuffer_type,875120,875120,4,,STT_OBJECT,STB_GLOBAL,STV_DEFAULT,18,.data.rel.ro
.dynsym,698,_ZN9glsl_type16sampler2DMS_typeE,glsl_type::sampler2DMS_type,875036,875036,4,,STT_OBJECT,STB_GLOBAL,STV_DEFAULT,18,.data.rel.ro
.dynsym,699,_ZN9glsl_type17isampler2DMS_typeE,glsl_type::isampler2DMS_type,875080,875080,4,,STT_OBJECT,STB_GLOBAL,STV_DEFAULT,18,.data.rel.ro
.dynsym,700,_ZN9glsl_type17usampler2DMS_typeE,glsl_type::usampler2DMS_type,875124,875124,4,,STT_OBJECT,STB_GLOBAL,STV_DEFAULT,18,.data.rel.ro
.dynsym,701,_ZN9glsl_type21sampler2DMSArray_typeE,glsl_type::sampler2DMSArray_type,875040,875040,4,,STT_OBJECT,STB_GLOBAL,STV_DEFAULT,18,.data.rel.ro
.dynsym,702,_ZN9glsl_type22isampler2DMSArray_typeE,glsl_type::isampler2DMSArray_type,875084,875084,4,,STT_OBJECT,STB_GLOBAL,STV_DEFAULT,18,.data.rel.ro
.dynsym,703,pthread_cond_wait,pthread_cond_wait,0,0,0,arm,STT_FUNC,STB_GLOBAL,STV_DEFAULT,SHN_UNDEF,SHN_UNDEF
.dynsym,704,_ZN9glsl_type22usampler2DMSArray_typeE,glsl_type::usampler2DMSArray_type,875128,875128,4,,STT_OBJECT,STB_GLOBAL,STV_DEFAULT,18,.data.rel.ro
.dynsym,705,pthread_cond_broadcast,pthread_cond_broadcast,0,0,0,arm,STT_FUNC,STB_GLOBAL,STV_DEFAULT,SHN_UNDEF,SHN_UNDEF
.dynsym,706,_ZTV10ir_texture,vtable for ir_texture,883644,883644,68,,STT_OBJECT,STB_GLOBAL,STV_DEFAULT,18,.data.rel.ro
.dynsym,707,_ZN9ir_rvalueC2E12ir_node_type14glsl_precision,"ir_rvalue::ir_rvalue(ir_node_type, glsl_precision)",524869,524868,40,thumb,STT_FUNC,STB_GLOBAL,STV_DEFAULT,12,.text
.dynsym,708,_ZN10ir_texture11set_samplerEP14ir_dereferencePK9glsl_type,"ir_texture::set_sampler(ir_dereference*, glsl_type const*)",530781,530780,6,thumb,STT_FUNC,STB_GLOBAL,STV_DEFAULT,12,.text
.dynsym,709,_ZTV14ir_emit_vertex,vtable for ir_emit_vertex,885448,885448,32,,STT_OBJECT,STB_GLOBAL,STV_DEFAULT,18,.data.rel.ro
.dynsym,710,_ZTV16ir_end_primitive,vtable for ir_end_primitive,885492,885492,32,,STT_OBJECT,STB_GLOBAL,STV_DEFAULT,18,.data.rel.ro
.dynsym,711,_ZN9glsl_type23samplerExternalOES_typeE,glsl_type::samplerExternalOES_type,875160,875160,4,,STT_OBJECT,STB_GLOBAL,STV_DEFAULT,18,.data.rel.ro
.dynsym,712,_ZN9glsl_type4ivecEj,glsl_type::ivec(unsigned int),520889,520888,156,thumb,STT_FUNC,STB_GLOBAL,STV_DEFAULT,12,.text
.dynsym,713,_ZN17glsl_symbol_tableD1Ev,glsl_symbol_table::~glsl_symbol_table(),518349,518348,22,thumb,STT_FUNC,STB_GLOBAL,STV_DEFAULT,12,.text
.dynsym,714,_ZN9glsl_type16atomic_uint_typeE,glsl_type::atomic_uint_type,875296,875296,4,,STT_OBJECT,STB_GLOBAL,STV_DEFAULT,18,.data.rel.ro
.dynsym,715,_ZNK9glsl_type21coordinate_componentsEv,glsl_type::coordinate_components() const,524029,524028,56,thumb,STT_FUNC,STB_GLOBAL,STV_DEFAULT,12,.text
.dynsym,716,_ZN9glsl_type12image2D_typeE,glsl_type::image2D_type,875168,875168,4,,STT_OBJECT,STB_GLOBAL,STV_DEFAULT,18,.data.rel.ro
.dynsym,717,_ZN9glsl_type17uimageBuffer_typeE,glsl_type::uimageBuffer_type,875272,875272,4,,STT_OBJECT,STB_GLOBAL,STV_DEFAULT,18,.data.rel.ro
.dynsym,718,_ZN9glsl_type18uimage1DArray_typeE,glsl_type::uimage1DArray_type,875276,875276,4,,STT_OBJECT,STB_GLOBAL,STV_DEFAULT,18,.data.rel.ro
.dynsym,719,_ZN9glsl_type18uimage2DArray_typeE,glsl_type::uimage2DArray_type,875280,875280,4,,STT_OBJECT,STB_GLOBAL,STV_DEFAULT,18,.data.rel.ro
.dynsym,720,_ZN9glsl_type20uimageCubeArray_typeE,glsl_type::uimageCubeArray_type,875284,875284,4,,STT_OBJECT,STB_GLOBAL,STV_DEFAULT,18,.data.rel.ro
.dynsym,721,_ZN9glsl_type15uimage2DMS_typeE,glsl_type::uimage2DMS_type,875288,875288,4,,STT_OBJECT,STB_GLOBAL,STV_DEFAULT,18,.data.rel.ro
.dynsym,722,_ZN9glsl_type20uimage2DMSArray_typeE,glsl_type::uimage2DMSArray_type,875292,875292,4,,STT_OBJECT,STB_GLOBAL,STV_DEFAULT,18,.data.rel.ro
.dynsym,723,_ZN9glsl_type12image1D_typeE,glsl_type::image1D_type,875164,875164,4,,STT_OBJECT,STB_GLOBAL,STV_DEFAULT,18,.data.rel.ro
.dynsym,724,_ZN9glsl_type12image3D_typeE,glsl_type::image3D_type,875172,875172,4,,STT_OBJECT,STB_GLOBAL,STV_DEFAULT,18,.data.rel.ro
.dynsym,725,_ZN9glsl_type16image2DRect_typeE,glsl_type::image2DRect_type,875176,875176,4,,STT_OBJECT,STB_GLOBAL,STV_DEFAULT,18,.data.rel.ro
.dynsym,726,_ZN9glsl_type14imageCube_typeE,glsl_type::imageCube_type,875180,875180,4,,STT_OBJECT,STB_GLOBAL,STV_DEFAULT,18,.data.rel.ro
.dynsym,727,_ZN9glsl_type16imageBuffer_typeE,glsl_type::imageBuffer_type,875184,875184,4,,STT_OBJECT,STB_GLOBAL,STV_DEFAULT,18,.data.rel.ro
.dynsym,728,_ZN9glsl_type17image1DArray_typeE,glsl_type::image1DArray_type,875188,875188,4,,STT_OBJECT,STB_GLOBAL,STV_DEFAULT,18,.data.rel.ro
.dynsym,729,_ZN9glsl_type17image2DArray_typeE,glsl_type::image2DArray_type,875192,875192,4,,STT_OBJECT,STB_GLOBAL,STV_DEFAULT,18,.data.rel.ro
.dynsym,730,_ZN9glsl_type19imageCubeArray_typeE,glsl_type::imageCubeArray_type,875196,875196,4,,STT_OBJECT,STB_GLOBAL,STV_DEFAULT,18,.data.rel.ro
.dynsym,731,_ZN9glsl_type14image2DMS_typeE,glsl_type::image2DMS_type,875200,875200,4,,STT_OBJECT,STB_GLOBAL,STV_DEFAULT,18,.data.rel.ro
.dynsym,732,_ZN9glsl_type19image2DMSArray_typeE,glsl_type::image2DMSArray_type,875204,875204,4,,STT_OBJECT,STB_GLOBAL,STV_DEFAULT,18,.data.rel.ro
.dynsym,733,_ZN9glsl_type13iimage1D_typeE,glsl_type::iimage1D_type,875208,875208,4,,STT_OBJECT,STB_GLOBAL,STV_DEFAULT,18,.data.rel.ro
.dynsym,734,_ZN9glsl_type13iimage2D_typeE,glsl_type::iimage2D_type,875212,875212,4,,STT_OBJECT,STB_GLOBAL,STV_DEFAULT,18,.data.rel.ro
.dynsym,735,_ZN9glsl_type13iimage3D_typeE,glsl_type::iimage3D_type,875216,875216,4,,STT_OBJECT,STB_GLOBAL,STV_DEFAULT,18,.data.rel.ro
.dynsym,736,_ZN9glsl_type17iimage2DRect_typeE,glsl_type::iimage2DRect_type,875220,875220,4,,STT_OBJECT,STB_GLOBAL,STV_DEFAULT,18,.data.rel.ro
.dynsym,737,_ZN9glsl_type15iimageCube_typeE,glsl_type::iimageCube_type,875224,875224,4,,STT_OBJECT,STB_GLOBAL,STV_DEFAULT,18,.data.rel.ro
.dynsym,738,_ZN9glsl_type17iimageBuffer_typeE,glsl_type::iimageBuffer_type,875228,875228,4,,STT_OBJECT,STB_GLOBAL,STV_DEFAULT,18,.data.rel.ro
.dynsym,739,_ZN9glsl_type18iimage1DArray_typeE,glsl_type::iimage1DArray_type,875232,875232,4,,STT_OBJECT,STB_GLOBAL,STV_DEFAULT,18,.data.rel.ro
.dynsym,740,_ZN9glsl_type18iimage2DArray_typeE,glsl_type::iimage2DArray_type,875236,875236,4,,STT_OBJECT,STB_GLOBAL,STV_DEFAULT,18,.data.rel.ro
.dynsym,741,pthread_mutex_lock,pthread_mutex_lock,0,0,0,arm,STT_FUNC,STB_GLOBAL,STV_DEFAULT,SHN_UNDEF,SHN_UNDEF
.dynsym,742,_ZN9glsl_type15iimage2DMS_typeE,glsl_type::iimage2DMS_type,875244,875244,4,,STT_OBJECT,STB_GLOBAL,STV_DEFAULT,18,.data.rel.ro
.dynsym,743,pthread_mutex_init,pthread_mutex_init,0,0,0,arm,STT_FUNC,STB_GLOBAL,STV_DEFAULT,SHN_UNDEF,SHN_UNDEF
.dynsym,744,_ZN9glsl_type20iimageCubeArray_typeE,glsl_type::iimageCubeArray_type,875240,875240,4,,STT_OBJECT,STB_GLOBAL,STV_DEFAULT,18,.data.rel.ro
.dynsym,745,pthread_mutex_destroy,pthread_mutex_destroy,0,0,0,arm,STT_FUNC,STB_GLOBAL,STV_DEFAULT,SHN_UNDEF,SHN_UNDEF
.dynsym,746,_ZN9glsl_type20iimage2DMSArray_typeE,glsl_type::iimage2DMSArray_type,875248,875248,4,,STT_OBJECT,STB_GLOBAL,STV_DEFAULT,18,.data.rel.ro
.dynsym,747,pthread_key_delete,pthread_key_delete,0,0,0,arm,STT_FUNC,STB_GLOBAL,STV_DEFAULT,SHN_UNDEF,SHN_UNDEF
.dynsym,748,_ZN9glsl_type13uimage1D_typeE,glsl_type::uimage1D_type,875252,875252,4,,STT_OBJECT,STB_GLOBAL,STV_DEFAULT,18,.data.rel.ro
.dynsym,749,__assert2,__assert2,0,0,0,arm,STT_FUNC,STB_GLOBAL,STV_DEFAULT,SHN_UNDEF,SHN_UNDEF
.dynsym,750,_ZN9glsl_type13uimage2D_typeE,glsl_type::uimage2D_type,875256,875256,4,,STT_OBJECT,STB_GLOBAL,STV_DEFAULT,18,.data.rel.ro
.dynsym,751,_ZN9glsl_type13uimage3D_typeE,glsl_type::uimage3D_type,875260,875260,4,,STT_OBJECT,STB_GLOBAL,STV_DEFAULT,18,.data.rel.ro
.dynsym,752,_ZN9glsl_type17uimage2DRect_typeE,glsl_type::uimage2DRect_type,875264,875264,4,,STT_OBJECT,STB_GLOBAL,STV_DEFAULT,18,.data.rel.ro
.dynsym,753,pthread_mutex_unlock,pthread_mutex_unlock,0,0,0,arm,STT_FUNC,STB_GLOBAL,STV_DEFAULT,SHN_UNDEF,SHN_UNDEF
.dynsym,754,_ZN9glsl_type15uimageCube_typeE,glsl_type::uimageCube_type,875268,875268,4,,STT_OBJECT,STB_GLOBAL,STV_DEFAULT,18,.data.rel.ro
.dynsym,755,_ZN10ir_builder3sinENS_7operandE,ir_builder::sin(ir_builder::operand),534517,534516,8,thumb,STT_FUNC,STB_GLOBAL,STV_DEFAULT,12,.text
.dynsym,756,_ZN10ir_builder3cosENS_7operandE,ir_builder::cos(ir_builder::operand),534525,534524,8,thumb,STT_FUNC,STB_GLOBAL,STV_DEFAULT,12,.text
.dynsym,757,_ZN10ir_builder3absENS_7operandE,ir_builder::abs(ir_builder::operand),534501,534500,8,thumb,STT_FUNC,STB_GLOBAL,STV_DEFAULT,12,.text
.dynsym,758,dlclose,dlclose,0,0,0,arm,STT_FUNC,STB_GLOBAL,STV_DEFAULT,SHN_UNDEF,SHN_UNDEF
.dynsym,759,_ZN10ir_builder7greaterENS_7operandES0_,"ir_builder::greater(ir_builder::operand, ir_builder::operand)",534603,534602,10,thumb,STT_FUNC,STB_GLOBAL,STV_DEFAULT,12,.text
.dynsym,760,_ZN10ir_builder4lessENS_7operandES0_,"ir_builder::less(ir_builder::operand, ir_builder::operand)",534593,534592,10,thumb,STT_FUNC,STB_GLOBAL,STV_DEFAULT,12,.text
.dynsym,761,_ZN10ir_builder6gequalENS_7operandES0_,"ir_builder::gequal(ir_builder::operand, ir_builder::operand)",534623,534622,10,thumb,STT_FUNC,STB_GLOBAL,STV_DEFAULT,12,.text
.dynsym,762,_ZN10ir_builder7if_treeENS_7operandEP14ir_instructionS2_,"ir_builder::if_tree(ir_builder::operand, ir_instruction*, ir_instruction*)",535077,535076,132,thumb,STT_FUNC,STB_GLOBAL,STV_DEFAULT,12,.text
.dynsym,763,_ZN10ir_builder4signENS_7operandE,ir_builder::sign(ir_builder::operand),534565,534564,8,thumb,STT_FUNC,STB_GLOBAL,STV_DEFAULT,12,.text
.dynsym,764,_ZN10ir_builder3expENS_7operandE,ir_builder::exp(ir_builder::operand),534533,534532,8,thumb,STT_FUNC,STB_GLOBAL,STV_DEFAULT,12,.text
.dynsym,765,_ZN10ir_builder4sqrtENS_7operandE,ir_builder::sqrt(ir_builder::operand),534549,534548,8,thumb,STT_FUNC,STB_GLOBAL,STV_DEFAULT,12,.text
.dynsym,766,_ZN10ir_builder3logENS_7operandE,ir_builder::log(ir_builder::operand),534557,534556,8,thumb,STT_FUNC,STB_GLOBAL,STV_DEFAULT,12,.text
.dynsym,767,_ZN10ir_builder5clampENS_7operandES0_S0_,"ir_builder::clamp(ir_builder::operand, ir_builder::operand, ir_builder::operand)",534481,534480,12,thumb,STT_FUNC,STB_GLOBAL,STV_DEFAULT,12,.text
.dynsym,768,_ZN10ir_builder3lrpENS_7operandES0_S0_,"ir_builder::lrp(ir_builder::operand, ir_builder::operand, ir_builder::operand)",534861,534860,12,thumb,STT_FUNC,STB_GLOBAL,STV_DEFAULT,12,.text
.dynsym,769,_ZN10ir_builder4cselENS_7operandES0_S0_,"ir_builder::csel(ir_builder::operand, ir_builder::operand, ir_builder::operand)",534873,534872,12,thumb,STT_FUNC,STB_GLOBAL,STV_DEFAULT,12,.text
.dynsym,770,_ZN10ir_builder3b2fENS_7operandE,ir_builder::b2f(ir_builder::operand),534813,534812,8,thumb,STT_FUNC,STB_GLOBAL,STV_DEFAULT,12,.text
.dynsym,771,_ZN10ir_builder6nequalENS_7operandES0_,"ir_builder::nequal(ir_builder::operand, ir_builder::operand)",534583,534582,10,thumb,STT_FUNC,STB_GLOBAL,STV_DEFAULT,12,.text
.dynsym,772,_ZN10ir_builder5equalENS_7operandES0_,"ir_builder::equal(ir_builder::operand, ir_builder::operand)",534573,534572,10,thumb,STT_FUNC,STB_GLOBAL,STV_DEFAULT,12,.text
.dynsym,773,_ZN10ir_builder11bitcast_f2iENS_7operandE,ir_builder::bitcast_f2i(ir_builder::operand),534717,534716,8,thumb,STT_FUNC,STB_GLOBAL,STV_DEFAULT,12,.text
.dynsym,774,_ZN9glsl_type4uvecEj,glsl_type::uvec(unsigned int),521045,521044,156,thumb,STT_FUNC,STB_GLOBAL,STV_DEFAULT,12,.text
.dynsym,775,_ZN10ir_builder11bitcast_f2uENS_7operandE,ir_builder::bitcast_f2u(ir_builder::operand),534765,534764,8,thumb,STT_FUNC,STB_GLOBAL,STV_DEFAULT,12,.text
.dynsym,776,memalign,memalign,0,0,0,arm,STT_FUNC,STB_GLOBAL,STV_DEFAULT,SHN_UNDEF,SHN_UNDEF
.dynsym,777,_ZN9glsl_type3vecEj,glsl_type::vec(unsigned int),520733,520732,156,thumb,STT_FUNC,STB_GLOBAL,STV_DEFAULT,12,.text
.dynsym,778,_ZN10ir_builder11bitcast_i2fENS_7operandE,ir_builder::bitcast_i2f(ir_builder::operand),534733,534732,8,thumb,STT_FUNC,STB_GLOBAL,STV_DEFAULT,12,.text
.dynsym,779,_ZN10ir_builder11bitcast_u2fENS_7operandE,ir_builder::bitcast_u2f(ir_builder::operand),534781,534780,8,thumb,STT_FUNC,STB_GLOBAL,STV_DEFAULT,12,.text
.dynsym,780,_ZN10ir_builder3dotENS_7operandES0_,"ir_builder::dot(ir_builder::operand, ir_builder::operand)",534455,534454,26,thumb,STT_FUNC,STB_GLOBAL,STV_DEFAULT,12,.text
.dynsym,781,_ZN10ir_builder9swizzle_xENS_7operandE,ir_builder::swizzle_x(ir_builder::operand),534091,534090,8,thumb,STT_FUNC,STB_GLOBAL,STV_DEFAULT,12,.text
.dynsym,782,_ZN10ir_builder9swizzle_yENS_7operandE,ir_builder::swizzle_y(ir_builder::operand),534099,534098,10,thumb,STT_FUNC,STB_GLOBAL,STV_DEFAULT,12,.text
.dynsym,783,_ZN10ir_builder9logic_andENS_7operandES0_,"ir_builder::logic_and(ir_builder::operand, ir_builder::operand)",534641,534640,10,thumb,STT_FUNC,STB_GLOBAL,STV_DEFAULT,12,.text
.dynsym,784,_ZN10ir_builder9swizzle_zENS_7operandE,ir_builder::swizzle_z(ir_builder::operand),534109,534108,10,thumb,STT_FUNC,STB_GLOBAL,STV_DEFAULT,12,.text
.dynsym,785,_ZN10ir_builder9swizzle_wENS_7operandE,ir_builder::swizzle_w(ir_builder::operand),534119,534118,10,thumb,STT_FUNC,STB_GLOBAL,STV_DEFAULT,12,.text
.dynsym,786,_ZN10ir_builder4exprE23ir_expression_operationNS_7operandES1_S1_,"ir_builder::expr(ir_expression_operation, ir_builder::operand, ir_builder::operand, ir_builder::operand)",534285,534284,72,thumb,STT_FUNC,STB_GLOBAL,STV_DEFAULT,12,.text
.dynsym,787,_ZN10ir_builder15bitfield_insertENS_7operandES0_S0_S0_,"ir_builder::bitfield_insert(ir_builder::operand, ir_builder::operand, ir_builder::operand, ir_builder::operand)",534885,534884,76,thumb,STT_FUNC,STB_GLOBAL,STV_DEFAULT,12,.text
.dynsym,788,_ZN10ir_builder3fmaENS_7operandES0_S0_,"ir_builder::fma(ir_builder::operand, ir_builder::operand, ir_builder::operand)",534849,534848,12,thumb,STT_FUNC,STB_GLOBAL,STV_DEFAULT,12,.text
.dynsym,789,_ZN10ir_builder6rshiftENS_7operandES0_,"ir_builder::rshift(ir_builder::operand, ir_builder::operand)",534699,534698,10,thumb,STT_FUNC,STB_GLOBAL,STV_DEFAULT,12,.text
.dynsym,790,_ZN10ir_builder7bit_andENS_7operandES0_,"ir_builder::bit_and(ir_builder::operand, ir_builder::operand)",534669,534668,10,thumb,STT_FUNC,STB_GLOBAL,STV_DEFAULT,12,.text
.dynsym,791,_ZN10ir_builder6bit_orENS_7operandES0_,"ir_builder::bit_or(ir_builder::operand, ir_builder::operand)",534679,534678,10,thumb,STT_FUNC,STB_GLOBAL,STV_DEFAULT,12,.text
.dynsym,792,_ZN10ir_builder5carryENS_7operandES0_,"ir_builder::carry(ir_builder::operand, ir_builder::operand)",534427,534426,10,thumb,STT_FUNC,STB_GLOBAL,STV_DEFAULT,12,.text
.dynsym,793,_ZN10ir_builder6borrowENS_7operandES0_,"ir_builder::borrow(ir_builder::operand, ir_builder::operand)",534437,534436,10,thumb,STT_FUNC,STB_GLOBAL,STV_DEFAULT,12,.text
.dynsym,794,_ZN10ir_builder9imul_highENS_7operandES0_,"ir_builder::imul_high(ir_builder::operand, ir_builder::operand)",534407,534406,10,thumb,STT_FUNC,STB_GLOBAL,STV_DEFAULT,12,.text
.dynsym,795,_ZN10ir_builder23interpolate_at_centroidENS_7operandE,ir_builder::interpolate_at_centroid(ir_builder::operand),534821,534820,8,thumb,STT_FUNC,STB_GLOBAL,STV_DEFAULT,12,.text
.dynsym,796,_ZN10ir_builder21interpolate_at_offsetENS_7operandES0_,"ir_builder::interpolate_at_offset(ir_builder::operand, ir_builder::operand)",534829,534828,10,thumb,STT_FUNC,STB_GLOBAL,STV_DEFAULT,12,.text
.dynsym,797,_ZN10ir_builder21interpolate_at_sampleENS_7operandES0_,"ir_builder::interpolate_at_sample(ir_builder::operand, ir_builder::operand)",534839,534838,10,thumb,STT_FUNC,STB_GLOBAL,STV_DEFAULT,12,.text
.dynsym,798,_ZN10ir_builder4min2ENS_7operandES0_,"ir_builder::min2(ir_builder::operand, ir_builder::operand)",534377,534376,10,thumb,STT_FUNC,STB_GLOBAL,STV_DEFAULT,12,.text
.dynsym,799,_ZN10ir_builder4max2ENS_7operandES0_,"ir_builder::max2(ir_builder::operand, ir_builder::operand)",534387,534386,10,thumb,STT_FUNC,STB_GLOBAL,STV_DEFAULT,12,.text
.dynsym,800,_ZN10ir_builder4exprE23ir_expression_operationNS_7operandES1_,"ir_builder::expr(ir_expression_operation, ir_builder::operand, ir_builder::operand)",534221,534220,64,thumb,STT_FUNC,STB_GLOBAL,STV_DEFAULT,12,.text
.dynsym,801,_mesa_glsl_initialize_types,_mesa_glsl_initialize_types,442317,442316,1152,thumb,STT_FUNC,STB_GLOBAL,STV_DEFAULT,12,.text
.dynsym,802,_ZN9glsl_type22_samplerCubeArray_typeE,glsl_type::_samplerCubeArray_type,944280,944280,24,,STT_OBJECT,STB_GLOBAL,STV_DEFAULT,22,.bss
.dynsym,803,_ZN9glsl_type28_samplerCubeArrayShadow_typeE,glsl_type::_samplerCubeArrayShadow_type,945048,945048,24,,STT_OBJECT,STB_GLOBAL,STV_DEFAULT,22,.bss
.dynsym,804,_ZN9glsl_type23_isamplerCubeArray_typeE,glsl_type::_isamplerCubeArray_type,944544,944544,24,,STT_OBJECT,STB_GLOBAL,STV_DEFAULT,22,.bss
.dynsym,805,_ZN9glsl_type23_usamplerCubeArray_typeE,glsl_type::_usamplerCubeArray_type,944808,944808,24,,STT_OBJECT,STB_GLOBAL,STV_DEFAULT,22,.bss
.dynsym,806,_ZN9glsl_type17_sampler2DMS_typeE,glsl_type::_sampler2DMS_type,944352,944352,24,,STT_OBJECT,STB_GLOBAL,STV_DEFAULT,22,.bss
.dynsym,807,_ZN9glsl_type18_isampler2DMS_typeE,glsl_type::_isampler2DMS_type,944616,944616,24,,STT_OBJECT,STB_GLOBAL,STV_DEFAULT,22,.bss
.dynsym,808,_ZN9glsl_type18_usampler2DMS_typeE,glsl_type::_usampler2DMS_type,944880,944880,24,,STT_OBJECT,STB_GLOBAL,STV_DEFAULT,22,.bss
.dynsym,809,_ZN9glsl_type22_sampler2DMSArray_typeE,glsl_type::_sampler2DMSArray_type,944376,944376,24,,STT_OBJECT,STB_GLOBAL,STV_DEFAULT,22,.bss
.dynsym,810,_ZN9glsl_type23_isampler2DMSArray_typeE,glsl_type::_isampler2DMSArray_type,944640,944640,24,,STT_OBJECT,STB_GLOBAL,STV_DEFAULT,22,.bss
.dynsym,811,_ZN9glsl_type23_usampler2DMSArray_typeE,glsl_type::_usampler2DMSArray_type,944904,944904,24,,STT_OBJECT,STB_GLOBAL,STV_DEFAULT,22,.bss
.dynsym,812,_ZN9glsl_type19_sampler2DRect_typeE,glsl_type::_sampler2DRect_type,944304,944304,24,,STT_OBJECT,STB_GLOBAL,STV_DEFAULT,22,.bss
.dynsym,813,_ZN9glsl_type25_sampler2DRectShadow_typeE,glsl_type::_sampler2DRectShadow_type,945072,945072,24,,STT_OBJECT,STB_GLOBAL,STV_DEFAULT,22,.bss
.dynsym,814,_ZN9glsl_type20_sampler1DArray_typeE,glsl_type::_sampler1DArray_type,944232,944232,24,,STT_OBJECT,STB_GLOBAL,STV_DEFAULT,22,.bss
.dynsym,815,_ZN9glsl_type20_sampler2DArray_typeE,glsl_type::_sampler2DArray_type,944256,944256,24,,STT_OBJECT,STB_GLOBAL,STV_DEFAULT,22,.bss
.dynsym,816,_ZN9glsl_type26_sampler1DArrayShadow_typeE,glsl_type::_sampler1DArrayShadow_type,945000,945000,24,,STT_OBJECT,STB_GLOBAL,STV_DEFAULT,22,.bss
.dynsym,817,_ZN9glsl_type26_sampler2DArrayShadow_typeE,glsl_type::_sampler2DArrayShadow_type,945024,945024,24,,STT_OBJECT,STB_GLOBAL,STV_DEFAULT,22,.bss
.dynsym,818,_ZN9glsl_type24_samplerExternalOES_typeE,glsl_type::_samplerExternalOES_type,945096,945096,24,,STT_OBJECT,STB_GLOBAL,STV_DEFAULT,22,.bss
.dynsym,819,_ZN9glsl_type21_sampler2DShadow_typeE,glsl_type::_sampler2DShadow_type,944952,944952,24,,STT_OBJECT,STB_GLOBAL,STV_DEFAULT,22,.bss
.dynsym,820,_ZN9glsl_type15_sampler3D_typeE,glsl_type::_sampler3D_type,944184,944184,24,,STT_OBJECT,STB_GLOBAL,STV_DEFAULT,22,.bss
.dynsym,821,_ZN9glsl_type13_image1D_typeE,glsl_type::_image1D_type,945120,945120,24,,STT_OBJECT,STB_GLOBAL,STV_DEFAULT,22,.bss
.dynsym,822,_ZN9glsl_type13_image2D_typeE,glsl_type::_image2D_type,945144,945144,24,,STT_OBJECT,STB_GLOBAL,STV_DEFAULT,22,.bss
.dynsym,823,_ZN9glsl_type13_image3D_typeE,glsl_type::_image3D_type,945168,945168,24,,STT_OBJECT,STB_GLOBAL,STV_DEFAULT,22,.bss
.dynsym,824,_ZN9glsl_type17_image2DRect_typeE,glsl_type::_image2DRect_type,945192,945192,24,,STT_OBJECT,STB_GLOBAL,STV_DEFAULT,22,.bss
.dynsym,825,_ZN9glsl_type15_imageCube_typeE,glsl_type::_imageCube_type,945216,945216,24,,STT_OBJECT,STB_GLOBAL,STV_DEFAULT,22,.bss
.dynsym,826,_ZN9glsl_type17_imageBuffer_typeE,glsl_type::_imageBuffer_type,945240,945240,24,,STT_OBJECT,STB_GLOBAL,STV_DEFAULT,22,.bss
.dynsym,827,_ZN9glsl_type18_image1DArray_typeE,glsl_type::_image1DArray_type,945264,945264,24,,STT_OBJECT,STB_GLOBAL,STV_DEFAULT,22,.bss
.dynsym,828,_ZN9glsl_type18_image2DArray_typeE,glsl_type::_image2DArray_type,945288,945288,24,,STT_OBJECT,STB_GLOBAL,STV_DEFAULT,22,.bss
.dynsym,829,_ZN9glsl_type20_imageCubeArray_typeE,glsl_type::_imageCubeArray_type,945312,945312,24,,STT_OBJECT,STB_GLOBAL,STV_DEFAULT,22,.bss
.dynsym,830,_ZN9glsl_type15_image2DMS_typeE,glsl_type::_image2DMS_type,945336,945336,24,,STT_OBJECT,STB_GLOBAL,STV_DEFAULT,22,.bss
.dynsym,831,_ZN9glsl_type20_image2DMSArray_typeE,glsl_type::_image2DMSArray_type,945360,945360,24,,STT_OBJECT,STB_GLOBAL,STV_DEFAULT,22,.bss
.dynsym,832,_ZN9glsl_type14_iimage1D_typeE,glsl_type::_iimage1D_type,945384,945384,24,,STT_OBJECT,STB_GLOBAL,STV_DEFAULT,22,.bss
.dynsym,833,_ZN9glsl_type14_iimage2D_typeE,glsl_type::_iimage2D_type,945408,945408,24,,STT_OBJECT,STB_GLOBAL,STV_DEFAULT,22,.bss
.dynsym,834,_ZN9glsl_type14_iimage3D_typeE,glsl_type::_iimage3D_type,945432,945432,24,,STT_OBJECT,STB_GLOBAL,STV_DEFAULT,22,.bss
.dynsym,835,_ZN9glsl_type18_iimage2DRect_typeE,glsl_type::_iimage2DRect_type,945456,945456,24,,STT_OBJECT,STB_GLOBAL,STV_DEFAULT,22,.bss
.dynsym,836,_ZN9glsl_type16_iimageCube_typeE,glsl_type::_iimageCube_type,945480,945480,24,,STT_OBJECT,STB_GLOBAL,STV_DEFAULT,22,.bss
.dynsym,837,_ZN9glsl_type18_iimageBuffer_typeE,glsl_type::_iimageBuffer_type,945504,945504,24,,STT_OBJECT,STB_GLOBAL,STV_DEFAULT,22,.bss
.dynsym,838,_ZN9glsl_type19_iimage1DArray_typeE,glsl_type::_iimage1DArray_type,945528,945528,24,,STT_OBJECT,STB_GLOBAL,STV_DEFAULT,22,.bss
.dynsym,839,_ZN9glsl_type19_iimage2DArray_typeE,glsl_type::_iimage2DArray_type,945552,945552,24,,STT_OBJECT,STB_GLOBAL,STV_DEFAULT,22,.bss
.dynsym,840,_ZN9glsl_type21_iimageCubeArray_typeE,glsl_type::_iimageCubeArray_type,945576,945576,24,,STT_OBJECT,STB_GLOBAL,STV_DEFAULT,22,.bss
.dynsym,841,_ZN9glsl_type16_iimage2DMS_typeE,glsl_type::_iimage2DMS_type,945600,945600,24,,STT_OBJECT,STB_GLOBAL,STV_DEFAULT,22,.bss
.dynsym,842,_ZN9glsl_type21_iimage2DMSArray_typeE,glsl_type::_iimage2DMSArray_type,945624,945624,24,,STT_OBJECT,STB_GLOBAL,STV_DEFAULT,22,.bss
.dynsym,843,_ZN9glsl_type14_uimage1D_typeE,glsl_type::_uimage1D_type,945648,945648,24,,STT_OBJECT,STB_GLOBAL,STV_DEFAULT,22,.bss
.dynsym,844,_ZN9glsl_type14_uimage2D_typeE,glsl_type::_uimage2D_type,945672,945672,24,,STT_OBJECT,STB_GLOBAL,STV_DEFAULT,22,.bss
.dynsym,845,_ZN9glsl_type14_uimage3D_typeE,glsl_type::_uimage3D_type,945696,945696,24,,STT_OBJECT,STB_GLOBAL,STV_DEFAULT,22,.bss
.dynsym,846,_ZN9glsl_type18_uimage2DRect_typeE,glsl_type::_uimage2DRect_type,945720,945720,24,,STT_OBJECT,STB_GLOBAL,STV_DEFAULT,22,.bss
.dynsym,847,_ZN9glsl_type16_uimageCube_typeE,glsl_type::_uimageCube_type,945744,945744,24,,STT_OBJECT,STB_GLOBAL,STV_DEFAULT,22,.bss
.dynsym,848,_ZN9glsl_type18_uimageBuffer_typeE,glsl_type::_uimageBuffer_type,945768,945768,24,,STT_OBJECT,STB_GLOBAL,STV_DEFAULT,22,.bss
.dynsym,849,_ZN9glsl_type19_uimage1DArray_typeE,glsl_type::_uimage1DArray_type,945792,945792,24,,STT_OBJECT,STB_GLOBAL,STV_DEFAULT,22,.bss
.dynsym,850,_ZN9glsl_type19_uimage2DArray_typeE,glsl_type::_uimage2DArray_type,945816,945816,24,,STT_OBJECT,STB_GLOBAL,STV_DEFAULT,22,.bss
.dynsym,851,_ZN9glsl_type21_uimageCubeArray_typeE,glsl_type::_uimageCubeArray_type,945840,945840,24,,STT_OBJECT,STB_GLOBAL,STV_DEFAULT,22,.bss
.dynsym,852,_ZN9glsl_type16_uimage2DMS_typeE,glsl_type::_uimage2DMS_type,945864,945864,24,,STT_OBJECT,STB_GLOBAL,STV_DEFAULT,22,.bss
.dynsym,853,_ZN9glsl_type21_uimage2DMSArray_typeE,glsl_type::_uimage2DMSArray_type,945888,945888,24,,STT_OBJECT,STB_GLOBAL,STV_DEFAULT,22,.bss
.dynsym,854,_ZN9glsl_type17_atomic_uint_typeE,glsl_type::_atomic_uint_type,945912,945912,24,,STT_OBJECT,STB_GLOBAL,STV_DEFAULT,22,.bss
.dynsym,855,_ZN9glsl_typeC1Ej14glsl_base_typejjPKc,"glsl_type::glsl_type(unsigned int, glsl_base_type, unsigned int, unsigned int, char const*)",519285,519284,96,thumb,STT_FUNC,STB_GLOBAL,STV_DEFAULT,12,.text
.dynsym,856,_ZN9glsl_typeC1Ej14glsl_base_type16glsl_sampler_dimbbjPKc,"glsl_type::glsl_type(unsigned int, glsl_base_type, glsl_sampler_dim, bool, bool, unsigned int, char const*)",519381,519380,136,thumb,STT_FUNC,STB_GLOBAL,STV_DEFAULT,12,.text
.dynsym,857,_ZN9glsl_typeC1EPK17glsl_struct_fieldjPKc,"glsl_type::glsl_type(glsl_struct_field const*, unsigned int, char const*)",519517,519516,240,thumb,STT_FUNC,STB_GLOBAL,STV_DEFAULT,12,.text
.dynsym,858,_ZN9glsl_type11_error_typeE,glsl_type::_error_type,943488,943488,24,,STT_OBJECT,STB_GLOBAL,STV_DEFAULT,22,.bss
.dynsym,859,_ZN9glsl_type10_void_typeE,glsl_type::_void_type,943512,943512,24,,STT_OBJECT,STB_GLOBAL,STV_DEFAULT,22,.bss
.dynsym,860,_ZN9glsl_type10_bool_typeE,glsl_type::_bool_type,943536,943536,24,,STT_OBJECT,STB_GLOBAL,STV_DEFAULT,22,.bss
.dynsym,861,_ZN9glsl_type11_bvec2_typeE,glsl_type::_bvec2_type,943560,943560,24,,STT_OBJECT,STB_GLOBAL,STV_DEFAULT,22,.bss
.dynsym,862,_ZN9glsl_type11_bvec3_typeE,glsl_type::_bvec3_type,943584,943584,24,,STT_OBJECT,STB_GLOBAL,STV_DEFAULT,22,.bss
.dynsym,863,_ZN9glsl_type11_bvec4_typeE,glsl_type::_bvec4_type,943608,943608,24,,STT_OBJECT,STB_GLOBAL,STV_DEFAULT,22,.bss
.dynsym,864,_ZN9glsl_type9_int_typeE,glsl_type::_int_type,943632,943632,24,,STT_OBJECT,STB_GLOBAL,STV_DEFAULT,22,.bss
.dynsym,865,_ZN9glsl_type11_ivec2_typeE,glsl_type::_ivec2_type,943656,943656,24,,STT_OBJECT,STB_GLOBAL,STV_DEFAULT,22,.bss
.dynsym,866,_ZN9glsl_type11_ivec3_typeE,glsl_type::_ivec3_type,943680,943680,24,,STT_OBJECT,STB_GLOBAL,STV_DEFAULT,22,.bss
.dynsym,867,_ZN9glsl_type11_ivec4_typeE,glsl_type::_ivec4_type,943704,943704,24,,STT_OBJECT,STB_GLOBAL,STV_DEFAULT,22,.bss
.dynsym,868,_ZN9glsl_type10_uint_typeE,glsl_type::_uint_type,943728,943728,24,,STT_OBJECT,STB_GLOBAL,STV_DEFAULT,22,.bss
.dynsym,869,_ZN9glsl_type11_uvec2_typeE,glsl_type::_uvec2_type,943752,943752,24,,STT_OBJECT,STB_GLOBAL,STV_DEFAULT,22,.bss
.dynsym,870,_ZN9glsl_type11_uvec3_typeE,glsl_type::_uvec3_type,943776,943776,24,,STT_OBJECT,STB_GLOBAL,STV_DEFAULT,22,.bss
.dynsym,871,_ZN9glsl_type11_uvec4_typeE,glsl_type::_uvec4_type,943800,943800,24,,STT_OBJECT,STB_GLOBAL,STV_DEFAULT,22,.bss
.dynsym,872,_ZN9glsl_type11_float_typeE,glsl_type::_float_type,943824,943824,24,,STT_OBJECT,STB_GLOBAL,STV_DEFAULT,22,.bss
.dynsym,873,_ZN9glsl_type10_vec2_typeE,glsl_type::_vec2_type,943848,943848,24,,STT_OBJECT,STB_GLOBAL,STV_DEFAULT,22,.bss
.dynsym,874,_ZN9glsl_type10_vec3_typeE,glsl_type::_vec3_type,943872,943872,24,,STT_OBJECT,STB_GLOBAL,STV_DEFAULT,22,.bss
.dynsym,875,_ZN9glsl_type10_vec4_typeE,glsl_type::_vec4_type,943896,943896,24,,STT_OBJECT,STB_GLOBAL,STV_DEFAULT,22,.bss
.dynsym,876,_ZN9glsl_type10_mat2_typeE,glsl_type::_mat2_type,943920,943920,24,,STT_OBJECT,STB_GLOBAL,STV_DEFAULT,22,.bss
.dynsym,877,_ZN9glsl_type10_mat3_typeE,glsl_type::_mat3_type,943944,943944,24,,STT_OBJECT,STB_GLOBAL,STV_DEFAULT,22,.bss
.dynsym,878,_ZN9glsl_type10_mat4_typeE,glsl_type::_mat4_type,943968,943968,24,,STT_OBJECT,STB_GLOBAL,STV_DEFAULT,22,.bss
.dynsym,879,_ZN9glsl_type12_mat2x3_typeE,glsl_type::_mat2x3_type,943992,943992,24,,STT_OBJECT,STB_GLOBAL,STV_DEFAULT,22,.bss
.dynsym,880,_ZN9glsl_type12_mat2x4_typeE,glsl_type::_mat2x4_type,944016,944016,24,,STT_OBJECT,STB_GLOBAL,STV_DEFAULT,22,.bss
.dynsym,881,_ZN9glsl_type12_mat3x2_typeE,glsl_type::_mat3x2_type,944040,944040,24,,STT_OBJECT,STB_GLOBAL,STV_DEFAULT,22,.bss
.dynsym,882,_ZN9glsl_type12_mat3x4_typeE,glsl_type::_mat3x4_type,944064,944064,24,,STT_OBJECT,STB_GLOBAL,STV_DEFAULT,22,.bss
.dynsym,883,_ZN9glsl_type12_mat4x2_typeE,glsl_type::_mat4x2_type,944088,944088,24,,STT_OBJECT,STB_GLOBAL,STV_DEFAULT,22,.bss
.dynsym,884,_ZN9glsl_type12_mat4x3_typeE,glsl_type::_mat4x3_type,944112,944112,24,,STT_OBJECT,STB_GLOBAL,STV_DEFAULT,22,.bss
.dynsym,885,_ZN9glsl_type15_sampler1D_typeE,glsl_type::_sampler1D_type,944136,944136,24,,STT_OBJECT,STB_GLOBAL,STV_DEFAULT,22,.bss
.dynsym,886,_ZN9glsl_type15_sampler2D_typeE,glsl_type::_sampler2D_type,944160,944160,24,,STT_OBJECT,STB_GLOBAL,STV_DEFAULT,22,.bss
.dynsym,887,_ZN9glsl_type17_samplerCube_typeE,glsl_type::_samplerCube_type,944208,944208,24,,STT_OBJECT,STB_GLOBAL,STV_DEFAULT,22,.bss
.dynsym,888,_ZN9glsl_type19_samplerBuffer_typeE,glsl_type::_samplerBuffer_type,944328,944328,24,,STT_OBJECT,STB_GLOBAL,STV_DEFAULT,22,.bss
.dynsym,889,_ZN9glsl_type16_isampler1D_typeE,glsl_type::_isampler1D_type,944400,944400,24,,STT_OBJECT,STB_GLOBAL,STV_DEFAULT,22,.bss
.dynsym,890,_ZN9glsl_type16_isampler2D_typeE,glsl_type::_isampler2D_type,944424,944424,24,,STT_OBJECT,STB_GLOBAL,STV_DEFAULT,22,.bss
.dynsym,891,_ZN9glsl_type16_isampler3D_typeE,glsl_type::_isampler3D_type,944448,944448,24,,STT_OBJECT,STB_GLOBAL,STV_DEFAULT,22,.bss
.dynsym,892,_ZN9glsl_type18_isamplerCube_typeE,glsl_type::_isamplerCube_type,944472,944472,24,,STT_OBJECT,STB_GLOBAL,STV_DEFAULT,22,.bss
.dynsym,893,_ZN9glsl_type21_isampler1DArray_typeE,glsl_type::_isampler1DArray_type,944496,944496,24,,STT_OBJECT,STB_GLOBAL,STV_DEFAULT,22,.bss
.dynsym,894,_ZN9glsl_type21_isampler2DArray_typeE,glsl_type::_isampler2DArray_type,944520,944520,24,,STT_OBJECT,STB_GLOBAL,STV_DEFAULT,22,.bss
.dynsym,895,_ZN9glsl_type20_isampler2DRect_typeE,glsl_type::_isampler2DRect_type,944568,944568,24,,STT_OBJECT,STB_GLOBAL,STV_DEFAULT,22,.bss
.dynsym,896,_ZN9glsl_type20_isamplerBuffer_typeE,glsl_type::_isamplerBuffer_type,944592,944592,24,,STT_OBJECT,STB_GLOBAL,STV_DEFAULT,22,.bss
.dynsym,897,_ZN9glsl_type16_usampler1D_typeE,glsl_type::_usampler1D_type,944664,944664,24,,STT_OBJECT,STB_GLOBAL,STV_DEFAULT,22,.bss
.dynsym,898,_ZN9glsl_type16_usampler2D_typeE,glsl_type::_usampler2D_type,944688,944688,24,,STT_OBJECT,STB_GLOBAL,STV_DEFAULT,22,.bss
.dynsym,899,_ZN9glsl_type16_usampler3D_typeE,glsl_type::_usampler3D_type,944712,944712,24,,STT_OBJECT,STB_GLOBAL,STV_DEFAULT,22,.bss
.dynsym,900,_ZN9glsl_type18_usamplerCube_typeE,glsl_type::_usamplerCube_type,944736,944736,24,,STT_OBJECT,STB_GLOBAL,STV_DEFAULT,22,.bss
.dynsym,901,_ZN9glsl_type21_usampler1DArray_typeE,glsl_type::_usampler1DArray_type,944760,944760,24,,STT_OBJECT,STB_GLOBAL,STV_DEFAULT,22,.bss
.dynsym,902,_ZN9glsl_type21_usampler2DArray_typeE,glsl_type::_usampler2DArray_type,944784,944784,24,,STT_OBJECT,STB_GLOBAL,STV_DEFAULT,22,.bss
.dynsym,903,_ZN9glsl_type20_usampler2DRect_typeE,glsl_type::_usampler2DRect_type,944832,944832,24,,STT_OBJECT,STB_GLOBAL,STV_DEFAULT,22,.bss
.dynsym,904,_ZN9glsl_type20_usamplerBuffer_typeE,glsl_type::_usamplerBuffer_type,944856,944856,24,,STT_OBJECT,STB_GLOBAL,STV_DEFAULT,22,.bss
.dynsym,905,_ZN9glsl_type21_sampler1DShadow_typeE,glsl_type::_sampler1DShadow_type,944928,944928,24,,STT_OBJECT,STB_GLOBAL,STV_DEFAULT,22,.bss
.dynsym,906,_ZN9glsl_type23_samplerCubeShadow_typeE,glsl_type::_samplerCubeShadow_type,944976,944976,24,,STT_OBJECT,STB_GLOBAL,STV_DEFAULT,22,.bss
.dynsym,907,_ZN9glsl_type36_struct_gl_DepthRangeParameters_typeE,glsl_type::_struct_gl_DepthRangeParameters_type,945936,945936,24,,STT_OBJECT,STB_GLOBAL,STV_DEFAULT,22,.bss
.dynsym,908,_ZN9glsl_type31_struct_gl_PointParameters_typeE,glsl_type::_struct_gl_PointParameters_type,945960,945960,24,,STT_OBJECT,STB_GLOBAL,STV_DEFAULT,22,.bss
.dynsym,909,_ZN9glsl_type34_struct_gl_MaterialParameters_typeE,glsl_type::_struct_gl_MaterialParameters_type,945984,945984,24,,STT_OBJECT,STB_GLOBAL,STV_DEFAULT,22,.bss
.dynsym,910,_ZN9glsl_type37_struct_gl_LightSourceParameters_typeE,glsl_type::_struct_gl_LightSourceParameters_type,946008,946008,24,,STT_OBJECT,STB_GLOBAL,STV_DEFAULT,22,.bss
.dynsym,911,_ZN9glsl_type36_struct_gl_LightModelParameters_typeE,glsl_type::_struct_gl_LightModelParameters_type,946032,946032,24,,STT_OBJECT,STB_GLOBAL,STV_DEFAULT,22,.bss
.dynsym,912,_ZN9glsl_type34_struct_gl_LightModelProducts_typeE,glsl_type::_struct_gl_LightModelProducts_type,946056,946056,24,,STT_OBJECT,STB_GLOBAL,STV_DEFAULT,22,.bss
.dynsym,913,_ZN9glsl_type29_struct_gl_LightProducts_typeE,glsl_type::_struct_gl_LightProducts_type,946080,946080,24,,STT_OBJECT,STB_GLOBAL,STV_DEFAULT,22,.bss
.dynsym,914,_ZN9glsl_type29_struct_gl_FogParameters_typeE,glsl_type::_struct_gl_FogParameters_type,946104,946104,24,,STT_OBJECT,STB_GLOBAL,STV_DEFAULT,22,.bss
.dynsym,915,_ZN9glsl_type35struct_gl_DepthRangeParameters_typeE,glsl_type::struct_gl_DepthRangeParameters_type,875372,875372,4,,STT_OBJECT,STB_GLOBAL,STV_DEFAULT,18,.data.rel.ro
.dynsym,916,_ZN9glsl_type30struct_gl_PointParameters_typeE,glsl_type::struct_gl_PointParameters_type,875544,875544,4,,STT_OBJECT,STB_GLOBAL,STV_DEFAULT,18,.data.rel.ro
.dynsym,917,_ZN9glsl_type33struct_gl_MaterialParameters_typeE,glsl_type::struct_gl_MaterialParameters_type,875668,875668,4,,STT_OBJECT,STB_GLOBAL,STV_DEFAULT,18,.data.rel.ro
.dynsym,918,_ZN9glsl_type36struct_gl_LightSourceParameters_typeE,glsl_type::struct_gl_LightSourceParameters_type,875960,875960,4,,STT_OBJECT,STB_GLOBAL,STV_DEFAULT,18,.data.rel.ro
.dynsym,919,_ZN9glsl_type35struct_gl_LightModelParameters_typeE,glsl_type::struct_gl_LightModelParameters_type,875988,875988,4,,STT_OBJECT,STB_GLOBAL,STV_DEFAULT,18,.data.rel.ro
.dynsym,920,_ZN9glsl_type33struct_gl_LightModelProducts_typeE,glsl_type::struct_gl_LightModelProducts_type,876016,876016,4,,STT_OBJECT,STB_GLOBAL,STV_DEFAULT,18,.data.rel.ro
.dynsym,921,_ZN9glsl_type28struct_gl_LightProducts_typeE,glsl_type::struct_gl_LightProducts_type,876092,876092,4,,STT_OBJECT,STB_GLOBAL,STV_DEFAULT,18,.data.rel.ro
.dynsym,922,_ZN9glsl_type28struct_gl_FogParameters_typeE,glsl_type::struct_gl_FogParameters_type,876216,876216,4,,STT_OBJECT,STB_GLOBAL,STV_DEFAULT,18,.data.rel.ro
.dynsym,923,_ZN11ir_variable24enable_extension_warningEPKc,ir_variable::enable_extension_warning(char const*),531881,531880,56,thumb,STT_FUNC,STB_GLOBAL,STV_DEFAULT,12,.text
.dynsym,924,_Z20_mesa_glsl_lexer_lexP7YYSTYPEP7YYLTYPEPv,"_mesa_glsl_lexer_lex(YYSTYPE*, YYLTYPE*, void*)",449345,449344,36372,thumb,STT_FUNC,STB_GLOBAL,STV_DEFAULT,12,.text
.dynsym,925,_Z31_mesa_glsl_lexer__create_bufferP7__sFILEiPv,"_mesa_glsl_lexer__create_buffer(__sFILE*, int, void*)",485865,485864,128,thumb,STT_FUNC,STB_GLOBAL,STV_DEFAULT,12,.text
.dynsym,926,_Z24_mesa_glsl_lexer_restartP7__sFILEPv,"_mesa_glsl_lexer_restart(__sFILE*, void*)",486481,486480,98,thumb,STT_FUNC,STB_GLOBAL,STV_DEFAULT,12,.text
.dynsym,927,strtol,strtol,0,0,0,arm,STT_FUNC,STB_GLOBAL,STV_DEFAULT,SHN_UNDEF,SHN_UNDEF
.dynsym,928,strtoull,strtoull,0,0,0,arm,STT_FUNC,STB_GLOBAL,STV_DEFAULT,SHN_UNDEF,SHN_UNDEF
.dynsym,929,_Z30_mesa_glsl_lexer__flush_bufferP15yy_buffer_statePv,"_mesa_glsl_lexer__flush_buffer(yy_buffer_state*, void*)",486827,486826,76,thumb,STT_FUNC,STB_GLOBAL,STV_DEFAULT,12,.text
.dynsym,930,_Z34_mesa_glsl_lexer__switch_to_bufferP15yy_buffer_statePv,"_mesa_glsl_lexer__switch_to_buffer(yy_buffer_state*, void*)",486657,486656,106,thumb,STT_FUNC,STB_GLOBAL,STV_DEFAULT,12,.text
.dynsym,931,_Z22_mesa_glsl_lexer_allocjPv,"_mesa_glsl_lexer_alloc(unsigned int, void*)",486763,486762,4,thumb,STT_FUNC,STB_GLOBAL,STV_DEFAULT,12,.text
.dynsym,932,_Z31_mesa_glsl_lexer__delete_bufferP15yy_buffer_statePv,"_mesa_glsl_lexer__delete_buffer(yy_buffer_state*, void*)",486767,486766,56,thumb,STT_FUNC,STB_GLOBAL,STV_DEFAULT,12,.text
.dynsym,933,_Z21_mesa_glsl_lexer_freePvS_,"_mesa_glsl_lexer_free(void*, void*)",486823,486822,4,thumb,STT_FUNC,STB_GLOBAL,STV_DEFAULT,12,.text
.dynsym,934,_Z34_mesa_glsl_lexer_push_buffer_stateP15yy_buffer_statePv,"_mesa_glsl_lexer_push_buffer_state(yy_buffer_state*, void*)",486903,486902,98,thumb,STT_FUNC,STB_GLOBAL,STV_DEFAULT,12,.text
.dynsym,935,_Z33_mesa_glsl_lexer_pop_buffer_statePv,_mesa_glsl_lexer_pop_buffer_state(void*),487001,487000,80,thumb,STT_FUNC,STB_GLOBAL,STV_DEFAULT,12,.text
.dynsym,936,_Z29_mesa_glsl_lexer__scan_bufferPcjPv,"_mesa_glsl_lexer__scan_buffer(char*, unsigned int, void*)",487081,487080,152,thumb,STT_FUNC,STB_GLOBAL,STV_DEFAULT,12,.text
.dynsym,937,_Z29_mesa_glsl_lexer__scan_stringPKcPv,"_mesa_glsl_lexer__scan_string(char const*, void*)",487233,487232,26,thumb,STT_FUNC,STB_GLOBAL,STV_DEFAULT,12,.text
.dynsym,938,_Z28_mesa_glsl_lexer__scan_bytesPKcjPv,"_mesa_glsl_lexer__scan_bytes(char const*, unsigned int, void*)",487261,487260,184,thumb,STT_FUNC,STB_GLOBAL,STV_DEFAULT,12,.text
.dynsym,939,_Z26_mesa_glsl_lexer_get_extraPv,_mesa_glsl_lexer_get_extra(void*),487445,487444,4,thumb,STT_FUNC,STB_GLOBAL,STV_DEFAULT,12,.text
.dynsym,940,_Z27_mesa_glsl_lexer_get_linenoPv,_mesa_glsl_lexer_get_lineno(void*),487449,487448,20,thumb,STT_FUNC,STB_GLOBAL,STV_DEFAULT,12,.text
.dynsym,941,_Z27_mesa_glsl_lexer_get_columnPv,_mesa_glsl_lexer_get_column(void*),487469,487468,20,thumb,STT_FUNC,STB_GLOBAL,STV_DEFAULT,12,.text
.dynsym,942,_Z23_mesa_glsl_lexer_get_inPv,_mesa_glsl_lexer_get_in(void*),487489,487488,4,thumb,STT_FUNC,STB_GLOBAL,STV_DEFAULT,12,.text
.dynsym,943,_Z24_mesa_glsl_lexer_get_outPv,_mesa_glsl_lexer_get_out(void*),487493,487492,4,thumb,STT_FUNC,STB_GLOBAL,STV_DEFAULT,12,.text
.dynsym,944,_Z25_mesa_glsl_lexer_get_lengPv,_mesa_glsl_lexer_get_leng(void*),487497,487496,4,thumb,STT_FUNC,STB_GLOBAL,STV_DEFAULT,12,.text
.dynsym,945,_Z25_mesa_glsl_lexer_get_textPv,_mesa_glsl_lexer_get_text(void*),487501,487500,4,thumb,STT_FUNC,STB_GLOBAL,STV_DEFAULT,12,.text
.dynsym,946,_Z26_mesa_glsl_lexer_set_extraP22_mesa_glsl_parse_statePv,"_mesa_glsl_lexer_set_extra(_mesa_glsl_parse_state*, void*)",487505,487504,4,thumb,STT_FUNC,STB_GLOBAL,STV_DEFAULT,12,.text
.dynsym,947,_Z27_mesa_glsl_lexer_set_linenoiPv,"_mesa_glsl_lexer_set_lineno(int, void*)",487509,487508,80,thumb,STT_FUNC,STB_GLOBAL,STV_DEFAULT,12,.text
.dynsym,948,_Z27_mesa_glsl_lexer_set_columniPv,"_mesa_glsl_lexer_set_column(int, void*)",487589,487588,80,thumb,STT_FUNC,STB_GLOBAL,STV_DEFAULT,12,.text
.dynsym,949,_Z23_mesa_glsl_lexer_set_inP7__sFILEPv,"_mesa_glsl_lexer_set_in(__sFILE*, void*)",487669,487668,4,thumb,STT_FUNC,STB_GLOBAL,STV_DEFAULT,12,.text
.dynsym,950,_Z24_mesa_glsl_lexer_set_outP7__sFILEPv,"_mesa_glsl_lexer_set_out(__sFILE*, void*)",487673,487672,4,thumb,STT_FUNC,STB_GLOBAL,STV_DEFAULT,12,.text
.dynsym,951,_Z26_mesa_glsl_lexer_get_debugPv,_mesa_glsl_lexer_get_debug(void*),487677,487676,4,thumb,STT_FUNC,STB_GLOBAL,STV_DEFAULT,12,.text
.dynsym,952,_Z26_mesa_glsl_lexer_set_debugiPv,"_mesa_glsl_lexer_set_debug(int, void*)",487681,487680,4,thumb,STT_FUNC,STB_GLOBAL,STV_DEFAULT,12,.text
.dynsym,953,_Z25_mesa_glsl_lexer_get_lvalPv,_mesa_glsl_lexer_get_lval(void*),487685,487684,4,thumb,STT_FUNC,STB_GLOBAL,STV_DEFAULT,12,.text
.dynsym,954,_Z25_mesa_glsl_lexer_set_lvalP7YYSTYPEPv,"_mesa_glsl_lexer_set_lval(YYSTYPE*, void*)",487689,487688,4,thumb,STT_FUNC,STB_GLOBAL,STV_DEFAULT,12,.text
.dynsym,955,_Z25_mesa_glsl_lexer_get_llocPv,_mesa_glsl_lexer_get_lloc(void*),487693,487692,4,thumb,STT_FUNC,STB_GLOBAL,STV_DEFAULT,12,.text
.dynsym,956,_Z25_mesa_glsl_lexer_set_llocP7YYLTYPEPv,"_mesa_glsl_lexer_set_lloc(YYLTYPE*, void*)",487697,487696,4,thumb,STT_FUNC,STB_GLOBAL,STV_DEFAULT,12,.text
.dynsym,957,_Z25_mesa_glsl_lexer_lex_initPPv,_mesa_glsl_lexer_lex_init(void**),487701,487700,50,thumb,STT_FUNC,STB_GLOBAL,STV_DEFAULT,12,.text
.dynsym,958,_Z31_mesa_glsl_lexer_lex_init_extraP22_mesa_glsl_parse_statePPv,"_mesa_glsl_lexer_lex_init_extra(_mesa_glsl_parse_state*, void**)",487751,487750,90,thumb,STT_FUNC,STB_GLOBAL,STV_DEFAULT,12,.text
.dynsym,959,_Z28_mesa_glsl_lexer_lex_destroyPv,_mesa_glsl_lexer_lex_destroy(void*),487841,487840,74,thumb,STT_FUNC,STB_GLOBAL,STV_DEFAULT,12,.text
.dynsym,960,_Z24_mesa_glsl_lexer_reallocPvjS_,"_mesa_glsl_lexer_realloc(void*, unsigned int, void*)",487915,487914,4,thumb,STT_FUNC,STB_GLOBAL,STV_DEFAULT,12,.text
.dynsym,961,_Z21_mesa_glsl_lexer_ctorP22_mesa_glsl_parse_statePKc,"_mesa_glsl_lexer_ctor(_mesa_glsl_parse_state*, char const*)",487919,487918,36,thumb,STT_FUNC,STB_GLOBAL,STV_DEFAULT,12,.text
.dynsym,962,_Z21_mesa_glsl_lexer_dtorP22_mesa_glsl_parse_state,_mesa_glsl_lexer_dtor(_mesa_glsl_parse_state*),487955,487954,6,thumb,STT_FUNC,STB_GLOBAL,STV_DEFAULT,12,.text
.dynsym,963,_ZN11glslopt_ctxC2E14glslopt_target,glslopt_ctx::glslopt_ctx(glslopt_target),487985,487984,132,thumb,STT_FUNC,STB_WEAK,STV_DEFAULT,12,.text
.dynsym,964,_Z30initialize_context_to_defaultsP10gl_context6gl_api,"initialize_context_to_defaults(gl_context*, gl_api)",682713,682712,380,thumb,STT_FUNC,STB_GLOBAL,STV_DEFAULT,12,.text
.dynsym,965,_mesa_destroy_shader_compiler,_mesa_destroy_shader_compiler,518299,518298,16,thumb,STT_FUNC,STB_GLOBAL,STV_DEFAULT,12,.text
.dynsym,966,_Z33glslopt_set_max_unroll_iterationsP11glslopt_ctxj,"glslopt_set_max_unroll_iterations(glslopt_ctx*, unsigned int)",488147,488146,16,thumb,STT_FUNC,STB_GLOBAL,STV_DEFAULT,12,.text
.dynsym,967,_ZN14glslopt_shaderC2Ev,glslopt_shader::glslopt_shader(),489865,489864,144,thumb,STT_FUNC,STB_WEAK,STV_DEFAULT,12,.text
.dynsym,968,_ZN22_mesa_glsl_parse_stateC1EP10gl_context15gl_shader_stagePv,"_mesa_glsl_parse_state::_mesa_glsl_parse_state(gl_context*, gl_shader_stage, void*)",510857,510856,1104,thumb,STT_FUNC,STB_GLOBAL,STV_DEFAULT,12,.text
.dynsym,969,_Z16_mesa_glsl_parseP22_mesa_glsl_parse_state,_mesa_glsl_parse(_mesa_glsl_parse_state*),491617,491616,18068,thumb,STT_FUNC,STB_GLOBAL,STV_DEFAULT,12,.text
.dynsym,970,_Z16validate_ir_treeP9exec_list,validate_ir_tree(exec_list*),583389,583388,2,thumb,STT_FUNC,STB_GLOBAL,STV_DEFAULT,12,.text
.dynsym,971,_Z20_mesa_print_ir_metalP9exec_listP22_mesa_glsl_parse_statePc13PrintGlslModePi,"_mesa_print_ir_metal(exec_list*, _mesa_glsl_parse_state*, char*, PrintGlslMode, int*)",565181,565180,1188,thumb,STT_FUNC,STB_GLOBAL,STV_DEFAULT,12,.text
.dynsym,972,_Z19_mesa_print_ir_glslP9exec_listP22_mesa_glsl_parse_statePc13PrintGlslMode,"_mesa_print_ir_glsl(exec_list*, _mesa_glsl_parse_state*, char*, PrintGlslMode)",555861,555860,1368,thumb,STT_FUNC,STB_GLOBAL,STV_DEFAULT,12,.text
.dynsym,973,_Z22calculate_shader_statsP9exec_listPiS1_S1_,"calculate_shader_stats(exec_list*, int*, int*, int*)",582609,582608,112,thumb,STT_FUNC,STB_GLOBAL,STV_DEFAULT,12,.text
.dynsym,974,_Z23link_intrastage_shadersPvP10gl_contextP17gl_shader_programPP9gl_shaderj,"link_intrastage_shaders(void*, gl_context*, gl_shader_program*, gl_shader**, unsigned int)",602637,602636,1840,thumb,STT_FUNC,STB_GLOBAL,STV_DEFAULT,12,.text
.dynsym,975,_Z20do_function_inliningP9exec_list,do_function_inlining(exec_list*),671177,671176,84,thumb,STT_FUNC,STB_GLOBAL,STV_DEFAULT,12,.text
.dynsym,976,_Z17do_dead_functionsP9exec_list,do_dead_functions(exec_list*),669969,669968,292,thumb,STT_FUNC,STB_GLOBAL,STV_DEFAULT,12,.text
.dynsym,977,_Z22do_structure_splittingP9exec_list,do_structure_splitting(exec_list*),675817,675816,476,thumb,STT_FUNC,STB_GLOBAL,STV_DEFAULT,12,.text
.dynsym,978,_Z20do_if_simplificationP9exec_list,do_if_simplification(exec_list*),672753,672752,84,thumb,STT_FUNC,STB_GLOBAL,STV_DEFAULT,12,.text
.dynsym,979,_Z28opt_flatten_nested_if_blocksP9exec_list,opt_flatten_nested_if_blocks(exec_list*),670413,670412,84,thumb,STT_FUNC,STB_GLOBAL,STV_DEFAULT,12,.text
.dynsym,980,_Z19do_copy_propagationP9exec_list,do_copy_propagation(exec_list*),661073,661072,188,thumb,STT_FUNC,STB_GLOBAL,STV_DEFAULT,12,.text
.dynsym,981,_Z28do_copy_propagation_elementsP9exec_list,do_copy_propagation_elements(exec_list*),662353,662352,192,thumb,STT_FUNC,STB_GLOBAL,STV_DEFAULT,12,.text
.dynsym,982,_Z22optimize_split_vectorsP9exec_listb26glsl_vector_splitting_mode,"optimize_split_vectors(exec_list*, bool, glsl_vector_splitting_mode)",679333,679332,660,thumb,STT_FUNC,STB_GLOBAL,STV_DEFAULT,12,.text
.dynsym,983,_Z12do_vectorizeP9exec_list,do_vectorize(exec_list*),680385,680384,96,thumb,STT_FUNC,STB_GLOBAL,STV_DEFAULT,12,.text
.dynsym,984,_Z12do_dead_codeP9exec_listb,"do_dead_code(exec_list*, bool)",668429,668428,288,thumb,STT_FUNC,STB_GLOBAL,STV_DEFAULT,12,.text
.dynsym,985,_Z21do_dead_code_unlinkedP9exec_list,do_dead_code_unlinked(exec_list*),668717,668716,100,thumb,STT_FUNC,STB_GLOBAL,STV_DEFAULT,12,.text
.dynsym,986,_Z18do_dead_code_localP9exec_list,do_dead_code_local(exec_list*),668817,668816,72,thumb,STT_FUNC,STB_GLOBAL,STV_DEFAULT,12,.text
.dynsym,987,_Z16do_tree_graftingP9exec_list,do_tree_grafting(exec_list*),677681,677680,104,thumb,STT_FUNC,STB_GLOBAL,STV_DEFAULT,12,.text
.dynsym,988,_Z23do_constant_propagationP9exec_list,do_constant_propagation(exec_list*),658461,658460,188,thumb,STT_FUNC,STB_GLOBAL,STV_DEFAULT,12,.text
.dynsym,989,_Z20do_constant_variableP9exec_list,do_constant_variable(exec_list*),660393,660392,176,thumb,STT_FUNC,STB_GLOBAL,STV_DEFAULT,12,.text
.dynsym,990,_Z29do_constant_variable_unlinkedP9exec_list,do_constant_variable_unlinked(exec_list*),660569,660568,98,thumb,STT_FUNC,STB_GLOBAL,STV_DEFAULT,12,.text
.dynsym,991,_Z19do_constant_foldingP9exec_list,do_constant_folding(exec_list*),657849,657848,84,thumb,STT_FUNC,STB_GLOBAL,STV_DEFAULT,12,.text
.dynsym,992,_Z15do_minmax_pruneP9exec_list,do_minmax_prune(exec_list*),673109,673108,84,thumb,STT_FUNC,STB_GLOBAL,STV_DEFAULT,12,.text
.dynsym,993,_Z6do_cseP9exec_list,do_cse(exec_list*),664433,664432,160,thumb,STT_FUNC,STB_GLOBAL,STV_DEFAULT,12,.text
.dynsym,994,_Z17do_rebalance_treeP9exec_list,do_rebalance_tree(exec_list*),674861,674860,84,thumb,STT_FUNC,STB_GLOBAL,STV_DEFAULT,12,.text
.dynsym,995,_Z12do_algebraicP9exec_listbPK26gl_shader_compiler_options,"do_algebraic(exec_list*, bool, gl_shader_compiler_options const*)",651641,651640,104,thumb,STT_FUNC,STB_GLOBAL,STV_DEFAULT,12,.text
.dynsym,996,_Z14do_lower_jumpsP9exec_listbbbbb,"do_lower_jumps(exec_list*, bool, bool, bool, bool, bool)",623349,623348,172,thumb,STT_FUNC,STB_GLOBAL,STV_DEFAULT,12,.text
.dynsym,997,_Z23do_vec_index_to_swizzleP9exec_list,do_vec_index_to_swizzle(exec_list*),647025,647024,84,thumb,STT_FUNC,STB_GLOBAL,STV_DEFAULT,12,.text
.dynsym,998,_Z19lower_vector_insertP9exec_listb,"lower_vector_insert(exec_list*, bool)",648353,648352,108,thumb,STT_FUNC,STB_GLOBAL,STV_DEFAULT,12,.text
.dynsym,999,_Z18do_swizzle_swizzleP9exec_list,do_swizzle_swizzle(exec_list*),677325,677324,84,thumb,STT_FUNC,STB_GLOBAL,STV_DEFAULT,12,.text
.dynsym,1000,_Z15do_noop_swizzleP9exec_list,do_noop_swizzle(exec_list*),674673,674672,84,thumb,STT_FUNC,STB_GLOBAL,STV_DEFAULT,12,.text
.dynsym,1001,_Z21optimize_split_arraysP9exec_listbb,"optimize_split_arrays(exec_list*, bool, bool)",656921,656920,636,thumb,STT_FUNC,STB_GLOBAL,STV_DEFAULT,12,.text
.dynsym,1002,_Z24optimize_redundant_jumpsP9exec_list,optimize_redundant_jumps(exec_list*),675497,675496,84,thumb,STT_FUNC,STB_GLOBAL,STV_DEFAULT,12,.text
.dynsym,1003,_Z22analyze_loop_variablesP9exec_list,analyze_loop_variables(exec_list*),611045,611044,108,thumb,STT_FUNC,STB_GLOBAL,STV_DEFAULT,12,.text
.dynsym,1004,_Z17set_loop_controlsP9exec_listP10loop_state,"set_loop_controls(exec_list*, loop_state*)",613741,613740,88,thumb,STT_FUNC,STB_GLOBAL,STV_DEFAULT,12,.text
.dynsym,1005,_Z12unroll_loopsP9exec_listP10loop_statePK26gl_shader_compiler_options,"unroll_loops(exec_list*, loop_state*, gl_shader_compiler_options const*)",613949,613948,100,thumb,STT_FUNC,STB_GLOBAL,STV_DEFAULT,12,.text
.dynsym,1006,_ZN10loop_stateD1Ev,loop_state::~loop_state(),610389,610388,34,thumb,STT_FUNC,STB_GLOBAL,STV_DEFAULT,12,.text
.dynsym,1007,_Z18lower_instructionsP9exec_listj,"lower_instructions(exec_list*, unsigned int)",620365,620364,88,thumb,STT_FUNC,STB_GLOBAL,STV_DEFAULT,12,.text
.dynsym,1008,_ZN22_mesa_glsl_parse_state18_ralloc_destructorEPv,_mesa_glsl_parse_state::_ralloc_destructor(void*),490389,490388,2,thumb,STT_FUNC,STB_WEAK,STV_DEFAULT,12,.text
.dynsym,1009,_ZN9exec_list18_ralloc_destructorEPv,exec_list::_ralloc_destructor(void*),490391,490390,2,thumb,STT_FUNC,STB_WEAK,STV_DEFAULT,12,.text
.dynsym,1010,_ZN14glslopt_shaderD2Ev,glslopt_shader::~glslopt_shader(),490029,490028,54,thumb,STT_FUNC,STB_WEAK,STV_DEFAULT,12,.text
.dynsym,1011,_Z22glslopt_get_raw_outputP14glslopt_shader,glslopt_get_raw_output(glslopt_shader*),490099,490098,8,thumb,STT_FUNC,STB_GLOBAL,STV_DEFAULT,12,.text
.dynsym,1012,_Z15glslopt_get_logP14glslopt_shader,glslopt_get_log(glslopt_shader*),490107,490106,8,thumb,STT_FUNC,STB_GLOBAL,STV_DEFAULT,12,.text
.dynsym,1013,_Z30glslopt_shader_get_input_countP14glslopt_shader,glslopt_shader_get_input_count(glslopt_shader*),490115,490114,8,thumb,STT_FUNC,STB_GLOBAL,STV_DEFAULT,12,.text
.dynsym,1014,_Z32glslopt_shader_get_uniform_countP14glslopt_shader,glslopt_shader_get_uniform_count(glslopt_shader*),490123,490122,8,thumb,STT_FUNC,STB_GLOBAL,STV_DEFAULT,12,.text
.dynsym,1015,_Z37glslopt_shader_get_uniform_total_sizeP14glslopt_shader,glslopt_shader_get_uniform_total_size(glslopt_shader*),490131,490130,8,thumb,STT_FUNC,STB_GLOBAL,STV_DEFAULT,12,.text
.dynsym,1016,_Z32glslopt_shader_get_texture_countP14glslopt_shader,glslopt_shader_get_texture_count(glslopt_shader*),490139,490138,8,thumb,STT_FUNC,STB_GLOBAL,STV_DEFAULT,12,.text
.dynsym,1017,_Z29glslopt_shader_get_input_descP14glslopt_shaderiPPKcP18glslopt_basic_typeP17glslopt_precisionPiS8_S8_S8_,"glslopt_shader_get_input_desc(glslopt_shader*, int, char const**, glslopt_basic_type*, glslopt_precision*, int*, int*, int*, int*)",490147,490146,76,thumb,STT_FUNC,STB_GLOBAL,STV_DEFAULT,12,.text
.dynsym,1018,_Z31glslopt_shader_get_uniform_descP14glslopt_shaderiPPKcP18glslopt_basic_typeP17glslopt_precisionPiS8_S8_S8_,"glslopt_shader_get_uniform_desc(glslopt_shader*, int, char const**, glslopt_basic_type*, glslopt_precision*, int*, int*, int*, int*)",490223,490222,54,thumb,STT_FUNC,STB_GLOBAL,STV_DEFAULT,12,.text
.dynsym,1019,_Z31glslopt_shader_get_texture_descP14glslopt_shaderiPPKcP18glslopt_basic_typeP17glslopt_precisionPiS8_S8_S8_,"glslopt_shader_get_texture_desc(glslopt_shader*, int, char const**, glslopt_basic_type*, glslopt_precision*, int*, int*, int*, int*)",490277,490276,76,thumb,STT_FUNC,STB_GLOBAL,STV_DEFAULT,12,.text
.dynsym,1020,_Z24glslopt_shader_get_statsP14glslopt_shaderPiS1_S1_,"glslopt_shader_get_stats(glslopt_shader*, int*, int*, int*)",490353,490352,30,thumb,STT_FUNC,STB_GLOBAL,STV_DEFAULT,12,.text
.dynsym,1021,_Z10visit_treeP14ir_instructionPFvS0_PvES1_S3_S1_,"visit_tree(ir_instruction*, void (*)(ir_instruction*, void*), void*, void (*)(ir_instruction*, void*), void*)",553653,553652,112,thumb,STT_FUNC,STB_GLOBAL,STV_DEFAULT,12,.text
.dynsym,1022,_ZN13ir_expression16get_num_operandsE23ir_expression_operation,ir_expression::get_num_operands(ir_expression_operation),526397,526396,36,thumb,STT_FUNC,STB_GLOBAL,STV_DEFAULT,12,.text
.dynsym,1023,_ZN13ir_assignment22whole_variable_writtenEv,ir_assignment::whole_variable_written(),525401,525400,92,thumb,STT_FUNC,STB_GLOBAL,STV_DEFAULT,12,.text
.dynsym,1024,_ZN22_mesa_glsl_parse_state25process_version_directiveEP7YYLTYPEiPKc,"_mesa_glsl_parse_state::process_version_directive(YYLTYPE*, int, char const*)",512977,512976,428,thumb,STT_FUNC,STB_GLOBAL,STV_DEFAULT,12,.text
.dynsym,1025,_Z28_mesa_glsl_process_extensionPKcP7YYLTYPES0_S2_P22_mesa_glsl_parse_state,"_mesa_glsl_process_extension(char const*, YYLTYPE*, char const*, YYLTYPE*, _mesa_glsl_parse_state*)",511961,511960,540,thumb,STT_FUNC,STB_GLOBAL,STV_DEFAULT,12,.text
.dynsym,1026,_ZN14ast_expressionC1EiPS_S0_S0_,"ast_expression::ast_expression(int, ast_expression*, ast_expression*, ast_expression*)",515081,515080,80,thumb,STT_FUNC,STB_GLOBAL,STV_DEFAULT,12,.text
.dynsym,1027,_ZTV24ast_parameter_declarator,vtable for ast_parameter_declarator,882500,882500,16,,STT_OBJECT,STB_GLOBAL,STV_DEFAULT,18,.data.rel.ro
.dynsym,1028,_ZTV24ast_fully_specified_type,vtable for ast_fully_specified_type,882472,882472,16,,STT_OBJECT,STB_GLOBAL,STV_DEFAULT,18,.data.rel.ro
.dynsym,1029,_ZN12ast_functionC1Ev,ast_function::ast_function(),515289,515288,60,thumb,STT_FUNC,STB_GLOBAL,STV_DEFAULT,12,.text
.dynsym,1030,_ZN15ast_declarationC1EPKcP19ast_array_specifierP14ast_expression,"ast_declaration::ast_declaration(char const*, ast_array_specifier*, ast_expression*)",515505,515504,56,thumb,STT_FUNC,STB_GLOBAL,STV_DEFAULT,12,.text
.dynsym,1031,_ZN19ast_declarator_listC1EP24ast_fully_specified_type,ast_declarator_list::ast_declarator_list(ast_fully_specified_type*),515705,515704,56,thumb,STT_FUNC,STB_GLOBAL,STV_DEFAULT,12,.text
.dynsym,1032,_ZN19ast_array_specifierC2ERK7YYLTYPEP14ast_expression,"ast_array_specifier::ast_array_specifier(YYLTYPE const&, ast_expression*)",509833,509832,80,thumb,STT_FUNC,STB_WEAK,STV_DEFAULT,12,.text
.dynsym,1033,_ZN20ast_struct_specifierC1EPKcP19ast_declarator_list,"ast_struct_specifier::ast_struct_specifier(char const*, ast_declarator_list*)",516921,516920,152,thumb,STT_FUNC,STB_GLOBAL,STV_DEFAULT,12,.text
.dynsym,1034,_ZN22ast_compound_statementC1EiP8ast_node,"ast_compound_statement::ast_compound_statement(int, ast_node*)",514361,514360,84,thumb,STT_FUNC,STB_GLOBAL,STV_DEFAULT,12,.text
.dynsym,1035,_ZTV23ast_function_definition,vtable for ast_function_definition,882528,882528,16,,STT_OBJECT,STB_GLOBAL,STV_DEFAULT,18,.data.rel.ro
.dynsym,1036,_ZN24ast_expression_statementC1EP14ast_expression,ast_expression_statement::ast_expression_statement(ast_expression*),515189,515188,36,thumb,STT_FUNC,STB_GLOBAL,STV_DEFAULT,12,.text
.dynsym,1037,_ZN23ast_selection_statementC1EP14ast_expressionP8ast_nodeS3_,"ast_selection_statement::ast_selection_statement(ast_expression*, ast_node*, ast_node*)",516025,516024,56,thumb,STT_FUNC,STB_GLOBAL,STV_DEFAULT,12,.text
.dynsym,1038,_ZN20ast_switch_statementC1EP14ast_expressionP8ast_node,"ast_switch_statement::ast_switch_statement(ast_expression*, ast_node*)",516137,516136,48,thumb,STT_FUNC,STB_GLOBAL,STV_DEFAULT,12,.text
.dynsym,1039,_ZN15ast_switch_bodyC1EP23ast_case_statement_list,ast_switch_body::ast_switch_body(ast_case_statement_list*),516225,516224,36,thumb,STT_FUNC,STB_GLOBAL,STV_DEFAULT,12,.text
.dynsym,1040,_ZN14ast_case_labelC1EP14ast_expression,ast_case_label::ast_case_label(ast_expression*),516329,516328,36,thumb,STT_FUNC,STB_GLOBAL,STV_DEFAULT,12,.text
.dynsym,1041,_ZN19ast_case_label_listC1Ev,ast_case_label_list::ast_case_label_list(),516401,516400,48,thumb,STT_FUNC,STB_GLOBAL,STV_DEFAULT,12,.text
.dynsym,1042,_ZN18ast_case_statementC1EP19ast_case_label_list,ast_case_statement::ast_case_statement(ast_case_label_list*),516493,516492,52,thumb,STT_FUNC,STB_GLOBAL,STV_DEFAULT,12,.text
.dynsym,1043,_ZN23ast_case_statement_listC1Ev,ast_case_statement_list::ast_case_statement_list(),516573,516572,48,thumb,STT_FUNC,STB_GLOBAL,STV_DEFAULT,12,.text
.dynsym,1044,_ZN23ast_iteration_statementC1EiP8ast_nodeS1_P14ast_expressionS1_,"ast_iteration_statement::ast_iteration_statement(int, ast_node*, ast_node*, ast_expression*, ast_node*)",516793,516792,60,thumb,STT_FUNC,STB_GLOBAL,STV_DEFAULT,12,.text
.dynsym,1045,_ZN18ast_jump_statementC1EiP14ast_expression,"ast_jump_statement::ast_jump_statement(int, ast_expression*)",515885,515884,60,thumb,STT_FUNC,STB_GLOBAL,STV_DEFAULT,12,.text
.dynsym,1046,_ZN19ast_interface_blockC2E18ast_type_qualifierPKcP19ast_array_specifier,"ast_interface_block::ast_interface_block(ast_type_qualifier, char const*, ast_array_specifier*)",509913,509912,136,thumb,STT_FUNC,STB_WEAK,STV_DEFAULT,12,.text
.dynsym,1047,_ZN22_mesa_glsl_parse_state36check_explicit_attrib_stream_allowedEP7YYLTYPE,_mesa_glsl_parse_state::check_explicit_attrib_stream_allowed(YYLTYPE*),509713,509712,120,thumb,STT_FUNC,STB_WEAK,STV_DEFAULT,12,.text
.dynsym,1048,strcasecmp,strcasecmp,0,0,0,arm,STT_FUNC,STB_GLOBAL,STV_DEFAULT,SHN_UNDEF,SHN_UNDEF
.dynsym,1049,_ZN22_mesa_glsl_parse_stateC2EP10gl_context15gl_shader_stagePv,"_mesa_glsl_parse_state::_mesa_glsl_parse_state(gl_context*, gl_shader_stage, void*)",510857,510856,1104,thumb,STT_FUNC,STB_GLOBAL,STV_DEFAULT,12,.text
.dynsym,1050,_ZN18ast_type_qualifier18_ralloc_destructorEPv,ast_type_qualifier::_ralloc_destructor(void*),518319,518318,2,thumb,STT_FUNC,STB_WEAK,STV_DEFAULT,12,.text
.dynsym,1051,_mesa_shader_debug,_mesa_shader_debug,682641,682640,2,thumb,STT_FUNC,STB_GLOBAL,STV_DEFAULT,12,.text
.dynsym,1052,_ZNK20_mesa_glsl_extension21compatible_with_stateEPK22_mesa_glsl_parse_state,_mesa_glsl_extension::compatible_with_state(_mesa_glsl_parse_state const*) const,513701,513700,34,thumb,STT_FUNC,STB_GLOBAL,STV_DEFAULT,12,.text
.dynsym,1053,_ZNK20_mesa_glsl_extension9set_flagsEP22_mesa_glsl_parse_state12ext_behavior,"_mesa_glsl_extension::set_flags(_mesa_glsl_parse_state*, ext_behavior) const",513735,513734,32,thumb,STT_FUNC,STB_GLOBAL,STV_DEFAULT,12,.text
.dynsym,1054,_Z30_mesa_ast_type_qualifier_printPK18ast_type_qualifier,_mesa_ast_type_qualifier_print(ast_type_qualifier const*),513953,513952,296,thumb,STT_FUNC,STB_GLOBAL,STV_DEFAULT,12,.text
.dynsym,1055,_ZTV8ast_node,vtable for ast_node,882196,882196,16,,STT_OBJECT,STB_GLOBAL,STV_DEFAULT,18,.data.rel.ro
.dynsym,1056,_ZNK22ast_compound_statement5printEv,ast_compound_statement::print() const,514309,514308,52,thumb,STT_FUNC,STB_GLOBAL,STV_DEFAULT,12,.text
.dynsym,1057,_ZN22ast_compound_statementC2EiP8ast_node,"ast_compound_statement::ast_compound_statement(int, ast_node*)",514361,514360,84,thumb,STT_FUNC,STB_GLOBAL,STV_DEFAULT,12,.text
.dynsym,1058,_ZTV22ast_compound_statement,vtable for ast_compound_statement,882212,882212,16,,STT_OBJECT,STB_GLOBAL,STV_DEFAULT,18,.data.rel.ro
.dynsym,1059,_ZNK24ast_expression_statement5printEv,ast_expression_statement::print() const,515161,515160,28,thumb,STT_FUNC,STB_GLOBAL,STV_DEFAULT,12,.text
.dynsym,1060,_ZN24ast_expression_statementC2EP14ast_expression,ast_expression_statement::ast_expression_statement(ast_expression*),515189,515188,36,thumb,STT_FUNC,STB_GLOBAL,STV_DEFAULT,12,.text
.dynsym,1061,_ZTV24ast_expression_statement,vtable for ast_expression_statement,882228,882228,16,,STT_OBJECT,STB_GLOBAL,STV_DEFAULT,18,.data.rel.ro
.dynsym,1062,_ZNK12ast_function5printEv,ast_function::print() const,515225,515224,64,thumb,STT_FUNC,STB_GLOBAL,STV_DEFAULT,12,.text
.dynsym,1063,putchar,putchar,0,0,0,arm,STT_FUNC,STB_GLOBAL,STV_DEFAULT,SHN_UNDEF,SHN_UNDEF
.dynsym,1064,_ZN12ast_functionC2Ev,ast_function::ast_function(),515289,515288,60,thumb,STT_FUNC,STB_GLOBAL,STV_DEFAULT,12,.text
.dynsym,1065,_ZTV12ast_function,vtable for ast_function,882244,882244,16,,STT_OBJECT,STB_GLOBAL,STV_DEFAULT,18,.data.rel.ro
.dynsym,1066,_ZNK24ast_fully_specified_type5printEv,ast_fully_specified_type::print() const,515349,515348,26,thumb,STT_FUNC,STB_GLOBAL,STV_DEFAULT,12,.text
.dynsym,1067,_ZNK24ast_parameter_declarator5printEv,ast_parameter_declarator::print() const,515377,515376,44,thumb,STT_FUNC,STB_GLOBAL,STV_DEFAULT,12,.text
.dynsym,1068,_ZNK23ast_function_definition5printEv,ast_function_definition::print() const,515421,515420,26,thumb,STT_FUNC,STB_GLOBAL,STV_DEFAULT,12,.text
.dynsym,1069,_ZNK15ast_declaration5printEv,ast_declaration::print() const,515449,515448,56,thumb,STT_FUNC,STB_GLOBAL,STV_DEFAULT,12,.text
.dynsym,1070,_ZN15ast_declarationC2EPKcP19ast_array_specifierP14ast_expression,"ast_declaration::ast_declaration(char const*, ast_array_specifier*, ast_expression*)",515505,515504,56,thumb,STT_FUNC,STB_GLOBAL,STV_DEFAULT,12,.text
.dynsym,1071,_ZTV15ast_declaration,vtable for ast_declaration,882260,882260,16,,STT_OBJECT,STB_GLOBAL,STV_DEFAULT,18,.data.rel.ro
.dynsym,1072,_ZNK19ast_declarator_list5printEv,ast_declarator_list::print() const,515561,515560,144,thumb,STT_FUNC,STB_GLOBAL,STV_DEFAULT,12,.text
.dynsym,1073,_ZN19ast_declarator_listC2EP24ast_fully_specified_type,ast_declarator_list::ast_declarator_list(ast_fully_specified_type*),515705,515704,56,thumb,STT_FUNC,STB_GLOBAL,STV_DEFAULT,12,.text
.dynsym,1074,_ZTV19ast_declarator_list,vtable for ast_declarator_list,882276,882276,16,,STT_OBJECT,STB_GLOBAL,STV_DEFAULT,18,.data.rel.ro
.dynsym,1075,_ZNK18ast_jump_statement5printEv,ast_jump_statement::print() const,515761,515760,124,thumb,STT_FUNC,STB_GLOBAL,STV_DEFAULT,12,.text
.dynsym,1076,_ZN18ast_jump_statementC2EiP14ast_expression,"ast_jump_statement::ast_jump_statement(int, ast_expression*)",515885,515884,60,thumb,STT_FUNC,STB_GLOBAL,STV_DEFAULT,12,.text
.dynsym,1077,_ZTV18ast_jump_statement,vtable for ast_jump_statement,882292,882292,16,,STT_OBJECT,STB_GLOBAL,STV_DEFAULT,18,.data.rel.ro
.dynsym,1078,_ZNK23ast_selection_statement5printEv,ast_selection_statement::print() const,515945,515944,80,thumb,STT_FUNC,STB_GLOBAL,STV_DEFAULT,12,.text
.dynsym,1079,_ZN23ast_selection_statementC2EP14ast_expressionP8ast_nodeS3_,"ast_selection_statement::ast_selection_statement(ast_expression*, ast_node*, ast_node*)",516025,516024,56,thumb,STT_FUNC,STB_GLOBAL,STV_DEFAULT,12,.text
.dynsym,1080,_ZTV23ast_selection_statement,vtable for ast_selection_statement,882308,882308,16,,STT_OBJECT,STB_GLOBAL,STV_DEFAULT,18,.data.rel.ro
.dynsym,1081,_ZNK20ast_switch_statement5printEv,ast_switch_statement::print() const,516081,516080,56,thumb,STT_FUNC,STB_GLOBAL,STV_DEFAULT,12,.text
.dynsym,1082,_ZN20ast_switch_statementC2EP14ast_expressionP8ast_node,"ast_switch_statement::ast_switch_statement(ast_expression*, ast_node*)",516137,516136,48,thumb,STT_FUNC,STB_GLOBAL,STV_DEFAULT,12,.text
.dynsym,1083,_ZTV20ast_switch_statement,vtable for ast_switch_statement,882324,882324,16,,STT_OBJECT,STB_GLOBAL,STV_DEFAULT,18,.data.rel.ro
.dynsym,1084,_ZNK15ast_switch_body5printEv,ast_switch_body::print() const,516185,516184,40,thumb,STT_FUNC,STB_GLOBAL,STV_DEFAULT,12,.text
.dynsym,1085,_ZN15ast_switch_bodyC2EP23ast_case_statement_list,ast_switch_body::ast_switch_body(ast_case_statement_list*),516225,516224,36,thumb,STT_FUNC,STB_GLOBAL,STV_DEFAULT,12,.text
.dynsym,1086,_ZTV15ast_switch_body,vtable for ast_switch_body,882340,882340,16,,STT_OBJECT,STB_GLOBAL,STV_DEFAULT,18,.data.rel.ro
.dynsym,1087,_ZNK14ast_case_label5printEv,ast_case_label::print() const,516261,516260,68,thumb,STT_FUNC,STB_GLOBAL,STV_DEFAULT,12,.text
.dynsym,1088,_ZN14ast_case_labelC2EP14ast_expression,ast_case_label::ast_case_label(ast_expression*),516329,516328,36,thumb,STT_FUNC,STB_GLOBAL,STV_DEFAULT,12,.text
.dynsym,1089,_ZTV14ast_case_label,vtable for ast_case_label,882356,882356,16,,STT_OBJECT,STB_GLOBAL,STV_DEFAULT,18,.data.rel.ro
.dynsym,1090,_ZNK19ast_case_label_list5printEv,ast_case_label_list::print() const,516365,516364,36,thumb,STT_FUNC,STB_GLOBAL,STV_DEFAULT,12,.text
.dynsym,1091,_ZN19ast_case_label_listC2Ev,ast_case_label_list::ast_case_label_list(),516401,516400,48,thumb,STT_FUNC,STB_GLOBAL,STV_DEFAULT,12,.text
.dynsym,1092,_ZTV19ast_case_label_list,vtable for ast_case_label_list,882372,882372,16,,STT_OBJECT,STB_GLOBAL,STV_DEFAULT,18,.data.rel.ro
.dynsym,1093,_ZNK18ast_case_statement5printEv,ast_case_statement::print() const,516449,516448,44,thumb,STT_FUNC,STB_GLOBAL,STV_DEFAULT,12,.text
.dynsym,1094,_ZN18ast_case_statementC2EP19ast_case_label_list,ast_case_statement::ast_case_statement(ast_case_label_list*),516493,516492,52,thumb,STT_FUNC,STB_GLOBAL,STV_DEFAULT,12,.text
.dynsym,1095,_ZTV18ast_case_statement,vtable for ast_case_statement,882388,882388,16,,STT_OBJECT,STB_GLOBAL,STV_DEFAULT,18,.data.rel.ro
.dynsym,1096,_ZNK23ast_case_statement_list5printEv,ast_case_statement_list::print() const,516545,516544,28,thumb,STT_FUNC,STB_GLOBAL,STV_DEFAULT,12,.text
.dynsym,1097,_ZN23ast_case_statement_listC2Ev,ast_case_statement_list::ast_case_statement_list(),516573,516572,48,thumb,STT_FUNC,STB_GLOBAL,STV_DEFAULT,12,.text
.dynsym,1098,_ZTV23ast_case_statement_list,vtable for ast_case_statement_list,882404,882404,16,,STT_OBJECT,STB_GLOBAL,STV_DEFAULT,18,.data.rel.ro
.dynsym,1099,_ZNK23ast_iteration_statement5printEv,ast_iteration_statement::print() const,516621,516620,172,thumb,STT_FUNC,STB_GLOBAL,STV_DEFAULT,12,.text
.dynsym,1100,_ZN23ast_iteration_statementC2EiP8ast_nodeS1_P14ast_expressionS1_,"ast_iteration_statement::ast_iteration_statement(int, ast_node*, ast_node*, ast_expression*, ast_node*)",516793,516792,60,thumb,STT_FUNC,STB_GLOBAL,STV_DEFAULT,12,.text
.dynsym,1101,_ZTV23ast_iteration_statement,vtable for ast_iteration_statement,882420,882420,16,,STT_OBJECT,STB_GLOBAL,STV_DEFAULT,18,.data.rel.ro
.dynsym,1102,_ZNK20ast_struct_specifier5printEv,ast_struct_specifier::print() const,516853,516852,68,thumb,STT_FUNC,STB_GLOBAL,STV_DEFAULT,12,.text
.dynsym,1103,_ZN20ast_struct_specifierC2EPKcP19ast_declarator_list,"ast_struct_specifier::ast_struct_specifier(char const*, ast_declarator_list*)",516921,516920,152,thumb,STT_FUNC,STB_GLOBAL,STV_DEFAULT,12,.text
.dynsym,1104,_ZTV20ast_struct_specifier,vtable for ast_struct_specifier,882436,882436,16,,STT_OBJECT,STB_GLOBAL,STV_DEFAULT,18,.data.rel.ro
.dynsym,1105,_mesa_glsl_compile_shader,_mesa_glsl_compile_shader,517073,517072,824,thumb,STT_FUNC,STB_GLOBAL,STV_DEFAULT,12,.text
.dynsym,1106,_Z11reparent_irP9exec_listPv,"reparent_ir(exec_list*, void*)",532509,532508,80,thumb,STT_FUNC,STB_GLOBAL,STV_DEFAULT,12,.text
.dynsym,1107,_mesa_print_ir,_mesa_print_ir,577709,577708,296,thumb,STT_FUNC,STB_GLOBAL,STV_DEFAULT,12,.text
.dynsym,1108,_Z22do_common_optimizationP9exec_listbbPK26gl_shader_compiler_optionsb,"do_common_optimization(exec_list*, bool, bool, gl_shader_compiler_options const*, bool)",517897,517896,402,thumb,STT_FUNC,STB_GLOBAL,STV_DEFAULT,12,.text
.dynsym,1109,_Z31optimize_dead_builtin_variablesP9exec_list16ir_variable_mode,"optimize_dead_builtin_variables(exec_list*, ir_variable_mode)",665433,665432,292,thumb,STT_FUNC,STB_GLOBAL,STV_DEFAULT,12,.text
.dynsym,1110,_Z17opt_flip_matricesP9exec_list,opt_flip_matrices(exec_list*),670669,670668,244,thumb,STT_FUNC,STB_GLOBAL,STV_DEFAULT,12,.text
.dynsym,1111,_mesa_glsl_release_types,_mesa_glsl_release_types,520469,520468,72,thumb,STT_FUNC,STB_GLOBAL,STV_DEFAULT,12,.text
.dynsym,1112,_mesa_destroy_shader_compiler_caches,_mesa_destroy_shader_compiler_caches,518315,518314,4,thumb,STT_FUNC,STB_GLOBAL,STV_DEFAULT,12,.text
.dynsym,1113,_ZTI22ast_compound_statement,typeinfo for ast_compound_statement,882556,882556,12,,STT_OBJECT,STB_GLOBAL,STV_DEFAULT,18,.data.rel.ro
.dynsym,1114,_ZTI24ast_expression_statement,typeinfo for ast_expression_statement,882568,882568,12,,STT_OBJECT,STB_GLOBAL,STV_DEFAULT,18,.data.rel.ro
.dynsym,1115,_ZTI12ast_function,typeinfo for ast_function,882580,882580,12,,STT_OBJECT,STB_GLOBAL,STV_DEFAULT,18,.data.rel.ro
.dynsym,1116,_ZTI15ast_declaration,typeinfo for ast_declaration,882592,882592,12,,STT_OBJECT,STB_GLOBAL,STV_DEFAULT,18,.data.rel.ro
.dynsym,1117,_ZTI19ast_declarator_list,typeinfo for ast_declarator_list,882604,882604,12,,STT_OBJECT,STB_GLOBAL,STV_DEFAULT,18,.data.rel.ro
.dynsym,1118,_ZTI18ast_jump_statement,typeinfo for ast_jump_statement,882616,882616,12,,STT_OBJECT,STB_GLOBAL,STV_DEFAULT,18,.data.rel.ro
.dynsym,1119,_ZTI23ast_selection_statement,typeinfo for ast_selection_statement,882628,882628,12,,STT_OBJECT,STB_GLOBAL,STV_DEFAULT,18,.data.rel.ro
.dynsym,1120,_ZTI20ast_switch_statement,typeinfo for ast_switch_statement,882640,882640,12,,STT_OBJECT,STB_GLOBAL,STV_DEFAULT,18,.data.rel.ro
.dynsym,1121,_ZTI15ast_switch_body,typeinfo for ast_switch_body,882652,882652,12,,STT_OBJECT,STB_GLOBAL,STV_DEFAULT,18,.data.rel.ro
.dynsym,1122,_ZTI14ast_case_label,typeinfo for ast_case_label,882664,882664,12,,STT_OBJECT,STB_GLOBAL,STV_DEFAULT,18,.data.rel.ro
.dynsym,1123,_ZTI19ast_case_label_list,typeinfo for ast_case_label_list,882676,882676,12,,STT_OBJECT,STB_GLOBAL,STV_DEFAULT,18,.data.rel.ro
.dynsym,1124,_ZTI18ast_case_statement,typeinfo for ast_case_statement,882688,882688,12,,STT_OBJECT,STB_GLOBAL,STV_DEFAULT,18,.data.rel.ro
.dynsym,1125,_ZTI23ast_case_statement_list,typeinfo for ast_case_statement_list,882700,882700,12,,STT_OBJECT,STB_GLOBAL,STV_DEFAULT,18,.data.rel.ro
.dynsym,1126,_ZTI23ast_iteration_statement,typeinfo for ast_iteration_statement,882712,882712,12,,STT_OBJECT,STB_GLOBAL,STV_DEFAULT,18,.data.rel.ro
.dynsym,1127,_ZTI20ast_struct_specifier,typeinfo for ast_struct_specifier,882460,882460,12,,STT_OBJECT,STB_GLOBAL,STV_DEFAULT,18,.data.rel.ro
.dynsym,1128,_ZTS20ast_struct_specifier,typeinfo name for ast_struct_specifier,859840,859840,23,,STT_OBJECT,STB_GLOBAL,STV_DEFAULT,15,.rodata
.dynsym,1129,_ZTS8ast_node,typeinfo name for ast_node,859863,859863,10,,STT_OBJECT,STB_GLOBAL,STV_DEFAULT,15,.rodata
.dynsym,1130,_ZTI24ast_fully_specified_type,typeinfo for ast_fully_specified_type,882488,882488,12,,STT_OBJECT,STB_GLOBAL,STV_DEFAULT,18,.data.rel.ro
.dynsym,1131,_ZTS24ast_fully_specified_type,typeinfo name for ast_fully_specified_type,859888,859888,27,,STT_OBJECT,STB_GLOBAL,STV_DEFAULT,15,.rodata
.dynsym,1132,_ZTI24ast_parameter_declarator,typeinfo for ast_parameter_declarator,882516,882516,12,,STT_OBJECT,STB_GLOBAL,STV_DEFAULT,18,.data.rel.ro
.dynsym,1133,_ZTS24ast_parameter_declarator,typeinfo name for ast_parameter_declarator,859920,859920,27,,STT_OBJECT,STB_GLOBAL,STV_DEFAULT,15,.rodata
.dynsym,1134,_ZTI23ast_function_definition,typeinfo for ast_function_definition,882544,882544,12,,STT_OBJECT,STB_GLOBAL,STV_DEFAULT,18,.data.rel.ro
.dynsym,1135,_ZTS23ast_function_definition,typeinfo name for ast_function_definition,859952,859952,26,,STT_OBJECT,STB_GLOBAL,STV_DEFAULT,15,.rodata
.dynsym,1136,_ZTS22ast_compound_statement,typeinfo name for ast_compound_statement,859984,859984,25,,STT_OBJECT,STB_GLOBAL,STV_DEFAULT,15,.rodata
.dynsym,1137,_ZTS24ast_expression_statement,typeinfo name for ast_expression_statement,860016,860016,27,,STT_OBJECT,STB_GLOBAL,STV_DEFAULT,15,.rodata
.dynsym,1138,_ZTS12ast_function,typeinfo name for ast_function,860043,860043,15,,STT_OBJECT,STB_GLOBAL,STV_DEFAULT,15,.rodata
.dynsym,1139,_ZTS15ast_declaration,typeinfo name for ast_declaration,860064,860064,18,,STT_OBJECT,STB_GLOBAL,STV_DEFAULT,15,.rodata
.dynsym,1140,_ZTS19ast_declarator_list,typeinfo name for ast_declarator_list,860096,860096,22,,STT_OBJECT,STB_GLOBAL,STV_DEFAULT,15,.rodata
.dynsym,1141,_ZTS18ast_jump_statement,typeinfo name for ast_jump_statement,860128,860128,21,,STT_OBJECT,STB_GLOBAL,STV_DEFAULT,15,.rodata
.dynsym,1142,_ZTS23ast_selection_statement,typeinfo name for ast_selection_statement,860160,860160,26,,STT_OBJECT,STB_GLOBAL,STV_DEFAULT,15,.rodata
.dynsym,1143,_ZTS20ast_switch_statement,typeinfo name for ast_switch_statement,860192,860192,23,,STT_OBJECT,STB_GLOBAL,STV_DEFAULT,15,.rodata
.dynsym,1144,_ZTS15ast_switch_body,typeinfo name for ast_switch_body,860224,860224,18,,STT_OBJECT,STB_GLOBAL,STV_DEFAULT,15,.rodata
.dynsym,1145,_ZTS14ast_case_label,typeinfo name for ast_case_label,860256,860256,17,,STT_OBJECT,STB_GLOBAL,STV_DEFAULT,15,.rodata
.dynsym,1146,_ZTS19ast_case_label_list,typeinfo name for ast_case_label_list,860288,860288,22,,STT_OBJECT,STB_GLOBAL,STV_DEFAULT,15,.rodata
.dynsym,1147,_ZTS18ast_case_statement,typeinfo name for ast_case_statement,860320,860320,21,,STT_OBJECT,STB_GLOBAL,STV_DEFAULT,15,.rodata
.dynsym,1148,_ZTS23ast_case_statement_list,typeinfo name for ast_case_statement_list,860352,860352,26,,STT_OBJECT,STB_GLOBAL,STV_DEFAULT,15,.rodata
.dynsym,1149,_ZTS23ast_iteration_statement,typeinfo name for ast_iteration_statement,860384,860384,26,,STT_OBJECT,STB_GLOBAL,STV_DEFAULT,15,.rodata
.dynsym,1150,_ZN8ast_nodeC1Ev,ast_node::ast_node(),514273,514272,36,thumb,STT_FUNC,STB_GLOBAL,STV_DEFAULT,12,.text
.dynsym,1151,_ZN17glsl_symbol_tableC2Ev,glsl_symbol_table::glsl_symbol_table(),518321,518320,28,thumb,STT_FUNC,STB_GLOBAL,STV_DEFAULT,12,.text
.dynsym,1152,_ZN17glsl_symbol_tableD2Ev,glsl_symbol_table::~glsl_symbol_table(),518349,518348,22,thumb,STT_FUNC,STB_GLOBAL,STV_DEFAULT,12,.text
.dynsym,1153,_ZN18symbol_table_entry18_ralloc_destructorEPv,symbol_table_entry::_ralloc_destructor(void*),519237,519236,2,thumb,STT_FUNC,STB_WEAK,STV_DEFAULT,12,.text
.dynsym,1154,_ZN17glsl_symbol_table9get_entryEPKc,glsl_symbol_table::get_entry(char const*),518621,518620,12,thumb,STT_FUNC,STB_GLOBAL,STV_DEFAULT,12,.text
.dynsym,1155,_ZN17glsl_symbol_table13get_interfaceEPKc16ir_variable_mode,"glsl_symbol_table::get_interface(char const*, ir_variable_mode)",519149,519148,38,thumb,STT_FUNC,STB_GLOBAL,STV_DEFAULT,12,.text
.dynsym,1156,_ZN9glsl_type20init_ralloc_type_ctxEv,glsl_type::init_ralloc_type_ctx(),519241,519240,44,thumb,STT_FUNC,STB_GLOBAL,STV_DEFAULT,12,.text
.dynsym,1157,_ZN9glsl_type7mem_ctxE,glsl_type::mem_ctx,946140,946140,4,,STT_OBJECT,STB_GLOBAL,STV_DEFAULT,22,.bss
.dynsym,1158,_ZN9glsl_typeC2Ej14glsl_base_typejjPKc,"glsl_type::glsl_type(unsigned int, glsl_base_type, unsigned int, unsigned int, char const*)",519285,519284,96,thumb,STT_FUNC,STB_GLOBAL,STV_DEFAULT,12,.text
.dynsym,1159,_ZN9glsl_typeC2Ej14glsl_base_type16glsl_sampler_dimbbjPKc,"glsl_type::glsl_type(unsigned int, glsl_base_type, glsl_sampler_dim, bool, bool, unsigned int, char const*)",519381,519380,136,thumb,STT_FUNC,STB_GLOBAL,STV_DEFAULT,12,.text
.dynsym,1160,_ZN9glsl_typeC2EPK17glsl_struct_fieldjPKc,"glsl_type::glsl_type(glsl_struct_field const*, unsigned int, char const*)",519517,519516,240,thumb,STT_FUNC,STB_GLOBAL,STV_DEFAULT,12,.text
.dynsym,1161,_ZN9glsl_typeC2EPK17glsl_struct_fieldj22glsl_interface_packingPKc,"glsl_type::glsl_type(glsl_struct_field const*, unsigned int, glsl_interface_packing, char const*)",519757,519756,252,thumb,STT_FUNC,STB_GLOBAL,STV_DEFAULT,12,.text
.dynsym,1162,_ZNK9glsl_type16contains_samplerEv,glsl_type::contains_sampler() const,520009,520008,62,thumb,STT_FUNC,STB_GLOBAL,STV_DEFAULT,12,.text
.dynsym,1163,_ZNK9glsl_type13sampler_indexEv,glsl_type::sampler_index() const,520209,520208,88,thumb,STT_FUNC,STB_GLOBAL,STV_DEFAULT,12,.text
.dynsym,1164,_ZNK9glsl_type13get_base_typeEv,glsl_type::get_base_type() const,520361,520360,36,thumb,STT_FUNC,STB_GLOBAL,STV_DEFAULT,12,.text
.dynsym,1165,_ZN9glsl_type11array_typesE,glsl_type::array_types,946128,946128,4,,STT_OBJECT,STB_GLOBAL,STV_DEFAULT,22,.bss
.dynsym,1166,_ZN9glsl_type12record_typesE,glsl_type::record_types,946132,946132,4,,STT_OBJECT,STB_GLOBAL,STV_DEFAULT,22,.bss
.dynsym,1167,_ZN9glsl_typeC2EPKS_j,"glsl_type::glsl_type(glsl_type const*, unsigned int)",520541,520540,192,thumb,STT_FUNC,STB_GLOBAL,STV_DEFAULT,12,.text
.dynsym,1168,_ZN9glsl_typenwEj,glsl_type::operator new(unsigned int),521809,521808,48,thumb,STT_FUNC,STB_WEAK,STV_DEFAULT,12,.text
.dynsym,1169,_ZNK9glsl_type14record_compareEPKS_,glsl_type::record_compare(glsl_type const*) const,521857,521856,204,thumb,STT_FUNC,STB_GLOBAL,STV_DEFAULT,12,.text
.dynsym,1170,_ZN9glsl_type18record_key_compareEPKvS1_,"glsl_type::record_key_compare(void const*, void const*)",522061,522060,36,thumb,STT_FUNC,STB_GLOBAL,STV_DEFAULT,12,.text
.dynsym,1171,_ZN9glsl_type15record_key_hashEPKv,glsl_type::record_key_hash(void const*),522097,522096,152,thumb,STT_FUNC,STB_GLOBAL,STV_DEFAULT,12,.text
.dynsym,1172,_ZN9glsl_type15interface_typesE,glsl_type::interface_types,946136,946136,4,,STT_OBJECT,STB_GLOBAL,STV_DEFAULT,22,.bss
.dynsym,1173,_ZNK9glsl_type10field_typeEPKc,glsl_type::field_type(char const*) const,522605,522604,96,thumb,STT_FUNC,STB_GLOBAL,STV_DEFAULT,12,.text
.dynsym,1174,_ZNK9glsl_type15field_precisionEPKc,glsl_type::field_precision(char const*) const,522701,522700,56,thumb,STT_FUNC,STB_GLOBAL,STV_DEFAULT,12,.text
.dynsym,1175,_ZNK9glsl_type15component_slotsEv,glsl_type::component_slots() const,522817,522816,106,thumb,STT_FUNC,STB_GLOBAL,STV_DEFAULT,12,.text
.dynsym,1176,_ZNK9glsl_type21std140_base_alignmentEb,glsl_type::std140_base_alignment(bool) const,523117,523116,380,thumb,STT_FUNC,STB_GLOBAL,STV_DEFAULT,12,.text
.dynsym,1177,_ZNK9glsl_type11std140_sizeEb,glsl_type::std140_size(bool) const,523497,523496,440,thumb,STT_FUNC,STB_GLOBAL,STV_DEFAULT,12,.text
.dynsym,1178,_ZNK9glsl_type21count_attribute_slotsEv,glsl_type::count_attribute_slots() const,523937,523936,92,thumb,STT_FUNC,STB_GLOBAL,STV_DEFAULT,12,.text
.dynsym,1179,_ZN9glsl_typeC1EPK17glsl_struct_fieldj22glsl_interface_packingPKc,"glsl_type::glsl_type(glsl_struct_field const*, unsigned int, glsl_interface_packing, char const*)",519757,519756,252,thumb,STT_FUNC,STB_GLOBAL,STV_DEFAULT,12,.text
.dynsym,1180,_ZN9glsl_typeC1EPKS_j,"glsl_type::glsl_type(glsl_type const*, unsigned int)",520541,520540,192,thumb,STT_FUNC,STB_GLOBAL,STV_DEFAULT,12,.text
.dynsym,1181,_ZN10ir_swizzle6createEP9ir_rvaluePKcj,"ir_swizzle::create(ir_rvalue*, char const*, unsigned int)",531281,531280,312,thumb,STT_FUNC,STB_GLOBAL,STV_DEFAULT,12,.text
.dynsym,1182,_ZTV9ir_rvalue,vtable for ir_rvalue,883564,883564,68,,STT_OBJECT,STB_GLOBAL,STV_DEFAULT,18,.data.rel.ro
.dynsym,1183,_ZNK9ir_rvalue7is_zeroEv,ir_rvalue::is_zero() const,524909,524908,4,thumb,STT_FUNC,STB_GLOBAL,STV_DEFAULT,12,.text
.dynsym,1184,_ZNK9ir_rvalue6is_oneEv,ir_rvalue::is_one() const,524913,524912,4,thumb,STT_FUNC,STB_GLOBAL,STV_DEFAULT,12,.text
.dynsym,1185,_ZNK9ir_rvalue15is_negative_oneEv,ir_rvalue::is_negative_one() const,524917,524916,4,thumb,STT_FUNC,STB_GLOBAL,STV_DEFAULT,12,.text
.dynsym,1186,_ZNK9ir_rvalue8is_basisEv,ir_rvalue::is_basis() const,524921,524920,4,thumb,STT_FUNC,STB_GLOBAL,STV_DEFAULT,12,.text
.dynsym,1187,_ZN13ir_assignment7set_lhsEP9ir_rvalue,ir_assignment::set_lhs(ir_rvalue*),524925,524924,376,thumb,STT_FUNC,STB_GLOBAL,STV_DEFAULT,12,.text
.dynsym,1188,_ZN10ir_swizzleC2EP9ir_rvalue15ir_swizzle_mask,"ir_swizzle::ir_swizzle(ir_rvalue*, ir_swizzle_mask)",531193,531192,88,thumb,STT_FUNC,STB_GLOBAL,STV_DEFAULT,12,.text
.dynsym,1189,_ZN13ir_assignmentC2EP14ir_dereferenceP9ir_rvalueS3_j,"ir_assignment::ir_assignment(ir_dereference*, ir_rvalue*, ir_rvalue*, unsigned int)",525493,525492,56,thumb,STT_FUNC,STB_GLOBAL,STV_DEFAULT,12,.text
.dynsym,1190,_ZTV13ir_assignment,vtable for ir_assignment,884220,884220,36,,STT_OBJECT,STB_GLOBAL,STV_DEFAULT,18,.data.rel.ro
.dynsym,1191,_ZN13ir_assignmentC2EP9ir_rvalueS1_S1_,"ir_assignment::ir_assignment(ir_rvalue*, ir_rvalue*, ir_rvalue*)",525549,525548,120,thumb,STT_FUNC,STB_GLOBAL,STV_DEFAULT,12,.text
.dynsym,1192,_ZN13ir_expressionC2EiPK9glsl_typeP9ir_rvalueS4_S4_S4_,"ir_expression::ir_expression(int, glsl_type const*, ir_rvalue*, ir_rvalue*, ir_rvalue*, ir_rvalue*)",525669,525668,92,thumb,STT_FUNC,STB_GLOBAL,STV_DEFAULT,12,.text
.dynsym,1193,_ZTV13ir_expression,vtable for ir_expression,884680,884680,68,,STT_OBJECT,STB_GLOBAL,STV_DEFAULT,18,.data.rel.ro
.dynsym,1194,_ZN13ir_expressionC2EiP9ir_rvalue,"ir_expression::ir_expression(int, ir_rvalue*)",525761,525760,264,thumb,STT_FUNC,STB_GLOBAL,STV_DEFAULT,12,.text
.dynsym,1195,_ZN13ir_expressionC2EiP9ir_rvalueS1_,"ir_expression::ir_expression(int, ir_rvalue*, ir_rvalue*)",526025,526024,232,thumb,STT_FUNC,STB_GLOBAL,STV_DEFAULT,12,.text
.dynsym,1196,_ZN13ir_expressionC2EiP9ir_rvalueS1_S1_,"ir_expression::ir_expression(int, ir_rvalue*, ir_rvalue*, ir_rvalue*)",526257,526256,140,thumb,STT_FUNC,STB_GLOBAL,STV_DEFAULT,12,.text
.dynsym,1197,_ZN13ir_expression15operator_stringE23ir_expression_operation,ir_expression::operator_string(ir_expression_operation),526433,526432,16,thumb,STT_FUNC,STB_GLOBAL,STV_DEFAULT,12,.text
.dynsym,1198,_ZN13ir_expression15operator_stringEv,ir_expression::operator_string(),526449,526448,16,thumb,STT_FUNC,STB_GLOBAL,STV_DEFAULT,12,.text
.dynsym,1199,_ZN13ir_expression12get_operatorEPKc,ir_expression::get_operator(char const*),526497,526496,52,thumb,STT_FUNC,STB_GLOBAL,STV_DEFAULT,12,.text
.dynsym,1200,_ZN11ir_constantC2Ev,ir_constant::ir_constant(),526549,526548,56,thumb,STT_FUNC,STB_GLOBAL,STV_DEFAULT,12,.text
.dynsym,1201,_ZTV11ir_constant,vtable for ir_constant,884356,884356,72,,STT_OBJECT,STB_GLOBAL,STV_DEFAULT,18,.data.rel.ro
.dynsym,1202,_ZN11ir_constantC2EPK9glsl_typePK16ir_constant_data,"ir_constant::ir_constant(glsl_type const*, ir_constant_data const*)",526605,526604,88,thumb,STT_FUNC,STB_GLOBAL,STV_DEFAULT,12,.text
.dynsym,1203,_ZN11ir_constantC2Efj,"ir_constant::ir_constant(float, unsigned int)",526693,526692,132,thumb,STT_FUNC,STB_GLOBAL,STV_DEFAULT,12,.text
.dynsym,1204,_ZN11ir_constantC2Ejj,"ir_constant::ir_constant(unsigned int, unsigned int)",526825,526824,124,thumb,STT_FUNC,STB_GLOBAL,STV_DEFAULT,12,.text
.dynsym,1205,_ZN11ir_constantC2Eij,"ir_constant::ir_constant(int, unsigned int)",526949,526948,124,thumb,STT_FUNC,STB_GLOBAL,STV_DEFAULT,12,.text
.dynsym,1206,_ZN11ir_constantC2Ebj,"ir_constant::ir_constant(bool, unsigned int)",527073,527072,116,thumb,STT_FUNC,STB_GLOBAL,STV_DEFAULT,12,.text
.dynsym,1207,__aeabi_memset,__aeabi_memset,0,0,0,arm,STT_FUNC,STB_GLOBAL,STV_DEFAULT,SHN_UNDEF,SHN_UNDEF
.dynsym,1208,_ZN11ir_constantC2EPKS_j,"ir_constant::ir_constant(ir_constant const*, unsigned int)",527189,527188,112,thumb,STT_FUNC,STB_GLOBAL,STV_DEFAULT,12,.text
.dynsym,1209,_ZN11ir_constantC2EPK9glsl_typeP9exec_list,"ir_constant::ir_constant(glsl_type const*, exec_list*)",527301,527300,968,thumb,STT_FUNC,STB_GLOBAL,STV_DEFAULT,12,.text
.dynsym,1210,_ZNK11ir_constant17get_array_elementEj,ir_constant::get_array_element(unsigned int) const,528745,528744,26,thumb,STT_FUNC,STB_GLOBAL,STV_DEFAULT,12,.text
.dynsym,1211,_ZN11ir_constant16get_record_fieldEPKc,ir_constant::get_record_field(char const*),528771,528770,62,thumb,STT_FUNC,STB_GLOBAL,STV_DEFAULT,12,.text
.dynsym,1212,_ZN11ir_constant11copy_offsetEPS_i,"ir_constant::copy_offset(ir_constant*, int)",528833,528832,324,thumb,STT_FUNC,STB_GLOBAL,STV_DEFAULT,12,.text
.dynsym,1213,_ZN11ir_constant18copy_masked_offsetEPS_ij,"ir_constant::copy_masked_offset(ir_constant*, int, unsigned int)",529157,529156,276,thumb,STT_FUNC,STB_GLOBAL,STV_DEFAULT,12,.text
.dynsym,1214,_ZNK11ir_constant9has_valueEPKS_,ir_constant::has_value(ir_constant const*) const,529433,529432,226,thumb,STT_FUNC,STB_GLOBAL,STV_DEFAULT,12,.text
.dynsym,1215,_ZNK11ir_constant8is_valueEfi,"ir_constant::is_value(float, int) const",529661,529660,160,thumb,STT_FUNC,STB_GLOBAL,STV_DEFAULT,12,.text
.dynsym,1216,_ZNK11ir_constant7is_zeroEv,ir_constant::is_zero() const,529821,529820,10,thumb,STT_FUNC,STB_GLOBAL,STV_DEFAULT,12,.text
.dynsym,1217,_ZNK11ir_constant6is_oneEv,ir_constant::is_one() const,529831,529830,12,thumb,STT_FUNC,STB_GLOBAL,STV_DEFAULT,12,.text
.dynsym,1218,_ZNK11ir_constant15is_negative_oneEv,ir_constant::is_negative_one() const,529843,529842,16,thumb,STT_FUNC,STB_GLOBAL,STV_DEFAULT,12,.text
.dynsym,1219,_ZNK11ir_constant8is_basisEv,ir_constant::is_basis() const,529859,529858,158,thumb,STT_FUNC,STB_GLOBAL,STV_DEFAULT,12,.text
.dynsym,1220,_ZNK11ir_constant18is_uint16_constantEv,ir_constant::is_uint16_constant() const,530017,530016,26,thumb,STT_FUNC,STB_GLOBAL,STV_DEFAULT,12,.text
.dynsym,1221,_ZN7ir_loopC2Ev,ir_loop::ir_loop(),530045,530044,36,thumb,STT_FUNC,STB_GLOBAL,STV_DEFAULT,12,.text
.dynsym,1222,_ZTV7ir_loop,vtable for ir_loop,883936,883936,32,,STT_OBJECT,STB_GLOBAL,STV_DEFAULT,18,.data.rel.ro
.dynsym,1223,_ZN23ir_dereference_variableC2EP11ir_variable,ir_dereference_variable::ir_dereference_variable(ir_variable*),530081,530080,48,thumb,STT_FUNC,STB_GLOBAL,STV_DEFAULT,12,.text
.dynsym,1224,_ZTV23ir_dereference_variable,vtable for ir_dereference_variable,883980,883980,68,,STT_OBJECT,STB_GLOBAL,STV_DEFAULT,18,.data.rel.ro
.dynsym,1225,_ZN20ir_dereference_arrayC2EP9ir_rvalueS1_,"ir_dereference_array::ir_dereference_array(ir_rvalue*, ir_rvalue*)",530129,530128,72,thumb,STT_FUNC,STB_GLOBAL,STV_DEFAULT,12,.text
.dynsym,1226,_ZN20ir_dereference_array9set_arrayEP9ir_rvalue,ir_dereference_array::set_array(ir_rvalue*),530201,530200,72,thumb,STT_FUNC,STB_GLOBAL,STV_DEFAULT,12,.text
.dynsym,1227,_ZTV20ir_dereference_array,vtable for ir_dereference_array,884060,884060,68,,STT_OBJECT,STB_GLOBAL,STV_DEFAULT,18,.data.rel.ro
.dynsym,1228,_ZN20ir_dereference_arrayC2EP11ir_variableP9ir_rvalue,"ir_dereference_array::ir_dereference_array(ir_variable*, ir_rvalue*)",530273,530272,136,thumb,STT_FUNC,STB_GLOBAL,STV_DEFAULT,12,.text
.dynsym,1229,_ZN21ir_dereference_recordC2EP9ir_rvaluePKc,"ir_dereference_record::ir_dereference_record(ir_rvalue*, char const*)",530409,530408,100,thumb,STT_FUNC,STB_GLOBAL,STV_DEFAULT,12,.text
.dynsym,1230,_ZTV21ir_dereference_record,vtable for ir_dereference_record,884140,884140,68,,STT_OBJECT,STB_GLOBAL,STV_DEFAULT,18,.data.rel.ro
.dynsym,1231,_ZN21ir_dereference_recordC2EP11ir_variablePKc,"ir_dereference_record::ir_dereference_record(ir_variable*, char const*)",530509,530508,164,thumb,STT_FUNC,STB_GLOBAL,STV_DEFAULT,12,.text
.dynsym,1232,_ZNK14ir_dereference9is_lvalueEv,ir_dereference::is_lvalue() const,530673,530672,38,thumb,STT_FUNC,STB_GLOBAL,STV_DEFAULT,12,.text
.dynsym,1233,_ZN10ir_texture13opcode_stringEv,ir_texture::opcode_string(),530713,530712,16,thumb,STT_FUNC,STB_GLOBAL,STV_DEFAULT,12,.text
.dynsym,1234,_ZN10ir_texture10get_opcodeEPKc,ir_texture::get_opcode(char const*),530729,530728,52,thumb,STT_FUNC,STB_GLOBAL,STV_DEFAULT,12,.text
.dynsym,1235,_ZN10ir_swizzle9init_maskEPKjj,"ir_swizzle::init_mask(unsigned int const*, unsigned int)",530789,530788,196,thumb,STT_FUNC,STB_GLOBAL,STV_DEFAULT,12,.text
.dynsym,1236,_ZN10ir_swizzleC2EP9ir_rvaluejjjjj,"ir_swizzle::ir_swizzle(ir_rvalue*, unsigned int, unsigned int, unsigned int, unsigned int, unsigned int)",530985,530984,132,thumb,STT_FUNC,STB_GLOBAL,STV_DEFAULT,12,.text
.dynsym,1237,_ZTV10ir_swizzle,vtable for ir_swizzle,883856,883856,68,,STT_OBJECT,STB_GLOBAL,STV_DEFAULT,18,.data.rel.ro
.dynsym,1238,_ZN10ir_swizzleC2EP9ir_rvaluePKjj,"ir_swizzle::ir_swizzle(ir_rvalue*, unsigned int const*, unsigned int)",531117,531116,76,thumb,STT_FUNC,STB_GLOBAL,STV_DEFAULT,12,.text
.dynsym,1239,_ZNK10ir_swizzle19variable_referencedEv,ir_swizzle::variable_referenced() const,531593,531592,8,thumb,STT_FUNC,STB_GLOBAL,STV_DEFAULT,12,.text
.dynsym,1240,_ZN11ir_variableC2EPK9glsl_typePKc16ir_variable_mode14glsl_precision,"ir_variable::ir_variable(glsl_type const*, char const*, ir_variable_mode, glsl_precision)",531601,531600,220,thumb,STT_FUNC,STB_GLOBAL,STV_DEFAULT,12,.text
.dynsym,1241,_ZTV11ir_variable,vtable for ir_variable,883812,883812,32,,STT_OBJECT,STB_GLOBAL,STV_DEFAULT,18,.data.rel.ro
.dynsym,1242,_ZN11ir_variable8tmp_nameE,ir_variable::tmp_name,860416,860416,14,,STT_OBJECT,STB_GLOBAL,STV_DEFAULT,15,.rodata
.dynsym,1243,_ZN11ir_variable28determine_interpolation_modeEb,ir_variable::determine_interpolation_mode(bool),531849,531848,32,thumb,STT_FUNC,STB_GLOBAL,STV_DEFAULT,12,.text
.dynsym,1244,_ZN11ir_variable20warn_extension_tableE,ir_variable::warn_extension_table,883216,883216,12,,STT_OBJECT,STB_GLOBAL,STV_DEFAULT,18,.data.rel.ro
.dynsym,1245,_ZNK11ir_variable21get_extension_warningEv,ir_variable::get_extension_warning() const,531937,531936,24,thumb,STT_FUNC,STB_GLOBAL,STV_DEFAULT,12,.text
.dynsym,1246,_ZN21ir_function_signatureC2EPK9glsl_type14glsl_precisionPFbPK22_mesa_glsl_parse_stateE,"ir_function_signature::ir_function_signature(glsl_type const*, glsl_precision, bool (*)(_mesa_glsl_parse_state const*))",531961,531960,92,thumb,STT_FUNC,STB_GLOBAL,STV_DEFAULT,12,.text
.dynsym,1247,_ZTV21ir_function_signature,vtable for ir_function_signature,884312,884312,32,,STT_OBJECT,STB_GLOBAL,STV_DEFAULT,18,.data.rel.ro
.dynsym,1248,_ZN11ir_functionC2EPKc,ir_function::ir_function(char const*),532309,532308,52,thumb,STT_FUNC,STB_GLOBAL,STV_DEFAULT,12,.text
.dynsym,1249,_ZTV11ir_function,vtable for ir_function,884268,884268,32,,STT_OBJECT,STB_GLOBAL,STV_DEFAULT,18,.data.rel.ro
.dynsym,1250,_Z15visit_exec_listP9exec_listP10ir_visitor,"visit_exec_list(exec_list*, ir_visitor*)",532461,532460,48,thumb,STT_FUNC,STB_GLOBAL,STV_DEFAULT,12,.text
.dynsym,1251,_ZN9ir_rvalue21as_rvalue_to_saturateEv,ir_rvalue::as_rvalue_to_saturate(),532725,532724,50,thumb,STT_FUNC,STB_GLOBAL,STV_DEFAULT,12,.text
.dynsym,1252,_ZN14ir_instructionD2Ev,ir_instruction::~ir_instruction(),533173,533172,2,thumb,STT_FUNC,STB_WEAK,STV_DEFAULT,12,.text
.dynsym,1253,_ZN14ir_dereferenceD0Ev,ir_dereference::~ir_dereference(),533175,533174,2,thumb,STT_FUNC,STB_WEAK,STV_DEFAULT,12,.text
.dynsym,1254,_ZN9ir_rvalue6acceptEP10ir_visitor,ir_rvalue::accept(ir_visitor*),533177,533176,12,thumb,STT_FUNC,STB_WEAK,STV_DEFAULT,12,.text
.dynsym,1255,_ZN9ir_rvalue25whole_variable_referencedEv,ir_rvalue::whole_variable_referenced(),533189,533188,4,thumb,STT_FUNC,STB_WEAK,STV_DEFAULT,12,.text
.dynsym,1256,_ZNK9ir_rvalue18is_uint16_constantEv,ir_rvalue::is_uint16_constant() const,533193,533192,4,thumb,STT_FUNC,STB_WEAK,STV_DEFAULT,12,.text
.dynsym,1257,_ZTV14ir_dereference,vtable for ir_dereference,883228,883228,68,,STT_OBJECT,STB_GLOBAL,STV_DEFAULT,18,.data.rel.ro
.dynsym,1258,_ZTI14ir_dereference,typeinfo for ir_dereference,883296,883296,12,,STT_OBJECT,STB_GLOBAL,STV_DEFAULT,18,.data.rel.ro
.dynsym,1259,_ZN9ir_rvalue6acceptEP23ir_hierarchical_visitor,ir_rvalue::accept(ir_hierarchical_visitor*),553841,553840,12,thumb,STT_FUNC,STB_GLOBAL,STV_DEFAULT,12,.text
.dynsym,1260,_ZN14ir_instruction6equalsEPS_12ir_node_type,"ir_instruction::equals(ir_instruction*, ir_node_type)",549629,549628,4,thumb,STT_FUNC,STB_GLOBAL,STV_DEFAULT,12,.text
.dynsym,1261,_ZN9ir_rvalue25constant_expression_valueEP10hash_table,ir_rvalue::constant_expression_value(hash_table*),538775,538774,4,thumb,STT_FUNC,STB_GLOBAL,STV_DEFAULT,12,.text
.dynsym,1262,_ZTS14ir_dereference,typeinfo name for ir_dereference,860432,860432,17,,STT_OBJECT,STB_GLOBAL,STV_DEFAULT,15,.rodata
.dynsym,1263,_ZTI9ir_rvalue,typeinfo for ir_rvalue,883632,883632,12,,STT_OBJECT,STB_GLOBAL,STV_DEFAULT,18,.data.rel.ro
.dynsym,1264,_ZN9ir_rvalueC1E12ir_node_type14glsl_precision,"ir_rvalue::ir_rvalue(ir_node_type, glsl_precision)",524869,524868,40,thumb,STT_FUNC,STB_GLOBAL,STV_DEFAULT,12,.text
.dynsym,1265,_ZN13ir_expressionC1EiP9ir_rvalueS1_S1_,"ir_expression::ir_expression(int, ir_rvalue*, ir_rvalue*, ir_rvalue*)",526257,526256,140,thumb,STT_FUNC,STB_GLOBAL,STV_DEFAULT,12,.text
.dynsym,1266,_ZN11ir_constantC1Ev,ir_constant::ir_constant(),526549,526548,56,thumb,STT_FUNC,STB_GLOBAL,STV_DEFAULT,12,.text
.dynsym,1267,_ZN21ir_dereference_recordC1EP11ir_variablePKc,"ir_dereference_record::ir_dereference_record(ir_variable*, char const*)",530509,530508,164,thumb,STT_FUNC,STB_GLOBAL,STV_DEFAULT,12,.text
.dynsym,1268,_ZN10ir_swizzleC1EP9ir_rvalue15ir_swizzle_mask,"ir_swizzle::ir_swizzle(ir_rvalue*, ir_swizzle_mask)",531193,531192,88,thumb,STT_FUNC,STB_GLOBAL,STV_DEFAULT,12,.text
.dynsym,1269,_Z21call_for_basic_blocksP9exec_listPFvP14ir_instructionS2_PvES3_,"call_for_basic_blocks(exec_list*, void (*)(ir_instruction*, ir_instruction*, void*), void*)",533197,533196,314,thumb,STT_FUNC,STB_GLOBAL,STV_DEFAULT,12,.text
.dynsym,1270,_ZN10ir_builder6assignENS_5derefENS_7operandES1_i,"ir_builder::assign(ir_builder::deref, ir_builder::operand, ir_builder::operand, int)",533625,533624,68,thumb,STT_FUNC,STB_GLOBAL,STV_DEFAULT,12,.text
.dynsym,1271,_ZN10ir_builder6assignENS_5derefENS_7operandES1_,"ir_builder::assign(ir_builder::deref, ir_builder::operand, ir_builder::operand)",533723,533722,20,thumb,STT_FUNC,STB_GLOBAL,STV_DEFAULT,12,.text
.dynsym,1272,_ZN10ir_builder16swizzle_for_sizeENS_7operandEj,"ir_builder::swizzle_for_size(ir_builder::operand, unsigned int)",533889,533888,164,thumb,STT_FUNC,STB_GLOBAL,STV_DEFAULT,12,.text
.dynsym,1273,_ZN10ir_builder12swizzle_xxxxENS_7operandE,ir_builder::swizzle_xxxx(ir_builder::operand),534053,534052,8,thumb,STT_FUNC,STB_GLOBAL,STV_DEFAULT,12,.text
.dynsym,1274,_ZN10ir_builder12swizzle_yyyyENS_7operandE,ir_builder::swizzle_yyyy(ir_builder::operand),534061,534060,10,thumb,STT_FUNC,STB_GLOBAL,STV_DEFAULT,12,.text
.dynsym,1275,_ZN10ir_builder12swizzle_zzzzENS_7operandE,ir_builder::swizzle_zzzz(ir_builder::operand),534071,534070,10,thumb,STT_FUNC,STB_GLOBAL,STV_DEFAULT,12,.text
.dynsym,1276,_ZN10ir_builder12swizzle_wwwwENS_7operandE,ir_builder::swizzle_wwww(ir_builder::operand),534081,534080,10,thumb,STT_FUNC,STB_GLOBAL,STV_DEFAULT,12,.text
.dynsym,1277,_ZN10ir_builder10swizzle_xyENS_7operandE,ir_builder::swizzle_xy(ir_builder::operand),534129,534128,10,thumb,STT_FUNC,STB_GLOBAL,STV_DEFAULT,12,.text
.dynsym,1278,_ZN10ir_builder11swizzle_xyzENS_7operandE,ir_builder::swizzle_xyz(ir_builder::operand),534139,534138,10,thumb,STT_FUNC,STB_GLOBAL,STV_DEFAULT,12,.text
.dynsym,1279,_ZN10ir_builder12swizzle_xyzwENS_7operandE,ir_builder::swizzle_xyzw(ir_builder::operand),534149,534148,10,thumb,STT_FUNC,STB_GLOBAL,STV_DEFAULT,12,.text
.dynsym,1280,_ZN10ir_builder10round_evenENS_7operandE,ir_builder::round_even(ir_builder::operand),534447,534446,8,thumb,STT_FUNC,STB_GLOBAL,STV_DEFAULT,12,.text
.dynsym,1281,_ZN10ir_builder8saturateENS_7operandE,ir_builder::saturate(ir_builder::operand),534493,534492,8,thumb,STT_FUNC,STB_GLOBAL,STV_DEFAULT,12,.text
.dynsym,1282,_ZN10ir_builder3rsqENS_7operandE,ir_builder::rsq(ir_builder::operand),534541,534540,8,thumb,STT_FUNC,STB_GLOBAL,STV_DEFAULT,12,.text
.dynsym,1283,_ZN10ir_builder6lequalENS_7operandES0_,"ir_builder::lequal(ir_builder::operand, ir_builder::operand)",534613,534612,10,thumb,STT_FUNC,STB_GLOBAL,STV_DEFAULT,12,.text
.dynsym,1284,_ZN10ir_builder9logic_notENS_7operandE,ir_builder::logic_not(ir_builder::operand),534633,534632,8,thumb,STT_FUNC,STB_GLOBAL,STV_DEFAULT,12,.text
.dynsym,1285,_ZN10ir_builder8logic_orENS_7operandES0_,"ir_builder::logic_or(ir_builder::operand, ir_builder::operand)",534651,534650,10,thumb,STT_FUNC,STB_GLOBAL,STV_DEFAULT,12,.text
.dynsym,1286,_ZN10ir_builder7bit_notENS_7operandE,ir_builder::bit_not(ir_builder::operand),534661,534660,8,thumb,STT_FUNC,STB_GLOBAL,STV_DEFAULT,12,.text
.dynsym,1287,_ZN10ir_builder6lshiftENS_7operandES0_,"ir_builder::lshift(ir_builder::operand, ir_builder::operand)",534689,534688,10,thumb,STT_FUNC,STB_GLOBAL,STV_DEFAULT,12,.text
.dynsym,1288,_ZN10ir_builder3f2iENS_7operandE,ir_builder::f2i(ir_builder::operand),534709,534708,8,thumb,STT_FUNC,STB_GLOBAL,STV_DEFAULT,12,.text
.dynsym,1289,_ZN10ir_builder3i2fENS_7operandE,ir_builder::i2f(ir_builder::operand),534725,534724,8,thumb,STT_FUNC,STB_GLOBAL,STV_DEFAULT,12,.text
.dynsym,1290,_ZN10ir_builder3i2uENS_7operandE,ir_builder::i2u(ir_builder::operand),534741,534740,8,thumb,STT_FUNC,STB_GLOBAL,STV_DEFAULT,12,.text
.dynsym,1291,_ZN10ir_builder3u2iENS_7operandE,ir_builder::u2i(ir_builder::operand),534749,534748,8,thumb,STT_FUNC,STB_GLOBAL,STV_DEFAULT,12,.text
.dynsym,1292,_ZN10ir_builder3f2uENS_7operandE,ir_builder::f2u(ir_builder::operand),534757,534756,8,thumb,STT_FUNC,STB_GLOBAL,STV_DEFAULT,12,.text
.dynsym,1293,_ZN10ir_builder3u2fENS_7operandE,ir_builder::u2f(ir_builder::operand),534773,534772,8,thumb,STT_FUNC,STB_GLOBAL,STV_DEFAULT,12,.text
.dynsym,1294,_ZN10ir_builder3i2bENS_7operandE,ir_builder::i2b(ir_builder::operand),534789,534788,8,thumb,STT_FUNC,STB_GLOBAL,STV_DEFAULT,12,.text
.dynsym,1295,_ZN10ir_builder3b2iENS_7operandE,ir_builder::b2i(ir_builder::operand),534797,534796,8,thumb,STT_FUNC,STB_GLOBAL,STV_DEFAULT,12,.text
.dynsym,1296,_ZN10ir_builder3f2bENS_7operandE,ir_builder::f2b(ir_builder::operand),534805,534804,8,thumb,STT_FUNC,STB_GLOBAL,STV_DEFAULT,12,.text
.dynsym,1297,_ZN10ir_builder7if_treeENS_7operandEP14ir_instruction,"ir_builder::if_tree(ir_builder::operand, ir_instruction*)",534961,534960,116,thumb,STT_FUNC,STB_GLOBAL,STV_DEFAULT,12,.text
.dynsym,1298,_ZNK9ir_rvalue5cloneEPvP10hash_table,"ir_rvalue::clone(void*, hash_table*) const",535209,535208,6,thumb,STT_FUNC,STB_GLOBAL,STV_DEFAULT,12,.text
.dynsym,1299,_ZNK11ir_variable5cloneEPvP10hash_table,"ir_variable::clone(void*, hash_table*) const",535217,535216,296,thumb,STT_FUNC,STB_GLOBAL,STV_DEFAULT,12,.text
.dynsym,1300,_ZNK10ir_swizzle5cloneEPvP10hash_table,"ir_swizzle::clone(void*, hash_table*) const",535513,535512,76,thumb,STT_FUNC,STB_GLOBAL,STV_DEFAULT,12,.text
.dynsym,1301,_ZNK9ir_return5cloneEPvP10hash_table,"ir_return::clone(void*, hash_table*) const",535589,535588,76,thumb,STT_FUNC,STB_GLOBAL,STV_DEFAULT,12,.text
.dynsym,1302,_ZNK10ir_discard5cloneEPvP10hash_table,"ir_discard::clone(void*, hash_table*) const",535665,535664,76,thumb,STT_FUNC,STB_GLOBAL,STV_DEFAULT,12,.text
.dynsym,1303,_ZNK12ir_loop_jump5cloneEPvP10hash_table,"ir_loop_jump::clone(void*, hash_table*) const",535741,535740,60,thumb,STT_FUNC,STB_GLOBAL,STV_DEFAULT,12,.text
.dynsym,1304,_ZNK5ir_if5cloneEPvP10hash_table,"ir_if::clone(void*, hash_table*) const",535801,535800,220,thumb,STT_FUNC,STB_GLOBAL,STV_DEFAULT,12,.text
.dynsym,1305,_ZNK7ir_loop5cloneEPvP10hash_table,"ir_loop::clone(void*, hash_table*) const",536021,536020,120,thumb,STT_FUNC,STB_GLOBAL,STV_DEFAULT,12,.text
.dynsym,1306,_ZNK7ir_call5cloneEPvP10hash_table,"ir_call::clone(void*, hash_table*) const",536141,536140,188,thumb,STT_FUNC,STB_GLOBAL,STV_DEFAULT,12,.text
.dynsym,1307,_ZNK13ir_expression5cloneEPvP10hash_table,"ir_expression::clone(void*, hash_table*) const",536329,536328,180,thumb,STT_FUNC,STB_GLOBAL,STV_DEFAULT,12,.text
.dynsym,1308,_ZNK23ir_dereference_variable5cloneEPvP10hash_table,"ir_dereference_variable::clone(void*, hash_table*) const",536509,536508,76,thumb,STT_FUNC,STB_GLOBAL,STV_DEFAULT,12,.text
.dynsym,1309,_ZNK20ir_dereference_array5cloneEPvP10hash_table,"ir_dereference_array::clone(void*, hash_table*) const",536585,536584,84,thumb,STT_FUNC,STB_GLOBAL,STV_DEFAULT,12,.text
.dynsym,1310,_ZNK21ir_dereference_record5cloneEPvP10hash_table,"ir_dereference_record::clone(void*, hash_table*) const",536669,536668,72,thumb,STT_FUNC,STB_GLOBAL,STV_DEFAULT,12,.text
.dynsym,1311,_ZNK10ir_texture5cloneEPvP10hash_table,"ir_texture::clone(void*, hash_table*) const",536741,536740,204,thumb,STT_FUNC,STB_GLOBAL,STV_DEFAULT,12,.text
.dynsym,1312,_ZNK13ir_assignment5cloneEPvP10hash_table,"ir_assignment::clone(void*, hash_table*) const",536945,536944,124,thumb,STT_FUNC,STB_GLOBAL,STV_DEFAULT,12,.text
.dynsym,1313,_ZNK11ir_function5cloneEPvP10hash_table,"ir_function::clone(void*, hash_table*) const",537069,537068,144,thumb,STT_FUNC,STB_GLOBAL,STV_DEFAULT,12,.text
.dynsym,1314,_ZNK21ir_function_signature5cloneEPvP10hash_table,"ir_function_signature::clone(void*, hash_table*) const",537213,537212,116,thumb,STT_FUNC,STB_GLOBAL,STV_DEFAULT,12,.text
.dynsym,1315,_ZNK11ir_constant5cloneEPvP10hash_table,"ir_constant::clone(void*, hash_table*) const",537477,537476,268,thumb,STT_FUNC,STB_GLOBAL,STV_DEFAULT,12,.text
.dynsym,1316,_ZNK22ir_precision_statement5cloneEPvP10hash_table,"ir_precision_statement::clone(void*, hash_table*) const",537745,537744,60,thumb,STT_FUNC,STB_GLOBAL,STV_DEFAULT,12,.text
.dynsym,1317,_ZNK21ir_typedecl_statement5cloneEPvP10hash_table,"ir_typedecl_statement::clone(void*, hash_table*) const",537805,537804,60,thumb,STT_FUNC,STB_GLOBAL,STV_DEFAULT,12,.text
.dynsym,1318,_Z13clone_ir_listPvP9exec_listPKS0_,"clone_ir_list(void*, exec_list*, exec_list const*)",537865,537864,188,thumb,STT_FUNC,STB_GLOBAL,STV_DEFAULT,12,.text
.dynsym,1319,_ZTV21fixup_ir_call_visitor,vtable for fixup_ir_call_visitor,884452,884452,156,,STT_OBJECT,STB_WEAK,STV_DEFAULT,18,.data.rel.ro
.dynsym,1320,_ZN5ir_ifD0Ev,ir_if::~ir_if(),538053,538052,22,thumb,STT_FUNC,STB_WEAK,STV_DEFAULT,12,.text
.dynsym,1321,_ZN5ir_if6acceptEP10ir_visitor,ir_if::accept(ir_visitor*),538075,538074,12,thumb,STT_FUNC,STB_WEAK,STV_DEFAULT,12,.text
.dynsym,1322,_ZN7ir_callD0Ev,ir_call::~ir_call(),538087,538086,22,thumb,STT_FUNC,STB_WEAK,STV_DEFAULT,12,.text
.dynsym,1323,_ZN7ir_call6acceptEP10ir_visitor,ir_call::accept(ir_visitor*),538109,538108,12,thumb,STT_FUNC,STB_WEAK,STV_DEFAULT,12,.text
.dynsym,1324,_ZN9ir_returnD0Ev,ir_return::~ir_return(),538121,538120,22,thumb,STT_FUNC,STB_WEAK,STV_DEFAULT,12,.text
.dynsym,1325,_ZN9ir_return6acceptEP10ir_visitor,ir_return::accept(ir_visitor*),538143,538142,12,thumb,STT_FUNC,STB_WEAK,STV_DEFAULT,12,.text
.dynsym,1326,_ZN12ir_loop_jumpD0Ev,ir_loop_jump::~ir_loop_jump(),538155,538154,22,thumb,STT_FUNC,STB_WEAK,STV_DEFAULT,12,.text
.dynsym,1327,_ZN12ir_loop_jump6acceptEP10ir_visitor,ir_loop_jump::accept(ir_visitor*),538177,538176,12,thumb,STT_FUNC,STB_WEAK,STV_DEFAULT,12,.text
.dynsym,1328,_ZN10ir_discardD0Ev,ir_discard::~ir_discard(),538189,538188,22,thumb,STT_FUNC,STB_WEAK,STV_DEFAULT,12,.text
.dynsym,1329,_ZN10ir_discard6acceptEP10ir_visitor,ir_discard::accept(ir_visitor*),538211,538210,12,thumb,STT_FUNC,STB_WEAK,STV_DEFAULT,12,.text
.dynsym,1330,_ZN9ir_rvalueD0Ev,ir_rvalue::~ir_rvalue(),538223,538222,22,thumb,STT_FUNC,STB_WEAK,STV_DEFAULT,12,.text
.dynsym,1331,_ZNK9ir_rvalue9is_lvalueEv,ir_rvalue::is_lvalue() const,538245,538244,4,thumb,STT_FUNC,STB_WEAK,STV_DEFAULT,12,.text
.dynsym,1332,_ZNK9ir_rvalue19variable_referencedEv,ir_rvalue::variable_referenced() const,538249,538248,4,thumb,STT_FUNC,STB_WEAK,STV_DEFAULT,12,.text
.dynsym,1333,_ZN10ir_textureD0Ev,ir_texture::~ir_texture(),538253,538252,22,thumb,STT_FUNC,STB_WEAK,STV_DEFAULT,12,.text
.dynsym,1334,_ZN10ir_texture6acceptEP10ir_visitor,ir_texture::accept(ir_visitor*),538275,538274,12,thumb,STT_FUNC,STB_WEAK,STV_DEFAULT,12,.text
.dynsym,1335,_ZN22ir_precision_statementD0Ev,ir_precision_statement::~ir_precision_statement(),538287,538286,22,thumb,STT_FUNC,STB_WEAK,STV_DEFAULT,12,.text
.dynsym,1336,_ZN22ir_precision_statement6acceptEP10ir_visitor,ir_precision_statement::accept(ir_visitor*),538309,538308,12,thumb,STT_FUNC,STB_WEAK,STV_DEFAULT,12,.text
.dynsym,1337,_ZN21ir_typedecl_statementD0Ev,ir_typedecl_statement::~ir_typedecl_statement(),538321,538320,22,thumb,STT_FUNC,STB_WEAK,STV_DEFAULT,12,.text
.dynsym,1338,_ZN21ir_typedecl_statement6acceptEP10ir_visitor,ir_typedecl_statement::accept(ir_visitor*),538343,538342,12,thumb,STT_FUNC,STB_WEAK,STV_DEFAULT,12,.text
.dynsym,1339,_ZN11ir_variableD0Ev,ir_variable::~ir_variable(),538355,538354,22,thumb,STT_FUNC,STB_WEAK,STV_DEFAULT,12,.text
.dynsym,1340,_ZN11ir_variable6acceptEP10ir_visitor,ir_variable::accept(ir_visitor*),538377,538376,12,thumb,STT_FUNC,STB_WEAK,STV_DEFAULT,12,.text
.dynsym,1341,_ZN10ir_swizzleD0Ev,ir_swizzle::~ir_swizzle(),538389,538388,22,thumb,STT_FUNC,STB_WEAK,STV_DEFAULT,12,.text
.dynsym,1342,_ZN10ir_swizzle6acceptEP10ir_visitor,ir_swizzle::accept(ir_visitor*),538411,538410,12,thumb,STT_FUNC,STB_WEAK,STV_DEFAULT,12,.text
.dynsym,1343,_ZNK10ir_swizzle9is_lvalueEv,ir_swizzle::is_lvalue() const,538423,538422,34,thumb,STT_FUNC,STB_WEAK,STV_DEFAULT,12,.text
.dynsym,1344,_ZN7ir_loopD0Ev,ir_loop::~ir_loop(),538457,538456,22,thumb,STT_FUNC,STB_WEAK,STV_DEFAULT,12,.text
.dynsym,1345,_ZN7ir_loop6acceptEP10ir_visitor,ir_loop::accept(ir_visitor*),538479,538478,12,thumb,STT_FUNC,STB_WEAK,STV_DEFAULT,12,.text
.dynsym,1346,_ZN23ir_dereference_variableD0Ev,ir_dereference_variable::~ir_dereference_variable(),538491,538490,22,thumb,STT_FUNC,STB_WEAK,STV_DEFAULT,12,.text
.dynsym,1347,_ZN23ir_dereference_variable6acceptEP10ir_visitor,ir_dereference_variable::accept(ir_visitor*),538513,538512,12,thumb,STT_FUNC,STB_WEAK,STV_DEFAULT,12,.text
.dynsym,1348,_ZNK23ir_dereference_variable19variable_referencedEv,ir_dereference_variable::variable_referenced() const,538525,538524,4,thumb,STT_FUNC,STB_WEAK,STV_DEFAULT,12,.text
.dynsym,1349,_ZN23ir_dereference_variable25whole_variable_referencedEv,ir_dereference_variable::whole_variable_referenced(),538529,538528,4,thumb,STT_FUNC,STB_WEAK,STV_DEFAULT,12,.text
.dynsym,1350,_ZN20ir_dereference_arrayD0Ev,ir_dereference_array::~ir_dereference_array(),538533,538532,22,thumb,STT_FUNC,STB_WEAK,STV_DEFAULT,12,.text
.dynsym,1351,_ZN20ir_dereference_array6acceptEP10ir_visitor,ir_dereference_array::accept(ir_visitor*),538555,538554,12,thumb,STT_FUNC,STB_WEAK,STV_DEFAULT,12,.text
.dynsym,1352,_ZNK20ir_dereference_array19variable_referencedEv,ir_dereference_array::variable_referenced() const,538567,538566,8,thumb,STT_FUNC,STB_WEAK,STV_DEFAULT,12,.text
.dynsym,1353,_ZN21ir_dereference_recordD0Ev,ir_dereference_record::~ir_dereference_record(),538575,538574,22,thumb,STT_FUNC,STB_WEAK,STV_DEFAULT,12,.text
.dynsym,1354,_ZN21ir_dereference_record6acceptEP10ir_visitor,ir_dereference_record::accept(ir_visitor*),538597,538596,12,thumb,STT_FUNC,STB_WEAK,STV_DEFAULT,12,.text
.dynsym,1355,_ZNK21ir_dereference_record19variable_referencedEv,ir_dereference_record::variable_referenced() const,538609,538608,8,thumb,STT_FUNC,STB_WEAK,STV_DEFAULT,12,.text
.dynsym,1356,_ZN13ir_assignmentD0Ev,ir_assignment::~ir_assignment(),538617,538616,22,thumb,STT_FUNC,STB_WEAK,STV_DEFAULT,12,.text
.dynsym,1357,_ZN13ir_assignment6acceptEP10ir_visitor,ir_assignment::accept(ir_visitor*),538639,538638,12,thumb,STT_FUNC,STB_WEAK,STV_DEFAULT,12,.text
.dynsym,1358,_ZN11ir_functionD0Ev,ir_function::~ir_function(),538651,538650,22,thumb,STT_FUNC,STB_WEAK,STV_DEFAULT,12,.text
.dynsym,1359,_ZN11ir_function6acceptEP10ir_visitor,ir_function::accept(ir_visitor*),538673,538672,12,thumb,STT_FUNC,STB_WEAK,STV_DEFAULT,12,.text
.dynsym,1360,_ZN21ir_function_signatureD0Ev,ir_function_signature::~ir_function_signature(),538685,538684,22,thumb,STT_FUNC,STB_WEAK,STV_DEFAULT,12,.text
.dynsym,1361,_ZN21ir_function_signature6acceptEP10ir_visitor,ir_function_signature::accept(ir_visitor*),538707,538706,12,thumb,STT_FUNC,STB_WEAK,STV_DEFAULT,12,.text
.dynsym,1362,_ZN11ir_constantD0Ev,ir_constant::~ir_constant(),538719,538718,22,thumb,STT_FUNC,STB_WEAK,STV_DEFAULT,12,.text
.dynsym,1363,_ZN11ir_constant6acceptEP10ir_visitor,ir_constant::accept(ir_visitor*),538741,538740,12,thumb,STT_FUNC,STB_WEAK,STV_DEFAULT,12,.text
.dynsym,1364,_ZN21fixup_ir_call_visitor11visit_enterEP7ir_call,fixup_ir_call_visitor::visit_enter(ir_call*),538753,538752,22,thumb,STT_FUNC,STB_WEAK,STV_DEFAULT,12,.text
.dynsym,1365,_ZTI5ir_if,typeinfo for ir_if,883372,883372,12,,STT_OBJECT,STB_GLOBAL,STV_DEFAULT,18,.data.rel.ro
.dynsym,1366,_ZN5ir_if6acceptEP23ir_hierarchical_visitor,ir_if::accept(ir_hierarchical_visitor*),555059,555058,174,thumb,STT_FUNC,STB_GLOBAL,STV_DEFAULT,12,.text
.dynsym,1367,_ZTS5ir_if,typeinfo name for ir_if,860480,860480,7,,STT_OBJECT,STB_GLOBAL,STV_DEFAULT,15,.rodata
.dynsym,1368,_ZTI14ir_instruction,typeinfo for ir_instruction,884656,884656,24,,STT_OBJECT,STB_GLOBAL,STV_DEFAULT,18,.data.rel.ro
.dynsym,1369,_ZTI7ir_call,typeinfo for ir_call,883420,883420,12,,STT_OBJECT,STB_GLOBAL,STV_DEFAULT,18,.data.rel.ro
.dynsym,1370,_ZN7ir_call6acceptEP23ir_hierarchical_visitor,ir_call::accept(ir_hierarchical_visitor*),554823,554822,120,thumb,STT_FUNC,STB_GLOBAL,STV_DEFAULT,12,.text
.dynsym,1371,_ZN7ir_call25constant_expression_valueEP10hash_table,ir_call::constant_expression_value(hash_table*),548651,548650,14,thumb,STT_FUNC,STB_GLOBAL,STV_DEFAULT,12,.text
.dynsym,1372,_ZTS7ir_call,typeinfo name for ir_call,860487,860487,9,,STT_OBJECT,STB_GLOBAL,STV_DEFAULT,15,.rodata
.dynsym,1373,_ZTI9ir_return,typeinfo for ir_return,883464,883464,12,,STT_OBJECT,STB_GLOBAL,STV_DEFAULT,18,.data.rel.ro
.dynsym,1374,_ZN9ir_return6acceptEP23ir_hierarchical_visitor,ir_return::accept(ir_hierarchical_visitor*),554943,554942,58,thumb,STT_FUNC,STB_GLOBAL,STV_DEFAULT,12,.text
.dynsym,1375,_ZTS9ir_return,typeinfo name for ir_return,860496,860496,11,,STT_OBJECT,STB_GLOBAL,STV_DEFAULT,15,.rodata
.dynsym,1376,_ZTS7ir_jump,typeinfo name for ir_jump,860822,860822,9,,STT_OBJECT,STB_WEAK,STV_DEFAULT,15,.rodata
.dynsym,1377,_ZTI7ir_jump,typeinfo for ir_jump,884440,884440,12,,STT_OBJECT,STB_WEAK,STV_DEFAULT,18,.data.rel.ro
.dynsym,1378,_ZTI12ir_loop_jump,typeinfo for ir_loop_jump,883508,883508,12,,STT_OBJECT,STB_GLOBAL,STV_DEFAULT,18,.data.rel.ro
.dynsym,1379,_ZN12ir_loop_jump6acceptEP23ir_hierarchical_visitor,ir_loop_jump::accept(ir_hierarchical_visitor*),553971,553970,12,thumb,STT_FUNC,STB_GLOBAL,STV_DEFAULT,12,.text
.dynsym,1380,_ZTS12ir_loop_jump,typeinfo name for ir_loop_jump,860507,860507,15,,STT_OBJECT,STB_GLOBAL,STV_DEFAULT,15,.rodata
.dynsym,1381,_ZTI10ir_discard,typeinfo for ir_discard,883552,883552,12,,STT_OBJECT,STB_GLOBAL,STV_DEFAULT,18,.data.rel.ro
.dynsym,1382,_ZN10ir_discard6acceptEP23ir_hierarchical_visitor,ir_discard::accept(ir_hierarchical_visitor*),555001,555000,58,thumb,STT_FUNC,STB_GLOBAL,STV_DEFAULT,12,.text
.dynsym,1383,_ZTS10ir_discard,typeinfo name for ir_discard,860522,860522,13,,STT_OBJECT,STB_GLOBAL,STV_DEFAULT,15,.rodata
.dynsym,1384,_ZTS9ir_rvalue,typeinfo name for ir_rvalue,860535,860535,11,,STT_OBJECT,STB_GLOBAL,STV_DEFAULT,15,.rodata
.dynsym,1385,_ZTI10ir_texture,typeinfo for ir_texture,883712,883712,12,,STT_OBJECT,STB_GLOBAL,STV_DEFAULT,18,.data.rel.ro
.dynsym,1386,_ZN10ir_texture6acceptEP23ir_hierarchical_visitor,ir_texture::accept(ir_hierarchical_visitor*),554349,554348,138,thumb,STT_FUNC,STB_GLOBAL,STV_DEFAULT,12,.text
.dynsym,1387,_ZN10ir_texture6equalsEP14ir_instruction12ir_node_type,"ir_texture::equals(ir_instruction*, ir_node_type)",549869,549868,190,thumb,STT_FUNC,STB_GLOBAL,STV_DEFAULT,12,.text
.dynsym,1388,_ZN10ir_texture25constant_expression_valueEP10hash_table,ir_texture::constant_expression_value(hash_table*),547909,547908,4,thumb,STT_FUNC,STB_GLOBAL,STV_DEFAULT,12,.text
.dynsym,1389,_ZTS10ir_texture,typeinfo name for ir_texture,860546,860546,13,,STT_OBJECT,STB_GLOBAL,STV_DEFAULT,15,.rodata
.dynsym,1390,_ZTI22ir_precision_statement,typeinfo for ir_precision_statement,883756,883756,12,,STT_OBJECT,STB_GLOBAL,STV_DEFAULT,18,.data.rel.ro
.dynsym,1391,_ZN22ir_precision_statement6acceptEP23ir_hierarchical_visitor,ir_precision_statement::accept(ir_hierarchical_visitor*),555233,555232,12,thumb,STT_FUNC,STB_GLOBAL,STV_DEFAULT,12,.text
.dynsym,1392,_ZTS22ir_precision_statement,typeinfo name for ir_precision_statement,860560,860560,25,,STT_OBJECT,STB_GLOBAL,STV_DEFAULT,15,.rodata
.dynsym,1393,_ZTI21ir_typedecl_statement,typeinfo for ir_typedecl_statement,883800,883800,12,,STT_OBJECT,STB_GLOBAL,STV_DEFAULT,18,.data.rel.ro
.dynsym,1394,_ZN21ir_typedecl_statement6acceptEP23ir_hierarchical_visitor,ir_typedecl_statement::accept(ir_hierarchical_visitor*),555245,555244,12,thumb,STT_FUNC,STB_GLOBAL,STV_DEFAULT,12,.text
.dynsym,1395,_ZTS21ir_typedecl_statement,typeinfo name for ir_typedecl_statement,860592,860592,24,,STT_OBJECT,STB_GLOBAL,STV_DEFAULT,15,.rodata
.dynsym,1396,_ZTI11ir_variable,typeinfo for ir_variable,883844,883844,12,,STT_OBJECT,STB_GLOBAL,STV_DEFAULT,18,.data.rel.ro
.dynsym,1397,_ZN11ir_variable6acceptEP23ir_hierarchical_visitor,ir_variable::accept(ir_hierarchical_visitor*),553853,553852,12,thumb,STT_FUNC,STB_GLOBAL,STV_DEFAULT,12,.text
.dynsym,1398,_ZTS11ir_variable,typeinfo name for ir_variable,860616,860616,14,,STT_OBJECT,STB_GLOBAL,STV_DEFAULT,15,.rodata
.dynsym,1399,_ZTI10ir_swizzle,typeinfo for ir_swizzle,883924,883924,12,,STT_OBJECT,STB_GLOBAL,STV_DEFAULT,18,.data.rel.ro
.dynsym,1400,_ZN10ir_swizzle6acceptEP23ir_hierarchical_visitor,ir_swizzle::accept(ir_hierarchical_visitor*),554489,554488,60,thumb,STT_FUNC,STB_GLOBAL,STV_DEFAULT,12,.text
.dynsym,1401,_ZN10ir_swizzle6equalsEP14ir_instruction12ir_node_type,"ir_swizzle::equals(ir_instruction*, ir_node_type)",549815,549814,52,thumb,STT_FUNC,STB_GLOBAL,STV_DEFAULT,12,.text
.dynsym,1402,_ZN10ir_swizzle25constant_expression_valueEP10hash_table,ir_swizzle::constant_expression_value(hash_table*),547913,547912,236,thumb,STT_FUNC,STB_GLOBAL,STV_DEFAULT,12,.text
.dynsym,1403,_ZTS10ir_swizzle,typeinfo name for ir_swizzle,860630,860630,13,,STT_OBJECT,STB_GLOBAL,STV_DEFAULT,15,.rodata
.dynsym,1404,_ZTI7ir_loop,typeinfo for ir_loop,883968,883968,12,,STT_OBJECT,STB_GLOBAL,STV_DEFAULT,18,.data.rel.ro
.dynsym,1405,_ZN7ir_loop6acceptEP23ir_hierarchical_visitor,ir_loop::accept(ir_hierarchical_visitor*),553865,553864,106,thumb,STT_FUNC,STB_GLOBAL,STV_DEFAULT,12,.text
.dynsym,1406,_ZTS7ir_loop,typeinfo name for ir_loop,860643,860643,9,,STT_OBJECT,STB_GLOBAL,STV_DEFAULT,15,.rodata
.dynsym,1407,_ZTI23ir_dereference_variable,typeinfo for ir_dereference_variable,884048,884048,12,,STT_OBJECT,STB_GLOBAL,STV_DEFAULT,18,.data.rel.ro
.dynsym,1408,_ZN23ir_dereference_variable6acceptEP23ir_hierarchical_visitor,ir_dereference_variable::accept(ir_hierarchical_visitor*),554549,554548,12,thumb,STT_FUNC,STB_GLOBAL,STV_DEFAULT,12,.text
.dynsym,1409,_ZN23ir_dereference_variable6equalsEP14ir_instruction12ir_node_type,"ir_dereference_variable::equals(ir_instruction*, ir_node_type)",549715,549714,28,thumb,STT_FUNC,STB_GLOBAL,STV_DEFAULT,12,.text
.dynsym,1410,_ZN23ir_dereference_variable25constant_expression_valueEP10hash_table,ir_dereference_variable::constant_expression_value(hash_table*),548149,548148,72,thumb,STT_FUNC,STB_GLOBAL,STV_DEFAULT,12,.text
.dynsym,1411,_ZTS23ir_dereference_variable,typeinfo name for ir_dereference_variable,860656,860656,26,,STT_OBJECT,STB_GLOBAL,STV_DEFAULT,15,.rodata
.dynsym,1412,_ZTI20ir_dereference_array,typeinfo for ir_dereference_array,884128,884128,12,,STT_OBJECT,STB_GLOBAL,STV_DEFAULT,18,.data.rel.ro
.dynsym,1413,_ZN20ir_dereference_array6acceptEP23ir_hierarchical_visitor,ir_dereference_array::accept(ir_hierarchical_visitor*),554561,554560,94,thumb,STT_FUNC,STB_GLOBAL,STV_DEFAULT,12,.text
.dynsym,1414,_ZN20ir_dereference_array6equalsEP14ir_instruction12ir_node_type,"ir_dereference_array::equals(ir_instruction*, ir_node_type)",549743,549742,72,thumb,STT_FUNC,STB_GLOBAL,STV_DEFAULT,12,.text
.dynsym,1415,_ZN20ir_dereference_array25constant_expression_valueEP10hash_table,ir_dereference_array::constant_expression_value(hash_table*),548221,548220,392,thumb,STT_FUNC,STB_GLOBAL,STV_DEFAULT,12,.text
.dynsym,1416,_ZTS20ir_dereference_array,typeinfo name for ir_dereference_array,860688,860688,23,,STT_OBJECT,STB_GLOBAL,STV_DEFAULT,15,.rodata
.dynsym,1417,_ZTI21ir_dereference_record,typeinfo for ir_dereference_record,884208,884208,12,,STT_OBJECT,STB_GLOBAL,STV_DEFAULT,18,.data.rel.ro
.dynsym,1418,_ZN21ir_dereference_record6acceptEP23ir_hierarchical_visitor,ir_dereference_record::accept(ir_hierarchical_visitor*),554655,554654,60,thumb,STT_FUNC,STB_GLOBAL,STV_DEFAULT,12,.text
.dynsym,1419,_ZN21ir_dereference_record25constant_expression_valueEP10hash_table,ir_dereference_record::constant_expression_value(hash_table*),548613,548612,32,thumb,STT_FUNC,STB_GLOBAL,STV_DEFAULT,12,.text
.dynsym,1420,_ZTS21ir_dereference_record,typeinfo name for ir_dereference_record,860720,860720,24,,STT_OBJECT,STB_GLOBAL,STV_DEFAULT,15,.rodata
.dynsym,1421,_ZTI13ir_assignment,typeinfo for ir_assignment,884256,884256,12,,STT_OBJECT,STB_GLOBAL,STV_DEFAULT,18,.data.rel.ro
.dynsym,1422,_ZN13ir_assignment6acceptEP23ir_hierarchical_visitor,ir_assignment::accept(ir_hierarchical_visitor*),554715,554714,96,thumb,STT_FUNC,STB_GLOBAL,STV_DEFAULT,12,.text
.dynsym,1423,_ZN13ir_assignment25constant_expression_valueEP10hash_table,ir_assignment::constant_expression_value(hash_table*),548645,548644,4,thumb,STT_FUNC,STB_GLOBAL,STV_DEFAULT,12,.text
.dynsym,1424,_ZTS13ir_assignment,typeinfo name for ir_assignment,860744,860744,16,,STT_OBJECT,STB_GLOBAL,STV_DEFAULT,15,.rodata
.dynsym,1425,_ZTI11ir_function,typeinfo for ir_function,884300,884300,12,,STT_OBJECT,STB_GLOBAL,STV_DEFAULT,18,.data.rel.ro
.dynsym,1426,_ZN11ir_function6acceptEP23ir_hierarchical_visitor,ir_function::accept(ir_hierarchical_visitor*),554141,554140,96,thumb,STT_FUNC,STB_GLOBAL,STV_DEFAULT,12,.text
.dynsym,1427,_ZTS11ir_function,typeinfo name for ir_function,860760,860760,14,,STT_OBJECT,STB_GLOBAL,STV_DEFAULT,15,.rodata
.dynsym,1428,_ZTI21ir_function_signature,typeinfo for ir_function_signature,884344,884344,12,,STT_OBJECT,STB_GLOBAL,STV_DEFAULT,18,.data.rel.ro
.dynsym,1429,_ZN21ir_function_signature6acceptEP23ir_hierarchical_visitor,ir_function_signature::accept(ir_hierarchical_visitor*),553983,553982,158,thumb,STT_FUNC,STB_GLOBAL,STV_DEFAULT,12,.text
.dynsym,1430,_ZTS21ir_function_signature,typeinfo name for ir_function_signature,860784,860784,24,,STT_OBJECT,STB_GLOBAL,STV_DEFAULT,15,.rodata
.dynsym,1431,_ZTI11ir_constant,typeinfo for ir_constant,884428,884428,12,,STT_OBJECT,STB_GLOBAL,STV_DEFAULT,18,.data.rel.ro
.dynsym,1432,_ZN11ir_constant6acceptEP23ir_hierarchical_visitor,ir_constant::accept(ir_hierarchical_visitor*),554811,554810,12,thumb,STT_FUNC,STB_GLOBAL,STV_DEFAULT,12,.text
.dynsym,1433,_ZN11ir_constant6equalsEP14ir_instruction12ir_node_type,"ir_constant::equals(ir_instruction*, ir_node_type)",549633,549632,82,thumb,STT_FUNC,STB_GLOBAL,STV_DEFAULT,12,.text
.dynsym,1434,_ZN11ir_constant25constant_expression_valueEP10hash_table,ir_constant::constant_expression_value(hash_table*),548649,548648,2,thumb,STT_FUNC,STB_GLOBAL,STV_DEFAULT,12,.text
.dynsym,1435,_ZTS11ir_constant,typeinfo name for ir_constant,860808,860808,14,,STT_OBJECT,STB_GLOBAL,STV_DEFAULT,15,.rodata
.dynsym,1436,_ZTI21fixup_ir_call_visitor,typeinfo for fixup_ir_call_visitor,884608,884608,12,,STT_OBJECT,STB_WEAK,STV_DEFAULT,18,.data.rel.ro
.dynsym,1437,_ZN23ir_hierarchical_visitor5visitEP23ir_dereference_variable,ir_hierarchical_visitor::visit(ir_dereference_variable*),552901,552900,24,thumb,STT_FUNC,STB_GLOBAL,STV_DEFAULT,12,.text
.dynsym,1438,_ZTS21fixup_ir_call_visitor,typeinfo name for fixup_ir_call_visitor,860832,860832,24,,STT_OBJECT,STB_WEAK,STV_DEFAULT,15,.rodata
.dynsym,1439,_ZN13ir_expression25constant_expression_valueEP10hash_table,ir_expression::constant_expression_value(hash_table*),538781,538780,9128,thumb,STT_FUNC,STB_GLOBAL,STV_DEFAULT,12,.text
.dynsym,1440,sin,sin,0,0,0,arm,STT_FUNC,STB_GLOBAL,STV_DEFAULT,SHN_UNDEF,SHN_UNDEF
.dynsym,1441,cos,cos,0,0,0,arm,STT_FUNC,STB_GLOBAL,STV_DEFAULT,SHN_UNDEF,SHN_UNDEF
.dynsym,1442,sqrtf,sqrtf,0,0,0,arm,STT_FUNC,STB_GLOBAL,STV_DEFAULT,SHN_UNDEF,SHN_UNDEF
.dynsym,1443,exp,exp,0,0,0,arm,STT_FUNC,STB_GLOBAL,STV_DEFAULT,SHN_UNDEF,SHN_UNDEF
.dynsym,1444,log,log,0,0,0,arm,STT_FUNC,STB_GLOBAL,STV_DEFAULT,SHN_UNDEF,SHN_UNDEF
.dynsym,1445,exp2,exp2,0,0,0,arm,STT_FUNC,STB_GLOBAL,STV_DEFAULT,SHN_UNDEF,SHN_UNDEF
.dynsym,1446,truncf,truncf,0,0,0,arm,STT_FUNC,STB_GLOBAL,STV_DEFAULT,SHN_UNDEF,SHN_UNDEF
.dynsym,1447,ceilf,ceilf,0,0,0,arm,STT_FUNC,STB_GLOBAL,STV_DEFAULT,SHN_UNDEF,SHN_UNDEF
.dynsym,1448,floorf,floorf,0,0,0,arm,STT_FUNC,STB_GLOBAL,STV_DEFAULT,SHN_UNDEF,SHN_UNDEF
.dynsym,1449,pow,pow,0,0,0,arm,STT_FUNC,STB_GLOBAL,STV_DEFAULT,SHN_UNDEF,SHN_UNDEF
.dynsym,1450,ldexp,ldexp,0,0,0,arm,STT_FUNC,STB_GLOBAL,STV_DEFAULT,SHN_UNDEF,SHN_UNDEF
.dynsym,1451,_ZN21ir_function_signature44constant_expression_evaluate_expression_listERK9exec_listP10hash_tablePP11ir_constant,"ir_function_signature::constant_expression_evaluate_expression_list(exec_list const&, hash_table*, ir_constant**)",548933,548932,388,thumb,STT_FUNC,STB_GLOBAL,STV_DEFAULT,12,.text
.dynsym,1452,_ZN13ir_expression6equalsEP14ir_instruction12ir_node_type,"ir_expression::equals(ir_instruction*, ir_node_type)",550061,550060,108,thumb,STT_FUNC,STB_GLOBAL,STV_DEFAULT,12,.text
.dynsym,1453,_ZN14ir_instructionD0Ev,ir_instruction::~ir_instruction(),550169,550168,2,thumb,STT_FUNC,STB_WEAK,STV_DEFAULT,12,.text
.dynsym,1454,_ZN13ir_expressionD0Ev,ir_expression::~ir_expression(),550171,550170,22,thumb,STT_FUNC,STB_WEAK,STV_DEFAULT,12,.text
.dynsym,1455,_ZN13ir_expression6acceptEP10ir_visitor,ir_expression::accept(ir_visitor*),550193,550192,12,thumb,STT_FUNC,STB_WEAK,STV_DEFAULT,12,.text
.dynsym,1456,_ZTV14ir_instruction,vtable for ir_instruction,884624,884624,32,,STT_OBJECT,STB_GLOBAL,STV_DEFAULT,18,.data.rel.ro
.dynsym,1457,_ZTS14ir_instruction,typeinfo name for ir_instruction,860864,860864,17,,STT_OBJECT,STB_GLOBAL,STV_DEFAULT,15,.rodata
.dynsym,1458,_ZTS9exec_node,typeinfo name for exec_node,860897,860897,11,,STT_OBJECT,STB_WEAK,STV_DEFAULT,15,.rodata
.dynsym,1459,_ZTI9exec_node,typeinfo for exec_node,884760,884760,8,,STT_OBJECT,STB_WEAK,STV_DEFAULT,18,.data.rel.ro
.dynsym,1460,_ZTI13ir_expression,typeinfo for ir_expression,884748,884748,12,,STT_OBJECT,STB_GLOBAL,STV_DEFAULT,18,.data.rel.ro
.dynsym,1461,_ZN13ir_expression6acceptEP23ir_hierarchical_visitor,ir_expression::accept(ir_hierarchical_visitor*),554237,554236,110,thumb,STT_FUNC,STB_GLOBAL,STV_DEFAULT,12,.text
.dynsym,1462,_ZTS13ir_expression,typeinfo name for ir_expression,860881,860881,16,,STT_OBJECT,STB_GLOBAL,STV_DEFAULT,15,.rodata
.dynsym,1463,_Z24do_expression_flatteningP9exec_listPFbP14ir_instructionE,"do_expression_flattening(exec_list*, bool (*)(ir_instruction*))",550205,550204,116,thumb,STT_FUNC,STB_GLOBAL,STV_DEFAULT,12,.text
.dynsym,1464,_ZTV32ir_expression_flattening_visitor,vtable for ir_expression_flattening_visitor,884768,884768,168,,STT_OBJECT,STB_GLOBAL,STV_DEFAULT,18,.data.rel.ro
.dynsym,1465,_ZN32ir_expression_flattening_visitorD2Ev,ir_expression_flattening_visitor::~ir_expression_flattening_visitor(),550321,550320,2,thumb,STT_FUNC,STB_WEAK,STV_DEFAULT,12,.text
.dynsym,1466,_ZN32ir_expression_flattening_visitor13handle_rvalueEPP9ir_rvalue,ir_expression_flattening_visitor::handle_rvalue(ir_rvalue**),550325,550324,252,thumb,STT_FUNC,STB_GLOBAL,STV_DEFAULT,12,.text
.dynsym,1467,_ZN32ir_expression_flattening_visitorD0Ev,ir_expression_flattening_visitor::~ir_expression_flattening_visitor(),550577,550576,4,thumb,STT_FUNC,STB_WEAK,STV_DEFAULT,12,.text
.dynsym,1468,_ZTI32ir_expression_flattening_visitor,typeinfo for ir_expression_flattening_visitor,884936,884936,12,,STT_OBJECT,STB_GLOBAL,STV_DEFAULT,18,.data.rel.ro
.dynsym,1469,_ZN17ir_rvalue_visitor11visit_leaveEP13ir_expression,ir_rvalue_visitor::visit_leave(ir_expression*),582129,582128,12,thumb,STT_FUNC,STB_GLOBAL,STV_DEFAULT,12,.text
.dynsym,1470,_ZN17ir_rvalue_visitor11visit_leaveEP10ir_texture,ir_rvalue_visitor::visit_leave(ir_texture*),582141,582140,12,thumb,STT_FUNC,STB_GLOBAL,STV_DEFAULT,12,.text
.dynsym,1471,_ZN17ir_rvalue_visitor11visit_leaveEP10ir_swizzle,ir_rvalue_visitor::visit_leave(ir_swizzle*),582153,582152,18,thumb,STT_FUNC,STB_GLOBAL,STV_DEFAULT,12,.text
.dynsym,1472,_ZN17ir_rvalue_visitor11visit_leaveEP20ir_dereference_array,ir_rvalue_visitor::visit_leave(ir_dereference_array*),582171,582170,56,thumb,STT_FUNC,STB_GLOBAL,STV_DEFAULT,12,.text
.dynsym,1473,_ZN17ir_rvalue_visitor11visit_leaveEP21ir_dereference_record,ir_rvalue_visitor::visit_leave(ir_dereference_record*),582227,582226,18,thumb,STT_FUNC,STB_GLOBAL,STV_DEFAULT,12,.text
.dynsym,1474,_ZN17ir_rvalue_visitor11visit_leaveEP13ir_assignment,ir_rvalue_visitor::visit_leave(ir_assignment*),582245,582244,40,thumb,STT_FUNC,STB_GLOBAL,STV_DEFAULT,12,.text
.dynsym,1475,_ZN17ir_rvalue_visitor11visit_leaveEP7ir_call,ir_rvalue_visitor::visit_leave(ir_call*),582285,582284,12,thumb,STT_FUNC,STB_GLOBAL,STV_DEFAULT,12,.text
.dynsym,1476,_ZN17ir_rvalue_visitor11visit_leaveEP9ir_return,ir_rvalue_visitor::visit_leave(ir_return*),582297,582296,18,thumb,STT_FUNC,STB_GLOBAL,STV_DEFAULT,12,.text
.dynsym,1477,_ZN17ir_rvalue_visitor11visit_leaveEP5ir_if,ir_rvalue_visitor::visit_leave(ir_if*),582315,582314,18,thumb,STT_FUNC,STB_GLOBAL,STV_DEFAULT,12,.text
.dynsym,1478,_ZN17ir_rvalue_visitor11visit_leaveEP14ir_emit_vertex,ir_rvalue_visitor::visit_leave(ir_emit_vertex*),582333,582332,18,thumb,STT_FUNC,STB_GLOBAL,STV_DEFAULT,12,.text
.dynsym,1479,_ZN17ir_rvalue_visitor11visit_leaveEP16ir_end_primitive,ir_rvalue_visitor::visit_leave(ir_end_primitive*),582351,582350,18,thumb,STT_FUNC,STB_GLOBAL,STV_DEFAULT,12,.text
.dynsym,1480,_ZTS32ir_expression_flattening_visitor,typeinfo name for ir_expression_flattening_visitor,860912,860912,35,,STT_OBJECT,STB_GLOBAL,STV_DEFAULT,15,.rodata
.dynsym,1481,_ZTI17ir_rvalue_visitor,typeinfo for ir_rvalue_visitor,887444,887444,12,,STT_OBJECT,STB_GLOBAL,STV_DEFAULT,18,.data.rel.ro
.dynsym,1482,_ZN30ir_function_can_inline_visitor11visit_enterEP9ir_return,ir_function_can_inline_visitor::visit_enter(ir_return*),551561,551560,10,thumb,STT_FUNC,STB_GLOBAL,STV_DEFAULT,12,.text
.dynsym,1483,_Z10can_inlineP7ir_call,can_inline(ir_call*),551573,551572,136,thumb,STT_FUNC,STB_GLOBAL,STV_DEFAULT,12,.text
.dynsym,1484,_ZTV30ir_function_can_inline_visitor,vtable for ir_function_can_inline_visitor,884948,884948,156,,STT_OBJECT,STB_GLOBAL,STV_DEFAULT,18,.data.rel.ro
.dynsym,1485,_ZTI30ir_function_can_inline_visitor,typeinfo for ir_function_can_inline_visitor,885104,885104,12,,STT_OBJECT,STB_GLOBAL,STV_DEFAULT,18,.data.rel.ro
.dynsym,1486,_ZTS30ir_function_can_inline_visitor,typeinfo name for ir_function_can_inline_visitor,860960,860960,33,,STT_OBJECT,STB_GLOBAL,STV_DEFAULT,15,.rodata
.dynsym,1487,_Z23detect_recursion_linkedP17gl_shader_programP9exec_list,"detect_recursion_linked(gl_shader_program*, exec_list*)",552257,552256,144,thumb,STT_FUNC,STB_GLOBAL,STV_DEFAULT,12,.text
.dynsym,1488,_Z12linker_errorP17gl_shader_programPKcz,"linker_error(gl_shader_program*, char const*, ...)",599925,599924,112,thumb,STT_FUNC,STB_GLOBAL,STV_DEFAULT,12,.text
.dynsym,1489,_ZTV23ir_hierarchical_visitor,vtable for ir_hierarchical_visitor,885284,885284,156,,STT_OBJECT,STB_GLOBAL,STV_DEFAULT,18,.data.rel.ro
.dynsym,1490,_Z19visit_list_elementsP23ir_hierarchical_visitorP9exec_listb,"visit_list_elements(ir_hierarchical_visitor*, exec_list*, bool)",553765,553764,76,thumb,STT_FUNC,STB_GLOBAL,STV_DEFAULT,12,.text
.dynsym,1491,_ZTS23ir_hierarchical_visitor,typeinfo name for ir_hierarchical_visitor,861056,861056,26,,STT_OBJECT,STB_GLOBAL,STV_DEFAULT,15,.rodata
.dynsym,1492,_ZN23ir_hierarchical_visitorC1Ev,ir_hierarchical_visitor::ir_hierarchical_visitor(),552721,552720,36,thumb,STT_FUNC,STB_GLOBAL,STV_DEFAULT,12,.text
.dynsym,1493,_ZN14ir_emit_vertex6acceptEP23ir_hierarchical_visitor,ir_emit_vertex::accept(ir_hierarchical_visitor*),555257,555256,58,thumb,STT_FUNC,STB_GLOBAL,STV_DEFAULT,12,.text
.dynsym,1494,_ZN16ir_end_primitive6acceptEP23ir_hierarchical_visitor,ir_end_primitive::accept(ir_hierarchical_visitor*),555315,555314,58,thumb,STT_FUNC,STB_GLOBAL,STV_DEFAULT,12,.text
.dynsym,1495,_ZN14ir_emit_vertexD0Ev,ir_emit_vertex::~ir_emit_vertex(),555373,555372,22,thumb,STT_FUNC,STB_WEAK,STV_DEFAULT,12,.text
.dynsym,1496,_ZN14ir_emit_vertex6acceptEP10ir_visitor,ir_emit_vertex::accept(ir_visitor*),555395,555394,12,thumb,STT_FUNC,STB_WEAK,STV_DEFAULT,12,.text
.dynsym,1497,_ZNK14ir_emit_vertex5cloneEPvP10hash_table,"ir_emit_vertex::clone(void*, hash_table*) const",555409,555408,80,thumb,STT_FUNC,STB_WEAK,STV_DEFAULT,12,.text
.dynsym,1498,_ZN16ir_end_primitiveD0Ev,ir_end_primitive::~ir_end_primitive(),555489,555488,22,thumb,STT_FUNC,STB_WEAK,STV_DEFAULT,12,.text
.dynsym,1499,_ZN16ir_end_primitive6acceptEP10ir_visitor,ir_end_primitive::accept(ir_visitor*),555511,555510,12,thumb,STT_FUNC,STB_WEAK,STV_DEFAULT,12,.text
.dynsym,1500,_ZNK16ir_end_primitive5cloneEPvP10hash_table,"ir_end_primitive::clone(void*, hash_table*) const",555525,555524,84,thumb,STT_FUNC,STB_WEAK,STV_DEFAULT,12,.text
.dynsym,1501,_ZTI14ir_emit_vertex,typeinfo for ir_emit_vertex,885480,885480,12,,STT_OBJECT,STB_GLOBAL,STV_DEFAULT,18,.data.rel.ro
.dynsym,1502,_ZTS14ir_emit_vertex,typeinfo name for ir_emit_vertex,861088,861088,17,,STT_OBJECT,STB_GLOBAL,STV_DEFAULT,15,.rodata
.dynsym,1503,_ZTI16ir_end_primitive,typeinfo for ir_end_primitive,885524,885524,12,,STT_OBJECT,STB_GLOBAL,STV_DEFAULT,18,.data.rel.ro
.dynsym,1504,_ZTS16ir_end_primitive,typeinfo name for ir_end_primitive,861120,861120,19,,STT_OBJECT,STB_GLOBAL,STV_DEFAULT,15,.rodata
.dynsym,1505,_Z17import_prototypesPK9exec_listPS_P17glsl_symbol_tablePv,"import_prototypes(exec_list const*, exec_list*, glsl_symbol_table*, void*)",555609,555608,96,thumb,STT_FUNC,STB_GLOBAL,STV_DEFAULT,12,.text
.dynsym,1506,_ZN13string_buffer15asprintf_appendEPKcz,"string_buffer::asprintf_append(char const*, ...)",557229,557228,76,thumb,STT_FUNC,STB_WEAK,STV_DEFAULT,12,.text
.dynsym,1507,_Z26do_remove_unused_typedeclsP9exec_list,do_remove_unused_typedecls(exec_list*),583157,583156,112,thumb,STT_FUNC,STB_GLOBAL,STV_DEFAULT,12,.text
.dynsym,1508,_ZTV21ir_print_glsl_visitor,vtable for ir_print_glsl_visitor,886328,886328,104,,STT_OBJECT,STB_GLOBAL,STV_DEFAULT,18,.data.rel.ro
.dynsym,1509,_ZN13string_buffer22vasprintf_rewrite_tailEPjPKcSt9__va_list,"string_buffer::vasprintf_rewrite_tail(unsigned int*, char const*, std::__va_list)",565087,565086,94,thumb,STT_FUNC,STB_WEAK,STV_DEFAULT,12,.text
.dynsym,1510,_ZN10ir_visitorD2Ev,ir_visitor::~ir_visitor(),557305,557304,2,thumb,STT_FUNC,STB_WEAK,STV_DEFAULT,12,.text
.dynsym,1511,_ZN21ir_print_glsl_visitor6indentEv,ir_print_glsl_visitor::indent(),557309,557308,60,thumb,STT_FUNC,STB_GLOBAL,STV_DEFAULT,12,.text
.dynsym,1512,_ZN21ir_print_glsl_visitor18end_statement_lineEv,ir_print_glsl_visitor::end_statement_line(),557369,557368,44,thumb,STT_FUNC,STB_GLOBAL,STV_DEFAULT,12,.text
.dynsym,1513,_ZN21ir_print_glsl_visitor14newline_indentEv,ir_print_glsl_visitor::newline_indent(),557413,557412,44,thumb,STT_FUNC,STB_GLOBAL,STV_DEFAULT,12,.text
.dynsym,1514,_ZN21ir_print_glsl_visitor16newline_deindentEv,ir_print_glsl_visitor::newline_deindent(),557457,557456,44,thumb,STT_FUNC,STB_GLOBAL,STV_DEFAULT,12,.text
.dynsym,1515,_ZN21ir_print_glsl_visitor14print_var_nameEP11ir_variable,ir_print_glsl_visitor::print_var_name(ir_variable*),557501,557500,136,thumb,STT_FUNC,STB_GLOBAL,STV_DEFAULT,12,.text
.dynsym,1516,_ZN21ir_print_glsl_visitor15print_precisionEP14ir_instructionPK9glsl_type,"ir_print_glsl_visitor::print_precision(ir_instruction*, glsl_type const*)",557637,557636,224,thumb,STT_FUNC,STB_GLOBAL,STV_DEFAULT,12,.text
.dynsym,1517,_ZN21ir_print_glsl_visitor5visitEP11ir_variable,ir_print_glsl_visitor::visit(ir_variable*),557861,557860,512,thumb,STT_FUNC,STB_GLOBAL,STV_DEFAULT,12,.text
.dynsym,1518,_ZN10loop_state16get_for_inductorEPK11ir_variable,loop_state::get_for_inductor(ir_variable const*),610603,610602,6,thumb,STT_FUNC,STB_GLOBAL,STV_DEFAULT,12,.text
.dynsym,1519,_ZN21ir_print_glsl_visitor22can_emit_canonical_forEP19loop_variable_state,ir_print_glsl_visitor::can_emit_canonical_for(loop_variable_state*),558373,558372,44,thumb,STT_FUNC,STB_GLOBAL,STV_DEFAULT,12,.text
.dynsym,1520,_ZN21ir_print_glsl_visitor5visitEP21ir_function_signature,ir_print_glsl_visitor::visit(ir_function_signature*),558521,558520,436,thumb,STT_FUNC,STB_GLOBAL,STV_DEFAULT,12,.text
.dynsym,1521,_ZN21ir_print_glsl_visitor5visitEP11ir_function,ir_print_glsl_visitor::visit(ir_function*),558957,558956,168,thumb,STT_FUNC,STB_GLOBAL,STV_DEFAULT,12,.text
.dynsym,1522,_ZN21ir_print_glsl_visitor5visitEP13ir_expression,ir_print_glsl_visitor::visit(ir_expression*),559125,559124,636,thumb,STT_FUNC,STB_GLOBAL,STV_DEFAULT,12,.text
.dynsym,1523,_ZN21ir_print_glsl_visitor5visitEP10ir_texture,ir_print_glsl_visitor::visit(ir_texture*),559761,559760,636,thumb,STT_FUNC,STB_GLOBAL,STV_DEFAULT,12,.text
.dynsym,1524,_ZN21ir_print_glsl_visitor5visitEP10ir_swizzle,ir_print_glsl_visitor::visit(ir_swizzle*),560397,560396,380,thumb,STT_FUNC,STB_GLOBAL,STV_DEFAULT,12,.text
.dynsym,1525,_ZN21ir_print_glsl_visitor5visitEP23ir_dereference_variable,ir_print_glsl_visitor::visit(ir_dereference_variable*),560777,560776,26,thumb,STT_FUNC,STB_GLOBAL,STV_DEFAULT,12,.text
.dynsym,1526,_ZN21ir_print_glsl_visitor5visitEP20ir_dereference_array,ir_print_glsl_visitor::visit(ir_dereference_array*),560805,560804,56,thumb,STT_FUNC,STB_GLOBAL,STV_DEFAULT,12,.text
.dynsym,1527,_ZN21ir_print_glsl_visitor5visitEP21ir_dereference_record,ir_print_glsl_visitor::visit(ir_dereference_record*),560861,560860,36,thumb,STT_FUNC,STB_GLOBAL,STV_DEFAULT,12,.text
.dynsym,1528,_ZN21ir_print_glsl_visitor26try_print_array_assignmentEP14ir_dereferenceP9ir_rvalue,"ir_print_glsl_visitor::try_print_array_assignment(ir_dereference*, ir_rvalue*)",560897,560896,184,thumb,STT_FUNC,STB_GLOBAL,STV_DEFAULT,12,.text
.dynsym,1529,_ZN21ir_print_glsl_visitor20emit_assignment_partEP14ir_dereferenceP9ir_rvaluejS3_,"ir_print_glsl_visitor::emit_assignment_part(ir_dereference*, ir_rvalue*, unsigned int, ir_rvalue*)",561081,561080,424,thumb,STT_FUNC,STB_GLOBAL,STV_DEFAULT,12,.text
.dynsym,1530,_ZN21ir_print_glsl_visitor5visitEP13ir_assignment,ir_print_glsl_visitor::visit(ir_assignment*),561505,561504,564,thumb,STT_FUNC,STB_GLOBAL,STV_DEFAULT,12,.text
.dynsym,1531,_Z11print_floatR13string_bufferf,"print_float(string_buffer&, float)",562069,562068,260,thumb,STT_FUNC,STB_GLOBAL,STV_DEFAULT,12,.text
.dynsym,1532,_ZN21ir_print_glsl_visitor5visitEP11ir_constant,ir_print_glsl_visitor::visit(ir_constant*),562329,562328,672,thumb,STT_FUNC,STB_GLOBAL,STV_DEFAULT,12,.text
.dynsym,1533,_ZN21ir_print_glsl_visitor5visitEP7ir_call,ir_print_glsl_visitor::visit(ir_call*),563001,563000,228,thumb,STT_FUNC,STB_GLOBAL,STV_DEFAULT,12,.text
.dynsym,1534,_ZN21ir_print_glsl_visitor5visitEP9ir_return,ir_print_glsl_visitor::visit(ir_return*),563229,563228,56,thumb,STT_FUNC,STB_GLOBAL,STV_DEFAULT,12,.text
.dynsym,1535,_ZN21ir_print_glsl_visitor5visitEP10ir_discard,ir_print_glsl_visitor::visit(ir_discard*),563285,563284,60,thumb,STT_FUNC,STB_GLOBAL,STV_DEFAULT,12,.text
.dynsym,1536,_ZN21ir_print_glsl_visitor5visitEP5ir_if,ir_print_glsl_visitor::visit(ir_if*),563345,563344,348,thumb,STT_FUNC,STB_GLOBAL,STV_DEFAULT,12,.text
.dynsym,1537,_ZN21ir_print_glsl_visitor18emit_canonical_forEP7ir_loop,ir_print_glsl_visitor::emit_canonical_for(ir_loop*),563693,563692,852,thumb,STT_FUNC,STB_GLOBAL,STV_DEFAULT,12,.text
.dynsym,1538,_ZN10loop_state3getEPK7ir_loop,loop_state::get(ir_loop const*),610597,610596,6,thumb,STT_FUNC,STB_GLOBAL,STV_DEFAULT,12,.text
.dynsym,1539,_ZN21ir_print_glsl_visitor5visitEP7ir_loop,ir_print_glsl_visitor::visit(ir_loop*),564545,564544,184,thumb,STT_FUNC,STB_GLOBAL,STV_DEFAULT,12,.text
.dynsym,1540,_ZN21ir_print_glsl_visitor5visitEP12ir_loop_jump,ir_print_glsl_visitor::visit(ir_loop_jump*),564729,564728,44,thumb,STT_FUNC,STB_GLOBAL,STV_DEFAULT,12,.text
.dynsym,1541,_ZN21ir_print_glsl_visitor5visitEP22ir_precision_statement,ir_print_glsl_visitor::visit(ir_precision_statement*),564773,564772,16,thumb,STT_FUNC,STB_GLOBAL,STV_DEFAULT,12,.text
.dynsym,1542,_ZN21ir_print_glsl_visitor5visitEP21ir_typedecl_statement,ir_print_glsl_visitor::visit(ir_typedecl_statement*),564789,564788,236,thumb,STT_FUNC,STB_GLOBAL,STV_DEFAULT,12,.text
.dynsym,1543,_ZN21ir_print_glsl_visitor5visitEP14ir_emit_vertex,ir_print_glsl_visitor::visit(ir_emit_vertex*),565025,565024,28,thumb,STT_FUNC,STB_GLOBAL,STV_DEFAULT,12,.text
.dynsym,1544,_ZN21ir_print_glsl_visitor5visitEP16ir_end_primitive,ir_print_glsl_visitor::visit(ir_end_primitive*),565053,565052,28,thumb,STT_FUNC,STB_GLOBAL,STV_DEFAULT,12,.text
.dynsym,1545,_ZN21ir_print_glsl_visitorD0Ev,ir_print_glsl_visitor::~ir_print_glsl_visitor(),565081,565080,4,thumb,STT_FUNC,STB_WEAK,STV_DEFAULT,12,.text
.dynsym,1546,_ZN10ir_visitor5visitEP9ir_rvalue,ir_visitor::visit(ir_rvalue*),565085,565084,2,thumb,STT_FUNC,STB_WEAK,STV_DEFAULT,12,.text
.dynsym,1547,_ZTI21ir_print_glsl_visitor,typeinfo for ir_print_glsl_visitor,886432,886432,12,,STT_OBJECT,STB_GLOBAL,STV_DEFAULT,18,.data.rel.ro
.dynsym,1548,_ZTS21ir_print_glsl_visitor,typeinfo name for ir_print_glsl_visitor,861232,861232,24,,STT_OBJECT,STB_GLOBAL,STV_DEFAULT,15,.rodata
.dynsym,1549,_ZTS10ir_visitor,typeinfo name for ir_visitor,861256,861256,13,,STT_OBJECT,STB_WEAK,STV_DEFAULT,15,.rodata
.dynsym,1550,_ZTI10ir_visitor,typeinfo for ir_visitor,886484,886484,8,,STT_OBJECT,STB_WEAK,STV_DEFAULT,18,.data.rel.ro
.dynsym,1551,_ZN19metal_print_contextC2EPc,metal_print_context::metal_print_context(char*),566369,566368,224,thumb,STT_FUNC,STB_WEAK,STV_DEFAULT,12,.text
.dynsym,1552,_ZN26global_print_tracker_metalC2Ev,global_print_tracker_metal::global_print_tracker_metal(),566593,566592,116,thumb,STT_FUNC,STB_WEAK,STV_DEFAULT,12,.text
.dynsym,1553,_ZTV22ir_print_metal_visitor,vtable for ir_print_metal_visitor,886976,886976,104,,STT_OBJECT,STB_GLOBAL,STV_DEFAULT,18,.data.rel.ro
.dynsym,1554,_ZN22ir_print_metal_visitor6indentEv,ir_print_metal_visitor::indent(),566709,566708,60,thumb,STT_FUNC,STB_GLOBAL,STV_DEFAULT,12,.text
.dynsym,1555,_ZN22ir_print_metal_visitor18end_statement_lineEv,ir_print_metal_visitor::end_statement_line(),566769,566768,44,thumb,STT_FUNC,STB_GLOBAL,STV_DEFAULT,12,.text
.dynsym,1556,_ZN22ir_print_metal_visitor14newline_indentEv,ir_print_metal_visitor::newline_indent(),566813,566812,44,thumb,STT_FUNC,STB_GLOBAL,STV_DEFAULT,12,.text
.dynsym,1557,_ZN22ir_print_metal_visitor16newline_deindentEv,ir_print_metal_visitor::newline_deindent(),566857,566856,44,thumb,STT_FUNC,STB_GLOBAL,STV_DEFAULT,12,.text
.dynsym,1558,_ZN22ir_print_metal_visitor14print_var_nameEP11ir_variable,ir_print_metal_visitor::print_var_name(ir_variable*),566901,566900,136,thumb,STT_FUNC,STB_GLOBAL,STV_DEFAULT,12,.text
.dynsym,1559,_ZN22ir_print_metal_visitor5visitEP11ir_variable,ir_print_metal_visitor::visit(ir_variable*),567037,567036,1268,thumb,STT_FUNC,STB_GLOBAL,STV_DEFAULT,12,.text
.dynsym,1560,_ZN22ir_print_metal_visitor22can_emit_canonical_forEP19loop_variable_state,ir_print_metal_visitor::can_emit_canonical_for(loop_variable_state*),568305,568304,44,thumb,STT_FUNC,STB_GLOBAL,STV_DEFAULT,12,.text
.dynsym,1561,_ZN22ir_print_metal_visitor5visitEP21ir_function_signature,ir_print_metal_visitor::visit(ir_function_signature*),568349,568348,664,thumb,STT_FUNC,STB_GLOBAL,STV_DEFAULT,12,.text
.dynsym,1562,_ZN22ir_print_metal_visitor5visitEP11ir_function,ir_print_metal_visitor::visit(ir_function*),569013,569012,168,thumb,STT_FUNC,STB_GLOBAL,STV_DEFAULT,12,.text
.dynsym,1563,_ZN22ir_print_metal_visitor5visitEP13ir_expression,ir_print_metal_visitor::visit(ir_expression*),569181,569180,1816,thumb,STT_FUNC,STB_GLOBAL,STV_DEFAULT,12,.text
.dynsym,1564,_ZN22ir_print_metal_visitor5visitEP10ir_texture,ir_print_metal_visitor::visit(ir_texture*),572257,572256,836,thumb,STT_FUNC,STB_GLOBAL,STV_DEFAULT,12,.text
.dynsym,1565,_ZN22ir_print_metal_visitor5visitEP10ir_swizzle,ir_print_metal_visitor::visit(ir_swizzle*),573093,573092,348,thumb,STT_FUNC,STB_GLOBAL,STV_DEFAULT,12,.text
.dynsym,1566,_ZN22ir_print_metal_visitor5visitEP23ir_dereference_variable,ir_print_metal_visitor::visit(ir_dereference_variable*),573441,573440,40,thumb,STT_FUNC,STB_GLOBAL,STV_DEFAULT,12,.text
.dynsym,1567,_ZN22ir_print_metal_visitor5visitEP20ir_dereference_array,ir_print_metal_visitor::visit(ir_dereference_array*),573637,573636,56,thumb,STT_FUNC,STB_GLOBAL,STV_DEFAULT,12,.text
.dynsym,1568,_ZN22ir_print_metal_visitor5visitEP21ir_dereference_record,ir_print_metal_visitor::visit(ir_dereference_record*),573693,573692,36,thumb,STT_FUNC,STB_GLOBAL,STV_DEFAULT,12,.text
.dynsym,1569,_ZN22ir_print_metal_visitor20emit_assignment_partEP14ir_dereferenceP9ir_rvaluejS3_,"ir_print_metal_visitor::emit_assignment_part(ir_dereference*, ir_rvalue*, unsigned int, ir_rvalue*)",573729,573728,648,thumb,STT_FUNC,STB_GLOBAL,STV_DEFAULT,12,.text
.dynsym,1570,_ZN22ir_print_metal_visitor5visitEP13ir_assignment,ir_print_metal_visitor::visit(ir_assignment*),574377,574376,536,thumb,STT_FUNC,STB_GLOBAL,STV_DEFAULT,12,.text
.dynsym,1571,_ZN22ir_print_metal_visitor5visitEP11ir_constant,ir_print_metal_visitor::visit(ir_constant*),574913,574912,616,thumb,STT_FUNC,STB_GLOBAL,STV_DEFAULT,12,.text
.dynsym,1572,_ZN22ir_print_metal_visitor5visitEP7ir_call,ir_print_metal_visitor::visit(ir_call*),575529,575528,228,thumb,STT_FUNC,STB_GLOBAL,STV_DEFAULT,12,.text
.dynsym,1573,_ZN22ir_print_metal_visitor5visitEP9ir_return,ir_print_metal_visitor::visit(ir_return*),575757,575756,56,thumb,STT_FUNC,STB_GLOBAL,STV_DEFAULT,12,.text
.dynsym,1574,_ZN22ir_print_metal_visitor5visitEP10ir_discard,ir_print_metal_visitor::visit(ir_discard*),575813,575812,72,thumb,STT_FUNC,STB_GLOBAL,STV_DEFAULT,12,.text
.dynsym,1575,_ZN22ir_print_metal_visitor5visitEP5ir_if,ir_print_metal_visitor::visit(ir_if*),575885,575884,348,thumb,STT_FUNC,STB_GLOBAL,STV_DEFAULT,12,.text
.dynsym,1576,_ZN22ir_print_metal_visitor18emit_canonical_forEP7ir_loop,ir_print_metal_visitor::emit_canonical_for(ir_loop*),576233,576232,816,thumb,STT_FUNC,STB_GLOBAL,STV_DEFAULT,12,.text
.dynsym,1577,_ZN22ir_print_metal_visitor5visitEP7ir_loop,ir_print_metal_visitor::visit(ir_loop*),577049,577048,184,thumb,STT_FUNC,STB_GLOBAL,STV_DEFAULT,12,.text
.dynsym,1578,_ZN22ir_print_metal_visitor5visitEP12ir_loop_jump,ir_print_metal_visitor::visit(ir_loop_jump*),577233,577232,44,thumb,STT_FUNC,STB_GLOBAL,STV_DEFAULT,12,.text
.dynsym,1579,_ZN22ir_print_metal_visitor5visitEP22ir_precision_statement,ir_print_metal_visitor::visit(ir_precision_statement*),577277,577276,2,thumb,STT_FUNC,STB_GLOBAL,STV_DEFAULT,12,.text
.dynsym,1580,_ZN22ir_print_metal_visitor5visitEP21ir_typedecl_statement,ir_print_metal_visitor::visit(ir_typedecl_statement*),577281,577280,208,thumb,STT_FUNC,STB_GLOBAL,STV_DEFAULT,12,.text
.dynsym,1581,_ZN22ir_print_metal_visitor5visitEP14ir_emit_vertex,ir_print_metal_visitor::visit(ir_emit_vertex*),577489,577488,28,thumb,STT_FUNC,STB_GLOBAL,STV_DEFAULT,12,.text
.dynsym,1582,_ZN22ir_print_metal_visitor5visitEP16ir_end_primitive,ir_print_metal_visitor::visit(ir_end_primitive*),577517,577516,28,thumb,STT_FUNC,STB_GLOBAL,STV_DEFAULT,12,.text
.dynsym,1583,_ZN22ir_print_metal_visitorD0Ev,ir_print_metal_visitor::~ir_print_metal_visitor(),577545,577544,4,thumb,STT_FUNC,STB_WEAK,STV_DEFAULT,12,.text
.dynsym,1584,_ZTI22ir_print_metal_visitor,typeinfo for ir_print_metal_visitor,887080,887080,12,,STT_OBJECT,STB_GLOBAL,STV_DEFAULT,18,.data.rel.ro
.dynsym,1585,_ZTS22ir_print_metal_visitor,typeinfo name for ir_print_metal_visitor,861280,861280,25,,STT_OBJECT,STB_GLOBAL,STV_DEFAULT,15,.rodata
.dynsym,1586,_ZNK14ir_instruction5printEv,ir_instruction::print() const,577549,577548,16,thumb,STT_FUNC,STB_GLOBAL,STV_DEFAULT,12,.text
.dynsym,1587,_ZNK14ir_instruction6fprintEP7__sFILE,ir_instruction::fprint(__sFILE*) const,577565,577564,144,thumb,STT_FUNC,STB_GLOBAL,STV_DEFAULT,12,.text
.dynsym,1588,_ZTV16ir_print_visitor,vtable for ir_print_visitor,887092,887092,104,,STT_OBJECT,STB_GLOBAL,STV_DEFAULT,18,.data.rel.ro
.dynsym,1589,fputs,fputs,0,0,0,arm,STT_FUNC,STB_GLOBAL,STV_DEFAULT,SHN_UNDEF,SHN_UNDEF
.dynsym,1590,fprint_ir,fprint_ir,578133,578132,10,thumb,STT_FUNC,STB_GLOBAL,STV_DEFAULT,12,.text
.dynsym,1591,_ZN16ir_print_visitorC2EP7__sFILE,ir_print_visitor::ir_print_visitor(__sFILE*),578145,578144,72,thumb,STT_FUNC,STB_GLOBAL,STV_DEFAULT,12,.text
.dynsym,1592,_ZN16ir_print_visitorD2Ev,ir_print_visitor::~ir_print_visitor(),578217,578216,44,thumb,STT_FUNC,STB_GLOBAL,STV_DEFAULT,12,.text
.dynsym,1593,_ZN16ir_print_visitorD0Ev,ir_print_visitor::~ir_print_visitor(),578261,578260,16,thumb,STT_FUNC,STB_GLOBAL,STV_DEFAULT,12,.text
.dynsym,1594,_ZN16ir_print_visitor6indentEv,ir_print_visitor::indent(),578277,578276,52,thumb,STT_FUNC,STB_GLOBAL,STV_DEFAULT,12,.text
.dynsym,1595,_ZN16ir_print_visitor11unique_nameEP11ir_variable,ir_print_visitor::unique_name(ir_variable*),578329,578328,160,thumb,STT_FUNC,STB_GLOBAL,STV_DEFAULT,12,.text
.dynsym,1596,_ZN16ir_print_visitor5visitEP9ir_rvalue,ir_print_visitor::visit(ir_rvalue*),578489,578488,24,thumb,STT_FUNC,STB_GLOBAL,STV_DEFAULT,12,.text
.dynsym,1597,_ZN16ir_print_visitor5visitEP11ir_variable,ir_print_visitor::visit(ir_variable*),578513,578512,236,thumb,STT_FUNC,STB_GLOBAL,STV_DEFAULT,12,.text
.dynsym,1598,_ZN16ir_print_visitor5visitEP21ir_function_signature,ir_print_visitor::visit(ir_function_signature*),578749,578748,332,thumb,STT_FUNC,STB_GLOBAL,STV_DEFAULT,12,.text
.dynsym,1599,_ZN16ir_print_visitor5visitEP11ir_function,ir_print_visitor::visit(ir_function*),579081,579080,140,thumb,STT_FUNC,STB_GLOBAL,STV_DEFAULT,12,.text
.dynsym,1600,_ZN16ir_print_visitor5visitEP13ir_expression,ir_print_visitor::visit(ir_expression*),579221,579220,152,thumb,STT_FUNC,STB_GLOBAL,STV_DEFAULT,12,.text
.dynsym,1601,_ZN16ir_print_visitor5visitEP10ir_texture,ir_print_visitor::visit(ir_texture*),579373,579372,228,thumb,STT_FUNC,STB_GLOBAL,STV_DEFAULT,12,.text
.dynsym,1602,_ZN16ir_print_visitor5visitEP10ir_swizzle,ir_print_visitor::visit(ir_swizzle*),579601,579600,204,thumb,STT_FUNC,STB_GLOBAL,STV_DEFAULT,12,.text
.dynsym,1603,_ZN16ir_print_visitor5visitEP23ir_dereference_variable,ir_print_visitor::visit(ir_dereference_variable*),579805,579804,56,thumb,STT_FUNC,STB_GLOBAL,STV_DEFAULT,12,.text
.dynsym,1604,_ZN16ir_print_visitor5visitEP20ir_dereference_array,ir_print_visitor::visit(ir_dereference_array*),579861,579860,72,thumb,STT_FUNC,STB_GLOBAL,STV_DEFAULT,12,.text
.dynsym,1605,_ZN16ir_print_visitor5visitEP21ir_dereference_record,ir_print_visitor::visit(ir_dereference_record*),579933,579932,68,thumb,STT_FUNC,STB_GLOBAL,STV_DEFAULT,12,.text
.dynsym,1606,_ZN16ir_print_visitor5visitEP13ir_assignment,ir_print_visitor::visit(ir_assignment*),580001,580000,220,thumb,STT_FUNC,STB_GLOBAL,STV_DEFAULT,12,.text
.dynsym,1607,_ZN16ir_print_visitor5visitEP11ir_constant,ir_print_visitor::visit(ir_constant*),580225,580224,532,thumb,STT_FUNC,STB_GLOBAL,STV_DEFAULT,12,.text
.dynsym,1608,_ZN16ir_print_visitor5visitEP7ir_call,ir_print_visitor::visit(ir_call*),580757,580756,112,thumb,STT_FUNC,STB_GLOBAL,STV_DEFAULT,12,.text
.dynsym,1609,_ZN16ir_print_visitor5visitEP9ir_return,ir_print_visitor::visit(ir_return*),580869,580868,64,thumb,STT_FUNC,STB_GLOBAL,STV_DEFAULT,12,.text
.dynsym,1610,_ZN16ir_print_visitor5visitEP10ir_discard,ir_print_visitor::visit(ir_discard*),580933,580932,68,thumb,STT_FUNC,STB_GLOBAL,STV_DEFAULT,12,.text
.dynsym,1611,_ZN16ir_print_visitor5visitEP5ir_if,ir_print_visitor::visit(ir_if*),581001,581000,300,thumb,STT_FUNC,STB_GLOBAL,STV_DEFAULT,12,.text
.dynsym,1612,_ZN16ir_print_visitor5visitEP7ir_loop,ir_print_visitor::visit(ir_loop*),581301,581300,136,thumb,STT_FUNC,STB_GLOBAL,STV_DEFAULT,12,.text
.dynsym,1613,_ZN16ir_print_visitor5visitEP12ir_loop_jump,ir_print_visitor::visit(ir_loop_jump*),581437,581436,44,thumb,STT_FUNC,STB_GLOBAL,STV_DEFAULT,12,.text
.dynsym,1614,_ZN16ir_print_visitor5visitEP22ir_precision_statement,ir_print_visitor::visit(ir_precision_statement*),581481,581480,2,thumb,STT_FUNC,STB_GLOBAL,STV_DEFAULT,12,.text
.dynsym,1615,_ZN16ir_print_visitor5visitEP21ir_typedecl_statement,ir_print_visitor::visit(ir_typedecl_statement*),581483,581482,2,thumb,STT_FUNC,STB_GLOBAL,STV_DEFAULT,12,.text
.dynsym,1616,_ZN16ir_print_visitor5visitEP14ir_emit_vertex,ir_print_visitor::visit(ir_emit_vertex*),581485,581484,68,thumb,STT_FUNC,STB_GLOBAL,STV_DEFAULT,12,.text
.dynsym,1617,_ZN16ir_print_visitor5visitEP16ir_end_primitive,ir_print_visitor::visit(ir_end_primitive*),581553,581552,68,thumb,STT_FUNC,STB_GLOBAL,STV_DEFAULT,12,.text
.dynsym,1618,_ZTI16ir_print_visitor,typeinfo for ir_print_visitor,887272,887272,12,,STT_OBJECT,STB_GLOBAL,STV_DEFAULT,18,.data.rel.ro
.dynsym,1619,_ZTS16ir_print_visitor,typeinfo name for ir_print_visitor,861312,861312,19,,STT_OBJECT,STB_GLOBAL,STV_DEFAULT,15,.rodata
.dynsym,1620,_ZN16ir_print_visitorC1EP7__sFILE,ir_print_visitor::ir_print_visitor(__sFILE*),578145,578144,72,thumb,STT_FUNC,STB_GLOBAL,STV_DEFAULT,12,.text
.dynsym,1621,_ZN16ir_print_visitorD1Ev,ir_print_visitor::~ir_print_visitor(),578217,578216,44,thumb,STT_FUNC,STB_GLOBAL,STV_DEFAULT,12,.text
.dynsym,1622,_ZN22ir_rvalue_base_visitor12rvalue_visitEP13ir_expression,ir_rvalue_base_visitor::rvalue_visit(ir_expression*),581621,581620,72,thumb,STT_FUNC,STB_GLOBAL,STV_DEFAULT,12,.text
.dynsym,1623,_ZN22ir_rvalue_base_visitor12rvalue_visitEP10ir_texture,ir_rvalue_base_visitor::rvalue_visit(ir_texture*),581693,581692,96,thumb,STT_FUNC,STB_GLOBAL,STV_DEFAULT,12,.text
.dynsym,1624,_ZN22ir_rvalue_base_visitor12rvalue_visitEP10ir_swizzle,ir_rvalue_base_visitor::rvalue_visit(ir_swizzle*),581789,581788,18,thumb,STT_FUNC,STB_GLOBAL,STV_DEFAULT,12,.text
.dynsym,1625,_ZN22ir_rvalue_base_visitor12rvalue_visitEP20ir_dereference_array,ir_rvalue_base_visitor::rvalue_visit(ir_dereference_array*),581807,581806,56,thumb,STT_FUNC,STB_GLOBAL,STV_DEFAULT,12,.text
.dynsym,1626,_ZN22ir_rvalue_base_visitor12rvalue_visitEP21ir_dereference_record,ir_rvalue_base_visitor::rvalue_visit(ir_dereference_record*),581863,581862,18,thumb,STT_FUNC,STB_GLOBAL,STV_DEFAULT,12,.text
.dynsym,1627,_ZN22ir_rvalue_base_visitor12rvalue_visitEP13ir_assignment,ir_rvalue_base_visitor::rvalue_visit(ir_assignment*),581881,581880,40,thumb,STT_FUNC,STB_GLOBAL,STV_DEFAULT,12,.text
.dynsym,1628,_ZN22ir_rvalue_base_visitor12rvalue_visitEP7ir_call,ir_rvalue_base_visitor::rvalue_visit(ir_call*),581921,581920,136,thumb,STT_FUNC,STB_GLOBAL,STV_DEFAULT,12,.text
.dynsym,1629,_ZN22ir_rvalue_base_visitor12rvalue_visitEP9ir_return,ir_rvalue_base_visitor::rvalue_visit(ir_return*),582057,582056,18,thumb,STT_FUNC,STB_GLOBAL,STV_DEFAULT,12,.text
.dynsym,1630,_ZN22ir_rvalue_base_visitor12rvalue_visitEP5ir_if,ir_rvalue_base_visitor::rvalue_visit(ir_if*),582075,582074,18,thumb,STT_FUNC,STB_GLOBAL,STV_DEFAULT,12,.text
.dynsym,1631,_ZN22ir_rvalue_base_visitor12rvalue_visitEP14ir_emit_vertex,ir_rvalue_base_visitor::rvalue_visit(ir_emit_vertex*),582093,582092,18,thumb,STT_FUNC,STB_GLOBAL,STV_DEFAULT,12,.text
.dynsym,1632,_ZN22ir_rvalue_base_visitor12rvalue_visitEP16ir_end_primitive,ir_rvalue_base_visitor::rvalue_visit(ir_end_primitive*),582111,582110,18,thumb,STT_FUNC,STB_GLOBAL,STV_DEFAULT,12,.text
.dynsym,1633,_ZN23ir_rvalue_enter_visitor11visit_enterEP13ir_expression,ir_rvalue_enter_visitor::visit_enter(ir_expression*),582369,582368,12,thumb,STT_FUNC,STB_GLOBAL,STV_DEFAULT,12,.text
.dynsym,1634,_ZN23ir_rvalue_enter_visitor11visit_enterEP10ir_texture,ir_rvalue_enter_visitor::visit_enter(ir_texture*),582381,582380,12,thumb,STT_FUNC,STB_GLOBAL,STV_DEFAULT,12,.text
.dynsym,1635,_ZN23ir_rvalue_enter_visitor11visit_enterEP10ir_swizzle,ir_rvalue_enter_visitor::visit_enter(ir_swizzle*),582393,582392,18,thumb,STT_FUNC,STB_GLOBAL,STV_DEFAULT,12,.text
.dynsym,1636,_ZN23ir_rvalue_enter_visitor11visit_enterEP20ir_dereference_array,ir_rvalue_enter_visitor::visit_enter(ir_dereference_array*),582411,582410,56,thumb,STT_FUNC,STB_GLOBAL,STV_DEFAULT,12,.text
.dynsym,1637,_ZN23ir_rvalue_enter_visitor11visit_enterEP21ir_dereference_record,ir_rvalue_enter_visitor::visit_enter(ir_dereference_record*),582467,582466,18,thumb,STT_FUNC,STB_GLOBAL,STV_DEFAULT,12,.text
.dynsym,1638,_ZN23ir_rvalue_enter_visitor11visit_enterEP13ir_assignment,ir_rvalue_enter_visitor::visit_enter(ir_assignment*),582485,582484,40,thumb,STT_FUNC,STB_GLOBAL,STV_DEFAULT,12,.text
.dynsym,1639,_ZN23ir_rvalue_enter_visitor11visit_enterEP7ir_call,ir_rvalue_enter_visitor::visit_enter(ir_call*),582525,582524,12,thumb,STT_FUNC,STB_GLOBAL,STV_DEFAULT,12,.text
.dynsym,1640,_ZN23ir_rvalue_enter_visitor11visit_enterEP9ir_return,ir_rvalue_enter_visitor::visit_enter(ir_return*),582537,582536,18,thumb,STT_FUNC,STB_GLOBAL,STV_DEFAULT,12,.text
.dynsym,1641,_ZN23ir_rvalue_enter_visitor11visit_enterEP5ir_if,ir_rvalue_enter_visitor::visit_enter(ir_if*),582555,582554,18,thumb,STT_FUNC,STB_GLOBAL,STV_DEFAULT,12,.text
.dynsym,1642,_ZN23ir_rvalue_enter_visitor11visit_enterEP14ir_emit_vertex,ir_rvalue_enter_visitor::visit_enter(ir_emit_vertex*),582573,582572,18,thumb,STT_FUNC,STB_GLOBAL,STV_DEFAULT,12,.text
.dynsym,1643,_ZN23ir_rvalue_enter_visitor11visit_enterEP16ir_end_primitive,ir_rvalue_enter_visitor::visit_enter(ir_end_primitive*),582591,582590,18,thumb,STT_FUNC,STB_GLOBAL,STV_DEFAULT,12,.text
.dynsym,1644,_ZTV17ir_rvalue_visitor,vtable for ir_rvalue_visitor,887284,887284,160,,STT_OBJECT,STB_GLOBAL,STV_DEFAULT,18,.data.rel.ro
.dynsym,1645,_ZTS17ir_rvalue_visitor,typeinfo name for ir_rvalue_visitor,861344,861344,20,,STT_OBJECT,STB_GLOBAL,STV_DEFAULT,15,.rodata
.dynsym,1646,_ZTS22ir_rvalue_base_visitor,typeinfo name for ir_rvalue_base_visitor,861408,861408,25,,STT_OBJECT,STB_WEAK,STV_DEFAULT,15,.rodata
.dynsym,1647,_ZTI22ir_rvalue_base_visitor,typeinfo for ir_rvalue_base_visitor,887628,887628,12,,STT_OBJECT,STB_WEAK,STV_DEFAULT,18,.data.rel.ro
.dynsym,1648,_ZTV23ir_rvalue_enter_visitor,vtable for ir_rvalue_enter_visitor,887456,887456,160,,STT_OBJECT,STB_GLOBAL,STV_DEFAULT,18,.data.rel.ro
.dynsym,1649,_ZTI23ir_rvalue_enter_visitor,typeinfo for ir_rvalue_enter_visitor,887616,887616,12,,STT_OBJECT,STB_GLOBAL,STV_DEFAULT,18,.data.rel.ro
.dynsym,1650,_ZTS23ir_rvalue_enter_visitor,typeinfo name for ir_rvalue_enter_visitor,861376,861376,26,,STT_OBJECT,STB_GLOBAL,STV_DEFAULT,15,.rodata
.dynsym,1651,_ZTV24ir_stats_counter_visitor,vtable for ir_stats_counter_visitor,887640,887640,156,,STT_OBJECT,STB_WEAK,STV_DEFAULT,18,.data.rel.ro
.dynsym,1652,_ZN24ir_stats_counter_visitor11visit_leaveEP7ir_loop,ir_stats_counter_visitor::visit_leave(ir_loop*),582721,582720,10,thumb,STT_FUNC,STB_WEAK,STV_DEFAULT,12,.text
.dynsym,1653,_ZN24ir_stats_counter_visitor11visit_leaveEP13ir_expression,ir_stats_counter_visitor::visit_leave(ir_expression*),582731,582730,10,thumb,STT_FUNC,STB_WEAK,STV_DEFAULT,12,.text
.dynsym,1654,_ZN24ir_stats_counter_visitor11visit_leaveEP10ir_texture,ir_stats_counter_visitor::visit_leave(ir_texture*),582741,582740,10,thumb,STT_FUNC,STB_WEAK,STV_DEFAULT,12,.text
.dynsym,1655,_ZN24ir_stats_counter_visitor11visit_leaveEP13ir_assignment,ir_stats_counter_visitor::visit_leave(ir_assignment*),582751,582750,22,thumb,STT_FUNC,STB_WEAK,STV_DEFAULT,12,.text
.dynsym,1656,_ZN24ir_stats_counter_visitor11visit_leaveEP9ir_return,ir_stats_counter_visitor::visit_leave(ir_return*),582773,582772,10,thumb,STT_FUNC,STB_WEAK,STV_DEFAULT,12,.text
.dynsym,1657,_ZN24ir_stats_counter_visitor11visit_leaveEP10ir_discard,ir_stats_counter_visitor::visit_leave(ir_discard*),582783,582782,10,thumb,STT_FUNC,STB_WEAK,STV_DEFAULT,12,.text
.dynsym,1658,_ZN24ir_stats_counter_visitor11visit_leaveEP5ir_if,ir_stats_counter_visitor::visit_leave(ir_if*),582793,582792,10,thumb,STT_FUNC,STB_WEAK,STV_DEFAULT,12,.text
.dynsym,1659,_ZTI24ir_stats_counter_visitor,typeinfo for ir_stats_counter_visitor,887796,887796,12,,STT_OBJECT,STB_WEAK,STV_DEFAULT,18,.data.rel.ro
.dynsym,1660,_ZTS24ir_stats_counter_visitor,typeinfo name for ir_stats_counter_visitor,861440,861440,27,,STT_OBJECT,STB_WEAK,STV_DEFAULT,15,.rodata
.dynsym,1661,_ZNK23ir_struct_usage_visitor16has_struct_entryEPK9glsl_type,ir_struct_usage_visitor::has_struct_entry(glsl_type const*) const,582803,582802,28,thumb,STT_FUNC,STB_GLOBAL,STV_DEFAULT,12,.text
.dynsym,1662,_ZN23ir_struct_usage_visitor5visitEP23ir_dereference_variable,ir_struct_usage_visitor::visit(ir_dereference_variable*),582833,582832,92,thumb,STT_FUNC,STB_GLOBAL,STV_DEFAULT,12,.text
.dynsym,1663,_ZN23ir_struct_usage_visitorC2Ev,ir_struct_usage_visitor::ir_struct_usage_visitor(),582925,582924,92,thumb,STT_FUNC,STB_GLOBAL,STV_DEFAULT,12,.text
.dynsym,1664,_ZTV23ir_struct_usage_visitor,vtable for ir_struct_usage_visitor,887808,887808,156,,STT_OBJECT,STB_GLOBAL,STV_DEFAULT,18,.data.rel.ro
.dynsym,1665,_ZN23ir_struct_usage_visitorD2Ev,ir_struct_usage_visitor::~ir_struct_usage_visitor(),583125,583124,32,thumb,STT_FUNC,STB_GLOBAL,STV_DEFAULT,12,.text
.dynsym,1666,_ZTV23ir_decl_removal_visitor,vtable for ir_decl_removal_visitor,887976,887976,156,,STT_OBJECT,STB_WEAK,STV_DEFAULT,18,.data.rel.ro
.dynsym,1667,_ZN23ir_decl_removal_visitor5visitEP21ir_typedecl_statement,ir_decl_removal_visitor::visit(ir_typedecl_statement*),583269,583268,46,thumb,STT_FUNC,STB_WEAK,STV_DEFAULT,12,.text
.dynsym,1668,_ZTI23ir_struct_usage_visitor,typeinfo for ir_struct_usage_visitor,887964,887964,12,,STT_OBJECT,STB_GLOBAL,STV_DEFAULT,18,.data.rel.ro
.dynsym,1669,_ZTS23ir_struct_usage_visitor,typeinfo name for ir_struct_usage_visitor,861472,861472,26,,STT_OBJECT,STB_GLOBAL,STV_DEFAULT,15,.rodata
.dynsym,1670,_ZTI23ir_decl_removal_visitor,typeinfo for ir_decl_removal_visitor,888132,888132,12,,STT_OBJECT,STB_WEAK,STV_DEFAULT,18,.data.rel.ro
.dynsym,1671,_ZTS23ir_decl_removal_visitor,typeinfo name for ir_decl_removal_visitor,861504,861504,26,,STT_OBJECT,STB_WEAK,STV_DEFAULT,15,.rodata
.dynsym,1672,_ZN23ir_struct_usage_visitorC1Ev,ir_struct_usage_visitor::ir_struct_usage_visitor(),582925,582924,92,thumb,STT_FUNC,STB_GLOBAL,STV_DEFAULT,12,.text
.dynsym,1673,_ZN23ir_struct_usage_visitorD1Ev,ir_struct_usage_visitor::~ir_struct_usage_visitor(),583125,583124,32,thumb,STT_FUNC,STB_GLOBAL,STV_DEFAULT,12,.text
.dynsym,1674,_Z15check_node_typeP14ir_instructionPv,"check_node_type(ir_instruction*, void*)",583317,583316,72,thumb,STT_FUNC,STB_GLOBAL,STV_DEFAULT,12,.text
.dynsym,1675,_ZN28ir_variable_refcount_visitorC2Ev,ir_variable_refcount_visitor::ir_variable_refcount_visitor(),583393,583392,60,thumb,STT_FUNC,STB_GLOBAL,STV_DEFAULT,12,.text
.dynsym,1676,_ZTV28ir_variable_refcount_visitor,vtable for ir_variable_refcount_visitor,888144,888144,156,,STT_OBJECT,STB_GLOBAL,STV_DEFAULT,18,.data.rel.ro
.dynsym,1677,_ZN28ir_variable_refcount_visitorD2Ev,ir_variable_refcount_visitor::~ir_variable_refcount_visitor(),583453,583452,44,thumb,STT_FUNC,STB_GLOBAL,STV_DEFAULT,12,.text
.dynsym,1678,_ZN26ir_variable_refcount_entryC2EP11ir_variable,ir_variable_refcount_entry::ir_variable_refcount_entry(ir_variable*),583509,583508,20,thumb,STT_FUNC,STB_GLOBAL,STV_DEFAULT,12,.text
.dynsym,1679,_ZN28ir_variable_refcount_visitor18get_variable_entryEP11ir_variable,ir_variable_refcount_visitor::get_variable_entry(ir_variable*),583529,583528,132,thumb,STT_FUNC,STB_GLOBAL,STV_DEFAULT,12,.text
.dynsym,1680,_ZN28ir_variable_refcount_visitor19find_variable_entryEP11ir_variable,ir_variable_refcount_visitor::find_variable_entry(ir_variable*),583661,583660,80,thumb,STT_FUNC,STB_GLOBAL,STV_DEFAULT,12,.text
.dynsym,1681,_ZN28ir_variable_refcount_visitor5visitEP11ir_variable,ir_variable_refcount_visitor::visit(ir_variable*),583741,583740,18,thumb,STT_FUNC,STB_GLOBAL,STV_DEFAULT,12,.text
.dynsym,1682,_ZN28ir_variable_refcount_visitor5visitEP23ir_dereference_variable,ir_variable_refcount_visitor::visit(ir_dereference_variable*),583759,583758,52,thumb,STT_FUNC,STB_GLOBAL,STV_DEFAULT,12,.text
.dynsym,1683,_ZN28ir_variable_refcount_visitor11visit_enterEP21ir_function_signature,ir_variable_refcount_visitor::visit_enter(ir_function_signature*),583811,583810,16,thumb,STT_FUNC,STB_GLOBAL,STV_DEFAULT,12,.text
.dynsym,1684,_ZN28ir_variable_refcount_visitor11visit_enterEP13ir_assignment,ir_variable_refcount_visitor::visit_enter(ir_assignment*),583827,583826,20,thumb,STT_FUNC,STB_GLOBAL,STV_DEFAULT,12,.text
.dynsym,1685,_ZN28ir_variable_refcount_visitor11visit_leaveEP13ir_assignment,ir_variable_refcount_visitor::visit_leave(ir_assignment*),583847,583846,50,thumb,STT_FUNC,STB_GLOBAL,STV_DEFAULT,12,.text
.dynsym,1686,_ZTI28ir_variable_refcount_visitor,typeinfo for ir_variable_refcount_visitor,888300,888300,12,,STT_OBJECT,STB_GLOBAL,STV_DEFAULT,18,.data.rel.ro
.dynsym,1687,_ZTS28ir_variable_refcount_visitor,typeinfo name for ir_variable_refcount_visitor,861536,861536,31,,STT_OBJECT,STB_GLOBAL,STV_DEFAULT,15,.rodata
.dynsym,1688,_ZN28ir_variable_refcount_visitorC1Ev,ir_variable_refcount_visitor::ir_variable_refcount_visitor(),583393,583392,60,thumb,STT_FUNC,STB_GLOBAL,STV_DEFAULT,12,.text
.dynsym,1689,_ZN28ir_variable_refcount_visitorD1Ev,ir_variable_refcount_visitor::~ir_variable_refcount_visitor(),583453,583452,44,thumb,STT_FUNC,STB_GLOBAL,STV_DEFAULT,12,.text
.dynsym,1690,_ZN26ir_variable_refcount_entryC1EP11ir_variable,ir_variable_refcount_entry::ir_variable_refcount_entry(ir_variable*),583509,583508,20,thumb,STT_FUNC,STB_GLOBAL,STV_DEFAULT,12,.text
.dynsym,1691,_Z36link_assign_atomic_counter_resourcesP10gl_contextP17gl_shader_program,"link_assign_atomic_counter_resources(gl_context*, gl_shader_program*)",583897,583896,348,thumb,STT_FUNC,STB_GLOBAL,STV_DEFAULT,12,.text
.dynsym,1692,qsort,qsort,0,0,0,arm,STT_FUNC,STB_GLOBAL,STV_DEFAULT,SHN_UNDEF,SHN_UNDEF
.dynsym,1693,_Z35link_check_atomic_counter_resourcesP10gl_contextP17gl_shader_program,"link_check_atomic_counter_resources(gl_context*, gl_shader_program*)",584833,584832,460,thumb,STT_FUNC,STB_GLOBAL,STV_DEFAULT,12,.text
.dynsym,1694,_Z19link_function_callsP17gl_shader_programP9gl_shaderPS2_j,"link_function_calls(gl_shader_program*, gl_shader*, gl_shader**, unsigned int)",585305,585304,152,thumb,STT_FUNC,STB_GLOBAL,STV_DEFAULT,12,.text
.dynsym,1695,_Z36validate_intrastage_interface_blocksP17gl_shader_programPPK9gl_shaderj,"validate_intrastage_interface_blocks(gl_shader_program*, gl_shader const**, unsigned int)",586525,586524,472,thumb,STT_FUNC,STB_GLOBAL,STV_DEFAULT,12,.text
.dynsym,1696,_Z32validate_interstage_inout_blocksP17gl_shader_programPK9gl_shaderS3_,"validate_interstage_inout_blocks(gl_shader_program*, gl_shader const*, gl_shader const*)",587133,587132,380,thumb,STT_FUNC,STB_GLOBAL,STV_DEFAULT,12,.text
.dynsym,1697,_Z34validate_interstage_uniform_blocksP17gl_shader_programPP9gl_shaderi,"validate_interstage_uniform_blocks(gl_shader_program*, gl_shader**, int)",587513,587512,376,thumb,STT_FUNC,STB_GLOBAL,STV_DEFAULT,12,.text
.dynsym,1698,_Z13process_blockPvP10hash_tableP11ir_variable,"process_block(void*, hash_table*, ir_variable*)",587889,587888,204,thumb,STT_FUNC,STB_GLOBAL,STV_DEFAULT,12,.text
.dynsym,1699,_ZN33link_uniform_block_active_visitor5visitEP11ir_variable,link_uniform_block_active_visitor::visit(ir_variable*),588093,588092,112,thumb,STT_FUNC,STB_GLOBAL,STV_DEFAULT,12,.text
.dynsym,1700,_ZN33link_uniform_block_active_visitor11visit_enterEP20ir_dereference_array,link_uniform_block_active_visitor::visit_enter(ir_dereference_array*),588205,588204,268,thumb,STT_FUNC,STB_GLOBAL,STV_DEFAULT,12,.text
.dynsym,1701,_ZN33link_uniform_block_active_visitor5visitEP23ir_dereference_variable,link_uniform_block_active_visitor::visit(ir_dereference_variable*),588473,588472,76,thumb,STT_FUNC,STB_GLOBAL,STV_DEFAULT,12,.text
.dynsym,1702,_ZTV33link_uniform_block_active_visitor,vtable for link_uniform_block_active_visitor,888480,888480,156,,STT_OBJECT,STB_GLOBAL,STV_DEFAULT,18,.data.rel.ro
.dynsym,1703,_ZTI33link_uniform_block_active_visitor,typeinfo for link_uniform_block_active_visitor,888636,888636,12,,STT_OBJECT,STB_GLOBAL,STV_DEFAULT,18,.data.rel.ro
.dynsym,1704,_ZTS33link_uniform_block_active_visitor,typeinfo name for link_uniform_block_active_visitor,861616,861616,36,,STT_OBJECT,STB_GLOBAL,STV_DEFAULT,15,.rodata
.dynsym,1705,_Z19link_uniform_blocksPvP17gl_shader_programPP9gl_shaderjPP16gl_uniform_block,"link_uniform_blocks(void*, gl_shader_program*, gl_shader**, unsigned int, gl_uniform_block**)",588549,588548,844,thumb,STT_FUNC,STB_GLOBAL,STV_DEFAULT,12,.text
.dynsym,1706,_ZN24program_resource_visitor7processEPK9glsl_typePKc,"program_resource_visitor::process(glsl_type const*, char const*)",590973,590972,104,thumb,STT_FUNC,STB_GLOBAL,STV_DEFAULT,12,.text
.dynsym,1707,_Z34link_uniform_blocks_are_compatiblePK16gl_uniform_blockS1_,"link_uniform_blocks_are_compatible(gl_uniform_block const*, gl_uniform_block const*)",589393,589392,98,thumb,STT_FUNC,STB_GLOBAL,STV_DEFAULT,12,.text
.dynsym,1708,_ZN24program_resource_visitor11visit_fieldEPK9glsl_typePKcbS2_b,"program_resource_visitor::visit_field(glsl_type const*, char const*, bool, glsl_type const*, bool)",591817,591816,10,thumb,STT_FUNC,STB_GLOBAL,STV_DEFAULT,12,.text
.dynsym,1709,_ZN24program_resource_visitor11visit_fieldEPK17glsl_struct_field,program_resource_visitor::visit_field(glsl_struct_field const*),591827,591826,2,thumb,STT_FUNC,STB_GLOBAL,STV_DEFAULT,12,.text
.dynsym,1710,_ZTI24program_resource_visitor,typeinfo for program_resource_visitor,888732,888732,8,,STT_OBJECT,STB_GLOBAL,STV_DEFAULT,18,.data.rel.ro
.dynsym,1711,_ZN6linker11get_storageEP18gl_uniform_storagejPKc,"linker::get_storage(gl_uniform_storage*, unsigned int, char const*)",589781,589780,46,thumb,STT_FUNC,STB_GLOBAL,STV_DEFAULT,12,.text
.dynsym,1712,_ZN6linker24copy_constant_to_storageEP17gl_constant_valuePK11ir_constant14glsl_base_typejj,"linker::copy_constant_to_storage(gl_constant_value*, ir_constant const*, glsl_base_type, unsigned int, unsigned int)",589829,589828,58,thumb,STT_FUNC,STB_GLOBAL,STV_DEFAULT,12,.text
.dynsym,1713,_ZN6linker19set_sampler_bindingEP17gl_shader_programPKci,"linker::set_sampler_binding(gl_shader_program*, char const*, int)",589889,589888,170,thumb,STT_FUNC,STB_GLOBAL,STV_DEFAULT,12,.text
.dynsym,1714,_ZN6linker17set_block_bindingEP17gl_shader_programPKci,"linker::set_block_binding(gl_shader_program*, char const*, int)",590059,590058,98,thumb,STT_FUNC,STB_GLOBAL,STV_DEFAULT,12,.text
.dynsym,1715,_ZN6linker23set_uniform_initializerEPvP17gl_shader_programPKcPK9glsl_typeP11ir_constantj,"linker::set_uniform_initializer(void*, gl_shader_program*, char const*, glsl_type const*, ir_constant*, unsigned int)",590157,590156,492,thumb,STT_FUNC,STB_GLOBAL,STV_DEFAULT,12,.text
.dynsym,1716,_Z29link_set_uniform_initializersP17gl_shader_programj,"link_set_uniform_initializers(gl_shader_program*, unsigned int)",590649,590648,324,thumb,STT_FUNC,STB_GLOBAL,STV_DEFAULT,12,.text
.dynsym,1717,_ZN24program_resource_visitor9recursionEPK9glsl_typePPcjbS2_b,"program_resource_visitor::recursion(glsl_type const*, char**, unsigned int, bool, glsl_type const*, bool)",591077,591076,384,thumb,STT_FUNC,STB_GLOBAL,STV_DEFAULT,12,.text
.dynsym,1718,_ZN24program_resource_visitor7processEP11ir_variable,program_resource_visitor::process(ir_variable*),591461,591460,356,thumb,STT_FUNC,STB_GLOBAL,STV_DEFAULT,12,.text
.dynsym,1719,_Z33link_cross_validate_uniform_blockPvPP16gl_uniform_blockPjS1_,"link_cross_validate_uniform_block(void*, gl_uniform_block**, unsigned int*, gl_uniform_block*)",591829,591828,276,thumb,STT_FUNC,STB_GLOBAL,STV_DEFAULT,12,.text
.dynsym,1720,_Z29link_assign_uniform_locationsP17gl_shader_programj,"link_assign_uniform_locations(gl_shader_program*, unsigned int)",592105,592104,1328,thumb,STT_FUNC,STB_GLOBAL,STV_DEFAULT,12,.text
.dynsym,1721,_ZN26parcel_out_uniform_storage15set_and_processEP17gl_shader_programP11ir_variable,"parcel_out_uniform_storage::set_and_process(gl_shader_program*, ir_variable*)",593433,593432,378,thumb,STT_FUNC,STB_WEAK,STV_DEFAULT,12,.text
.dynsym,1722,_ZN18string_to_uint_map10delete_keyEPKvPvS2_,"string_to_uint_map::delete_key(void const*, void*, void*)",593811,593810,4,thumb,STT_FUNC,STB_WEAK,STV_DEFAULT,12,.text
.dynsym,1723,_ZTV26parcel_out_uniform_storage,vtable for parcel_out_uniform_storage,888772,888772,20,,STT_OBJECT,STB_WEAK,STV_DEFAULT,18,.data.rel.ro
.dynsym,1724,_ZN18string_to_uint_map3putEjPKc,"string_to_uint_map::put(unsigned int, char const*)",593951,593950,54,thumb,STT_FUNC,STB_WEAK,STV_DEFAULT,12,.text
.dynsym,1725,_ZN26parcel_out_uniform_storage11visit_fieldEPK9glsl_typePKcbS2_b,"parcel_out_uniform_storage::visit_field(glsl_type const*, char const*, bool, glsl_type const*, bool)",594005,594004,500,thumb,STT_FUNC,STB_WEAK,STV_DEFAULT,12,.text
.dynsym,1726,_ZN26parcel_out_uniform_storage15handle_samplersEPK9glsl_typeP18gl_uniform_storage,"parcel_out_uniform_storage::handle_samplers(glsl_type const*, gl_uniform_storage*)",594507,594506,158,thumb,STT_FUNC,STB_WEAK,STV_DEFAULT,12,.text
.dynsym,1727,_ZN26parcel_out_uniform_storage13handle_imagesEPK9glsl_typeP18gl_uniform_storage,"parcel_out_uniform_storage::handle_images(glsl_type const*, gl_uniform_storage*)",594665,594664,52,thumb,STT_FUNC,STB_WEAK,STV_DEFAULT,12,.text
.dynsym,1728,_ZN26parcel_out_uniform_storage11visit_fieldEPK9glsl_typePKcb,"parcel_out_uniform_storage::visit_field(glsl_type const*, char const*, bool)",594505,594504,2,thumb,STT_FUNC,STB_WEAK,STV_DEFAULT,12,.text
.dynsym,1729,_ZTV24program_resource_visitor,vtable for program_resource_visitor,888712,888712,20,,STT_OBJECT,STB_GLOBAL,STV_DEFAULT,18,.data.rel.ro
.dynsym,1730,_ZTS24program_resource_visitor,typeinfo name for program_resource_visitor,861744,861744,27,,STT_OBJECT,STB_GLOBAL,STV_DEFAULT,15,.rodata
.dynsym,1731,_ZTI26parcel_out_uniform_storage,typeinfo for parcel_out_uniform_storage,888792,888792,12,,STT_OBJECT,STB_WEAK,STV_DEFAULT,18,.data.rel.ro
.dynsym,1732,_ZTS26parcel_out_uniform_storage,typeinfo name for parcel_out_uniform_storage,861824,861824,29,,STT_OBJECT,STB_WEAK,STV_DEFAULT,15,.rodata
.dynsym,1733,_Z32cross_validate_outputs_to_inputsP17gl_shader_programP9gl_shaderS2_,"cross_validate_outputs_to_inputs(gl_shader_program*, gl_shader*, gl_shader*)",594717,594716,596,thumb,STT_FUNC,STB_GLOBAL,STV_DEFAULT,12,.text
.dynsym,1734,_ZN14tfeedback_decl4initEP10gl_contextPKvPKc,"tfeedback_decl::init(gl_context*, void const*, char const*)",595869,595868,352,thumb,STT_FUNC,STB_GLOBAL,STV_DEFAULT,12,.text
.dynsym,1735,_Z27parse_program_resource_namePKcPS0_,"parse_program_resource_name(char const*, char const**)",600137,600136,84,thumb,STT_FUNC,STB_GLOBAL,STV_DEFAULT,12,.text
.dynsym,1736,_ZN14tfeedback_decl7is_sameERKS_S1_,"tfeedback_decl::is_same(tfeedback_decl const&, tfeedback_decl const&)",596221,596220,44,thumb,STT_FUNC,STB_GLOBAL,STV_DEFAULT,12,.text
.dynsym,1737,_ZN14tfeedback_decl15assign_locationEP10gl_contextP17gl_shader_program,"tfeedback_decl::assign_location(gl_context*, gl_shader_program*)",596265,596264,288,thumb,STT_FUNC,STB_GLOBAL,STV_DEFAULT,12,.text
.dynsym,1738,_ZNK14tfeedback_decl15get_num_outputsEv,tfeedback_decl::get_num_outputs() const,596553,596552,42,thumb,STT_FUNC,STB_GLOBAL,STV_DEFAULT,12,.text
.dynsym,1739,_ZNK14tfeedback_decl5storeEP10gl_contextP17gl_shader_programP26gl_transform_feedback_infojj,"tfeedback_decl::store(gl_context*, gl_shader_program*, gl_transform_feedback_info*, unsigned int, unsigned int) const",596597,596596,280,thumb,STT_FUNC,STB_GLOBAL,STV_DEFAULT,12,.text
.dynsym,1740,_ZN14tfeedback_decl14find_candidateEP17gl_shader_programP10hash_table,"tfeedback_decl::find_candidate(gl_shader_program*, hash_table*)",596877,596876,112,thumb,STT_FUNC,STB_GLOBAL,STV_DEFAULT,12,.text
.dynsym,1741,_Z21parse_tfeedback_declsP10gl_contextP17gl_shader_programPKvjPPcP14tfeedback_decl,"parse_tfeedback_decls(gl_context*, gl_shader_program*, void const*, unsigned int, char**, tfeedback_decl*)",596989,596988,196,thumb,STT_FUNC,STB_GLOBAL,STV_DEFAULT,12,.text
.dynsym,1742,_Z20store_tfeedback_infoP10gl_contextP17gl_shader_programjP14tfeedback_decl,"store_tfeedback_info(gl_context*, gl_shader_program*, unsigned int, tfeedback_decl*)",597185,597184,280,thumb,STT_FUNC,STB_GLOBAL,STV_DEFAULT,12,.text
.dynsym,1743,_ZN6linker28populate_consumer_input_setsEPvP9exec_listP10hash_tableS4_PP11ir_variable,"linker::populate_consumer_input_sets(void*, exec_list*, hash_table*, hash_table*, ir_variable**)",597465,597464,172,thumb,STT_FUNC,STB_GLOBAL,STV_DEFAULT,12,.text
.dynsym,1744,_ZN6linker18get_matching_inputEPvPK11ir_variableP10hash_tableS5_PPS1_,"linker::get_matching_input(void*, ir_variable const*, hash_table*, hash_table*, ir_variable**)",597637,597636,84,thumb,STT_FUNC,STB_GLOBAL,STV_DEFAULT,12,.text
.dynsym,1745,_Z24assign_varying_locationsP10gl_contextPvP17gl_shader_programP9gl_shaderS5_jP14tfeedback_declj,"assign_varying_locations(gl_context*, void*, gl_shader_program*, gl_shader*, gl_shader*, unsigned int, tfeedback_decl*, unsigned int)",597721,597720,1148,thumb,STT_FUNC,STB_GLOBAL,STV_DEFAULT,12,.text
.dynsym,1746,_ZN29tfeedback_candidate_generator7processEP11ir_variable,tfeedback_candidate_generator::process(ir_variable*),599065,599064,42,thumb,STT_FUNC,STB_WEAK,STV_DEFAULT,12,.text
.dynsym,1747,_Z21lower_packed_varyingsPvj16ir_variable_modejP9gl_shader,"lower_packed_varyings(void*, unsigned int, ir_variable_mode, unsigned int, gl_shader*)",633277,633276,476,thumb,STT_FUNC,STB_GLOBAL,STV_DEFAULT,12,.text
.dynsym,1748,_Z14linker_warningP17gl_shader_programPKcz,"linker_warning(gl_shader_program*, char const*, ...)",600037,600036,100,thumb,STT_FUNC,STB_GLOBAL,STV_DEFAULT,12,.text
.dynsym,1749,_ZTV29tfeedback_candidate_generator,vtable for tfeedback_candidate_generator,888804,888804,20,,STT_OBJECT,STB_WEAK,STV_DEFAULT,18,.data.rel.ro
.dynsym,1750,_Z26check_against_output_limitP10gl_contextP17gl_shader_programP9gl_shader,"check_against_output_limit(gl_context*, gl_shader_program*, gl_shader*)",599449,599448,22,thumb,STT_FUNC,STB_GLOBAL,STV_DEFAULT,12,.text
.dynsym,1751,_Z25check_against_input_limitP10gl_contextP17gl_shader_programP9gl_shader,"check_against_input_limit(gl_context*, gl_shader_program*, gl_shader*)",599473,599472,300,thumb,STT_FUNC,STB_GLOBAL,STV_DEFAULT,12,.text
.dynsym,1752,_ZN29tfeedback_candidate_generator11visit_fieldEPK9glsl_typePKcb,"tfeedback_candidate_generator::visit_field(glsl_type const*, char const*, bool)",599833,599832,72,thumb,STT_FUNC,STB_WEAK,STV_DEFAULT,12,.text
.dynsym,1753,_ZTI29tfeedback_candidate_generator,typeinfo for tfeedback_candidate_generator,888824,888824,12,,STT_OBJECT,STB_WEAK,STV_DEFAULT,18,.data.rel.ro
.dynsym,1754,_ZTS29tfeedback_candidate_generator,typeinfo name for tfeedback_candidate_generator,861856,861856,32,,STT_OBJECT,STB_WEAK,STV_DEFAULT,15,.rodata
.dynsym,1755,_Z34link_invalidate_variable_locationsP9exec_list,link_invalidate_variable_locations(exec_list*),600221,600220,114,thumb,STT_FUNC,STB_GLOBAL,STV_DEFAULT,12,.text
.dynsym,1756,_Z33validate_vertex_shader_executableP17gl_shader_programP9gl_shader,"validate_vertex_shader_executable(gl_shader_program*, gl_shader*)",600337,600336,232,thumb,STT_FUNC,STB_GLOBAL,STV_DEFAULT,12,.text
.dynsym,1757,_Z35validate_fragment_shader_executableP17gl_shader_programP9gl_shader,"validate_fragment_shader_executable(gl_shader_program*, gl_shader*)",600889,600888,196,thumb,STT_FUNC,STB_GLOBAL,STV_DEFAULT,12,.text
.dynsym,1758,_Z35validate_geometry_shader_executableP17gl_shader_programP9gl_shader,"validate_geometry_shader_executable(gl_shader_program*, gl_shader*)",601085,601084,40,thumb,STT_FUNC,STB_GLOBAL,STV_DEFAULT,12,.text
.dynsym,1759,_Z22cross_validate_globalsP17gl_shader_programPP9gl_shaderjb,"cross_validate_globals(gl_shader_program*, gl_shader**, unsigned int, bool)",601125,601124,900,thumb,STT_FUNC,STB_GLOBAL,STV_DEFAULT,12,.text
.dynsym,1760,_Z23cross_validate_uniformsP17gl_shader_program,cross_validate_uniforms(gl_shader_program*),602025,602024,12,thumb,STT_FUNC,STB_GLOBAL,STV_DEFAULT,12,.text
.dynsym,1761,_Z15remap_variablesP14ir_instructionP9gl_shaderP10hash_table,"remap_variables(ir_instruction*, gl_shader*, hash_table*)",602037,602036,104,thumb,STT_FUNC,STB_GLOBAL,STV_DEFAULT,12,.text
.dynsym,1762,_Z21move_non_declarationsP9exec_listP9exec_nodebP9gl_shader,"move_non_declarations(exec_list*, exec_node*, bool, gl_shader*)",602141,602140,392,thumb,STT_FUNC,STB_GLOBAL,STV_DEFAULT,12,.text
.dynsym,1763,_Z32link_get_main_function_signatureP9gl_shader,link_get_main_function_signature(gl_shader*),602533,602532,104,thumb,STT_FUNC,STB_GLOBAL,STV_DEFAULT,12,.text
.dynsym,1764,_Z15lower_vertex_idP9gl_shader,lower_vertex_id(gl_shader*),649137,649136,192,thumb,STT_FUNC,STB_GLOBAL,STV_DEFAULT,12,.text
.dynsym,1765,_ZN20array_sizing_visitorC2Ev,array_sizing_visitor::array_sizing_visitor(),604481,604480,64,thumb,STT_FUNC,STB_WEAK,STV_DEFAULT,12,.text
.dynsym,1766,_ZN20array_sizing_visitor28fixup_unnamed_interface_typeEPKvPvS2_,"array_sizing_visitor::fixup_unnamed_interface_type(void const*, void*, void*)",609961,609960,154,thumb,STT_FUNC,STB_WEAK,STV_DEFAULT,12,.text
.dynsym,1767,_ZTV20array_sizing_visitor,vtable for array_sizing_visitor,889684,889684,156,,STT_OBJECT,STB_WEAK,STV_DEFAULT,18,.data.rel.ro
.dynsym,1768,_Z20find_available_slotsjj,"find_available_slots(unsigned int, unsigned int)",604545,604544,60,thumb,STT_FUNC,STB_GLOBAL,STV_DEFAULT,12,.text
.dynsym,1769,_Z35assign_attribute_or_color_locationsP17gl_shader_programjj,"assign_attribute_or_color_locations(gl_shader_program*, unsigned int, unsigned int)",604605,604604,1000,thumb,STT_FUNC,STB_GLOBAL,STV_DEFAULT,12,.text
.dynsym,1770,_Z32demote_shader_inputs_and_outputsP9gl_shader16ir_variable_mode,"demote_shader_inputs_and_outputs(gl_shader*, ir_variable_mode)",605613,605612,84,thumb,STT_FUNC,STB_GLOBAL,STV_DEFAULT,12,.text
.dynsym,1771,_Z12link_shadersP10gl_contextP17gl_shader_program,"link_shaders(gl_context*, gl_shader_program*)",605697,605696,3496,thumb,STT_FUNC,STB_GLOBAL,STV_DEFAULT,12,.text
.dynsym,1772,_mesa_reference_shader,_mesa_reference_shader,682637,682636,4,thumb,STT_FUNC,STB_GLOBAL,STV_DEFAULT,12,.text
.dynsym,1773,_Z28lower_named_interface_blocksPvP9gl_shader,"lower_named_interface_blocks(void*, gl_shader*)",630989,630988,684,thumb,STT_FUNC,STB_GLOBAL,STV_DEFAULT,12,.text
.dynsym,1774,_Z18lower_discard_flowP9exec_list,lower_discard_flow(exec_list*),618349,618348,180,thumb,STT_FUNC,STB_GLOBAL,STV_DEFAULT,12,.text
.dynsym,1775,_Z19lower_clip_distanceP9gl_shader,lower_clip_distance(gl_shader*),615269,615268,124,thumb,STT_FUNC,STB_GLOBAL,STV_DEFAULT,12,.text
.dynsym,1776,_Z24do_dead_builtin_varyingsP10gl_contextP9gl_shaderS2_jP14tfeedback_decl,"do_dead_builtin_varyings(gl_context*, gl_shader*, gl_shader*, unsigned int, tfeedback_decl*)",665725,665724,656,thumb,STT_FUNC,STB_GLOBAL,STV_DEFAULT,12,.text
.dynsym,1777,_ZN20array_sizing_visitor5visitEP11ir_variable,array_sizing_visitor::visit(ir_variable*),609609,609608,202,thumb,STT_FUNC,STB_WEAK,STV_DEFAULT,12,.text
.dynsym,1778,_ZN20array_sizing_visitor10fixup_typeEPPK9glsl_typej,"array_sizing_visitor::fixup_type(glsl_type const**, unsigned int)",609811,609810,34,thumb,STT_FUNC,STB_WEAK,STV_DEFAULT,12,.text
.dynsym,1779,_ZN20array_sizing_visitor24resize_interface_membersEPK9glsl_typePKj,"array_sizing_visitor::resize_interface_members(glsl_type const*, unsigned int const*)",609845,609844,116,thumb,STT_FUNC,STB_WEAK,STV_DEFAULT,12,.text
.dynsym,1780,_ZTI20array_sizing_visitor,typeinfo for array_sizing_visitor,889840,889840,12,,STT_OBJECT,STB_WEAK,STV_DEFAULT,18,.data.rel.ro
.dynsym,1781,_ZTS20array_sizing_visitor,typeinfo name for array_sizing_visitor,862160,862160,23,,STT_OBJECT,STB_WEAK,STV_DEFAULT,15,.rodata
.dynsym,1782,_ZN13loop_variable16record_referenceEbbP13ir_assignment,"loop_variable::record_reference(bool, bool, ir_assignment*)",610257,610256,40,thumb,STT_FUNC,STB_GLOBAL,STV_DEFAULT,12,.text
.dynsym,1783,_ZN10loop_stateC2Ev,loop_state::loop_state(),610297,610296,92,thumb,STT_FUNC,STB_GLOBAL,STV_DEFAULT,12,.text
.dynsym,1784,_ZN10loop_stateD2Ev,loop_state::~loop_state(),610389,610388,34,thumb,STT_FUNC,STB_GLOBAL,STV_DEFAULT,12,.text
.dynsym,1785,_ZN10loop_state6insertEP7ir_loop,loop_state::insert(ir_loop*),610425,610424,68,thumb,STT_FUNC,STB_GLOBAL,STV_DEFAULT,12,.text
.dynsym,1786,_ZN19loop_variable_stateC2Ev,loop_variable_state::loop_variable_state(),610493,610492,104,thumb,STT_FUNC,STB_WEAK,STV_DEFAULT,12,.text
.dynsym,1787,_ZN19loop_variable_state18_ralloc_destructorEPv,loop_variable_state::_ralloc_destructor(void*),611153,611152,6,thumb,STT_FUNC,STB_WEAK,STV_DEFAULT,12,.text
.dynsym,1788,_ZN10loop_state19insert_non_inductorEP11ir_variable,loop_state::insert_non_inductor(ir_variable*),610609,610608,10,thumb,STT_FUNC,STB_GLOBAL,STV_DEFAULT,12,.text
.dynsym,1789,_ZN10loop_state15insert_inductorEP13loop_variableP19loop_variable_stateP7ir_loop,"loop_state::insert_inductor(loop_variable*, loop_variable_state*, ir_loop*)",610621,610620,244,thumb,STT_FUNC,STB_GLOBAL,STV_DEFAULT,12,.text
.dynsym,1790,_ZN19loop_variable_state3getEPK11ir_variable,loop_variable_state::get(ir_variable const*),610865,610864,6,thumb,STT_FUNC,STB_GLOBAL,STV_DEFAULT,12,.text
.dynsym,1791,_ZN19loop_variable_state6insertEP11ir_variable,loop_variable_state::insert(ir_variable*),610871,610870,58,thumb,STT_FUNC,STB_GLOBAL,STV_DEFAULT,12,.text
.dynsym,1792,_ZN19loop_variable_state6insertEP5ir_if,loop_variable_state::insert(ir_if*),610929,610928,72,thumb,STT_FUNC,STB_GLOBAL,STV_DEFAULT,12,.text
.dynsym,1793,_ZN19loop_variable_state13get_or_insertEP11ir_variableb,"loop_variable_state::get_or_insert(ir_variable*, bool)",611001,611000,42,thumb,STT_FUNC,STB_GLOBAL,STV_DEFAULT,12,.text
.dynsym,1794,_Z18find_initial_valueP7ir_loopP11ir_variablePP14ir_instruction,"find_initial_value(ir_loop*, ir_variable*, ir_instruction**)",612877,612876,200,thumb,STT_FUNC,STB_GLOBAL,STV_DEFAULT,12,.text
.dynsym,1795,_Z20calculate_iterationsP9ir_rvalueS0_S0_23ir_expression_operation,"calculate_iterations(ir_rvalue*, ir_rvalue*, ir_rvalue*, ir_expression_operation)",613077,613076,664,thumb,STT_FUNC,STB_GLOBAL,STV_DEFAULT,12,.text
.dynsym,1796,_ZTV11examine_rhs,vtable for examine_rhs,890020,890020,156,,STT_OBJECT,STB_WEAK,STV_DEFAULT,18,.data.rel.ro
.dynsym,1797,_ZN11examine_rhs5visitEP23ir_dereference_variable,examine_rhs::visit(ir_dereference_variable*),612813,612812,64,thumb,STT_FUNC,STB_WEAK,STV_DEFAULT,12,.text
.dynsym,1798,_ZTI11examine_rhs,typeinfo for examine_rhs,890176,890176,12,,STT_OBJECT,STB_WEAK,STV_DEFAULT,18,.data.rel.ro
.dynsym,1799,_ZTS11examine_rhs,typeinfo name for examine_rhs,862224,862224,14,,STT_OBJECT,STB_WEAK,STV_DEFAULT,15,.rodata
.dynsym,1800,_ZN10loop_stateC1Ev,loop_state::loop_state(),610297,610296,92,thumb,STT_FUNC,STB_GLOBAL,STV_DEFAULT,12,.text
.dynsym,1801,_ZTV17loop_unroll_count,vtable for loop_unroll_count,890524,890524,156,,STT_OBJECT,STB_WEAK,STV_DEFAULT,18,.data.rel.ro
.dynsym,1802,_ZN17loop_unroll_count11visit_enterEP7ir_loop,loop_unroll_count::visit_enter(ir_loop*),615093,615092,10,thumb,STT_FUNC,STB_WEAK,STV_DEFAULT,12,.text
.dynsym,1803,_ZN17loop_unroll_count11visit_enterEP13ir_expression,loop_unroll_count::visit_enter(ir_expression*),615103,615102,10,thumb,STT_FUNC,STB_WEAK,STV_DEFAULT,12,.text
.dynsym,1804,_ZN17loop_unroll_count11visit_enterEP20ir_dereference_array,loop_unroll_count::visit_enter(ir_dereference_array*),615113,615112,142,thumb,STT_FUNC,STB_WEAK,STV_DEFAULT,12,.text
.dynsym,1805,_ZN17loop_unroll_count11visit_enterEP13ir_assignment,loop_unroll_count::visit_enter(ir_assignment*),615257,615256,10,thumb,STT_FUNC,STB_WEAK,STV_DEFAULT,12,.text
.dynsym,1806,_ZTI17loop_unroll_count,typeinfo for loop_unroll_count,890680,890680,12,,STT_OBJECT,STB_WEAK,STV_DEFAULT,18,.data.rel.ro
.dynsym,1807,_ZTS17loop_unroll_count,typeinfo name for loop_unroll_count,862336,862336,20,,STT_OBJECT,STB_WEAK,STV_DEFAULT,15,.rodata
.dynsym,1808,_Z13lower_discardP9exec_list,lower_discard(exec_list*),617681,617680,84,thumb,STT_FUNC,STB_GLOBAL,STV_DEFAULT,12,.text
.dynsym,1809,_Z23lower_if_to_cond_assignP9exec_listj,"lower_if_to_cond_assign(exec_list*, unsigned int)",619041,619040,156,thumb,STT_FUNC,STB_GLOBAL,STV_DEFAULT,12,.text
.dynsym,1810,_Z18check_control_flowP14ir_instructionPv,"check_control_flow(ir_instruction*, void*)",619197,619196,30,thumb,STT_FUNC,STB_GLOBAL,STV_DEFAULT,12,.text
.dynsym,1811,_Z25move_block_to_cond_assignPvP5ir_ifP9ir_rvalueP9exec_listP10hash_table,"move_block_to_cond_assign(void*, ir_if*, ir_rvalue*, exec_list*, hash_table*)",619229,619228,356,thumb,STT_FUNC,STB_GLOBAL,STV_DEFAULT,12,.text
.dynsym,1812,_ZN23ir_control_flow_visitor5visitEP11ir_variable,ir_control_flow_visitor::visit(ir_variable*),623525,623524,2,thumb,STT_FUNC,STB_WEAK,STV_DEFAULT,12,.text
.dynsym,1813,_ZN23ir_control_flow_visitor5visitEP13ir_expression,ir_control_flow_visitor::visit(ir_expression*),623961,623960,2,thumb,STT_FUNC,STB_WEAK,STV_DEFAULT,12,.text
.dynsym,1814,_ZN23ir_control_flow_visitor5visitEP10ir_texture,ir_control_flow_visitor::visit(ir_texture*),623963,623962,2,thumb,STT_FUNC,STB_WEAK,STV_DEFAULT,12,.text
.dynsym,1815,_ZN23ir_control_flow_visitor5visitEP10ir_swizzle,ir_control_flow_visitor::visit(ir_swizzle*),623965,623964,2,thumb,STT_FUNC,STB_WEAK,STV_DEFAULT,12,.text
.dynsym,1816,_ZN23ir_control_flow_visitor5visitEP23ir_dereference_variable,ir_control_flow_visitor::visit(ir_dereference_variable*),623967,623966,2,thumb,STT_FUNC,STB_WEAK,STV_DEFAULT,12,.text
.dynsym,1817,_ZN23ir_control_flow_visitor5visitEP20ir_dereference_array,ir_control_flow_visitor::visit(ir_dereference_array*),623969,623968,2,thumb,STT_FUNC,STB_WEAK,STV_DEFAULT,12,.text
.dynsym,1818,_ZN23ir_control_flow_visitor5visitEP21ir_dereference_record,ir_control_flow_visitor::visit(ir_dereference_record*),623971,623970,2,thumb,STT_FUNC,STB_WEAK,STV_DEFAULT,12,.text
.dynsym,1819,_ZN23ir_control_flow_visitor5visitEP13ir_assignment,ir_control_flow_visitor::visit(ir_assignment*),623973,623972,2,thumb,STT_FUNC,STB_WEAK,STV_DEFAULT,12,.text
.dynsym,1820,_ZN23ir_control_flow_visitor5visitEP11ir_constant,ir_control_flow_visitor::visit(ir_constant*),623975,623974,2,thumb,STT_FUNC,STB_WEAK,STV_DEFAULT,12,.text
.dynsym,1821,_ZN23ir_control_flow_visitor5visitEP7ir_call,ir_control_flow_visitor::visit(ir_call*),623977,623976,2,thumb,STT_FUNC,STB_WEAK,STV_DEFAULT,12,.text
.dynsym,1822,_ZN23ir_control_flow_visitor5visitEP14ir_emit_vertex,ir_control_flow_visitor::visit(ir_emit_vertex*),626845,626844,2,thumb,STT_FUNC,STB_WEAK,STV_DEFAULT,12,.text
.dynsym,1823,_ZN23ir_control_flow_visitor5visitEP16ir_end_primitive,ir_control_flow_visitor::visit(ir_end_primitive*),626847,626846,2,thumb,STT_FUNC,STB_WEAK,STV_DEFAULT,12,.text
.dynsym,1824,_ZTS23ir_control_flow_visitor,typeinfo name for ir_control_flow_visitor,862656,862656,26,,STT_OBJECT,STB_WEAK,STV_DEFAULT,15,.rodata
.dynsym,1825,_ZTI23ir_control_flow_visitor,typeinfo for ir_control_flow_visitor,891652,891652,12,,STT_OBJECT,STB_WEAK,STV_DEFAULT,18,.data.rel.ro
.dynsym,1826,_Z16do_mat_op_to_vecP9exec_list,do_mat_op_to_vec(exec_list*),628057,628056,104,thumb,STT_FUNC,STB_GLOBAL,STV_DEFAULT,12,.text
.dynsym,1827,_Z11lower_noiseP9exec_list,lower_noise(exec_list*),631981,631980,88,thumb,STT_FUNC,STB_GLOBAL,STV_DEFAULT,12,.text
.dynsym,1828,_ZTV19lower_noise_visitor,vtable for lower_noise_visitor,892004,892004,160,,STT_OBJECT,STB_WEAK,STV_DEFAULT,18,.data.rel.ro
.dynsym,1829,_ZN19lower_noise_visitor13handle_rvalueEPP9ir_rvalue,lower_noise_visitor::handle_rvalue(ir_rvalue**),632069,632068,52,thumb,STT_FUNC,STB_WEAK,STV_DEFAULT,12,.text
.dynsym,1830,_ZTI19lower_noise_visitor,typeinfo for lower_noise_visitor,892164,892164,12,,STT_OBJECT,STB_WEAK,STV_DEFAULT,18,.data.rel.ro
.dynsym,1831,_ZTS19lower_noise_visitor,typeinfo name for lower_noise_visitor,862800,862800,22,,STT_OBJECT,STB_WEAK,STV_DEFAULT,15,.rodata
.dynsym,1832,_ZN30brw_lower_offset_array_visitor13handle_rvalueEPP9ir_rvalue,brw_lower_offset_array_visitor::handle_rvalue(ir_rvalue**),632121,632120,368,thumb,STT_FUNC,STB_GLOBAL,STV_DEFAULT,12,.text
.dynsym,1833,_Z19lower_offset_arraysP9exec_list,lower_offset_arrays(exec_list*),632489,632488,88,thumb,STT_FUNC,STB_GLOBAL,STV_DEFAULT,12,.text
.dynsym,1834,_ZTV30brw_lower_offset_array_visitor,vtable for brw_lower_offset_array_visitor,892176,892176,160,,STT_OBJECT,STB_GLOBAL,STV_DEFAULT,18,.data.rel.ro
.dynsym,1835,_ZTI30brw_lower_offset_array_visitor,typeinfo for brw_lower_offset_array_visitor,892336,892336,12,,STT_OBJECT,STB_GLOBAL,STV_DEFAULT,18,.data.rel.ro
.dynsym,1836,_ZTS30brw_lower_offset_array_visitor,typeinfo name for brw_lower_offset_array_visitor,862832,862832,33,,STT_OBJECT,STB_GLOBAL,STV_DEFAULT,15,.rodata
.dynsym,1837,_Z18lower_output_readsP9exec_list,lower_output_reads(exec_list*),632577,632576,136,thumb,STT_FUNC,STB_GLOBAL,STV_DEFAULT,12,.text
.dynsym,1838,_ZN32lower_packed_varyings_gs_splicerC2EPvPK9exec_list,"lower_packed_varyings_gs_splicer::lower_packed_varyings_gs_splicer(void*, exec_list const*)",633153,633152,32,thumb,STT_FUNC,STB_GLOBAL,STV_DEFAULT,12,.text
.dynsym,1839,_ZTV32lower_packed_varyings_gs_splicer,vtable for lower_packed_varyings_gs_splicer,892516,892516,156,,STT_OBJECT,STB_GLOBAL,STV_DEFAULT,18,.data.rel.ro
.dynsym,1840,_ZN32lower_packed_varyings_gs_splicer11visit_leaveEP14ir_emit_vertex,lower_packed_varyings_gs_splicer::visit_leave(ir_emit_vertex*),633185,633184,90,thumb,STT_FUNC,STB_GLOBAL,STV_DEFAULT,12,.text
.dynsym,1841,_ZTI32lower_packed_varyings_gs_splicer,typeinfo for lower_packed_varyings_gs_splicer,892672,892672,12,,STT_OBJECT,STB_GLOBAL,STV_DEFAULT,18,.data.rel.ro
.dynsym,1842,_ZTS32lower_packed_varyings_gs_splicer,typeinfo name for lower_packed_varyings_gs_splicer,862928,862928,35,,STT_OBJECT,STB_GLOBAL,STV_DEFAULT,15,.rodata
.dynsym,1843,_ZN32lower_packed_varyings_gs_splicerC1EPvPK9exec_list,"lower_packed_varyings_gs_splicer::lower_packed_varyings_gs_splicer(void*, exec_list const*)",633153,633152,32,thumb,STT_FUNC,STB_GLOBAL,STV_DEFAULT,12,.text
.dynsym,1844,_Z22lower_packing_builtinsP9exec_listi,"lower_packing_builtins(exec_list*, int)",635409,635408,108,thumb,STT_FUNC,STB_GLOBAL,STV_DEFAULT,12,.text
.dynsym,1845,_ZN10ir_builder10ir_factory8constantEf,ir_builder::ir_factory::constant(float),638077,638076,48,thumb,STT_FUNC,STB_WEAK,STV_DEFAULT,12,.text
.dynsym,1846,_ZN10ir_builder10ir_factory8constantEj,ir_builder::ir_factory::constant(unsigned int),638029,638028,48,thumb,STT_FUNC,STB_WEAK,STV_DEFAULT,12,.text
.dynsym,1847,_ZN10ir_builder10ir_factory8constantEi,ir_builder::ir_factory::constant(int),639425,639424,48,thumb,STT_FUNC,STB_WEAK,STV_DEFAULT,12,.text
.dynsym,1848,_Z19lower_ubo_referenceP9gl_shaderP9exec_list,"lower_ubo_reference(gl_shader*, exec_list*)",640473,640472,104,thumb,STT_FUNC,STB_GLOBAL,STV_DEFAULT,12,.text
.dynsym,1849,_Z19compare_index_blockP9exec_listP11ir_variablejjPv,"compare_index_block(exec_list*, ir_variable*, unsigned int, unsigned int, void*)",643149,643148,432,thumb,STT_FUNC,STB_GLOBAL,STV_DEFAULT,12,.text
.dynsym,1850,_Z35lower_variable_index_to_cond_assignP9exec_listbbbb,"lower_variable_index_to_cond_assign(exec_list*, bool, bool, bool, bool)",643581,643580,144,thumb,STT_FUNC,STB_GLOBAL,STV_DEFAULT,12,.text
.dynsym,1851,_Z27do_vec_index_to_cond_assignP9exec_list,do_vec_index_to_cond_assign(exec_list*),645825,645824,84,thumb,STT_FUNC,STB_GLOBAL,STV_DEFAULT,12,.text
.dynsym,1852,_Z19is_extended_swizzleP13ir_expression,is_extended_swizzle(ir_expression*),647481,647480,144,thumb,STT_FUNC,STB_GLOBAL,STV_DEFAULT,12,.text
.dynsym,1853,_Z19lower_quadop_vectorP9exec_listb,"lower_quadop_vector(exec_list*, bool)",647625,647624,92,thumb,STT_FUNC,STB_GLOBAL,STV_DEFAULT,12,.text
.dynsym,1854,_Z10usage_failPKc,usage_fail(char const*),649901,649900,76,thumb,STT_FUNC,STB_GLOBAL,STV_DEFAULT,12,.text
.dynsym,1855,_Z14compile_shaderP10gl_contextP9gl_shader,"compile_shader(gl_context*, gl_shader*)",649977,649976,152,thumb,STT_FUNC,STB_GLOBAL,STV_DEFAULT,12,.text
.dynsym,1856,dump_hir,dump_hir,946232,946232,4,,STT_OBJECT,STB_GLOBAL,STV_DEFAULT,22,.bss
.dynsym,1857,dump_ast,dump_ast,946228,946228,4,,STT_OBJECT,STB_GLOBAL,STV_DEFAULT,22,.bss
.dynsym,1858,dump_lir,dump_lir,946236,946236,4,,STT_OBJECT,STB_GLOBAL,STV_DEFAULT,22,.bss
.dynsym,1859,main,main,650129,650128,1512,thumb,STT_FUNC,STB_GLOBAL,STV_DEFAULT,12,.text
.dynsym,1860,fseek,fseek,0,0,0,arm,STT_FUNC,STB_GLOBAL,STV_DEFAULT,SHN_UNDEF,SHN_UNDEF
.dynsym,1861,ftell,ftell,0,0,0,arm,STT_FUNC,STB_GLOBAL,STV_DEFAULT,SHN_UNDEF,SHN_UNDEF
.dynsym,1862,do_link,do_link,946240,946240,4,,STT_OBJECT,STB_GLOBAL,STV_DEFAULT,22,.bss
.dynsym,1863,_ZN26ir_array_splitting_visitor11split_derefEPP14ir_dereference,ir_array_splitting_visitor::split_deref(ir_dereference**),656457,656456,248,thumb,STT_FUNC,STB_GLOBAL,STV_DEFAULT,12,.text
.dynsym,1864,_ZN26ir_array_splitting_visitor13handle_rvalueEPP9ir_rvalue,ir_array_splitting_visitor::handle_rvalue(ir_rvalue**),656705,656704,76,thumb,STT_FUNC,STB_GLOBAL,STV_DEFAULT,12,.text
.dynsym,1865,_ZN26ir_array_splitting_visitor11visit_leaveEP13ir_assignment,ir_array_splitting_visitor::visit_leave(ir_assignment*),656781,656780,140,thumb,STT_FUNC,STB_GLOBAL,STV_DEFAULT,12,.text
.dynsym,1866,_ZTV26ir_array_splitting_visitor,vtable for ir_array_splitting_visitor,894680,894680,168,,STT_OBJECT,STB_GLOBAL,STV_DEFAULT,18,.data.rel.ro
.dynsym,1867,_ZN26ir_array_splitting_visitorD2Ev,ir_array_splitting_visitor::~ir_array_splitting_visitor(),657557,657556,2,thumb,STT_FUNC,STB_WEAK,STV_DEFAULT,12,.text
.dynsym,1868,_ZN26ir_array_splitting_visitorD0Ev,ir_array_splitting_visitor::~ir_array_splitting_visitor(),657559,657558,4,thumb,STT_FUNC,STB_WEAK,STV_DEFAULT,12,.text
.dynsym,1869,_ZTI26ir_array_splitting_visitor,typeinfo for ir_array_splitting_visitor,894848,894848,12,,STT_OBJECT,STB_GLOBAL,STV_DEFAULT,18,.data.rel.ro
.dynsym,1870,_ZTS26ir_array_splitting_visitor,typeinfo name for ir_array_splitting_visitor,863568,863568,29,,STT_OBJECT,STB_GLOBAL,STV_DEFAULT,15,.rodata
.dynsym,1871,_ZN7ir_call15generate_inlineEP14ir_instruction,ir_call::generate_inline(ir_instruction*),671265,671264,960,thumb,STT_FUNC,STB_GLOBAL,STV_DEFAULT,12,.text
.dynsym,1872,_ZTV31ir_variable_replacement_visitor,vtable for ir_variable_replacement_visitor,897588,897588,164,,STT_OBJECT,STB_GLOBAL,STV_DEFAULT,18,.data.rel.ro
.dynsym,1873,_ZN31ir_variable_replacement_visitor13replace_derefEPP14ir_dereference,ir_variable_replacement_visitor::replace_deref(ir_dereference**),672353,672352,56,thumb,STT_FUNC,STB_GLOBAL,STV_DEFAULT,12,.text
.dynsym,1874,_ZN31ir_variable_replacement_visitor14replace_rvalueEPP9ir_rvalue,ir_variable_replacement_visitor::replace_rvalue(ir_rvalue**),672409,672408,76,thumb,STT_FUNC,STB_GLOBAL,STV_DEFAULT,12,.text
.dynsym,1875,_ZN31ir_variable_replacement_visitor11visit_leaveEP10ir_texture,ir_variable_replacement_visitor::visit_leave(ir_texture*),672485,672484,14,thumb,STT_FUNC,STB_GLOBAL,STV_DEFAULT,12,.text
.dynsym,1876,_ZN31ir_variable_replacement_visitor11visit_leaveEP20ir_dereference_array,ir_variable_replacement_visitor::visit_leave(ir_dereference_array*),672499,672498,14,thumb,STT_FUNC,STB_GLOBAL,STV_DEFAULT,12,.text
.dynsym,1877,_ZN31ir_variable_replacement_visitor11visit_leaveEP21ir_dereference_record,ir_variable_replacement_visitor::visit_leave(ir_dereference_record*),672513,672512,14,thumb,STT_FUNC,STB_GLOBAL,STV_DEFAULT,12,.text
.dynsym,1878,_ZN31ir_variable_replacement_visitor11visit_leaveEP7ir_call,ir_variable_replacement_visitor::visit_leave(ir_call*),672529,672528,132,thumb,STT_FUNC,STB_GLOBAL,STV_DEFAULT,12,.text
.dynsym,1879,_ZN31ir_variable_replacement_visitorD2Ev,ir_variable_replacement_visitor::~ir_variable_replacement_visitor(),672661,672660,2,thumb,STT_FUNC,STB_WEAK,STV_DEFAULT,12,.text
.dynsym,1880,_ZN31ir_variable_replacement_visitorD0Ev,ir_variable_replacement_visitor::~ir_variable_replacement_visitor(),672663,672662,4,thumb,STT_FUNC,STB_WEAK,STV_DEFAULT,12,.text
.dynsym,1881,_ZTI31ir_variable_replacement_visitor,typeinfo for ir_variable_replacement_visitor,897752,897752,12,,STT_OBJECT,STB_GLOBAL,STV_DEFAULT,18,.data.rel.ro
.dynsym,1882,_ZTS31ir_variable_replacement_visitor,typeinfo name for ir_variable_replacement_visitor,864384,864384,34,,STT_OBJECT,STB_GLOBAL,STV_DEFAULT,15,.rodata
.dynsym,1883,_ZN27ir_vector_splitting_visitor12split_rvalueEPP9ir_rvalue,ir_vector_splitting_visitor::split_rvalue(ir_rvalue**),678945,678944,112,thumb,STT_FUNC,STB_GLOBAL,STV_DEFAULT,12,.text
.dynsym,1884,_ZN27ir_vector_splitting_visitor13handle_rvalueEPP9ir_rvalue,ir_vector_splitting_visitor::handle_rvalue(ir_rvalue**),679057,679056,64,thumb,STT_FUNC,STB_GLOBAL,STV_DEFAULT,12,.text
.dynsym,1885,_ZN27ir_vector_splitting_visitor11visit_leaveEP13ir_assignment,ir_vector_splitting_visitor::visit_leave(ir_assignment*),679121,679120,212,thumb,STT_FUNC,STB_GLOBAL,STV_DEFAULT,12,.text
.dynsym,1886,_ZTV27ir_vector_splitting_visitor,vtable for ir_vector_splitting_visitor,899476,899476,168,,STT_OBJECT,STB_GLOBAL,STV_DEFAULT,18,.data.rel.ro
.dynsym,1887,_ZN27ir_vector_splitting_visitorD2Ev,ir_vector_splitting_visitor::~ir_vector_splitting_visitor(),679993,679992,2,thumb,STT_FUNC,STB_WEAK,STV_DEFAULT,12,.text
.dynsym,1888,_ZN27ir_vector_splitting_visitorD0Ev,ir_vector_splitting_visitor::~ir_vector_splitting_visitor(),679995,679994,4,thumb,STT_FUNC,STB_WEAK,STV_DEFAULT,12,.text
.dynsym,1889,_ZTI27ir_vector_splitting_visitor,typeinfo for ir_vector_splitting_visitor,899644,899644,12,,STT_OBJECT,STB_GLOBAL,STV_DEFAULT,18,.data.rel.ro
.dynsym,1890,_ZTS27ir_vector_splitting_visitor,typeinfo name for ir_vector_splitting_visitor,864944,864944,30,,STT_OBJECT,STB_GLOBAL,STV_DEFAULT,15,.rodata
.dynsym,1891,_ZN8s_symbolC2EPKcj,"s_symbol::s_symbol(char const*, unsigned int)",681449,681448,20,thumb,STT_FUNC,STB_GLOBAL,STV_DEFAULT,12,.text
.dynsym,1892,_ZTV8s_symbol,vtable for s_symbol,899992,899992,28,,STT_OBJECT,STB_GLOBAL,STV_DEFAULT,18,.data.rel.ro
.dynsym,1893,_ZN6s_listC2Ev,s_list::s_list(),681469,681468,32,thumb,STT_FUNC,STB_GLOBAL,STV_DEFAULT,12,.text
.dynsym,1894,_ZTV6s_list,vtable for s_list,900020,900020,28,,STT_OBJECT,STB_GLOBAL,STV_DEFAULT,18,.data.rel.ro
.dynsym,1895,_ZN12s_expression15read_expressionEPvRPKc,"s_expression::read_expression(void*, char const*&)",681501,681500,72,thumb,STT_FUNC,STB_GLOBAL,STV_DEFAULT,12,.text
.dynsym,1896,strcspn,strcspn,0,0,0,arm,STT_FUNC,STB_GLOBAL,STV_DEFAULT,SHN_UNDEF,SHN_UNDEF
.dynsym,1897,_ZTV7s_float,vtable for s_float,900092,900092,32,,STT_OBJECT,STB_GLOBAL,STV_DEFAULT,18,.data.rel.ro
.dynsym,1898,_ZTV5s_int,vtable for s_int,900048,900048,32,,STT_OBJECT,STB_GLOBAL,STV_DEFAULT,18,.data.rel.ro
.dynsym,1899,_ZN5s_int5printEv,s_int::print(),682133,682132,12,thumb,STT_FUNC,STB_GLOBAL,STV_DEFAULT,12,.text
.dynsym,1900,_ZN7s_float5printEv,s_float::print(),682145,682144,24,thumb,STT_FUNC,STB_GLOBAL,STV_DEFAULT,12,.text
.dynsym,1901,_ZN8s_symbol5printEv,s_symbol::print(),682169,682168,12,thumb,STT_FUNC,STB_GLOBAL,STV_DEFAULT,12,.text
.dynsym,1902,_ZN6s_list5printEv,s_list::print(),682181,682180,62,thumb,STT_FUNC,STB_GLOBAL,STV_DEFAULT,12,.text
.dynsym,1903,_ZN9s_pattern5matchEP12s_expression,s_pattern::match(s_expression*),682245,682244,104,thumb,STT_FUNC,STB_GLOBAL,STV_DEFAULT,12,.text
.dynsym,1904,_Z7s_matchP12s_expressionjP9s_patternb,"s_match(s_expression*, unsigned int, s_pattern*, bool)",682349,682348,124,thumb,STT_FUNC,STB_GLOBAL,STV_DEFAULT,12,.text
.dynsym,1905,_ZNK12s_expression7is_listEv,s_expression::is_list() const,682473,682472,4,thumb,STT_FUNC,STB_WEAK,STV_DEFAULT,12,.text
.dynsym,1906,_ZNK12s_expression9is_symbolEv,s_expression::is_symbol() const,682477,682476,4,thumb,STT_FUNC,STB_WEAK,STV_DEFAULT,12,.text
.dynsym,1907,_ZNK8s_number9is_numberEv,s_number::is_number() const,682481,682480,4,thumb,STT_FUNC,STB_WEAK,STV_DEFAULT,12,.text
.dynsym,1908,_ZNK5s_int6is_intEv,s_int::is_int() const,682485,682484,4,thumb,STT_FUNC,STB_WEAK,STV_DEFAULT,12,.text
.dynsym,1909,_ZN5s_int6fvalueEv,s_int::fvalue(),682489,682488,14,thumb,STT_FUNC,STB_WEAK,STV_DEFAULT,12,.text
.dynsym,1910,_ZNK12s_expression6is_intEv,s_expression::is_int() const,682503,682502,4,thumb,STT_FUNC,STB_WEAK,STV_DEFAULT,12,.text
.dynsym,1911,_ZN7s_float6fvalueEv,s_float::fvalue(),682507,682506,4,thumb,STT_FUNC,STB_WEAK,STV_DEFAULT,12,.text
.dynsym,1912,_ZNK8s_symbol9is_symbolEv,s_symbol::is_symbol() const,682511,682510,4,thumb,STT_FUNC,STB_WEAK,STV_DEFAULT,12,.text
.dynsym,1913,_ZNK12s_expression9is_numberEv,s_expression::is_number() const,682515,682514,4,thumb,STT_FUNC,STB_WEAK,STV_DEFAULT,12,.text
.dynsym,1914,_ZNK6s_list7is_listEv,s_list::is_list() const,682519,682518,4,thumb,STT_FUNC,STB_WEAK,STV_DEFAULT,12,.text
.dynsym,1915,strspn,strspn,0,0,0,arm,STT_FUNC,STB_GLOBAL,STV_DEFAULT,SHN_UNDEF,SHN_UNDEF
.dynsym,1916,_ZTI8s_symbol,typeinfo for s_symbol,900136,900136,12,,STT_OBJECT,STB_GLOBAL,STV_DEFAULT,18,.data.rel.ro
.dynsym,1917,_ZTI6s_list,typeinfo for s_list,900148,900148,12,,STT_OBJECT,STB_GLOBAL,STV_DEFAULT,18,.data.rel.ro
.dynsym,1918,_ZTI5s_int,typeinfo for s_int,900080,900080,12,,STT_OBJECT,STB_GLOBAL,STV_DEFAULT,18,.data.rel.ro
.dynsym,1919,_ZTS5s_int,typeinfo name for s_int,865063,865063,7,,STT_OBJECT,STB_GLOBAL,STV_DEFAULT,15,.rodata
.dynsym,1920,_ZTS8s_number,typeinfo name for s_number,865097,865097,10,,STT_OBJECT,STB_WEAK,STV_DEFAULT,15,.rodata
.dynsym,1921,_ZTS12s_expression,typeinfo name for s_expression,865107,865107,15,,STT_OBJECT,STB_WEAK,STV_DEFAULT,15,.rodata
.dynsym,1922,_ZTI12s_expression,typeinfo for s_expression,900160,900160,24,,STT_OBJECT,STB_WEAK,STV_DEFAULT,18,.data.rel.ro
.dynsym,1923,_ZTI8s_number,typeinfo for s_number,900184,900184,12,,STT_OBJECT,STB_WEAK,STV_DEFAULT,18,.data.rel.ro
.dynsym,1924,_ZTI7s_float,typeinfo for s_float,900124,900124,12,,STT_OBJECT,STB_GLOBAL,STV_DEFAULT,18,.data.rel.ro
.dynsym,1925,_ZTS7s_float,typeinfo name for s_float,865070,865070,9,,STT_OBJECT,STB_GLOBAL,STV_DEFAULT,15,.rodata
.dynsym,1926,_ZTS8s_symbol,typeinfo name for s_symbol,865079,865079,10,,STT_OBJECT,STB_GLOBAL,STV_DEFAULT,15,.rodata
.dynsym,1927,_ZTS6s_list,typeinfo name for s_list,865089,865089,8,,STT_OBJECT,STB_GLOBAL,STV_DEFAULT,15,.rodata
.dynsym,1928,_ZN8s_symbolC1EPKcj,"s_symbol::s_symbol(char const*, unsigned int)",681449,681448,20,thumb,STT_FUNC,STB_GLOBAL,STV_DEFAULT,12,.text
.dynsym,1929,_ZN6s_listC1Ev,s_list::s_list(),681469,681468,32,thumb,STT_FUNC,STB_GLOBAL,STV_DEFAULT,12,.text
.dynsym,1930,ZzNewAllocator,ZzNewAllocator,683093,683092,46,thumb,STT_FUNC,STB_GLOBAL,STV_DEFAULT,12,.text
.dynsym,1931,ZzMemoryIsSupportAllocateRXPage,ZzMemoryIsSupportAllocateRXPage,685629,685628,4,thumb,STT_FUNC,STB_GLOBAL,STV_DEFAULT,12,.text
.dynsym,1932,zz_malloc_with_zero,zz_malloc_with_zero,684977,684976,22,thumb,STT_FUNC,STB_GLOBAL,STV_DEFAULT,12,.text
.dynsym,1933,ZzNewMemoryPage,ZzNewMemoryPage,683141,683140,100,thumb,STT_FUNC,STB_GLOBAL,STV_DEFAULT,12,.text
.dynsym,1934,ZzMemoryGetPageSzie,ZzMemoryGetPageSzie,685565,685564,8,thumb,STT_FUNC,STB_GLOBAL,STV_DEFAULT,12,.text
.dynsym,1935,ZzMemoryAllocatePages,ZzMemoryAllocatePages,685573,685572,8,thumb,STT_FUNC,STB_GLOBAL,STV_DEFAULT,12,.text
.dynsym,1936,ZzMemoryProtectAsExecutable,ZzMemoryProtectAsExecutable,685605,685604,8,thumb,STT_FUNC,STB_GLOBAL,STV_DEFAULT,12,.text
.dynsym,1937,ZzNewNearMemoryPage,ZzNewNearMemoryPage,683241,683240,148,thumb,STT_FUNC,STB_GLOBAL,STV_DEFAULT,12,.text
.dynsym,1938,ZzMemoryAllocateNearPages,ZzMemoryAllocateNearPages,685581,685580,8,thumb,STT_FUNC,STB_GLOBAL,STV_DEFAULT,12,.text
.dynsym,1939,ZzNewNearCodeCave,ZzNewNearCodeCave,683389,683388,48,thumb,STT_FUNC,STB_GLOBAL,STV_DEFAULT,12,.text
.dynsym,1940,ZzMemorySearchCodeCave,ZzMemorySearchCodeCave,685621,685620,8,thumb,STT_FUNC,STB_GLOBAL,STV_DEFAULT,12,.text
.dynsym,1941,ZzAddMemoryPage,ZzAddMemoryPage,683437,683436,62,thumb,STT_FUNC,STB_GLOBAL,STV_DEFAULT,12,.text
.dynsym,1942,ZzNewCodeSlice,ZzNewCodeSlice,683499,683498,136,thumb,STT_FUNC,STB_GLOBAL,STV_DEFAULT,12,.text
.dynsym,1943,ZzNewNearCodeSlice,ZzNewNearCodeSlice,683635,683634,268,thumb,STT_FUNC,STB_GLOBAL,STV_DEFAULT,12,.text
.dynsym,1944,ZzInitializeInterceptor,ZzInitializeInterceptor,683905,683904,80,thumb,STT_FUNC,STB_GLOBAL,STV_DEFAULT,12,.text
.dynsym,1945,ZzBuildInteceptorBackend,ZzBuildInteceptorBackend,694809,694808,420,thumb,STT_FUNC,STB_GLOBAL,STV_DEFAULT,12,.text
.dynsym,1946,g_interceptor,g_interceptor,946244,946244,4,,STT_OBJECT,STB_GLOBAL,STV_DEFAULT,22,.bss
.dynsym,1947,ZzFindHookFunctionEntry,ZzFindHookFunctionEntry,684085,684084,46,thumb,STT_FUNC,STB_GLOBAL,STV_DEFAULT,12,.text
.dynsym,1948,ZzAddHookFunctionEntry,ZzAddHookFunctionEntry,684131,684130,60,thumb,STT_FUNC,STB_GLOBAL,STV_DEFAULT,12,.text
.dynsym,1949,ZzInitializeHookFunctionEntry,ZzInitializeHookFunctionEntry,684191,684190,66,thumb,STT_FUNC,STB_GLOBAL,STV_DEFAULT,12,.text
.dynsym,1950,ZzThreadNewThreadLocalKeyPtr,ZzThreadNewThreadLocalKeyPtr,685633,685632,8,thumb,STT_FUNC,STB_GLOBAL,STV_DEFAULT,12,.text
.dynsym,1951,ZzFreeHookFunctionEntry,ZzFreeHookFunctionEntry,684257,684256,72,thumb,STT_FUNC,STB_GLOBAL,STV_DEFAULT,12,.text
.dynsym,1952,ZzThreadFreeThreadLocalKeyPtr,ZzThreadFreeThreadLocalKeyPtr,685641,685640,8,thumb,STT_FUNC,STB_GLOBAL,STV_DEFAULT,12,.text
.dynsym,1953,ZzFreeTrampoline,ZzFreeTrampoline,695229,695228,4,thumb,STT_FUNC,STB_GLOBAL,STV_DEFAULT,12,.text
.dynsym,1954,ZzBuildHook,ZzBuildHook,684329,684328,104,thumb,STT_FUNC,STB_GLOBAL,STV_DEFAULT,12,.text
.dynsym,1955,ZzBuildTrampoline,ZzBuildTrampoline,685433,685432,124,thumb,STT_FUNC,STB_GLOBAL,STV_DEFAULT,12,.text
.dynsym,1956,ZzBuildHookGOT,ZzBuildHookGOT,684433,684432,98,thumb,STT_FUNC,STB_GLOBAL,STV_DEFAULT,12,.text
.dynsym,1957,ZzEnableHook,ZzEnableHook,684533,684532,152,thumb,STT_FUNC,STB_GLOBAL,STV_DEFAULT,12,.text
.dynsym,1958,ZzActivateTrampoline,ZzActivateTrampoline,698821,698820,1044,thumb,STT_FUNC,STB_GLOBAL,STV_DEFAULT,12,.text
.dynsym,1959,ZzDisableHook,ZzDisableHook,684685,684684,56,thumb,STT_FUNC,STB_GLOBAL,STV_DEFAULT,12,.text
.dynsym,1960,ZzDisableHookGOT,ZzDisableHookGOT,685561,685560,4,thumb,STT_FUNC,STB_GLOBAL,STV_DEFAULT,12,.text
.dynsym,1961,ZzMemoryPatchCode,ZzMemoryPatchCode,685597,685596,8,thumb,STT_FUNC,STB_GLOBAL,STV_DEFAULT,12,.text
.dynsym,1962,ZzHook,ZzHook,684741,684740,52,thumb,STT_FUNC,STB_GLOBAL,STV_DEFAULT,12,.text
.dynsym,1963,ZzHookPrePost,ZzHookPrePost,684793,684792,32,thumb,STT_FUNC,STB_GLOBAL,STV_DEFAULT,12,.text
.dynsym,1964,ZzHookReplace,ZzHookReplace,684825,684824,30,thumb,STT_FUNC,STB_GLOBAL,STV_DEFAULT,12,.text
.dynsym,1965,ZzDynamicBinaryInstrumentation,ZzDynamicBinaryInstrumentation,684855,684854,88,thumb,STT_FUNC,STB_GLOBAL,STV_DEFAULT,12,.text
.dynsym,1966,ZzHookOneInstruction,ZzHookOneInstruction,684943,684942,34,thumb,STT_FUNC,STB_GLOBAL,STV_DEFAULT,12,.text
.dynsym,1967,memset,memset,0,0,0,arm,STT_FUNC,STB_GLOBAL,STV_DEFAULT,SHN_UNDEF,SHN_UNDEF
.dynsym,1968,ZzRuntimeCodePatch,ZzRuntimeCodePatch,684999,684998,14,thumb,STT_FUNC,STB_GLOBAL,STV_DEFAULT,12,.text
.dynsym,1969,ZzGetCurrentThreadStack,ZzGetCurrentThreadStack,685013,685012,8,thumb,STT_FUNC,STB_GLOBAL,STV_DEFAULT,12,.text
.dynsym,1970,ZzThreadGetCurrentThreadData,ZzThreadGetCurrentThreadData,685649,685648,8,thumb,STT_FUNC,STB_GLOBAL,STV_DEFAULT,12,.text
.dynsym,1971,ZzNewThreadStack,ZzNewThreadStack,685021,685020,52,thumb,STT_FUNC,STB_GLOBAL,STV_DEFAULT,12,.text
.dynsym,1972,ZzThreadGetCurrentThreadID,ZzThreadGetCurrentThreadID,685665,685664,8,thumb,STT_FUNC,STB_GLOBAL,STV_DEFAULT,12,.text
.dynsym,1973,ZzThreadSetCurrentThreadData,ZzThreadSetCurrentThreadData,685657,685656,8,thumb,STT_FUNC,STB_GLOBAL,STV_DEFAULT,12,.text
.dynsym,1974,ZzNewCallStack,ZzNewCallStack,685073,685072,36,thumb,STT_FUNC,STB_GLOBAL,STV_DEFAULT,12,.text
.dynsym,1975,ZzFreeCallStack,ZzFreeCallStack,685109,685108,18,thumb,STT_FUNC,STB_GLOBAL,STV_DEFAULT,12,.text
.dynsym,1976,ZzPopCallStack,ZzPopCallStack,685127,685126,20,thumb,STT_FUNC,STB_GLOBAL,STV_DEFAULT,12,.text
.dynsym,1977,ZzPushCallStack,ZzPushCallStack,685147,685146,64,thumb,STT_FUNC,STB_GLOBAL,STV_DEFAULT,12,.text
.dynsym,1978,ZzGetCallStackData,ZzGetCallStackData,685211,685210,50,thumb,STT_FUNC,STB_GLOBAL,STV_DEFAULT,12,.text
.dynsym,1979,ZzNewCallStackData,ZzNewCallStackData,685261,685260,54,thumb,STT_FUNC,STB_GLOBAL,STV_DEFAULT,12,.text
.dynsym,1980,ZzSetCallStackData,ZzSetCallStackData,685315,685314,72,thumb,STT_FUNC,STB_GLOBAL,STV_DEFAULT,12,.text
.dynsym,1981,memcpy,memcpy,0,0,0,arm,STT_FUNC,STB_GLOBAL,STV_DEFAULT,SHN_UNDEF,SHN_UNDEF
.dynsym,1982,HookZzDebugInfoEnable,HookZzDebugInfoEnable,685389,685388,16,thumb,STT_FUNC,STB_GLOBAL,STV_DEFAULT,12,.text
.dynsym,1983,g_debug_info,g_debug_info,946680,946680,1,,STT_OBJECT,STB_GLOBAL,STV_DEFAULT,22,.bss
.dynsym,1984,HookZzDebugInfoIsEnable,HookZzDebugInfoIsEnable,685405,685404,16,thumb,STT_FUNC,STB_GLOBAL,STV_DEFAULT,12,.text
.dynsym,1985,ZzObtainDebugInfo,ZzObtainDebugInfo,685421,685420,12,thumb,STT_FUNC,STB_GLOBAL,STV_DEFAULT,12,.text
.dynsym,1986,ZzPrepareTrampoline,ZzPrepareTrampoline,695233,695232,260,thumb,STT_FUNC,STB_GLOBAL,STV_DEFAULT,12,.text
.dynsym,1987,ZzBuildEnterTrampoline,ZzBuildEnterTrampoline,695997,695996,384,thumb,STT_FUNC,STB_GLOBAL,STV_DEFAULT,12,.text
.dynsym,1988,ZzBuildInsnLeaveTrampoline,ZzBuildInsnLeaveTrampoline,698165,698164,328,thumb,STT_FUNC,STB_GLOBAL,STV_DEFAULT,12,.text
.dynsym,1989,ZzBuildInvokeTrampoline,ZzBuildInvokeTrampoline,696785,696784,1380,thumb,STT_FUNC,STB_GLOBAL,STV_DEFAULT,12,.text
.dynsym,1990,ZzBuildEnterTransferTrampoline,ZzBuildEnterTransferTrampoline,695493,695492,504,thumb,STT_FUNC,STB_GLOBAL,STV_DEFAULT,12,.text
.dynsym,1991,ZzBuildLeaveTrampoline,ZzBuildLeaveTrampoline,698493,698492,328,thumb,STT_FUNC,STB_GLOBAL,STV_DEFAULT,12,.text
.dynsym,1992,ZzBuildDynamicBinaryInstrumentationTrampoline,ZzBuildDynamicBinaryInstrumentationTrampoline,696381,696380,404,thumb,STT_FUNC,STB_GLOBAL,STV_DEFAULT,12,.text
.dynsym,1993,ZzHookGOT,ZzHookGOT,685557,685556,4,thumb,STT_FUNC,STB_GLOBAL,STV_DEFAULT,12,.text
.dynsym,1994,zz_posix_vm_get_page_size,zz_posix_vm_get_page_size,703117,703116,6,thumb,STT_FUNC,STB_GLOBAL,STV_DEFAULT,12,.text
.dynsym,1995,zz_posix_vm_allocate_pages,zz_posix_vm_allocate_pages,703305,703304,80,thumb,STT_FUNC,STB_GLOBAL,STV_DEFAULT,12,.text
.dynsym,1996,zz_posix_vm_allocate_near_pages,zz_posix_vm_allocate_near_pages,703413,703412,66,thumb,STT_FUNC,STB_GLOBAL,STV_DEFAULT,12,.text
.dynsym,1997,ZzMemoryAllocate,ZzMemoryAllocate,685589,685588,8,thumb,STT_FUNC,STB_GLOBAL,STV_DEFAULT,12,.text
.dynsym,1998,zz_posix_vm_allocate,zz_posix_vm_allocate,703385,703384,28,thumb,STT_FUNC,STB_GLOBAL,STV_DEFAULT,12,.text
.dynsym,1999,zz_posix_vm_patch_code,zz_posix_vm_patch_code,703601,703600,98,thumb,STT_FUNC,STB_GLOBAL,STV_DEFAULT,12,.text
.dynsym,2000,zz_posix_vm_protect_as_executable,zz_posix_vm_protect_as_executable,703285,703284,10,thumb,STT_FUNC,STB_GLOBAL,STV_DEFAULT,12,.text
.dynsym,2001,ZzMemoryProtectAsWritable,ZzMemoryProtectAsWritable,685613,685612,8,thumb,STT_FUNC,STB_GLOBAL,STV_DEFAULT,12,.text
.dynsym,2002,zz_posxi_vm_protect_as_writable,zz_posxi_vm_protect_as_writable,703295,703294,10,thumb,STT_FUNC,STB_GLOBAL,STV_DEFAULT,12,.text
.dynsym,2003,zz_linux_vm_search_code_cave,zz_linux_vm_search_code_cave,702781,702780,180,thumb,STT_FUNC,STB_GLOBAL,STV_DEFAULT,12,.text
.dynsym,2004,zz_posix_thread_new_thread_local_key_ptr,zz_posix_thread_new_thread_local_key_ptr,703889,703888,52,thumb,STT_FUNC,STB_GLOBAL,STV_DEFAULT,12,.text
.dynsym,2005,zz_posix_thread_free_thread_local_key,zz_posix_thread_free_thread_local_key,703793,703792,68,thumb,STT_FUNC,STB_GLOBAL,STV_DEFAULT,12,.text
.dynsym,2006,zz_posix_thread_get_current_thread_data,zz_posix_thread_get_current_thread_data,703941,703940,52,thumb,STT_FUNC,STB_GLOBAL,STV_DEFAULT,12,.text
.dynsym,2007,zz_posix_thread_set_current_thread_data,zz_posix_thread_set_current_thread_data,703993,703992,52,thumb,STT_FUNC,STB_GLOBAL,STV_DEFAULT,12,.text
.dynsym,2008,zz_posix_get_current_thread_id,zz_posix_get_current_thread_id,704045,704044,8,thumb,STT_FUNC,STB_GLOBAL,STV_DEFAULT,12,.text
.dynsym,2009,get_insn_sub,get_insn_sub,685673,685672,14,thumb,STT_FUNC,STB_GLOBAL,STV_DEFAULT,12,.text
.dynsym,2010,insn_equal,insn_equal,685687,685686,80,thumb,STT_FUNC,STB_GLOBAL,STV_DEFAULT,12,.text
.dynsym,2011,zz_arm_reader_new,zz_arm_reader_new,685769,685768,60,thumb,STT_FUNC,STB_GLOBAL,STV_DEFAULT,12,.text
.dynsym,2012,zz_arm_reader_reset,zz_arm_reader_reset,685829,685828,48,thumb,STT_FUNC,STB_GLOBAL,STV_DEFAULT,12,.text
.dynsym,2013,zz_arm_reader_init,zz_arm_reader_init,685877,685876,8,thumb,STT_FUNC,STB_GLOBAL,STV_DEFAULT,12,.text
.dynsym,2014,zz_arm_reader_free,zz_arm_reader_free,685885,685884,44,thumb,STT_FUNC,STB_GLOBAL,STV_DEFAULT,12,.text
.dynsym,2015,zz_arm_reader_read_one_instruction,zz_arm_reader_read_one_instruction,685929,685928,84,thumb,STT_FUNC,STB_GLOBAL,STV_DEFAULT,12,.text
.dynsym,2016,GetARMInsnType,GetARMInsnType,686013,686012,240,thumb,STT_FUNC,STB_GLOBAL,STV_DEFAULT,12,.text
.dynsym,2017,insn_is_thumb2,insn_is_thumb2,686253,686252,64,thumb,STT_FUNC,STB_GLOBAL,STV_DEFAULT,12,.text
.dynsym,2018,zz_thumb_reader_new,zz_thumb_reader_new,686317,686316,60,thumb,STT_FUNC,STB_GLOBAL,STV_DEFAULT,12,.text
.dynsym,2019,zz_thumb_reader_reset,zz_thumb_reader_reset,686377,686376,48,thumb,STT_FUNC,STB_GLOBAL,STV_DEFAULT,12,.text
.dynsym,2020,zz_thumb_reader_init,zz_thumb_reader_init,686425,686424,8,thumb,STT_FUNC,STB_GLOBAL,STV_DEFAULT,12,.text
.dynsym,2021,zz_thumb_reader_free,zz_thumb_reader_free,686433,686432,44,thumb,STT_FUNC,STB_GLOBAL,STV_DEFAULT,12,.text
.dynsym,2022,zz_thumb_reader_read_one_instruction,zz_thumb_reader_read_one_instruction,686477,686476,124,thumb,STT_FUNC,STB_GLOBAL,STV_DEFAULT,12,.text
.dynsym,2023,GetTHUMBInsnType,GetTHUMBInsnType,686601,686600,592,thumb,STT_FUNC,STB_GLOBAL,STV_DEFAULT,12,.text
.dynsym,2024,zz_arm_register_describe,zz_arm_register_describe,687193,687192,88,thumb,STT_FUNC,STB_GLOBAL,STV_DEFAULT,12,.text
.dynsym,2025,zz_arm_relocator_init,zz_arm_relocator_init,687281,687280,24,thumb,STT_FUNC,STB_GLOBAL,STV_DEFAULT,12,.text
.dynsym,2026,zz_arm_relocator_free,zz_arm_relocator_free,687305,687304,24,thumb,STT_FUNC,STB_GLOBAL,STV_DEFAULT,12,.text
.dynsym,2027,zz_arm_writer_free,zz_arm_writer_free,690641,690640,44,thumb,STT_FUNC,STB_GLOBAL,STV_DEFAULT,12,.text
.dynsym,2028,zz_arm_relocator_reset,zz_arm_relocator_reset,687329,687328,20,thumb,STT_FUNC,STB_GLOBAL,STV_DEFAULT,12,.text
.dynsym,2029,zz_arm_relocator_read_one,zz_arm_relocator_read_one,687349,687348,40,thumb,STT_FUNC,STB_GLOBAL,STV_DEFAULT,12,.text
.dynsym,2030,zz_arm_relocator_try_relocate,zz_arm_relocator_try_relocate,687389,687388,76,thumb,STT_FUNC,STB_GLOBAL,STV_DEFAULT,12,.text
.dynsym,2031,zz_arm_relocator_relocate_writer,zz_arm_relocator_relocate_writer,687465,687464,176,thumb,STT_FUNC,STB_GLOBAL,STV_DEFAULT,12,.text
.dynsym,2032,zz_arm_relocator_register_literal_insn,zz_arm_relocator_register_literal_insn,687641,687640,20,thumb,STT_FUNC,STB_GLOBAL,STV_DEFAULT,12,.text
.dynsym,2033,zz_arm_relocator_write_one,zz_arm_relocator_write_one,687661,687660,600,thumb,STT_FUNC,STB_GLOBAL,STV_DEFAULT,12,.text
.dynsym,2034,__gnu_thumb1_case_uqi,__gnu_thumb1_case_uqi,716697,716696,18,thumb,STT_FUNC,STB_GLOBAL,STV_DEFAULT,12,.text
.dynsym,2035,zz_arm_writer_put_push_reg,zz_arm_writer_put_push_reg,691793,691792,64,thumb,STT_FUNC,STB_GLOBAL,STV_DEFAULT,12,.text
.dynsym,2036,zz_arm_writer_put_ldr_b_reg_address,zz_arm_writer_put_ldr_b_reg_address,691301,691300,34,thumb,STT_FUNC,STB_GLOBAL,STV_DEFAULT,12,.text
.dynsym,2037,zz_arm_writer_put_instruction,zz_arm_writer_put_instruction,690785,690784,92,thumb,STT_FUNC,STB_GLOBAL,STV_DEFAULT,12,.text
.dynsym,2038,zz_arm_writer_put_pop_reg,zz_arm_writer_put_pop_reg,691857,691856,64,thumb,STT_FUNC,STB_GLOBAL,STV_DEFAULT,12,.text
.dynsym,2039,zz_arm_writer_put_ldr_reg_reg_imm,zz_arm_writer_put_ldr_reg_reg_imm,691193,691192,108,thumb,STT_FUNC,STB_GLOBAL,STV_DEFAULT,12,.text
.dynsym,2040,zz_arm_writer_put_b_imm,zz_arm_writer_put_b_imm,690877,690876,18,thumb,STT_FUNC,STB_GLOBAL,STV_DEFAULT,12,.text
.dynsym,2041,zz_arm_writer_put_ldr_reg_address,zz_arm_writer_put_ldr_reg_address,691429,691428,28,thumb,STT_FUNC,STB_GLOBAL,STV_DEFAULT,12,.text
.dynsym,2042,zz_arm_writer_put_bytes,zz_arm_writer_put_bytes,690693,690692,92,thumb,STT_FUNC,STB_GLOBAL,STV_DEFAULT,12,.text
.dynsym,2043,zz_arm_relocator_write_all,zz_arm_relocator_write_all,688261,688260,16,thumb,STT_FUNC,STB_GLOBAL,STV_DEFAULT,12,.text
.dynsym,2044,zz_thumb_relocator_init,zz_thumb_relocator_init,688277,688276,24,thumb,STT_FUNC,STB_GLOBAL,STV_DEFAULT,12,.text
.dynsym,2045,zz_thumb_relocator_free,zz_thumb_relocator_free,688301,688300,24,thumb,STT_FUNC,STB_GLOBAL,STV_DEFAULT,12,.text
.dynsym,2046,zz_thumb_writer_free,zz_thumb_writer_free,692077,692076,48,thumb,STT_FUNC,STB_GLOBAL,STV_DEFAULT,12,.text
.dynsym,2047,zz_thumb_relocator_reset,zz_thumb_relocator_reset,688325,688324,20,thumb,STT_FUNC,STB_GLOBAL,STV_DEFAULT,12,.text
.dynsym,2048,zz_thumb_relocator_read_one,zz_thumb_relocator_read_one,688345,688344,40,thumb,STT_FUNC,STB_GLOBAL,STV_DEFAULT,12,.text
.dynsym,2049,zz_thumb_relocator_try_relocate,zz_thumb_relocator_try_relocate,688385,688384,68,thumb,STT_FUNC,STB_GLOBAL,STV_DEFAULT,12,.text
.dynsym,2050,zz_thumb_relocator_relocate_writer,zz_thumb_relocator_relocate_writer,688453,688452,176,thumb,STT_FUNC,STB_GLOBAL,STV_DEFAULT,12,.text
.dynsym,2051,zz_thumb_relocator_register_literal_insn,zz_thumb_relocator_register_literal_insn,688629,688628,20,thumb,STT_FUNC,STB_GLOBAL,STV_DEFAULT,12,.text
.dynsym,2052,zz_thumb_relocator_rewrite_LDR_literal_T1,zz_thumb_relocator_rewrite_LDR_literal_T1,688649,688648,84,thumb,STT_FUNC,STB_GLOBAL,STV_DEFAULT,12,.text
.dynsym,2053,zz_thumb_writer_put_ldr_b_reg_address,zz_thumb_writer_put_ldr_b_reg_address,692773,692772,124,thumb,STT_FUNC,STB_GLOBAL,STV_DEFAULT,12,.text
.dynsym,2054,zz_thumb_writer_put_ldr_reg_reg_offset,zz_thumb_writer_put_ldr_reg_reg_offset,693709,693708,20,thumb,STT_FUNC,STB_GLOBAL,STV_DEFAULT,12,.text
.dynsym,2055,zz_thumb_relocator_rewrite_LDR_literal_T2,zz_thumb_relocator_rewrite_LDR_literal_T2,688733,688732,102,thumb,STT_FUNC,STB_GLOBAL,STV_DEFAULT,12,.text
.dynsym,2056,zz_thumb_relocator_rewrite_ADR_T1,zz_thumb_relocator_rewrite_ADR_T1,688835,688834,48,thumb,STT_FUNC,STB_GLOBAL,STV_DEFAULT,12,.text
.dynsym,2057,zz_thumb_relocator_rewrite_ADR_T2,zz_thumb_relocator_rewrite_ADR_T2,688883,688882,82,thumb,STT_FUNC,STB_GLOBAL,STV_DEFAULT,12,.text
.dynsym,2058,zz_thumb_relocator_rewrite_ADR_T3,zz_thumb_relocator_rewrite_ADR_T3,688965,688964,82,thumb,STT_FUNC,STB_GLOBAL,STV_DEFAULT,12,.text
.dynsym,2059,zz_thumb_relocator_rewrite_B_T1,zz_thumb_relocator_rewrite_B_T1,689047,689046,94,thumb,STT_FUNC,STB_GLOBAL,STV_DEFAULT,12,.text
.dynsym,2060,zz_thumb_writer_put_nop,zz_thumb_writer_put_nop,692317,692316,16,thumb,STT_FUNC,STB_GLOBAL,STV_DEFAULT,12,.text
.dynsym,2061,zz_thumb_writer_put_instruction,zz_thumb_writer_put_instruction,692225,692224,92,thumb,STT_FUNC,STB_GLOBAL,STV_DEFAULT,12,.text
.dynsym,2062,zz_thumb_writer_put_b_imm,zz_thumb_writer_put_b_imm,692333,692332,18,thumb,STT_FUNC,STB_GLOBAL,STV_DEFAULT,12,.text
.dynsym,2063,zz_thumb_writer_put_ldr_reg_address,zz_thumb_writer_put_ldr_reg_address,692897,692896,120,thumb,STT_FUNC,STB_GLOBAL,STV_DEFAULT,12,.text
.dynsym,2064,zz_thumb_relocator_rewrite_B_T2,zz_thumb_relocator_rewrite_B_T2,689141,689140,56,thumb,STT_FUNC,STB_GLOBAL,STV_DEFAULT,12,.text
.dynsym,2065,zz_thumb_relocator_rewrite_B_T3,zz_thumb_relocator_rewrite_B_T3,689197,689196,164,thumb,STT_FUNC,STB_GLOBAL,STV_DEFAULT,12,.text
.dynsym,2066,zz_thumb_relocator_rewrite_B_T4,zz_thumb_relocator_rewrite_B_T4,689361,689360,144,thumb,STT_FUNC,STB_GLOBAL,STV_DEFAULT,12,.text
.dynsym,2067,zz_thumb_relocator_rewrite_BLBLX_immediate_T1,zz_thumb_relocator_rewrite_BLBLX_immediate_T1,689505,689504,174,thumb,STT_FUNC,STB_GLOBAL,STV_DEFAULT,12,.text
.dynsym,2068,zz_thumb_relocator_rewrite_BLBLX_T2,zz_thumb_relocator_rewrite_BLBLX_T2,689679,689678,200,thumb,STT_FUNC,STB_GLOBAL,STV_DEFAULT,12,.text
.dynsym,2069,zz_thumb_relocator_write_one,zz_thumb_relocator_write_one,689881,689880,508,thumb,STT_FUNC,STB_GLOBAL,STV_DEFAULT,12,.text
.dynsym,2070,zz_thumb_writer_put_push_reg,zz_thumb_writer_put_push_reg,694257,694256,68,thumb,STT_FUNC,STB_GLOBAL,STV_DEFAULT,12,.text
.dynsym,2071,zz_thumb_writer_put_pop_reg,zz_thumb_writer_put_pop_reg,694325,694324,68,thumb,STT_FUNC,STB_GLOBAL,STV_DEFAULT,12,.text
.dynsym,2072,zz_thumb_writer_put_bytes,zz_thumb_writer_put_bytes,692133,692132,92,thumb,STT_FUNC,STB_GLOBAL,STV_DEFAULT,12,.text
.dynsym,2073,zz_thumb_relocator_write_all,zz_thumb_relocator_write_all,690389,690388,16,thumb,STT_FUNC,STB_GLOBAL,STV_DEFAULT,12,.text
.dynsym,2074,zz_arm_writer_new,zz_arm_writer_new,690405,690404,60,thumb,STT_FUNC,STB_GLOBAL,STV_DEFAULT,12,.text
.dynsym,2075,zz_arm_writer_reset,zz_arm_writer_reset,690465,690464,84,thumb,STT_FUNC,STB_GLOBAL,STV_DEFAULT,12,.text
.dynsym,2076,zz_arm_writer_init,zz_arm_writer_init,690549,690548,8,thumb,STT_FUNC,STB_GLOBAL,STV_DEFAULT,12,.text
.dynsym,2077,zz_arm_writer_reset_without_align,zz_arm_writer_reset_without_align,690557,690556,84,thumb,STT_FUNC,STB_GLOBAL,STV_DEFAULT,12,.text
.dynsym,2078,zz_arm_writer_near_jump_range_size,zz_arm_writer_near_jump_range_size,690685,690684,6,thumb,STT_FUNC,STB_GLOBAL,STV_DEFAULT,12,.text
.dynsym,2079,zz_arm_writer_put_ldr_reg_reg_imm_A1,zz_arm_writer_put_ldr_reg_reg_imm_A1,690897,690896,124,thumb,STT_FUNC,STB_GLOBAL,STV_DEFAULT,12,.text
.dynsym,2080,zz_arm_writer_put_ldr_reg_reg_imm_index,zz_arm_writer_put_ldr_reg_reg_imm_index,691021,691020,92,thumb,STT_FUNC,STB_GLOBAL,STV_DEFAULT,12,.text
.dynsym,2081,zz_arm_writer_put_ldr_reg_imm_literal,zz_arm_writer_put_ldr_reg_imm_literal,691113,691112,80,thumb,STT_FUNC,STB_GLOBAL,STV_DEFAULT,12,.text
.dynsym,2082,zz_arm_writer_put_str_reg_reg_imm,zz_arm_writer_put_str_reg_reg_imm,691337,691336,92,thumb,STT_FUNC,STB_GLOBAL,STV_DEFAULT,12,.text
.dynsym,2083,zz_arm_writer_put_add_reg_reg_imm,zz_arm_writer_put_add_reg_reg_imm,691457,691456,88,thumb,STT_FUNC,STB_GLOBAL,STV_DEFAULT,12,.text
.dynsym,2084,zz_arm_writer_put_sub_reg_reg_imm,zz_arm_writer_put_sub_reg_reg_imm,691545,691544,88,thumb,STT_FUNC,STB_GLOBAL,STV_DEFAULT,12,.text
.dynsym,2085,zz_arm_writer_put_bx_to_thumb,zz_arm_writer_put_bx_to_thumb,691633,691632,82,thumb,STT_FUNC,STB_GLOBAL,STV_DEFAULT,12,.text
.dynsym,2086,zz_arm_writer_put_bx_reg,zz_arm_writer_put_bx_reg,691717,691716,60,thumb,STT_FUNC,STB_GLOBAL,STV_DEFAULT,12,.text
.dynsym,2087,zz_arm_writer_put_nop,zz_arm_writer_put_nop,691777,691776,16,thumb,STT_FUNC,STB_GLOBAL,STV_DEFAULT,12,.text
.dynsym,2088,zz_thumb_writer_new,zz_thumb_writer_new,691921,691920,60,thumb,STT_FUNC,STB_GLOBAL,STV_DEFAULT,12,.text
.dynsym,2089,zz_thumb_writer_reset,zz_thumb_writer_reset,691981,691980,88,thumb,STT_FUNC,STB_GLOBAL,STV_DEFAULT,12,.text
.dynsym,2090,zz_thumb_writer_init,zz_thumb_writer_init,692069,692068,8,thumb,STT_FUNC,STB_GLOBAL,STV_DEFAULT,12,.text
.dynsym,2091,zz_thumb_writer_near_jump_range_size,zz_thumb_writer_near_jump_range_size,692125,692124,6,thumb,STT_FUNC,STB_GLOBAL,STV_DEFAULT,12,.text
.dynsym,2092,zz_thumb_writer_put_bx_reg,zz_thumb_writer_put_bx_reg,692353,692352,88,thumb,STT_FUNC,STB_GLOBAL,STV_DEFAULT,12,.text
.dynsym,2093,zz_thumb_writer_put_blx_reg,zz_thumb_writer_put_blx_reg,692441,692440,64,thumb,STT_FUNC,STB_GLOBAL,STV_DEFAULT,12,.text
.dynsym,2094,zz_thumb_writer_put_branch_imm,zz_thumb_writer_put_branch_imm,692505,692504,100,thumb,STT_FUNC,STB_GLOBAL,STV_DEFAULT,12,.text
.dynsym,2095,zz_thumb_writer_put_bl_imm,zz_thumb_writer_put_bl_imm,692605,692604,12,thumb,STT_FUNC,STB_GLOBAL,STV_DEFAULT,12,.text
.dynsym,2096,zz_thumb_writer_put_blx_imm,zz_thumb_writer_put_blx_imm,692617,692616,12,thumb,STT_FUNC,STB_GLOBAL,STV_DEFAULT,12,.text
.dynsym,2097,zz_thumb_writer_put_b_imm32,zz_thumb_writer_put_b_imm32,692629,692628,12,thumb,STT_FUNC,STB_GLOBAL,STV_DEFAULT,12,.text
.dynsym,2098,zz_thumb_writer_put_ldr_reg_imm,zz_thumb_writer_put_ldr_reg_imm,692641,692640,132,thumb,STT_FUNC,STB_GLOBAL,STV_DEFAULT,12,.text
.dynsym,2099,zz_thumb_writer_put_transfer_reg_reg_offset_T1,zz_thumb_writer_put_transfer_reg_reg_offset_T1,693017,693016,128,thumb,STT_FUNC,STB_GLOBAL,STV_DEFAULT,12,.text
.dynsym,2100,zz_thumb_writer_put_transfer_reg_reg_offset_T2,zz_thumb_writer_put_transfer_reg_reg_offset_T2,693145,693144,128,thumb,STT_FUNC,STB_GLOBAL,STV_DEFAULT,12,.text
.dynsym,2101,zz_thumb_writer_put_transfer_reg_reg_offset_T3,zz_thumb_writer_put_transfer_reg_reg_offset_T3,693273,693272,144,thumb,STT_FUNC,STB_GLOBAL,STV_DEFAULT,12,.text
.dynsym,2102,zz_thumb_writer_put_transfer_reg_reg_offset_T4,zz_thumb_writer_put_transfer_reg_reg_offset_T4,693417,693416,200,thumb,STT_FUNC,STB_GLOBAL,STV_DEFAULT,12,.text
.dynsym,2103,zz_thumb_writer_put_str_reg_reg_offset,zz_thumb_writer_put_str_reg_reg_offset,693729,693728,20,thumb,STT_FUNC,STB_GLOBAL,STV_DEFAULT,12,.text
.dynsym,2104,zz_thumb_writer_put_ldr_index_reg_reg_offset,zz_thumb_writer_put_ldr_index_reg_reg_offset,693749,693748,34,thumb,STT_FUNC,STB_GLOBAL,STV_DEFAULT,12,.text
.dynsym,2105,zz_thumb_writer_put_str_index_reg_reg_offset,zz_thumb_writer_put_str_index_reg_reg_offset,693783,693782,32,thumb,STT_FUNC,STB_GLOBAL,STV_DEFAULT,12,.text
.dynsym,2106,zz_thumb_writer_put_str_reg_reg,zz_thumb_writer_put_str_reg_reg,693815,693814,10,thumb,STT_FUNC,STB_GLOBAL,STV_DEFAULT,12,.text
.dynsym,2107,zz_thumb_writer_put_ldr_reg_reg,zz_thumb_writer_put_ldr_reg_reg,693825,693824,10,thumb,STT_FUNC,STB_GLOBAL,STV_DEFAULT,12,.text
.dynsym,2108,zz_thumb_writer_put_add_reg_imm,zz_thumb_writer_put_add_reg_imm,693837,693836,136,thumb,STT_FUNC,STB_GLOBAL,STV_DEFAULT,12,.text
.dynsym,2109,zz_thumb_writer_put_sub_reg_imm,zz_thumb_writer_put_sub_reg_imm,693973,693972,10,thumb,STT_FUNC,STB_GLOBAL,STV_DEFAULT,12,.text
.dynsym,2110,zz_thumb_writer_put_add_reg_reg_imm,zz_thumb_writer_put_add_reg_reg_imm,693985,693984,260,thumb,STT_FUNC,STB_GLOBAL,STV_DEFAULT,12,.text
.dynsym,2111,zz_thumb_writer_put_sub_reg_reg_imm,zz_thumb_writer_put_sub_reg_reg_imm,694245,694244,10,thumb,STT_FUNC,STB_GLOBAL,STV_DEFAULT,12,.text
.dynsym,2112,zz_thumb_writer_put_add_reg_reg_reg,zz_thumb_writer_put_add_reg_reg_reg,694393,694392,104,thumb,STT_FUNC,STB_GLOBAL,STV_DEFAULT,12,.text
.dynsym,2113,zz_thumb_code_patch,zz_thumb_code_patch,694497,694496,72,thumb,STT_FUNC,STB_GLOBAL,STV_DEFAULT,12,.text
.dynsym,2114,zz_thumb_relocate_code_patch,zz_thumb_relocate_code_patch,694569,694568,84,thumb,STT_FUNC,STB_GLOBAL,STV_DEFAULT,12,.text
.dynsym,2115,zz_arm_code_patch,zz_arm_code_patch,694653,694652,72,thumb,STT_FUNC,STB_GLOBAL,STV_DEFAULT,12,.text
.dynsym,2116,zz_arm_relocate_code_patch,zz_arm_relocate_code_patch,694725,694724,84,thumb,STT_FUNC,STB_GLOBAL,STV_DEFAULT,12,.text
.dynsym,2117,ZzThunkerBuildThunk,ZzThunkerBuildThunk,701281,701280,1056,thumb,STT_FUNC,STB_GLOBAL,STV_DEFAULT,12,.text
.dynsym,2118,ctx_save,ctx_save,699865,699864,60,thumb,STT_FUNC,STB_GLOBAL,STV_DEFAULT,12,.text
.dynsym,2119,ctx_restore,ctx_restore,699925,699924,56,thumb,STT_FUNC,STB_GLOBAL,STV_DEFAULT,12,.text
.dynsym,2120,dynamic_binary_instrumentation_invocation,dynamic_binary_instrumentation_invocation,699981,699980,64,thumb,STT_FUNC,STB_GLOBAL,STV_DEFAULT,12,.text
.dynsym,2121,function_context_begin_invocation,function_context_begin_invocation,700045,700044,132,thumb,STT_FUNC,STB_GLOBAL,STV_DEFAULT,12,.text
.dynsym,2122,insn_context_end_invocation,insn_context_end_invocation,700177,700176,96,thumb,STT_FUNC,STB_GLOBAL,STV_DEFAULT,12,.text
.dynsym,2123,function_context_end_invocation,function_context_end_invocation,700273,700272,92,thumb,STT_FUNC,STB_GLOBAL,STV_DEFAULT,12,.text
.dynsym,2124,zz_thumb_thunker_build_enter_thunk,zz_thumb_thunker_build_enter_thunk,700365,700364,232,thumb,STT_FUNC,STB_GLOBAL,STV_DEFAULT,12,.text
.dynsym,2125,zz_thumb_thunker_build_insn_leave_thunk,zz_thumb_thunker_build_insn_leave_thunk,700597,700596,232,thumb,STT_FUNC,STB_GLOBAL,STV_DEFAULT,12,.text
.dynsym,2126,zz_thumb_thunker_build_dynamic_binary_instrumentation_thunk,zz_thumb_thunker_build_dynamic_binary_instrumentation_thunk,700829,700828,232,thumb,STT_FUNC,STB_GLOBAL,STV_DEFAULT,12,.text
.dynsym,2127,zz_thumb_thunker_build_leave_thunk,zz_thumb_thunker_build_leave_thunk,701061,701060,220,thumb,STT_FUNC,STB_GLOBAL,STV_DEFAULT,12,.text
.dynsym,2128,zz_vm_read_string,zz_vm_read_string,702337,702336,48,thumb,STT_FUNC,STB_GLOBAL,STV_DEFAULT,12,.text
.dynsym,2129,zz_vm_search_data,zz_vm_search_data,702385,702384,148,thumb,STT_FUNC,STB_GLOBAL,STV_DEFAULT,12,.text
.dynsym,2130,zz_vm_align_floor,zz_vm_align_floor,702533,702532,6,thumb,STT_FUNC,STB_GLOBAL,STV_DEFAULT,12,.text
.dynsym,2131,zz_vm_align_ceil,zz_vm_align_ceil,702539,702538,10,thumb,STT_FUNC,STB_GLOBAL,STV_DEFAULT,12,.text
.dynsym,2132,zz_linux_vm_get_memory_layout_via_pid,zz_linux_vm_get_memory_layout_via_pid,702549,702548,232,thumb,STT_FUNC,STB_GLOBAL,STV_DEFAULT,12,.text
.dynsym,2133,PointerReadFailedHandler,PointerReadFailedHandler,702961,702960,16,thumb,STT_FUNC,STB_GLOBAL,STV_DEFAULT,12,.text
.dynsym,2134,zz_posix_vm_check_address_valid_via_signal,zz_posix_vm_check_address_valid_via_signal,702977,702976,140,thumb,STT_FUNC,STB_GLOBAL,STV_DEFAULT,12,.text
.dynsym,2135,zz_posix_vm_check_address_valid_via_msync,zz_posix_vm_check_address_valid_via_msync,703123,703122,50,thumb,STT_FUNC,STB_GLOBAL,STV_DEFAULT,12,.text
.dynsym,2136,zz_posix_vm_protect,zz_posix_vm_protect,703173,703172,112,thumb,STT_FUNC,STB_GLOBAL,STV_DEFAULT,12,.text
.dynsym,2137,zz_posix_vm_search_text_code_cave,zz_posix_vm_search_text_code_cave,703481,703480,120,thumb,STT_FUNC,STB_GLOBAL,STV_DEFAULT,12,.text
.dynsym,2138,zz_posix_thread_new_thread_local_key_list,zz_posix_thread_new_thread_local_key_list,703699,703698,34,thumb,STT_FUNC,STB_GLOBAL,STV_DEFAULT,12,.text
.dynsym,2139,zz_posix_thread_add_thread_local_key,zz_posix_thread_add_thread_local_key,703733,703732,58,thumb,STT_FUNC,STB_GLOBAL,STV_DEFAULT,12,.text
.dynsym,2140,g_thread_local_key_list,g_thread_local_key_list,946508,946508,4,,STT_OBJECT,STB_GLOBAL,STV_DEFAULT,22,.bss
.dynsym,2141,zz_posix_thread_initialize_thread_local_key_list,zz_posix_thread_initialize_thread_local_key_list,703861,703860,28,thumb,STT_FUNC,STB_GLOBAL,STV_DEFAULT,12,.text
.dynsym,2142,_Unwind_Resume,_Unwind_Resume,721448,721448,36,arm,STT_FUNC,STB_GLOBAL,STV_DEFAULT,12,.text
.dynsym,2143,__gxx_personality_v0,__gxx_personality_v0,708277,708276,400,thumb,STT_FUNC,STB_GLOBAL,STV_DEFAULT,12,.text
.dynsym,2144,_Unwind_DeleteException,_Unwind_DeleteException,718784,718784,24,arm,STT_FUNC,STB_GLOBAL,STV_DEFAULT,12,.text
.dynsym,2145,_Unwind_RaiseException,_Unwind_RaiseException,721412,721412,36,arm,STT_FUNC,STB_GLOBAL,STV_DEFAULT,12,.text
.dynsym,2146,__cxa_call_unexpected,__cxa_call_unexpected,715297,715296,360,thumb,STT_FUNC,STB_GLOBAL,STV_DEFAULT,12,.text
.dynsym,2147,_Unwind_GetLanguageSpecificData,_Unwind_GetLanguageSpecificData,722732,722732,28,arm,STT_FUNC,STB_GLOBAL,STV_DEFAULT,12,.text
.dynsym,2148,_Unwind_GetRegionStart,_Unwind_GetRegionStart,722716,722716,16,arm,STT_FUNC,STB_GLOBAL,STV_DEFAULT,12,.text
.dynsym,2149,_Unwind_VRS_Get,_Unwind_VRS_Get,718808,718808,92,arm,STT_FUNC,STB_GLOBAL,STV_DEFAULT,12,.text
.dynsym,2150,_Unwind_VRS_Set,_Unwind_VRS_Set,718940,718940,92,arm,STT_FUNC,STB_GLOBAL,STV_DEFAULT,12,.text
.dynsym,2151,__cxa_begin_cleanup,__cxa_begin_cleanup,715137,715136,74,thumb,STT_FUNC,STB_GLOBAL,STV_DEFAULT,12,.text
.dynsym,2152,__gnu_unwind_frame,__gnu_unwind_frame,722652,722652,64,arm,STT_FUNC,STB_GLOBAL,STV_DEFAULT,12,.text
.dynsym,2153,_ZTIv,typeinfo for void,900984,900984,8,,STT_OBJECT,STB_GLOBAL,STV_DEFAULT,18,.data.rel.ro
.dynsym,2154,_ZNKSt17__Named_exception4whatEv,std::__Named_exception::what() const,711905,711904,6,thumb,STT_FUNC,STB_GLOBAL,STV_DEFAULT,12,.text
.dynsym,2155,_ZNSt11logic_errorD0Ev,std::logic_error::~logic_error(),711913,711912,48,thumb,STT_FUNC,STB_GLOBAL,STV_DEFAULT,12,.text
.dynsym,2156,_ZNSt11logic_errorD1Ev,std::logic_error::~logic_error(),711813,711812,44,thumb,STT_FUNC,STB_GLOBAL,STV_DEFAULT,12,.text
.dynsym,2157,_ZNSt11logic_errorD2Ev,std::logic_error::~logic_error(),711813,711812,44,thumb,STT_FUNC,STB_GLOBAL,STV_DEFAULT,12,.text
.dynsym,2158,_ZNSt11range_errorD0Ev,std::range_error::~range_error(),712201,712200,48,thumb,STT_FUNC,STB_GLOBAL,STV_DEFAULT,12,.text
.dynsym,2159,_ZNSt11range_errorD1Ev,std::range_error::~range_error(),711813,711812,44,thumb,STT_FUNC,STB_GLOBAL,STV_DEFAULT,12,.text
.dynsym,2160,_ZNSt11range_errorD2Ev,std::range_error::~range_error(),711813,711812,44,thumb,STT_FUNC,STB_GLOBAL,STV_DEFAULT,12,.text
.dynsym,2161,_ZNSt12domain_errorD0Ev,std::domain_error::~domain_error(),712009,712008,48,thumb,STT_FUNC,STB_GLOBAL,STV_DEFAULT,12,.text
.dynsym,2162,_ZNSt12domain_errorD1Ev,std::domain_error::~domain_error(),711813,711812,44,thumb,STT_FUNC,STB_GLOBAL,STV_DEFAULT,12,.text
.dynsym,2163,_ZNSt12domain_errorD2Ev,std::domain_error::~domain_error(),711813,711812,44,thumb,STT_FUNC,STB_GLOBAL,STV_DEFAULT,12,.text
.dynsym,2164,_ZNSt12length_errorD0Ev,std::length_error::~length_error(),712105,712104,48,thumb,STT_FUNC,STB_GLOBAL,STV_DEFAULT,12,.text
.dynsym,2165,_ZNSt12length_errorD1Ev,std::length_error::~length_error(),711813,711812,44,thumb,STT_FUNC,STB_GLOBAL,STV_DEFAULT,12,.text
.dynsym,2166,_ZNSt12length_errorD2Ev,std::length_error::~length_error(),711813,711812,44,thumb,STT_FUNC,STB_GLOBAL,STV_DEFAULT,12,.text
.dynsym,2167,_ZNSt12out_of_rangeD0Ev,std::out_of_range::~out_of_range(),712153,712152,48,thumb,STT_FUNC,STB_GLOBAL,STV_DEFAULT,12,.text
.dynsym,2168,_ZNSt12out_of_rangeD1Ev,std::out_of_range::~out_of_range(),711813,711812,44,thumb,STT_FUNC,STB_GLOBAL,STV_DEFAULT,12,.text
.dynsym,2169,_ZNSt12out_of_rangeD2Ev,std::out_of_range::~out_of_range(),711813,711812,44,thumb,STT_FUNC,STB_GLOBAL,STV_DEFAULT,12,.text
.dynsym,2170,_ZNSt13runtime_errorD0Ev,std::runtime_error::~runtime_error(),711961,711960,48,thumb,STT_FUNC,STB_GLOBAL,STV_DEFAULT,12,.text
.dynsym,2171,_ZNSt13runtime_errorD1Ev,std::runtime_error::~runtime_error(),711813,711812,44,thumb,STT_FUNC,STB_GLOBAL,STV_DEFAULT,12,.text
.dynsym,2172,_ZNSt13runtime_errorD2Ev,std::runtime_error::~runtime_error(),711813,711812,44,thumb,STT_FUNC,STB_GLOBAL,STV_DEFAULT,12,.text
.dynsym,2173,_ZNSt14overflow_errorD0Ev,std::overflow_error::~overflow_error(),712249,712248,48,thumb,STT_FUNC,STB_GLOBAL,STV_DEFAULT,12,.text
.dynsym,2174,_ZNSt14overflow_errorD1Ev,std::overflow_error::~overflow_error(),711813,711812,44,thumb,STT_FUNC,STB_GLOBAL,STV_DEFAULT,12,.text
.dynsym,2175,_ZNSt14overflow_errorD2Ev,std::overflow_error::~overflow_error(),711813,711812,44,thumb,STT_FUNC,STB_GLOBAL,STV_DEFAULT,12,.text
.dynsym,2176,_ZNSt15underflow_errorD0Ev,std::underflow_error::~underflow_error(),712297,712296,48,thumb,STT_FUNC,STB_GLOBAL,STV_DEFAULT,12,.text
.dynsym,2177,_ZNSt15underflow_errorD1Ev,std::underflow_error::~underflow_error(),711813,711812,44,thumb,STT_FUNC,STB_GLOBAL,STV_DEFAULT,12,.text
.dynsym,2178,_ZNSt15underflow_errorD2Ev,std::underflow_error::~underflow_error(),711813,711812,44,thumb,STT_FUNC,STB_GLOBAL,STV_DEFAULT,12,.text
.dynsym,2179,_ZNSt16invalid_argumentD0Ev,std::invalid_argument::~invalid_argument(),712057,712056,48,thumb,STT_FUNC,STB_GLOBAL,STV_DEFAULT,12,.text
.dynsym,2180,_ZNSt16invalid_argumentD1Ev,std::invalid_argument::~invalid_argument(),711813,711812,44,thumb,STT_FUNC,STB_GLOBAL,STV_DEFAULT,12,.text
.dynsym,2181,_ZNSt16invalid_argumentD2Ev,std::invalid_argument::~invalid_argument(),711813,711812,44,thumb,STT_FUNC,STB_GLOBAL,STV_DEFAULT,12,.text
.dynsym,2182,_ZNSt17__Named_exceptionC1ERKS_,std::__Named_exception::__Named_exception(std::__Named_exception const&),711577,711576,124,thumb,STT_FUNC,STB_GLOBAL,STV_DEFAULT,12,.text
.dynsym,2183,_ZNSt17__Named_exceptionC1ERKSs,"std::__Named_exception::__Named_exception(std::basic_string<char, std::char_traits<char>, std::allocator<char> > const&)",711457,711456,120,thumb,STT_FUNC,STB_GLOBAL,STV_DEFAULT,12,.text
.dynsym,2184,_ZNSt17__Named_exceptionC2ERKS_,std::__Named_exception::__Named_exception(std::__Named_exception const&),711577,711576,124,thumb,STT_FUNC,STB_GLOBAL,STV_DEFAULT,12,.text
.dynsym,2185,_ZNSt17__Named_exceptionC2ERKSs,"std::__Named_exception::__Named_exception(std::basic_string<char, std::char_traits<char>, std::allocator<char> > const&)",711457,711456,120,thumb,STT_FUNC,STB_GLOBAL,STV_DEFAULT,12,.text
.dynsym,2186,_ZNSt17__Named_exceptionD0Ev,std::__Named_exception::~__Named_exception(),711857,711856,48,thumb,STT_FUNC,STB_GLOBAL,STV_DEFAULT,12,.text
.dynsym,2187,_ZNSt17__Named_exceptionD1Ev,std::__Named_exception::~__Named_exception(),711813,711812,44,thumb,STT_FUNC,STB_GLOBAL,STV_DEFAULT,12,.text
.dynsym,2188,_ZNSt17__Named_exceptionD2Ev,std::__Named_exception::~__Named_exception(),711813,711812,44,thumb,STT_FUNC,STB_GLOBAL,STV_DEFAULT,12,.text
.dynsym,2189,_ZNSt17__Named_exceptionaSERKS_,std::__Named_exception::operator=(std::__Named_exception const&),711701,711700,110,thumb,STT_FUNC,STB_GLOBAL,STV_DEFAULT,12,.text
.dynsym,2190,_ZSt23__stl_throw_range_errorPKc,std::__stl_throw_range_error(char const*),710337,710336,224,thumb,STT_FUNC,STB_GLOBAL,STV_DEFAULT,12,.text
.dynsym,2191,_ZSt25__stl_throw_runtime_errorPKc,std::__stl_throw_runtime_error(char const*),709933,709932,224,thumb,STT_FUNC,STB_GLOBAL,STV_DEFAULT,12,.text
.dynsym,2192,_ZSt26__stl_throw_overflow_errorPKc,std::__stl_throw_overflow_error(char const*),711233,711232,224,thumb,STT_FUNC,STB_GLOBAL,STV_DEFAULT,12,.text
.dynsym,2193,_ZSt28__stl_throw_invalid_argumentPKc,std::__stl_throw_invalid_argument(char const*),711009,711008,224,thumb,STT_FUNC,STB_GLOBAL,STV_DEFAULT,12,.text
.dynsym,2194,_ZTISt11logic_error,typeinfo for std::logic_error,900592,900592,12,,STT_OBJECT,STB_GLOBAL,STV_DEFAULT,18,.data.rel.ro
.dynsym,2195,_ZTISt11range_error,typeinfo for std::range_error,900784,900784,12,,STT_OBJECT,STB_GLOBAL,STV_DEFAULT,18,.data.rel.ro
.dynsym,2196,_ZTISt12domain_error,typeinfo for std::domain_error,900656,900656,12,,STT_OBJECT,STB_GLOBAL,STV_DEFAULT,18,.data.rel.ro
.dynsym,2197,_ZTISt12length_error,typeinfo for std::length_error,900720,900720,12,,STT_OBJECT,STB_GLOBAL,STV_DEFAULT,18,.data.rel.ro
.dynsym,2198,_ZTISt12out_of_range,typeinfo for std::out_of_range,900752,900752,12,,STT_OBJECT,STB_GLOBAL,STV_DEFAULT,18,.data.rel.ro
.dynsym,2199,_ZTISt13runtime_error,typeinfo for std::runtime_error,900624,900624,12,,STT_OBJECT,STB_GLOBAL,STV_DEFAULT,18,.data.rel.ro
.dynsym,2200,_ZTISt14overflow_error,typeinfo for std::overflow_error,900816,900816,12,,STT_OBJECT,STB_GLOBAL,STV_DEFAULT,18,.data.rel.ro
.dynsym,2201,_ZTISt15underflow_error,typeinfo for std::underflow_error,900848,900848,12,,STT_OBJECT,STB_GLOBAL,STV_DEFAULT,18,.data.rel.ro
.dynsym,2202,_ZTISt16invalid_argument,typeinfo for std::invalid_argument,900688,900688,12,,STT_OBJECT,STB_GLOBAL,STV_DEFAULT,18,.data.rel.ro
.dynsym,2203,_ZTISt17__Named_exception,typeinfo for std::__Named_exception,900580,900580,12,,STT_OBJECT,STB_GLOBAL,STV_DEFAULT,18,.data.rel.ro
.dynsym,2204,_ZTSSt11logic_error,typeinfo name for std::logic_error,865574,865574,16,,STT_OBJECT,STB_GLOBAL,STV_DEFAULT,15,.rodata
.dynsym,2205,_ZTSSt11range_error,typeinfo name for std::range_error,865777,865777,16,,STT_OBJECT,STB_GLOBAL,STV_DEFAULT,15,.rodata
.dynsym,2206,_ZTSSt12domain_error,typeinfo name for std::domain_error,865664,865664,17,,STT_OBJECT,STB_GLOBAL,STV_DEFAULT,15,.rodata
.dynsym,2207,_ZTSSt12length_error,typeinfo name for std::length_error,865728,865728,17,,STT_OBJECT,STB_GLOBAL,STV_DEFAULT,15,.rodata
.dynsym,2208,_ZTSSt12out_of_range,typeinfo name for std::out_of_range,865760,865760,17,,STT_OBJECT,STB_GLOBAL,STV_DEFAULT,15,.rodata
.dynsym,2209,_ZTSSt13runtime_error,typeinfo name for std::runtime_error,865632,865632,18,,STT_OBJECT,STB_GLOBAL,STV_DEFAULT,15,.rodata
.dynsym,2210,_ZTSSt14overflow_error,typeinfo name for std::overflow_error,865808,865808,19,,STT_OBJECT,STB_GLOBAL,STV_DEFAULT,15,.rodata
.dynsym,2211,_ZTSSt15underflow_error,typeinfo name for std::underflow_error,865840,865840,20,,STT_OBJECT,STB_GLOBAL,STV_DEFAULT,15,.rodata
.dynsym,2212,_ZTSSt16invalid_argument,typeinfo name for std::invalid_argument,865696,865696,21,,STT_OBJECT,STB_GLOBAL,STV_DEFAULT,15,.rodata
.dynsym,2213,_ZTSSt17__Named_exception,typeinfo name for std::__Named_exception,865600,865600,22,,STT_OBJECT,STB_GLOBAL,STV_DEFAULT,15,.rodata
.dynsym,2214,_ZTVSt11logic_error,vtable for std::logic_error,900560,900560,20,,STT_OBJECT,STB_GLOBAL,STV_DEFAULT,18,.data.rel.ro
.dynsym,2215,_ZTVSt11range_error,vtable for std::range_error,900764,900764,20,,STT_OBJECT,STB_GLOBAL,STV_DEFAULT,18,.data.rel.ro
.dynsym,2216,_ZTVSt12domain_error,vtable for std::domain_error,900636,900636,20,,STT_OBJECT,STB_GLOBAL,STV_DEFAULT,18,.data.rel.ro
.dynsym,2217,_ZTVSt12length_error,vtable for std::length_error,900700,900700,20,,STT_OBJECT,STB_GLOBAL,STV_DEFAULT,18,.data.rel.ro
.dynsym,2218,_ZTVSt12out_of_range,vtable for std::out_of_range,900732,900732,20,,STT_OBJECT,STB_GLOBAL,STV_DEFAULT,18,.data.rel.ro
.dynsym,2219,_ZTVSt13runtime_error,vtable for std::runtime_error,900604,900604,20,,STT_OBJECT,STB_GLOBAL,STV_DEFAULT,18,.data.rel.ro
.dynsym,2220,_ZTVSt14overflow_error,vtable for std::overflow_error,900796,900796,20,,STT_OBJECT,STB_GLOBAL,STV_DEFAULT,18,.data.rel.ro
.dynsym,2221,_ZTVSt15underflow_error,vtable for std::underflow_error,900828,900828,20,,STT_OBJECT,STB_GLOBAL,STV_DEFAULT,18,.data.rel.ro
.dynsym,2222,_ZTVSt16invalid_argument,vtable for std::invalid_argument,900668,900668,20,,STT_OBJECT,STB_GLOBAL,STV_DEFAULT,18,.data.rel.ro
.dynsym,2223,_ZTVSt17__Named_exception,vtable for std::__Named_exception,900540,900540,20,,STT_OBJECT,STB_GLOBAL,STV_DEFAULT,18,.data.rel.ro
.dynsym,2224,_ZNSt14__malloc_alloc18set_malloc_handlerEPFvvE,std::__malloc_alloc::set_malloc_handler(void (*)()),712465,712464,52,thumb,STT_FUNC,STB_GLOBAL,STV_DEFAULT,12,.text
.dynsym,2225,_ZNSt14__malloc_alloc8allocateEj,std::__malloc_alloc::allocate(unsigned int),712361,712360,104,thumb,STT_FUNC,STB_GLOBAL,STV_DEFAULT,12,.text
.dynsym,2226,_ZNSt4priv14_Pthread_alloc10deallocateEPvj,"std::priv::_Pthread_alloc::deallocate(void*, unsigned int)",714743,714742,52,thumb,STT_FUNC,STB_GLOBAL,STV_DEFAULT,12,.text
.dynsym,2227,_ZNSt4priv14_Pthread_alloc10deallocateEPvjPNS_31_Pthread_alloc_per_thread_stateE,"std::priv::_Pthread_alloc::deallocate(void*, unsigned int, std::priv::_Pthread_alloc_per_thread_state*)",714799,714798,82,thumb,STT_FUNC,STB_GLOBAL,STV_DEFAULT,12,.text
.dynsym,2228,_ZNSt4priv14_Pthread_alloc10reallocateEPvjRj,"std::priv::_Pthread_alloc::reallocate(void*, unsigned int, unsigned int&)",714881,714880,126,thumb,STT_FUNC,STB_GLOBAL,STV_DEFAULT,12,.text
.dynsym,2229,_ZNSt4priv14_Pthread_alloc23_S_get_per_thread_stateEv,std::priv::_Pthread_alloc::_S_get_per_thread_state(),715007,715006,4,thumb,STT_FUNC,STB_GLOBAL,STV_DEFAULT,12,.text
.dynsym,2230,_ZNSt4priv14_Pthread_alloc8allocateERj,std::priv::_Pthread_alloc::allocate(unsigned int&),714739,714738,4,thumb,STT_FUNC,STB_GLOBAL,STV_DEFAULT,12,.text
.dynsym,2231,_ZNSt4priv14_Pthread_alloc8allocateERjPNS_31_Pthread_alloc_per_thread_stateE,"std::priv::_Pthread_alloc::allocate(unsigned int&, std::priv::_Pthread_alloc_per_thread_state*)",714795,714794,4,thumb,STT_FUNC,STB_GLOBAL,STV_DEFAULT,12,.text
.dynsym,2232,__cxa_end_cleanup,__cxa_end_cleanup,715013,715012,0,thumb,STT_FUNC,STB_GLOBAL,STV_DEFAULT,12,.text
.dynsym,2233,__cxa_type_match,__cxa_type_match,715029,715028,108,thumb,STT_FUNC,STB_GLOBAL,STV_DEFAULT,12,.text
.dynsym,2234,_ZTIDh,typeinfo for half,901664,901664,8,,STT_OBJECT,STB_GLOBAL,STV_DEFAULT,18,.data.rel.ro
.dynsym,2235,_ZTIDi,typeinfo for char32_t,901904,901904,8,,STT_OBJECT,STB_GLOBAL,STV_DEFAULT,18,.data.rel.ro
.dynsym,2236,_ZTIDn,typeinfo for decltype(nullptr),901024,901024,8,,STT_OBJECT,STB_GLOBAL,STV_DEFAULT,18,.data.rel.ro
.dynsym,2237,_ZTIDs,typeinfo for char16_t,901864,901864,8,,STT_OBJECT,STB_GLOBAL,STV_DEFAULT,18,.data.rel.ro
.dynsym,2238,_ZTIPDh,typeinfo for half*,901672,901672,16,,STT_OBJECT,STB_GLOBAL,STV_DEFAULT,18,.data.rel.ro
.dynsym,2239,_ZTIPDi,typeinfo for char32_t*,901912,901912,16,,STT_OBJECT,STB_GLOBAL,STV_DEFAULT,18,.data.rel.ro
.dynsym,2240,_ZTIPDn,typeinfo for decltype(nullptr)*,901032,901032,16,,STT_OBJECT,STB_GLOBAL,STV_DEFAULT,18,.data.rel.ro
.dynsym,2241,_ZTIPDs,typeinfo for char16_t*,901872,901872,16,,STT_OBJECT,STB_GLOBAL,STV_DEFAULT,18,.data.rel.ro
.dynsym,2242,_ZTIPKDh,typeinfo for half const*,901688,901688,16,,STT_OBJECT,STB_GLOBAL,STV_DEFAULT,18,.data.rel.ro
.dynsym,2243,_ZTIPKDi,typeinfo for char32_t const*,901928,901928,16,,STT_OBJECT,STB_GLOBAL,STV_DEFAULT,18,.data.rel.ro
.dynsym,2244,_ZTIPKDn,typeinfo for decltype(nullptr) const*,901048,901048,16,,STT_OBJECT,STB_GLOBAL,STV_DEFAULT,18,.data.rel.ro
.dynsym,2245,_ZTIPKDs,typeinfo for char16_t const*,901888,901888,16,,STT_OBJECT,STB_GLOBAL,STV_DEFAULT,18,.data.rel.ro
.dynsym,2246,_ZTIPKa,typeinfo for signed char const*,901248,901248,16,,STT_OBJECT,STB_GLOBAL,STV_DEFAULT,18,.data.rel.ro
.dynsym,2247,_ZTIPKb,typeinfo for bool const*,901088,901088,16,,STT_OBJECT,STB_GLOBAL,STV_DEFAULT,18,.data.rel.ro
.dynsym,2248,_ZTIPKc,typeinfo for char const*,901168,901168,16,,STT_OBJECT,STB_GLOBAL,STV_DEFAULT,18,.data.rel.ro
.dynsym,2249,_ZTIPKd,typeinfo for double const*,901768,901768,16,,STT_OBJECT,STB_GLOBAL,STV_DEFAULT,18,.data.rel.ro
.dynsym,2250,_ZTIPKe,typeinfo for long double const*,901808,901808,16,,STT_OBJECT,STB_GLOBAL,STV_DEFAULT,18,.data.rel.ro
.dynsym,2251,_ZTIPKf,typeinfo for float const*,901728,901728,16,,STT_OBJECT,STB_GLOBAL,STV_DEFAULT,18,.data.rel.ro
.dynsym,2252,_ZTIPKg,typeinfo for __float128 const*,901848,901848,16,,STT_OBJECT,STB_GLOBAL,STV_DEFAULT,18,.data.rel.ro
.dynsym,2253,_ZTIPKh,typeinfo for unsigned char const*,901208,901208,16,,STT_OBJECT,STB_GLOBAL,STV_DEFAULT,18,.data.rel.ro
.dynsym,2254,_ZTIPKi,typeinfo for int const*,901368,901368,16,,STT_OBJECT,STB_GLOBAL,STV_DEFAULT,18,.data.rel.ro
.dynsym,2255,_ZTIPKj,typeinfo for unsigned int const*,901408,901408,16,,STT_OBJECT,STB_GLOBAL,STV_DEFAULT,18,.data.rel.ro
.dynsym,2256,_ZTIPKl,typeinfo for long const*,901448,901448,16,,STT_OBJECT,STB_GLOBAL,STV_DEFAULT,18,.data.rel.ro
.dynsym,2257,_ZTIPKm,typeinfo for unsigned long const*,901488,901488,16,,STT_OBJECT,STB_GLOBAL,STV_DEFAULT,18,.data.rel.ro
.dynsym,2258,_ZTIPKn,typeinfo for __int128 const*,901608,901608,16,,STT_OBJECT,STB_GLOBAL,STV_DEFAULT,18,.data.rel.ro
.dynsym,2259,_ZTIPKo,typeinfo for unsigned __int128 const*,901648,901648,16,,STT_OBJECT,STB_GLOBAL,STV_DEFAULT,18,.data.rel.ro
.dynsym,2260,_ZTIPKs,typeinfo for short const*,901288,901288,16,,STT_OBJECT,STB_GLOBAL,STV_DEFAULT,18,.data.rel.ro
.dynsym,2261,_ZTIPKt,typeinfo for unsigned short const*,901328,901328,16,,STT_OBJECT,STB_GLOBAL,STV_DEFAULT,18,.data.rel.ro
.dynsym,2262,_ZTIPKv,typeinfo for void const*,901008,901008,16,,STT_OBJECT,STB_GLOBAL,STV_DEFAULT,18,.data.rel.ro
.dynsym,2263,_ZTIPKw,typeinfo for wchar_t const*,901128,901128,16,,STT_OBJECT,STB_GLOBAL,STV_DEFAULT,18,.data.rel.ro
.dynsym,2264,_ZTIPKx,typeinfo for long long const*,901528,901528,16,,STT_OBJECT,STB_GLOBAL,STV_DEFAULT,18,.data.rel.ro
.dynsym,2265,_ZTIPKy,typeinfo for unsigned long long const*,901568,901568,16,,STT_OBJECT,STB_GLOBAL,STV_DEFAULT,18,.data.rel.ro
.dynsym,2266,_ZTIPa,typeinfo for signed char*,901232,901232,16,,STT_OBJECT,STB_GLOBAL,STV_DEFAULT,18,.data.rel.ro
.dynsym,2267,_ZTIPb,typeinfo for bool*,901072,901072,16,,STT_OBJECT,STB_GLOBAL,STV_DEFAULT,18,.data.rel.ro
.dynsym,2268,_ZTIPc,typeinfo for char*,901152,901152,16,,STT_OBJECT,STB_GLOBAL,STV_DEFAULT,18,.data.rel.ro
.dynsym,2269,_ZTIPd,typeinfo for double*,901752,901752,16,,STT_OBJECT,STB_GLOBAL,STV_DEFAULT,18,.data.rel.ro
.dynsym,2270,_ZTIPe,typeinfo for long double*,901792,901792,16,,STT_OBJECT,STB_GLOBAL,STV_DEFAULT,18,.data.rel.ro
.dynsym,2271,_ZTIPf,typeinfo for float*,901712,901712,16,,STT_OBJECT,STB_GLOBAL,STV_DEFAULT,18,.data.rel.ro
.dynsym,2272,_ZTIPg,typeinfo for __float128*,901832,901832,16,,STT_OBJECT,STB_GLOBAL,STV_DEFAULT,18,.data.rel.ro
.dynsym,2273,_ZTIPh,typeinfo for unsigned char*,901192,901192,16,,STT_OBJECT,STB_GLOBAL,STV_DEFAULT,18,.data.rel.ro
.dynsym,2274,_ZTIPi,typeinfo for int*,901352,901352,16,,STT_OBJECT,STB_GLOBAL,STV_DEFAULT,18,.data.rel.ro
.dynsym,2275,_ZTIPj,typeinfo for unsigned int*,901392,901392,16,,STT_OBJECT,STB_GLOBAL,STV_DEFAULT,18,.data.rel.ro
.dynsym,2276,_ZTIPl,typeinfo for long*,901432,901432,16,,STT_OBJECT,STB_GLOBAL,STV_DEFAULT,18,.data.rel.ro
.dynsym,2277,_ZTIPm,typeinfo for unsigned long*,901472,901472,16,,STT_OBJECT,STB_GLOBAL,STV_DEFAULT,18,.data.rel.ro
.dynsym,2278,_ZTIPn,typeinfo for __int128*,901592,901592,16,,STT_OBJECT,STB_GLOBAL,STV_DEFAULT,18,.data.rel.ro
.dynsym,2279,_ZTIPo,typeinfo for unsigned __int128*,901632,901632,16,,STT_OBJECT,STB_GLOBAL,STV_DEFAULT,18,.data.rel.ro
.dynsym,2280,_ZTIPs,typeinfo for short*,901272,901272,16,,STT_OBJECT,STB_GLOBAL,STV_DEFAULT,18,.data.rel.ro
.dynsym,2281,_ZTIPt,typeinfo for unsigned short*,901312,901312,16,,STT_OBJECT,STB_GLOBAL,STV_DEFAULT,18,.data.rel.ro
.dynsym,2282,_ZTIPv,typeinfo for void*,900992,900992,16,,STT_OBJECT,STB_GLOBAL,STV_DEFAULT,18,.data.rel.ro
.dynsym,2283,_ZTIPw,typeinfo for wchar_t*,901112,901112,16,,STT_OBJECT,STB_GLOBAL,STV_DEFAULT,18,.data.rel.ro
.dynsym,2284,_ZTIPx,typeinfo for long long*,901512,901512,16,,STT_OBJECT,STB_GLOBAL,STV_DEFAULT,18,.data.rel.ro
.dynsym,2285,_ZTIPy,typeinfo for unsigned long long*,901552,901552,16,,STT_OBJECT,STB_GLOBAL,STV_DEFAULT,18,.data.rel.ro
.dynsym,2286,_ZTIa,typeinfo for signed char,901224,901224,8,,STT_OBJECT,STB_GLOBAL,STV_DEFAULT,18,.data.rel.ro
.dynsym,2287,_ZTIb,typeinfo for bool,901064,901064,8,,STT_OBJECT,STB_GLOBAL,STV_DEFAULT,18,.data.rel.ro
.dynsym,2288,_ZTIc,typeinfo for char,901144,901144,8,,STT_OBJECT,STB_GLOBAL,STV_DEFAULT,18,.data.rel.ro
.dynsym,2289,_ZTId,typeinfo for double,901744,901744,8,,STT_OBJECT,STB_GLOBAL,STV_DEFAULT,18,.data.rel.ro
.dynsym,2290,_ZTIe,typeinfo for long double,901784,901784,8,,STT_OBJECT,STB_GLOBAL,STV_DEFAULT,18,.data.rel.ro
.dynsym,2291,_ZTIf,typeinfo for float,901704,901704,8,,STT_OBJECT,STB_GLOBAL,STV_DEFAULT,18,.data.rel.ro
.dynsym,2292,_ZTIg,typeinfo for __float128,901824,901824,8,,STT_OBJECT,STB_GLOBAL,STV_DEFAULT,18,.data.rel.ro
.dynsym,2293,_ZTIh,typeinfo for unsigned char,901184,901184,8,,STT_OBJECT,STB_GLOBAL,STV_DEFAULT,18,.data.rel.ro
.dynsym,2294,_ZTIi,typeinfo for int,901344,901344,8,,STT_OBJECT,STB_GLOBAL,STV_DEFAULT,18,.data.rel.ro
.dynsym,2295,_ZTIj,typeinfo for unsigned int,901384,901384,8,,STT_OBJECT,STB_GLOBAL,STV_DEFAULT,18,.data.rel.ro
.dynsym,2296,_ZTIl,typeinfo for long,901424,901424,8,,STT_OBJECT,STB_GLOBAL,STV_DEFAULT,18,.data.rel.ro
.dynsym,2297,_ZTIm,typeinfo for unsigned long,901464,901464,8,,STT_OBJECT,STB_GLOBAL,STV_DEFAULT,18,.data.rel.ro
.dynsym,2298,_ZTIn,typeinfo for __int128,901584,901584,8,,STT_OBJECT,STB_GLOBAL,STV_DEFAULT,18,.data.rel.ro
.dynsym,2299,_ZTIo,typeinfo for unsigned __int128,901624,901624,8,,STT_OBJECT,STB_GLOBAL,STV_DEFAULT,18,.data.rel.ro
.dynsym,2300,_ZTIs,typeinfo for short,901264,901264,8,,STT_OBJECT,STB_GLOBAL,STV_DEFAULT,18,.data.rel.ro
.dynsym,2301,_ZTIt,typeinfo for unsigned short,901304,901304,8,,STT_OBJECT,STB_GLOBAL,STV_DEFAULT,18,.data.rel.ro
.dynsym,2302,_ZTIw,typeinfo for wchar_t,901104,901104,8,,STT_OBJECT,STB_GLOBAL,STV_DEFAULT,18,.data.rel.ro
.dynsym,2303,_ZTIx,typeinfo for long long,901504,901504,8,,STT_OBJECT,STB_GLOBAL,STV_DEFAULT,18,.data.rel.ro
.dynsym,2304,_ZTIy,typeinfo for unsigned long long,901544,901544,8,,STT_OBJECT,STB_GLOBAL,STV_DEFAULT,18,.data.rel.ro
.dynsym,2305,_ZTSDh,typeinfo name for half,866164,866164,3,,STT_OBJECT,STB_GLOBAL,STV_DEFAULT,15,.rodata
.dynsym,2306,_ZTSDi,typeinfo name for char32_t,866224,866224,3,,STT_OBJECT,STB_GLOBAL,STV_DEFAULT,15,.rodata
.dynsym,2307,_ZTSDn,typeinfo name for decltype(nullptr),866017,866017,3,,STT_OBJECT,STB_GLOBAL,STV_DEFAULT,15,.rodata
.dynsym,2308,_ZTSDs,typeinfo name for char16_t,866212,866212,3,,STT_OBJECT,STB_GLOBAL,STV_DEFAULT,15,.rodata
.dynsym,2309,_ZTSPDh,typeinfo name for half*,866167,866167,4,,STT_OBJECT,STB_GLOBAL,STV_DEFAULT,15,.rodata
.dynsym,2310,_ZTSPDi,typeinfo name for char32_t*,866227,866227,4,,STT_OBJECT,STB_GLOBAL,STV_DEFAULT,15,.rodata
.dynsym,2311,_ZTSPDn,typeinfo name for decltype(nullptr)*,866020,866020,4,,STT_OBJECT,STB_GLOBAL,STV_DEFAULT,15,.rodata
.dynsym,2312,_ZTSPDs,typeinfo name for char16_t*,866215,866215,4,,STT_OBJECT,STB_GLOBAL,STV_DEFAULT,15,.rodata
.dynsym,2313,_ZTSPKDh,typeinfo name for half const*,866171,866171,5,,STT_OBJECT,STB_GLOBAL,STV_DEFAULT,15,.rodata
.dynsym,2314,_ZTSPKDi,typeinfo name for char32_t const*,866231,866231,5,,STT_OBJECT,STB_GLOBAL,STV_DEFAULT,15,.rodata
.dynsym,2315,_ZTSPKDn,typeinfo name for decltype(nullptr) const*,866024,866024,5,,STT_OBJECT,STB_GLOBAL,STV_DEFAULT,15,.rodata
.dynsym,2316,_ZTSPKDs,typeinfo name for char16_t const*,866219,866219,5,,STT_OBJECT,STB_GLOBAL,STV_DEFAULT,15,.rodata
.dynsym,2317,_ZTSPKa,typeinfo name for signed char const*,866070,866070,4,,STT_OBJECT,STB_GLOBAL,STV_DEFAULT,15,.rodata
.dynsym,2318,_ZTSPKb,typeinfo name for bool const*,866034,866034,4,,STT_OBJECT,STB_GLOBAL,STV_DEFAULT,15,.rodata
.dynsym,2319,_ZTSPKc,typeinfo name for char const*,866052,866052,4,,STT_OBJECT,STB_GLOBAL,STV_DEFAULT,15,.rodata
.dynsym,2320,_ZTSPKd,typeinfo name for double const*,866190,866190,4,,STT_OBJECT,STB_GLOBAL,STV_DEFAULT,15,.rodata
.dynsym,2321,_ZTSPKe,typeinfo name for long double const*,866199,866199,4,,STT_OBJECT,STB_GLOBAL,STV_DEFAULT,15,.rodata
.dynsym,2322,_ZTSPKf,typeinfo name for float const*,866181,866181,4,,STT_OBJECT,STB_GLOBAL,STV_DEFAULT,15,.rodata
.dynsym,2323,_ZTSPKg,typeinfo name for __float128 const*,866208,866208,4,,STT_OBJECT,STB_GLOBAL,STV_DEFAULT,15,.rodata
.dynsym,2324,_ZTSPKh,typeinfo name for unsigned char const*,866061,866061,4,,STT_OBJECT,STB_GLOBAL,STV_DEFAULT,15,.rodata
.dynsym,2325,_ZTSPKi,typeinfo name for int const*,866097,866097,4,,STT_OBJECT,STB_GLOBAL,STV_DEFAULT,15,.rodata
.dynsym,2326,_ZTSPKj,typeinfo name for unsigned int const*,866106,866106,4,,STT_OBJECT,STB_GLOBAL,STV_DEFAULT,15,.rodata
.dynsym,2327,_ZTSPKl,typeinfo name for long const*,866115,866115,4,,STT_OBJECT,STB_GLOBAL,STV_DEFAULT,15,.rodata
.dynsym,2328,_ZTSPKm,typeinfo name for unsigned long const*,866124,866124,4,,STT_OBJECT,STB_GLOBAL,STV_DEFAULT,15,.rodata
.dynsym,2329,_ZTSPKn,typeinfo name for __int128 const*,866151,866151,4,,STT_OBJECT,STB_GLOBAL,STV_DEFAULT,15,.rodata
.dynsym,2330,_ZTSPKo,typeinfo name for unsigned __int128 const*,866160,866160,4,,STT_OBJECT,STB_GLOBAL,STV_DEFAULT,15,.rodata
.dynsym,2331,_ZTSPKs,typeinfo name for short const*,866079,866079,4,,STT_OBJECT,STB_GLOBAL,STV_DEFAULT,15,.rodata
.dynsym,2332,_ZTSPKt,typeinfo name for unsigned short const*,866088,866088,4,,STT_OBJECT,STB_GLOBAL,STV_DEFAULT,15,.rodata
.dynsym,2333,_ZTSPKv,typeinfo name for void const*,866013,866013,4,,STT_OBJECT,STB_GLOBAL,STV_DEFAULT,15,.rodata
.dynsym,2334,_ZTSPKw,typeinfo name for wchar_t const*,866043,866043,4,,STT_OBJECT,STB_GLOBAL,STV_DEFAULT,15,.rodata
.dynsym,2335,_ZTSPKx,typeinfo name for long long const*,866133,866133,4,,STT_OBJECT,STB_GLOBAL,STV_DEFAULT,15,.rodata
.dynsym,2336,_ZTSPKy,typeinfo name for unsigned long long const*,866142,866142,4,,STT_OBJECT,STB_GLOBAL,STV_DEFAULT,15,.rodata
.dynsym,2337,_ZTSPa,typeinfo name for signed char*,866067,866067,3,,STT_OBJECT,STB_GLOBAL,STV_DEFAULT,15,.rodata
.dynsym,2338,_ZTSPb,typeinfo name for bool*,866031,866031,3,,STT_OBJECT,STB_GLOBAL,STV_DEFAULT,15,.rodata
.dynsym,2339,_ZTSPc,typeinfo name for char*,866049,866049,3,,STT_OBJECT,STB_GLOBAL,STV_DEFAULT,15,.rodata
.dynsym,2340,_ZTSPd,typeinfo name for double*,866187,866187,3,,STT_OBJECT,STB_GLOBAL,STV_DEFAULT,15,.rodata
.dynsym,2341,_ZTSPe,typeinfo name for long double*,866196,866196,3,,STT_OBJECT,STB_GLOBAL,STV_DEFAULT,15,.rodata
.dynsym,2342,_ZTSPf,typeinfo name for float*,866178,866178,3,,STT_OBJECT,STB_GLOBAL,STV_DEFAULT,15,.rodata
.dynsym,2343,_ZTSPg,typeinfo name for __float128*,866205,866205,3,,STT_OBJECT,STB_GLOBAL,STV_DEFAULT,15,.rodata
.dynsym,2344,_ZTSPh,typeinfo name for unsigned char*,866058,866058,3,,STT_OBJECT,STB_GLOBAL,STV_DEFAULT,15,.rodata
.dynsym,2345,_ZTSPi,typeinfo name for int*,866094,866094,3,,STT_OBJECT,STB_GLOBAL,STV_DEFAULT,15,.rodata
.dynsym,2346,_ZTSPj,typeinfo name for unsigned int*,866103,866103,3,,STT_OBJECT,STB_GLOBAL,STV_DEFAULT,15,.rodata
.dynsym,2347,_ZTSPl,typeinfo name for long*,866112,866112,3,,STT_OBJECT,STB_GLOBAL,STV_DEFAULT,15,.rodata
.dynsym,2348,_ZTSPm,typeinfo name for unsigned long*,866121,866121,3,,STT_OBJECT,STB_GLOBAL,STV_DEFAULT,15,.rodata
.dynsym,2349,_ZTSPn,typeinfo name for __int128*,866148,866148,3,,STT_OBJECT,STB_GLOBAL,STV_DEFAULT,15,.rodata
.dynsym,2350,_ZTSPo,typeinfo name for unsigned __int128*,866157,866157,3,,STT_OBJECT,STB_GLOBAL,STV_DEFAULT,15,.rodata
.dynsym,2351,_ZTSPs,typeinfo name for short*,866076,866076,3,,STT_OBJECT,STB_GLOBAL,STV_DEFAULT,15,.rodata
.dynsym,2352,_ZTSPt,typeinfo name for unsigned short*,866085,866085,3,,STT_OBJECT,STB_GLOBAL,STV_DEFAULT,15,.rodata
.dynsym,2353,_ZTSPv,typeinfo name for void*,866010,866010,3,,STT_OBJECT,STB_GLOBAL,STV_DEFAULT,15,.rodata
.dynsym,2354,_ZTSPw,typeinfo name for wchar_t*,866040,866040,3,,STT_OBJECT,STB_GLOBAL,STV_DEFAULT,15,.rodata
.dynsym,2355,_ZTSPx,typeinfo name for long long*,866130,866130,3,,STT_OBJECT,STB_GLOBAL,STV_DEFAULT,15,.rodata
.dynsym,2356,_ZTSPy,typeinfo name for unsigned long long*,866139,866139,3,,STT_OBJECT,STB_GLOBAL,STV_DEFAULT,15,.rodata
.dynsym,2357,_ZTSa,typeinfo name for signed char,866065,866065,2,,STT_OBJECT,STB_GLOBAL,STV_DEFAULT,15,.rodata
.dynsym,2358,_ZTSb,typeinfo name for bool,866029,866029,2,,STT_OBJECT,STB_GLOBAL,STV_DEFAULT,15,.rodata
.dynsym,2359,_ZTSc,typeinfo name for char,866047,866047,2,,STT_OBJECT,STB_GLOBAL,STV_DEFAULT,15,.rodata
.dynsym,2360,_ZTSd,typeinfo name for double,866185,866185,2,,STT_OBJECT,STB_GLOBAL,STV_DEFAULT,15,.rodata
.dynsym,2361,_ZTSe,typeinfo name for long double,866194,866194,2,,STT_OBJECT,STB_GLOBAL,STV_DEFAULT,15,.rodata
.dynsym,2362,_ZTSf,typeinfo name for float,866176,866176,2,,STT_OBJECT,STB_GLOBAL,STV_DEFAULT,15,.rodata
.dynsym,2363,_ZTSg,typeinfo name for __float128,866203,866203,2,,STT_OBJECT,STB_GLOBAL,STV_DEFAULT,15,.rodata
.dynsym,2364,_ZTSh,typeinfo name for unsigned char,866056,866056,2,,STT_OBJECT,STB_GLOBAL,STV_DEFAULT,15,.rodata
.dynsym,2365,_ZTSi,typeinfo name for int,866092,866092,2,,STT_OBJECT,STB_GLOBAL,STV_DEFAULT,15,.rodata
.dynsym,2366,_ZTSj,typeinfo name for unsigned int,866101,866101,2,,STT_OBJECT,STB_GLOBAL,STV_DEFAULT,15,.rodata
.dynsym,2367,_ZTSl,typeinfo name for long,866110,866110,2,,STT_OBJECT,STB_GLOBAL,STV_DEFAULT,15,.rodata
.dynsym,2368,_ZTSm,typeinfo name for unsigned long,866119,866119,2,,STT_OBJECT,STB_GLOBAL,STV_DEFAULT,15,.rodata
.dynsym,2369,_ZTSn,typeinfo name for __int128,866146,866146,2,,STT_OBJECT,STB_GLOBAL,STV_DEFAULT,15,.rodata
.dynsym,2370,_ZTSo,typeinfo name for unsigned __int128,866155,866155,2,,STT_OBJECT,STB_GLOBAL,STV_DEFAULT,15,.rodata
.dynsym,2371,_ZTSs,typeinfo name for short,866074,866074,2,,STT_OBJECT,STB_GLOBAL,STV_DEFAULT,15,.rodata
.dynsym,2372,_ZTSt,typeinfo name for unsigned short,866083,866083,2,,STT_OBJECT,STB_GLOBAL,STV_DEFAULT,15,.rodata
.dynsym,2373,_ZTSv,typeinfo name for void,866008,866008,2,,STT_OBJECT,STB_GLOBAL,STV_DEFAULT,15,.rodata
.dynsym,2374,_ZTSw,typeinfo name for wchar_t,866038,866038,2,,STT_OBJECT,STB_GLOBAL,STV_DEFAULT,15,.rodata
.dynsym,2375,_ZTSx,typeinfo name for long long,866128,866128,2,,STT_OBJECT,STB_GLOBAL,STV_DEFAULT,15,.rodata
.dynsym,2376,_ZTSy,typeinfo name for unsigned long long,866137,866137,2,,STT_OBJECT,STB_GLOBAL,STV_DEFAULT,15,.rodata
.dynsym,2377,_edata,_edata,910252,910252,0,,STT_NOTYPE,STB_GLOBAL,STV_DEFAULT,SHN_ABS,SHN_ABS
.dynsym,2378,_end,_end,946681,946681,0,,STT_NOTYPE,STB_GLOBAL,STV_DEFAULT,SHN_ABS,SHN_ABS
.dynsym,2379,__bss_start,__bss_start,910252,910252,0,,STT_NOTYPE,STB_GLOBAL,STV_DEFAULT,SHN_ABS,SHN_ABS
.dynsym,2380,__gnu_Unwind_Find_exidx,__gnu_Unwind_Find_exidx,0,0,0,arm,STT_FUNC,STB_WEAK,STV_DEFAULT,SHN_UNDEF,SHN_UNDEF
.dynsym,2381,raise,raise,0,0,0,arm,STT_FUNC,STB_GLOBAL,STV_DEFAULT,SHN_UNDEF,SHN_UNDEF
.dynsym,2382,__udivsi3,__udivsi3,716716,716716,168,arm,STT_FUNC,STB_GLOBAL,STV_DEFAULT,12,.text
.dynsym,2383,__aeabi_idiv0,__aeabi_idiv0,717236,717236,16,arm,STT_FUNC,STB_WEAK,STV_DEFAULT,12,.text
.dynsym,2384,__divsi3,__divsi3,716916,716916,220,arm,STT_FUNC,STB_GLOBAL,STV_DEFAULT,12,.text
.dynsym,2385,__aeabi_ldiv0,__aeabi_ldiv0,717236,717236,16,arm,STT_FUNC,STB_WEAK,STV_DEFAULT,12,.text
.dynsym,2386,__gnu_ldivmod_helper,__gnu_ldivmod_helper,717252,717252,60,arm,STT_FUNC,STB_GLOBAL,STV_DEFAULT,12,.text
.dynsym,2387,__divdi3,__divdi3,722776,722776,380,arm,STT_FUNC,STB_GLOBAL,STV_DEFAULT,12,.text
.dynsym,2388,__gnu_uldivmod_helper,__gnu_uldivmod_helper,717312,717312,60,arm,STT_FUNC,STB_GLOBAL,STV_DEFAULT,12,.text
.dynsym,2389,__udivdi3,__udivdi3,723156,723156,268,arm,STT_FUNC,STB_GLOBAL,STV_DEFAULT,12,.text
.dynsym,2390,__aeabi_unwind_cpp_pr2,__aeabi_unwind_cpp_pr2,720296,720296,8,arm,STT_FUNC,STB_WEAK,STV_DEFAULT,12,.text
.dynsym,2391,__gnu_Unwind_Restore_VFP_D,__gnu_Unwind_Restore_VFP_D,721204,721204,0,arm,STT_FUNC,STB_GLOBAL,STV_DEFAULT,12,.text
.dynsym,2392,__gnu_Unwind_Restore_VFP,__gnu_Unwind_Restore_VFP,721188,721188,0,arm,STT_FUNC,STB_GLOBAL,STV_DEFAULT,12,.text
.dynsym,2393,__gnu_Unwind_Restore_VFP_D_16_to_31,__gnu_Unwind_Restore_VFP_D_16_to_31,721220,721220,0,arm,STT_FUNC,STB_GLOBAL,STV_DEFAULT,12,.text
.dynsym,2394,__gnu_Unwind_Restore_WMMXD,__gnu_Unwind_Restore_WMMXD,721236,721236,0,arm,STT_FUNC,STB_GLOBAL,STV_DEFAULT,12,.text
.dynsym,2395,__gnu_Unwind_Restore_WMMXC,__gnu_Unwind_Restore_WMMXC,721372,721372,0,arm,STT_FUNC,STB_GLOBAL,STV_DEFAULT,12,.text
.dynsym,2396,restore_core_regs,restore_core_regs,721168,721168,20,arm,STT_FUNC,STB_GLOBAL,STV_DEFAULT,12,.text
.dynsym,2397,_Unwind_GetCFA,_Unwind_GetCFA,718432,718432,8,arm,STT_FUNC,STB_GLOBAL,STV_DEFAULT,12,.text
.dynsym,2398,__gnu_Unwind_RaiseException,__gnu_Unwind_RaiseException,718440,718440,164,arm,STT_FUNC,STB_GLOBAL,STV_DEFAULT,12,.text
.dynsym,2399,__gnu_Unwind_ForcedUnwind,__gnu_Unwind_ForcedUnwind,718604,718604,28,arm,STT_FUNC,STB_GLOBAL,STV_DEFAULT,12,.text
.dynsym,2400,__gnu_Unwind_Resume,__gnu_Unwind_Resume,718632,718632,116,arm,STT_FUNC,STB_GLOBAL,STV_DEFAULT,12,.text
.dynsym,2401,__gnu_Unwind_Resume_or_Rethrow,__gnu_Unwind_Resume_or_Rethrow,718748,718748,32,arm,STT_FUNC,STB_GLOBAL,STV_DEFAULT,12,.text
.dynsym,2402,_Unwind_Complete,_Unwind_Complete,718780,718780,4,arm,STT_FUNC,STB_GLOBAL,STV_DEFAULT,12,.text
.dynsym,2403,__gnu_Unwind_Backtrace,__gnu_Unwind_Backtrace,719076,719076,200,arm,STT_FUNC,STB_GLOBAL,STV_DEFAULT,12,.text
.dynsym,2404,__gnu_unwind_execute,__gnu_unwind_execute,721732,721732,920,arm,STT_FUNC,STB_GLOBAL,STV_DEFAULT,12,.text
.dynsym,2405,_Unwind_VRS_Pop,_Unwind_VRS_Pop,720304,720304,864,arm,STT_FUNC,STB_GLOBAL,STV_DEFAULT,12,.text
.dynsym,2406,__gnu_Unwind_Save_VFP_D,__gnu_Unwind_Save_VFP_D,721212,721212,0,arm,STT_FUNC,STB_GLOBAL,STV_DEFAULT,12,.text
.dynsym,2407,__gnu_Unwind_Save_VFP,__gnu_Unwind_Save_VFP,721196,721196,0,arm,STT_FUNC,STB_GLOBAL,STV_DEFAULT,12,.text
.dynsym,2408,__gnu_Unwind_Save_VFP_D_16_to_31,__gnu_Unwind_Save_VFP_D_16_to_31,721228,721228,0,arm,STT_FUNC,STB_GLOBAL,STV_DEFAULT,12,.text
.dynsym,2409,__gnu_Unwind_Save_WMMXD,__gnu_Unwind_Save_WMMXD,721304,721304,0,arm,STT_FUNC,STB_GLOBAL,STV_DEFAULT,12,.text
.dynsym,2410,__gnu_Unwind_Save_WMMXC,__gnu_Unwind_Save_WMMXC,721392,721392,0,arm,STT_FUNC,STB_GLOBAL,STV_DEFAULT,12,.text
.dynsym,2411,__restore_core_regs,__restore_core_regs,721168,721168,20,arm,STT_FUNC,STB_GLOBAL,STV_DEFAULT,12,.text
.dynsym,2412,___Unwind_RaiseException,___Unwind_RaiseException,721412,721412,36,arm,STT_FUNC,STB_GLOBAL,STV_DEFAULT,12,.text
.dynsym,2413,___Unwind_Resume,___Unwind_Resume,721448,721448,36,arm,STT_FUNC,STB_GLOBAL,STV_DEFAULT,12,.text
.dynsym,2414,___Unwind_Resume_or_Rethrow,___Unwind_Resume_or_Rethrow,721484,721484,36,arm,STT_FUNC,STB_GLOBAL,STV_DEFAULT,12,.text
.dynsym,2415,_Unwind_Resume_or_Rethrow,_Unwind_Resume_or_Rethrow,721484,721484,36,arm,STT_FUNC,STB_GLOBAL,STV_DEFAULT,12,.text
.dynsym,2416,___Unwind_ForcedUnwind,___Unwind_ForcedUnwind,721520,721520,36,arm,STT_FUNC,STB_GLOBAL,STV_DEFAULT,12,.text
.dynsym,2417,_Unwind_ForcedUnwind,_Unwind_ForcedUnwind,721520,721520,36,arm,STT_FUNC,STB_GLOBAL,STV_DEFAULT,12,.text
.dynsym,2418,___Unwind_Backtrace,___Unwind_Backtrace,721556,721556,36,arm,STT_FUNC,STB_GLOBAL,STV_DEFAULT,12,.text
.dynsym,2419,_Unwind_Backtrace,_Unwind_Backtrace,721556,721556,36,arm,STT_FUNC,STB_GLOBAL,STV_DEFAULT,12,.text
.dynsym,2420,_Unwind_GetDataRelBase,_Unwind_GetDataRelBase,722760,722760,8,arm,STT_FUNC,STB_GLOBAL,STV_DEFAULT,12,.text
.dynsym,2421,_Unwind_GetTextRelBase,_Unwind_GetTextRelBase,722768,722768,8,arm,STT_FUNC,STB_GLOBAL,STV_DEFAULT,12,.text
.dynsym,2422,__aeabi_llsl,__aeabi_llsl,723452,723452,28,arm,STT_FUNC,STB_GLOBAL,STV_DEFAULT,12,.text
.dynsym,2423,__aeabi_llsr,__aeabi_llsr,723424,723424,28,arm,STT_FUNC,STB_GLOBAL,STV_DEFAULT,12,.text
.dynsym,2424,__lshrdi3,__lshrdi3,723424,723424,28,arm,STT_FUNC,STB_GLOBAL,STV_DEFAULT,12,.text
.dynsym,2425,__ashldi3,__ashldi3,723452,723452,28,arm,STT_FUNC,STB_GLOBAL,STV_DEFAULT,12,.text
