--------- beginning of main
I/libprocessgroup(19142): Created cgroup /sys/fs/cgroup/apps/uid_10233/pid_19142
I/Zygote  (19142): Process 19142 created for com.example.dh2
I/com.example.dh2(19142): Late-enabling -Xcheck:jni
I/com.example.dh2(19142): Using generational CollectorTypeCMC GC.
W/com.example.dh2(19142): Unexpected CPU variant for x86: x86_64.
W/com.example.dh2(19142): Known variants: atom, sandybridge, silvermont, goldmont, goldmont-plus, goldmont-without-sha-xsaves, tremont, kabylake, alderlake, pantherlake, default
D/nativeloader(19142): Load libframework-connectivity-tiramisu-jni.so using APEX ns com_android_tethering for caller /apex/com.android.tethering/javalib/framework-connectivity-t.jar: ok
D/CompatChangeReporter(19142): Compat change id reported: 333566037; UID 10233; state: ENABLED
D/nativeloader(19142): Configuring clns-9 for other apk /data/app/~~MAKUs0wakdblGsfMygd1Bg==/com.example.dh2-lUBLDSeGF2TFm6x113cOFg==/base.apk. target_sdk_version=37, uses_libraries=, library_path=/data/app/~~MAKUs0wakdblGsfMygd1Bg==/com.example.dh2-lUBLDSeGF2TFm6x113cOFg==/lib/x86_64:/data/app/~~MAKUs0wakdblGsfMygd1Bg==/com.example.dh2-lUBLDSeGF2TFm6x113cOFg==/base.apk!/lib/x86_64, permitted_path=/data:/mnt/expand:/data/user/0/com.example.dh2
--------- beginning of system
D/ActivityThread(19142): Set OS env TMPDIR to /data/user/0/com.example.dh2/cache
V/GraphicsEnvironment(19142): Currently set values for:
V/GraphicsEnvironment(19142):   angle_gl_driver_selection_pkgs=[]
V/GraphicsEnvironment(19142):   angle_gl_driver_selection_values=[]
V/GraphicsEnvironment(19142): com.example.dh2 is not listed in per-application setting
V/GraphicsEnvironment(19142): No special selections for ANGLE, returning default driver choice
V/GraphicsEnvironment(19142): Neither updatable production driver nor prerelease driver is supported.
D/CompatChangeReporter(19142): Compat change id reported: 407952621; UID 10233; state: ENABLED
D/CompatChangeReporter(19142): Compat change id reported: 419020719; UID 10233; state: ENABLED
I/DisplayManager(19142): Choreographer implicitly registered for the refresh rate.
D/com.example.dh2(19142): Initializing ProtoLog
D/ProtoLog(19142): Initializing ProtoLog DataSource
I/GFXSTREAM(19142): [eglDisplay.cpp(297)] Opening libGLESv1_CM_emulation.so
I/GFXSTREAM(19142): [eglDisplay.cpp(297)] Opening libGLESv2_emulation.so
W/libc    (19142): Access denied finding property "vendor.mesa.virtgpu.kumquat"
W/HWUI    (19142): Failed to initialize 101010-2 format, error = EGL_SUCCESS
D/nativeloader(19142): Load /data/app/~~MAKUs0wakdblGsfMygd1Bg==/com.example.dh2-lUBLDSeGF2TFm6x113cOFg==/base.apk!/lib/x86_64/libdh2_native.so using class loader ns clns-9 (caller=/data/app/~~MAKUs0wakdblGsfMygd1Bg==/com.example.dh2-lUBLDSeGF2TFm6x113cOFg==/base.apk!2): ok
D/CompatChangeReporter(19142): Compat change id reported: 418924588; UID 10233; state: ENABLED
W/HWUI    (19142): Unknown dataspace 0
D/WindowOnBackDispatcher(19142): setTopOnBackInvokedCallback (unwrapped): android.app.Activity$$ExternalSyntheticLambda0@fc83e8b
D/CompatChangeReporter(19142): Compat change id reported: 458413887; UID 10233; state: ENABLED
D/WindowOnBackDispatcher(19142): setOnBackInvokedCallbackInfo: android.app.Activity$$ExternalSyntheticLambda0@fc83e8b
D/VRI[MainActivity](19142): WindowInsets changed: 1080x2424 statusBars:[0,142,0,0] navigationBars:[0,0,0,63] mandatorySystemGestures:[0,174,0,84] 
I/HWUI    (19142): Using FreeType backend (prop=Auto)
W/libc    (19142): Access denied finding property "vendor.mesa.virtgpu.kumquat"
I/Surface (19142): Creating surface for consumer unnamed-19142-0 with slotExpansion=1 for 64 slots
I/Surface (19142): Creating surface for consumer VRI[MainActivity]#0(BLAST Consumer)0 with slotExpansion=1 for 64 slots
I/Surface (19142): Creating surface for consumer unnamed-19142-1 with slotExpansion=1 for 64 slots
I/Surface (19142): Creating surface for consumer c935b81 SurfaceView[com.example.dh2/com.example.dh2.MainActivity]#1(BLAST Consumer)1 with slotExpansion=1 for 64 slots
W/libc    (19142): Access denied finding property "vendor.mesa.virtgpu.kumquat"
I/DH2Native(19142): Renderer: Android Emulator OpenGL ES Translator (Google SwiftShader)
I/DH2Native(19142): GLES: OpenGL ES 3.0 (OpenGL ES 3.0 SwiftShader 4.0.0.1)
I/DH2Native(19142): Enemy AI configured | automatic melee 0
I/DH2Native(19142): Mod asset loaded | worlds/crypt01.dwld | bytes 1048
I/DH2Native(19142): Native skill catalogue | skill lists 36 | skills 127 | faery lists 4 | faeries 16 | shared immutable tables; full skill callbacks pending
I/DH2Native(19142): Class tables ready | classes 260 | bytes 34224 | cached base snapshots
I/DH2Native(19142): Native level catalogue | fast travel 33 | levels 51 | Crypt row 23 | ranges 8 10 / 45 47 / 74 76 | GSLevel ownership pending
I/DH2Native(19142): AI tables ready | configs 76 | factions 16 | automatic melee 0 | pursuit and full FSM pending
I/DH2Native(19142): Property rules ready | defaults row 0 | types row 1 | properties 224 | supplied sheets only
I/DH2Native(19142): Animation tables ready | sequences 785 | characters 80 | clip paths 1447 | bytes 72812
I/DH2Native(19142): Player attack track ready | clip 1111 | tracks 81 | unbound 0 | attack_mainhand ms -1
I/DH2Native(19142): Player attack track ready | clip 1063 | tracks 29 | unbound 0 | attack_mainhand ms -1
I/DH2Native(19142): Player attack track ready | clip 1040 | tracks 23 | unbound 0 | attack_mainhand ms -1
I/DH2Native(19142): Player attack track ready | clip 1041 | tracks 24 | unbound 0 | attack_mainhand ms -1
I/DH2Native(19142): Player attack track ready | clip 1126 | tracks 25 | unbound 0 | attack_mainhand ms -1
I/DH2Native(19142): Player attack track ready | clip 1114 | tracks 27 | unbound 0 | attack_mainhand ms -1
I/DH2Native(19142): Player attack track ready | clip 968 | tracks 25 | unbound 0 | attack_mainhand ms -1
I/DH2Native(19142): Player attack track ready | clip 956 | tracks 25 | unbound 0 | attack_mainhand ms 333
I/DH2Native(19142): Player attack track ready | clip 964 | tracks 25 | unbound 0 | attack_mainhand ms -1
I/DH2Native(19142): Player attack track ready | clip 970 | tracks 25 | unbound 0 | attack_mainhand ms -1
I/DH2Native(19142): Player attack track ready | clip 959 | tracks 25 | unbound 0 | attack_mainhand ms 899
I/DH2Native(19142): Player attack track ready | clip 965 | tracks 25 | unbound 0 | attack_mainhand ms -1
I/DH2Native(19142): Player attack track ready | clip 972 | tracks 25 | unbound 0 | attack_mainhand ms -1
I/DH2Native(19142): Player attack track ready | clip 962 | tracks 25 | unbound 0 | attack_mainhand ms 1533
I/DH2Native(19142): Player attack track ready | clip 966 | tracks 25 | unbound 0 | attack_mainhand ms -1
I/DH2Native(19142): Player attack track ready | clip 967 | tracks 26 | unbound 0 | attack_mainhand ms -1
I/DH2Native(19142): Player attack track ready | clip 955 | tracks 26 | unbound 0 | attack_mainhand ms 300
I/DH2Native(19142): Player attack track ready | clip 957 | tracks 27 | unbound 0 | attack_mainhand ms -1
I/DH2Native(19142): Player attack track ready | clip 969 | tracks 26 | unbound 0 | attack_mainhand ms -1
I/DH2Native(19142): Player attack track ready | clip 958 | tracks 26 | unbound 0 | attack_mainhand ms 899
I/DH2Native(19142): Player attack track ready | clip 960 | tracks 27 | unbound 0 | attack_mainhand ms -1
I/DH2Native(19142): Player attack track ready | clip 971 | tracks 26 | unbound 0 | attack_mainhand ms -1
I/DH2Native(19142): Player attack track ready | clip 961 | tracks 26 | unbound 0 | attack_mainhand ms 1500
I/DH2Native(19142): Player attack track ready | clip 963 | tracks 26 | unbound 0 | attack_mainhand ms -1
I/DH2Native(19142): Player attack track ready | clip 1025 | tracks 25 | unbound 0 | attack_mainhand ms -1
I/DH2Native(19142): Player attack track ready | clip 1074 | tracks 27 | unbound 0 | attack_mainhand ms -1
I/DH2Native(19142): Player attack track ready | clip 1110 | tracks 25 | unbound 0 | attack_mainhand ms -1
I/DH2Native(19142): Player attack track ready | clip 1071 | tracks 25 | unbound 0 | attack_mainhand ms -1
I/DH2Native(19142): Player attack track ready | clip 1076 | tracks 29 | unbound 0 | attack_mainhand ms -1
I/DH2Native(19142): Player attack track ready | clip 1109 | tracks 28 | unbound 0 | attack_mainhand ms -1
I/DH2Native(19142): Player attack track ready | clip 1026 | tracks 30 | unbound 0 | attack_mainhand ms -1
I/DH2Native(19142): Player attack track ready | clip 1029 | tracks 28 | unbound 0 | attack_mainhand ms -1
I/DH2Native(19142): Player attack track ready | clip 1030 | tracks 27 | unbound 0 | attack_mainhand ms -1
I/DH2Native(19142): Player attack track ready | clip 1031 | tracks 27 | unbound 0 | attack_mainhand ms -1
I/DH2Native(19142): Player attack track ready | clip 1032 | tracks 27 | unbound 0 | attack_mainhand ms -1
I/DH2Native(19142): Player attack track ready | clip 991 | tracks 27 | unbound 0 | attack_mainhand ms -1
I/DH2Native(19142): Player attack track ready | clip 996 | tracks 27 | unbound 0 | attack_mainhand ms -1
I/DH2Native(19142): Player death track ready | clip 1023 | tracks 27 | unbound 0 | attack_mainhand ms -1
I/DH2Native(19142): Player attack track ready | clip 992 | tracks 26 | unbound 0 | attack_mainhand ms -1
I/DH2Native(19142): Player attack track ready | clip 1028 | tracks 29 | unbound 0 | attack_mainhand ms -1
I/DH2Native(19142): Player attack track ready | clip 1027 | tracks 26 | unbound 0 | attack_mainhand ms -1
I/DH2Native(19142): Player attack track ready | clip 1091 | tracks 26 | unbound 0 | attack_mainhand ms -1
I/DH2Native(19142): Player attack track ready | clip 1093 | tracks 26 | unbound 0 | attack_mainhand ms -1
I/DH2Native(19142): Player attack track ready | clip 1043 | tracks 26 | unbound 0 | attack_mainhand ms -1
I/DH2Native(19142): Player attack track ready | clip 994 | tracks 26 | unbound 0 | attack_mainhand ms -1
I/DH2Native(19142): Player attack track ready | clip 1044 | tracks 25 | unbound 0 | attack_mainhand ms -1
I/DH2Native(19142): Player attack track ready | clip 1096 | tracks 14 | unbound 0 | attack_mainhand ms -1
I/DH2Native(19142): Player attack track ready | clip 1103 | tracks 26 | unbound 0 | attack_mainhand ms -1
I/DH2Native(19142): Player attack track ready | clip 1107 | tracks 25 | unbound 0 | attack_mainhand ms -1
I/DH2Native(19142): Player attack track ready | clip 1104 | tracks 27 | unbound 0 | attack_mainhand ms -1
I/DH2Native(19142): Player attack track ready | clip 1108 | tracks 27 | unbound 0 | attack_mainhand ms -1
I/DH2Native(19142): Player attack track ready | clip 1101 | tracks 26 | unbound 0 | attack_mainhand ms -1
I/DH2Native(19142): Player attack track ready | clip 1105 | tracks 25 | unbound 0 | attack_mainhand ms -1
I/DH2Native(19142): Player attack track ready | clip 1100 | tracks 26 | unbound 0 | attack_mainhand ms -1
I/DH2Native(19142): Player attack track ready | clip 1097 | tracks 25 | unbound 0 | attack_mainhand ms -1
I/DH2Native(19142): Player attack track ready | clip 1234 | tracks 25 | unbound 0 | attack_mainhand ms -1
I/DH2Native(19142): Player attack track ready | clip 1239 | tracks 25 | unbound 0 | attack_mainhand ms -1
I/DH2Native(19142): Player attack track ready | clip 1238 | tracks 25 | unbound 0 | attack_mainhand ms -1
I/DH2Native(19142): Player attack track ready | clip 1035 | tracks 23 | unbound 0 | attack_mainhand ms -1
I/DH2Native(19142): Player attack track ready | clip 1036 | tracks 23 | unbound 0 | attack_mainhand ms -1
I/DH2Native(19142): Player attack track ready | clip 986 | tracks 25 | unbound 0 | attack_mainhand ms -1
I/DH2Native(19142): Player attack track ready | clip 974 | tracks 25 | unbound 0 | attack_mainhand ms -1
I/DH2Native(19142): Player attack track ready | clip 976 | tracks 25 | unbound 0 | attack_mainhand ms -1
I/DH2Native(19142): Player attack track ready | clip 988 | tracks 25 | unbound 0 | attack_mainhand ms -1
I/DH2Native(19142): Player attack track ready | clip 978 | tracks 25 | unbound 0 | attack_mainhand ms -1
I/DH2Native(19142): Player attack track ready | clip 980 | tracks 25 | unbound 0 | attack_mainhand ms -1
I/DH2Native(19142): Player attack track ready | clip 990 | tracks 25 | unbound 0 | attack_mainhand ms -1
I/DH2Native(19142): Player attack track ready | clip 984 | tracks 25 | unbound 0 | attack_mainhand ms -1
I/DH2Native(19142): Player attack track ready | clip 985 | tracks 26 | unbound 0 | attack_mainhand ms -1
I/DH2Native(19142): Player attack track ready | clip 973 | tracks 25 | unbound 0 | attack_mainhand ms 333
I/DH2Native(19142): Player attack track ready | clip 975 | tracks 25 | unbound 0 | attack_mainhand ms -1
I/DH2Native(19142): Player attack track ready | clip 987 | tracks 25 | unbound 0 | attack_mainhand ms -1
I/DH2Native(19142): Player attack track ready | clip 977 | tracks 25 | unbound 0 | attack_mainhand ms 1066
I/DH2Native(19142): Player attack track ready | clip 979 | tracks 25 | unbound 0 | attack_mainhand ms -1
I/DH2Native(19142): Player attack track ready | clip 989 | tracks 25 | unbound 0 | attack_mainhand ms -1
I/DH2Native(19142): Player attack track ready | clip 981 | tracks 25 | unbound 0 | attack_mainhand ms 1799
I/DH2Native(19142): Player attack track ready | clip 983 | tracks 25 | unbound 0 | attack_mainhand ms -1
I/DH2Native(19142): Player attack track ready | clip 1233 | tracks 24 | unbound 0 | attack_mainhand ms -1
I/DH2Native(19142): Player attack track ready | clip 1037 | tracks 23 | unbound 0 | attack_mainhand ms -1
I/DH2Native(19142): Player attack track ready | clip 1038 | tracks 23 | unbound 0 | attack_mainhand ms -1
I/DH2Native(19142): Player attack track ready | clip 1016 | tracks 23 | unbound 0 | attack_mainhand ms -1
I/DH2Native(19142): Player attack track ready | clip 1000 | tracks 25 | unbound 0 | attack_mainhand ms 333
I/DH2Native(19142): Player attack track ready | clip 1011 | tracks 27 | unbound 0 | attack_mainhand ms -1
I/DH2Native(19142): Player attack track ready | clip 1018 | tracks 25 | unbound 0 | attack_mainhand ms -1
I/DH2Native(19142): Player attack track ready | clip 1003 | tracks 27 | unbound 0 | attack_mainhand ms -1
I/DH2Native(19142): Player attack track ready | clip 1012 | tracks 25 | unbound 0 | attack_mainhand ms -1
I/DH2Native(19142): Player attack track ready | clip 1020 | tracks 25 | unbound 0 | attack_mainhand ms -1
I/DH2Native(19142): Player attack track ready | clip 1006 | tracks 25 | unbound 0 | attack_mainhand ms 1566
I/DH2Native(19142): Player attack track ready | clip 1013 | tracks 25 | unbound 0 | attack_mainhand ms -1
I/DH2Native(19142): Player attack track ready | clip 1022 | tracks 25 | unbound 0 | attack_mainhand ms -1
I/DH2Native(19142): Player attack track ready | clip 1009 | tracks 25 | unbound 0 | attack_mainhand ms -1
I/DH2Native(19142): Player attack track ready | clip 1014 | tracks 25 | unbound 0 | attack_mainhand ms -1
I/DH2Native(19142): Player attack track ready | clip 1015 | tracks 25 | unbound 0 | attack_mainhand ms -1
I/DH2Native(19142): Player attack track ready | clip 999 | tracks 25 | unbound 0 | attack_mainhand ms 400
I/DH2Native(19142): Player attack track ready | clip 1001 | tracks 25 | unbound 0 | attack_mainhand ms -1
I/DH2Native(19142): Player attack track ready | clip 1017 | tracks 25 | unbound 0 | attack_mainhand ms -1
I/DH2Native(19142): Player attack track ready | clip 1002 | tracks 25 | unbound 0 | attack_mainhand ms 866
I/DH2Native(19142): Player attack track ready | clip 1004 | tracks 25 | unbound 0 | attack_mainhand ms -1
I/DH2Native(19142): Player attack track ready | clip 1019 | tracks 25 | unbound 0 | attack_mainhand ms -1
I/DH2Native(19142): Player attack track ready | clip 1005 | tracks 25 | unbound 0 | attack_mainhand ms 1500
I/DH2Native(19142): Player attack track ready | clip 1007 | tracks 25 | unbound 0 | attack_mainhand ms -1
I/DH2Native(19142): Player attack track ready | clip 1021 | tracks 25 | unbound 0 | attack_mainhand ms -1
I/DH2Native(19142): Player attack track ready | clip 1008 | tracks 25 | unbound 0 | attack_mainhand ms 2266
I/DH2Native(19142): Player attack track ready | clip 1010 | tracks 25 | unbound 0 | attack_mainhand ms -1
I/DH2Native(19142): Player attack track ready | clip 1147 | tracks 27 | unbound 2 | attack_mainhand ms -1
I/DH2Native(19142): Player attack track ready | clip 1133 | tracks 27 | unbound 2 | attack_mainhand ms 1633
I/DH2Native(19142): Player attack track ready | clip 1146 | tracks 25 | unbound 2 | attack_mainhand ms -1
I/DH2Native(19142): Player attack track ready | clip 1218 | tracks 27 | unbound 0 | attack_mainhand ms -1
I/DH2Native(19142): Player attack track ready | clip 1039 | tracks 25 | unbound 0 | attack_mainhand ms -1
I/DH2Native(19142): Player attack track ready | clip 1077 | tracks 18 | unbound 0 | attack_mainhand ms -1
I/DH2Native(19142): Player attack track ready | clip 1078 | tracks 18 | unbound 0 | attack_mainhand ms -1
I/DH2Native(19142): Player attack track ready | clip 1079 | tracks 20 | unbound 0 | attack_mainhand ms -1
I/DH2Native(19142): Player attack track ready | clip 1143 | tracks 24 | unbound 0 | attack_mainhand ms -1
I/DH2Native(19142): Player attack track ready | clip 1138 | tracks 0 | unbound 0 | attack_mainhand ms -1
I/DH2Native(19142): Player attack track ready | clip 1136 | tracks 24 | unbound 0 | attack_mainhand ms -1
I/DH2Native(19142): Player attack track ready | clip 1137 | tracks 24 | unbound 0 | attack_mainhand ms -1
I/DH2Native(19142): Base class snapshot | _prim_tmp_cultist01 | character Crypt_Skeleton | class 18 | level raw 256 | Max_HP raw 12160 | Max_MP raw 5632 | checksum 41ae0e800682474e | cached only
I/DH2Native(19142): Resolved properties | _prim_tmp_cultist01 | character Crypt_Skeleton | HP raw -1 | Max_HP raw 12160 | MP raw -1 | Max_MP raw 5632 | checksum 41ae0e800682474e | supplied sheets only
I/DH2Native(19142): Spawn vitals | _prim_tmp_cultist01 | character Crypt_Skeleton | HP raw 12160 | Max_HP raw 12160 | MP raw 5632 | Max_MP raw 5632 | first HP add raw 12160 | first MP add raw 5632 | second HP add raw 1 | second MP add raw 1 | checksum ee913bf1bab19e05 | passes 2
I/DH2Native(19142): Combat result probe | _prim_tmp_cultist01 | character Crypt_Skeleton | amount 2030 | dot element -1 | dot duration 0 | dot amount 0 | HP leech 0 | MP leech 0 | outcomes 0 | mask 2271925 | category -1 | element -1 | seed 11805120 | calls 9 | validation only
I/DH2Native(19142): Health probe | _prim_tmp_cultist01 | character Crypt_Skeleton | damage 256 | add -256 | before 12160 | after 11904 | kill 0 | armed 1 | cue 0 | lifecycle -1 | dead skip 0 | validation only
I/DH2Native(19142): Health probe | _prim_tmp_cultist01 | character Crypt_Skeleton | damage 16384 | add -16384 | before 12160 | after 0 | kill 1 | armed 1 | cue 0 | lifecycle 3 | dead skip 0 | validation only
I/DH2Native(19142): Original idle selected | skeleton.bdae | table 62 | sequence 596 | step 0 | clip 1194 | skeleton_idle_01.bdae | speed 1.0000 | actor _prim_tmp_cultist01
I/DH2Native(19142): Actor event track ready | skeleton.bdae | clip 1178 | groups 1 | attack_mainhand ms 100
I/DH2Native(19142): Actor event track ready | skeleton.bdae | clip 1179 | groups 0 | attack_mainhand ms -1
I/DH2Native(19142): Actor event track ready | skeleton.bdae | clip 1180 | groups 1 | attack_mainhand ms 100
I/DH2Native(19142): Actor event track ready | skeleton.bdae | clip 1181 | groups 0 | attack_mainhand ms -1
I/DH2Native(19142): Actor event track ready | skeleton.bdae | clip 1185 | groups 0 | attack_mainhand ms -1
I/DH2Native(19142): Actor event track ready | skeleton.bdae | clip 1194 | groups 0 | attack_mainhand ms -1
I/DH2Native(19142): Actor event track ready | skeleton.bdae | clip 1195 | groups 0 | attack_mainhand ms -1
I/DH2Native(19142): Actor event track ready | skeleton.bdae | clip 1197 | groups 0 | attack_mainhand ms -1
I/DH2Native(19142): Actor event track ready | skeleton.bdae | clip 1198 | groups 0 | attack_mainhand ms -1
I/DH2Native(19142): Actor event track ready | skeleton.bdae | clip 1204 | groups 0 | attack_mainhand ms -1
I/DH2Native(19142): Actor clip bank ready | skeleton.bdae | clips 10 | independent instance clocks
I/DH2Native(19142): Object resource skeleton.bdae | primitives 1 | tracks 23 | unbound 3 | unsupported 0 | removed helpers 2
I/DH2Native(19142): Base class snapshot | _prim_tmp_cultist03 | character Crypt_Skeleton | class 18 | level raw 256 | Max_HP raw 12160 | Max_MP raw 5632 | checksum 41ae0e800682474e | cached only
I/DH2Native(19142): Resolved properties | _prim_tmp_cultist03 | character Crypt_Skeleton | HP raw -1 | Max_HP raw 12160 | MP raw -1 | Max_MP raw 5632 | checksum 41ae0e800682474e | supplied sheets only
I/DH2Native(19142): Spawn vitals | _prim_tmp_cultist03 | character Crypt_Skeleton | HP raw 12160 | Max_HP raw 12160 | MP raw 5632 | Max_MP raw 5632 | first HP add raw 12160 | first MP add raw 5632 | second HP add raw 1 | second MP add raw 1 | checksum ee913bf1bab19e05 | passes 2
I/DH2Native(19142): Combat result probe | _prim_tmp_cultist03 | character Crypt_Skeleton | amount 2030 | dot element -1 | dot duration 0 | dot amount 0 | HP leech 0 | MP leech 0 | outcomes 0 | mask 2271925 | category -1 | element -1 | seed 11805120 | calls 9 | validation only
I/DH2Native(19142): Health probe | _prim_tmp_cultist03 | character Crypt_Skeleton | damage 256 | add -256 | before 12160 | after 11904 | kill 0 | armed 1 | cue 0 | lifecycle -1 | dead skip 0 | validation only
I/DH2Native(19142): Health probe | _prim_tmp_cultist03 | character Crypt_Skeleton | damage 16384 | add -16384 | before 12160 | after 0 | kill 1 | armed 1 | cue 0 | lifecycle 3 | dead skip 0 | validation only
I/DH2Native(19142): Original idle selected | skeleton.bdae | table 62 | sequence 596 | step 1 | clip 1195 | skeleton_idle_02.bdae | speed 1.0000 | actor _prim_tmp_cultist03
I/DH2Native(19142): Base class snapshot | _prim_tmp_cultist05 | character CryptSlime | class 18 | level raw 256 | Max_HP raw 12160 | Max_MP raw 5632 | checksum e0cad1d302226d0f | cached only
I/DH2Native(19142): Resolved properties | _prim_tmp_cultist05 | character CryptSlime | HP raw -1 | Max_HP raw 12160 | MP raw -1 | Max_MP raw 5632 | checksum e0cad1d302226d0f | supplied sheets only
I/DH2Native(19142): Spawn vitals | _prim_tmp_cultist05 | character CryptSlime | HP raw 12160 | Max_HP raw 12160 | MP raw 5632 | Max_MP raw 5632 | first HP add raw 12160 | first MP add raw 5632 | second HP add raw 1 | second MP add raw 1 | checksum a1f87e373eade438 | passes 2
I/DH2Native(19142): Combat result probe | _prim_tmp_cultist05 | character CryptSlime | amount 2036 | dot element -1 | dot duration 0 | dot amount 0 | HP leech 0 | MP leech 0 | outcomes 0 | mask 2271925 | category -1 | element -1 | seed 3406292 | calls 9 | validation only
I/DH2Native(19142): Health probe | _prim_tmp_cultist05 | character CryptSlime | damage 256 | add -256 | before 12160 | after 11904 | kill 0 | armed 1 | cue 0 | lifecycle -1 | dead skip 0 | validation only
I/DH2Native(19142): Health probe | _prim_tmp_cultist05 | character CryptSlime | damage 16384 | add -16384 | before 12160 | after 0 | kill 1 | armed 1 | cue 0 | lifecycle 3 | dead skip 0 | validation only
I/DH2Native(19142): Original idle selected | slime_green_v2.bdae | table 64 | sequence 613 | step 5 | clip 1259 | slime_idle_02.bdae | speed 1.0000 | actor _prim_tmp_cultist05
I/DH2Native(19142): Actor event track ready | slime_green_v2.bdae | clip 1246 | groups 1 | attack_mainhand ms 266
I/DH2Native(19142): Actor event track ready | slime_green_v2.bdae | clip 1247 | groups 0 | attack_mainhand ms -1
I/DH2Native(19142): Actor event track ready | slime_green_v2.bdae | clip 1248 | groups 1 | attack_mainhand ms 300
I/DH2Native(19142): Actor event track ready | slime_green_v2.bdae | clip 1249 | groups 0 | attack_mainhand ms -1
I/DH2Native(19142): Actor event track ready | slime_green_v2.bdae | clip 1251 | groups 0 | attack_mainhand ms -1
I/DH2Native(19142): Actor event track ready | slime_green_v2.bdae | clip 1258 | groups 0 | attack_mainhand ms -1
I/DH2Native(19142): Actor event track ready | slime_green_v2.bdae | clip 1259 | groups 0 | attack_mainhand ms -1
I/DH2Native(19142): Actor event track ready | slime_green_v2.bdae | clip 1261 | groups 0 | attack_mainhand ms -1
I/DH2Native(19142): Actor event track ready | slime_green_v2.bdae | clip 1262 | groups 0 | attack_mainhand ms -1
I/DH2Native(19142): Actor event track ready | slime_green_v2.bdae | clip 1268 | groups 0 | attack_mainhand ms -1
I/DH2Native(19142): Actor clip bank ready | slime_green_v2.bdae | clips 10 | independent instance clocks
I/DH2Native(19142): Object resource slime_green_v2.bdae | primitives 2 | tracks 12 | unbound 0 | unsupported 0 | removed helpers 0
I/DH2Native(19142): Base class snapshot | _prim_tmp_cultist06 | character CryptSlime | class 18 | level raw 256 | Max_HP raw 12160 | Max_MP raw 5632 | checksum e0cad1d302226d0f | cached only
I/DH2Native(19142): Resolved properties | _prim_tmp_cultist06 | character CryptSlime | HP raw -1 | Max_HP raw 12160 | MP raw -1 | Max_MP raw 5632 | checksum e0cad1d302226d0f | supplied sheets only
I/DH2Native(19142): Spawn vitals | _prim_tmp_cultist06 | character CryptSlime | HP raw 12160 | Max_HP raw 12160 | MP raw 5632 | Max_MP raw 5632 | first HP add raw 12160 | first MP add raw 5632 | second HP add raw 1 | second MP add raw 1 | checksum a1f87e373eade438 | passes 2
I/DH2Native(19142): Combat result probe | _prim_tmp_cultist06 | character CryptSlime | amount 2036 | dot element -1 | dot duration 0 | dot amount 0 | HP leech 0 | MP leech 0 | outcomes 0 | mask 2271925 | category -1 | element -1 | seed 3406292 | calls 9 | validation only
I/DH2Native(19142): Health probe | _prim_tmp_cultist06 | character CryptSlime | damage 256 | add -256 | before 12160 | after 11904 | kill 0 | armed 1 | cue 0 | lifecycle -1 | dead skip 0 | validation only
I/DH2Native(19142): Health probe | _prim_tmp_cultist06 | character CryptSlime | damage 16384 | add -16384 | before 12160 | after 0 | kill 1 | armed 1 | cue 0 | lifecycle 3 | dead skip 0 | validation only
I/DH2Native(19142): Original idle selected | slime_green_v2.bdae | table 64 | sequence 613 | step 5 | clip 1259 | slime_idle_02.bdae | speed 1.0000 | actor _prim_tmp_cultist06
I/DH2Native(19142): Base class snapshot | _prim_tmp_cultist07 | character Crypt_Skeleton | class 18 | level raw 256 | Max_HP raw 12160 | Max_MP raw 5632 | checksum 41ae0e800682474e | cached only
I/DH2Native(19142): Resolved properties | _prim_tmp_cultist07 | character Crypt_Skeleton | HP raw -1 | Max_HP raw 12160 | MP raw -1 | Max_MP raw 5632 | checksum 41ae0e800682474e | supplied sheets only
I/DH2Native(19142): Spawn vitals | _prim_tmp_cultist07 | character Crypt_Skeleton | HP raw 12160 | Max_HP raw 12160 | MP raw 5632 | Max_MP raw 5632 | first HP add raw 12160 | first MP add raw 5632 | second HP add raw 1 | second MP add raw 1 | checksum ee913bf1bab19e05 | passes 2
I/DH2Native(19142): Combat result probe | _prim_tmp_cultist07 | character Crypt_Skeleton | amount 2030 | dot element -1 | dot duration 0 | dot amount 0 | HP leech 0 | MP leech 0 | outcomes 0 | mask 2271925 | category -1 | element -1 | seed 11805120 | calls 9 | validation only
I/DH2Native(19142): Health probe | _prim_tmp_cultist07 | character Crypt_Skeleton | damage 256 | add -256 | before 12160 | after 11904 | kill 0 | armed 1 | cue 0 | lifecycle -1 | dead skip 0 | validation only
I/DH2Native(19142): Health probe | _prim_tmp_cultist07 | character Crypt_Skeleton | damage 16384 | add -16384 | before 12160 | after 0 | kill 1 | armed 1 | cue 0 | lifecycle 3 | dead skip 0 | validation only
I/DH2Native(19142): Original idle selected | skeleton.bdae | table 62 | sequence 596 | step 0 | clip 1194 | skeleton_idle_01.bdae | speed 1.0000 | actor _prim_tmp_cultist07
I/DH2Native(19142): Base class snapshot | _prim_tmp_cultist08 | character Crypt_Skeleton | class 18 | level raw 256 | Max_HP raw 12160 | Max_MP raw 5632 | checksum 41ae0e800682474e | cached only
I/DH2Native(19142): Resolved properties | _prim_tmp_cultist08 | character Crypt_Skeleton | HP raw -1 | Max_HP raw 12160 | MP raw -1 | Max_MP raw 5632 | checksum 41ae0e800682474e | supplied sheets only
I/DH2Native(19142): Spawn vitals | _prim_tmp_cultist08 | character Crypt_Skeleton | HP raw 12160 | Max_HP raw 12160 | MP raw 5632 | Max_MP raw 5632 | first HP add raw 12160 | first MP add raw 5632 | second HP add raw 1 | second MP add raw 1 | checksum ee913bf1bab19e05 | passes 2
I/DH2Native(19142): Combat result probe | _prim_tmp_cultist08 | character Crypt_Skeleton | amount 2030 | dot element -1 | dot duration 0 | dot amount 0 | HP leech 0 | MP leech 0 | outcomes 0 | mask 2271925 | category -1 | element -1 | seed 11805120 | calls 9 | validation only
I/DH2Native(19142): Health probe | _prim_tmp_cultist08 | character Crypt_Skeleton | damage 256 | add -256 | before 12160 | after 11904 | kill 0 | armed 1 | cue 0 | lifecycle -1 | dead skip 0 | validation only
I/DH2Native(19142): Health probe | _prim_tmp_cultist08 | character Crypt_Skeleton | damage 16384 | add -16384 | before 12160 | after 0 | kill 1 | armed 1 | cue 0 | lifecycle 3 | dead skip 0 | validation only
I/DH2Native(19142): Original idle selected | skeleton.bdae | table 62 | sequence 596 | step 1 | clip 1195 | skeleton_idle_02.bdae | speed 1.0000 | actor _prim_tmp_cultist08
I/DH2Native(19142): Object resource crypt_candles2_small.bdae | primitives 3 | tracks 5 | unbound 0 | unsupported 0 | removed helpers 1
I/com.example.dh2(19142): Compiler allocated 4522KB to compile void android.view.ViewRootImpl.performTraversals(long)
I/DH2Native(19142): Object resource crypt_candlestand_big.bdae | primitives 4 | tracks 3 | unbound 0 | unsupported 0 | removed helpers 2
I/DH2Native(19142): Object resource crypt_candlestand.bdae | primitives 4 | tracks 7 | unbound 0 | unsupported 0 | removed helpers 2
I/DH2Native(19142): Object resource crypt_candle2.bdae | primitives 3 | tracks 3 | unbound 0 | unsupported 0 | removed helpers 1
I/DH2Native(19142): Object resource crypt_candle1_small.bdae | primitives 3 | tracks 3 | unbound 0 | unsupported 0 | removed helpers 1
I/DH2Native(19142): Object resource crypt_candles.bdae | primitives 3 | tracks 7 | unbound 0 | unsupported 0 | removed helpers 1
I/DH2Native(19142): Object resource swamp_caveentrance_effect.bdae | primitives 1 | tracks 0 | unbound 0 | unsupported 3 | removed helpers 0
I/DH2Native(19142): Object resource crypt_candle_big.bdae | primitives 3 | tracks 3 | unbound 0 | unsupported 0 | removed helpers 1
I/DH2Native(19142): Base class snapshot | _prim_Monster | character CryptSlime | class 18 | level raw 256 | Max_HP raw 12160 | Max_MP raw 5632 | checksum e0cad1d302226d0f | cached only
I/DH2Native(19142): Resolved properties | _prim_Monster | character CryptSlime | HP raw -1 | Max_HP raw 12160 | MP raw -1 | Max_MP raw 5632 | checksum e0cad1d302226d0f | supplied sheets only
I/DH2Native(19142): Spawn vitals | _prim_Monster | character CryptSlime | HP raw 12160 | Max_HP raw 12160 | MP raw 5632 | Max_MP raw 5632 | first HP add raw 12160 | first MP add raw 5632 | second HP add raw 1 | second MP add raw 1 | checksum a1f87e373eade438 | passes 2
I/DH2Native(19142): Combat result probe | _prim_Monster | character CryptSlime | amount 2036 | dot element -1 | dot duration 0 | dot amount 0 | HP leech 0 | MP leech 0 | outcomes 0 | mask 2271925 | category -1 | element -1 | seed 3406292 | calls 9 | validation only
I/DH2Native(19142): Health probe | _prim_Monster | character CryptSlime | damage 256 | add -256 | before 12160 | after 11904 | kill 0 | armed 1 | cue 0 | lifecycle -1 | dead skip 0 | validation only
I/DH2Native(19142): Health probe | _prim_Monster | character CryptSlime | damage 16384 | add -16384 | before 12160 | after 0 | kill 1 | armed 1 | cue 0 | lifecycle 3 | dead skip 0 | validation only
I/DH2Native(19142): Original idle selected | slime_green_v2.bdae | table 64 | sequence 613 | step 1 | clip 1258 | slime_idle.bdae | speed 1.0000 | actor _prim_Monster
I/DH2Native(19142): Base class snapshot | _prim_Monster02 | character CryptSlime_RE | class 18 | level raw 256 | Max_HP raw 12160 | Max_MP raw 5632 | checksum eb471073d49b2c44 | cached only
I/DH2Native(19142): Resolved properties | _prim_Monster02 | character CryptSlime_RE | HP raw -1 | Max_HP raw 12160 | MP raw -1 | Max_MP raw 5632 | checksum eb471073d49b2c44 | supplied sheets only
I/DH2Native(19142): Spawn vitals | _prim_Monster02 | character CryptSlime_RE | HP raw 12160 | Max_HP raw 12160 | MP raw 5632 | Max_MP raw 5632 | first HP add raw 12160 | first MP add raw 5632 | second HP add raw 1 | second MP add raw 1 | checksum 6eba0582f78691bb | passes 2
I/DH2Native(19142): Combat result probe | _prim_Monster02 | character CryptSlime_RE | amount 2135 | dot element -1 | dot duration 0 | dot amount 0 | HP leech 0 | MP leech 0 | outcomes 0 | mask 2271925 | category -1 | element -1 | seed 7440849 | calls 9 | validation only
I/DH2Native(19142): Health probe | _prim_Monster02 | character CryptSlime_RE | damage 256 | add -256 | before 12160 | after 11904 | kill 0 | armed 1 | cue 0 | lifecycle -1 | dead skip 0 | validation only
I/DH2Native(19142): Health probe | _prim_Monster02 | character CryptSlime_RE | damage 16384 | add -16384 | before 12160 | after 0 | kill 1 | armed 1 | cue 0 | lifecycle 3 | dead skip 0 | validation only
I/DH2Native(19142): Original idle selected | slime_green_v2.bdae | table 64 | sequence 613 | step 0 | clip 1258 | slime_idle.bdae | speed 1.0000 | actor _prim_Monster02
I/DH2Native(19142): Base class snapshot | _prim_Monster05 | character CryptSlime | class 18 | level raw 256 | Max_HP raw 12160 | Max_MP raw 5632 | checksum e0cad1d302226d0f | cached only
I/DH2Native(19142): Resolved properties | _prim_Monster05 | character CryptSlime | HP raw -1 | Max_HP raw 12160 | MP raw -1 | Max_MP raw 5632 | checksum e0cad1d302226d0f | supplied sheets only
I/DH2Native(19142): Spawn vitals | _prim_Monster05 | character CryptSlime | HP raw 12160 | Max_HP raw 12160 | MP raw 5632 | Max_MP raw 5632 | first HP add raw 12160 | first MP add raw 5632 | second HP add raw 1 | second MP add raw 1 | checksum a1f87e373eade438 | passes 2
I/DH2Native(19142): Combat result probe | _prim_Monster05 | character CryptSlime | amount 2036 | dot element -1 | dot duration 0 | dot amount 0 | HP leech 0 | MP leech 0 | outcomes 0 | mask 2271925 | category -1 | element -1 | seed 3406292 | calls 9 | validation only
I/DH2Native(19142): Health probe | _prim_Monster05 | character CryptSlime | damage 256 | add -256 | before 12160 | after 11904 | kill 0 | armed 1 | cue 0 | lifecycle -1 | dead skip 0 | validation only
I/DH2Native(19142): Health probe | _prim_Monster05 | character CryptSlime | damage 16384 | add -16384 | before 12160 | after 0 | kill 1 | armed 1 | cue 0 | lifecycle 3 | dead skip 0 | validation only
I/DH2Native(19142): Original idle selected | slime_green_v2.bdae | table 64 | sequence 613 | step 4 | clip 1258 | slime_idle.bdae | speed 1.0000 | actor _prim_Monster05
I/DH2Native(19142): Object resource crypt_candle1.bdae | primitives 3 | tracks 3 | unbound 0 | unsupported 0 | removed helpers 1
I/DH2Native(19142): Base class snapshot | _prim_Monster_Ghost05 | character Crypt_Ghost | class 18 | level raw 256 | Max_HP raw 12160 | Max_MP raw 5632 | checksum 37563d932af809fb | cached only
I/DH2Native(19142): Resolved properties | _prim_Monster_Ghost05 | character Crypt_Ghost | HP raw -1 | Max_HP raw 12160 | MP raw -1 | Max_MP raw 5632 | checksum 37563d932af809fb | supplied sheets only
I/DH2Native(19142): Spawn vitals | _prim_Monster_Ghost05 | character Crypt_Ghost | HP raw 12160 | Max_HP raw 12160 | MP raw 5632 | Max_MP raw 5632 | first HP add raw 12160 | first MP add raw 5632 | second HP add raw 1 | second MP add raw 1 | checksum e41199bf55080334 | passes 2
I/DH2Native(19142): Combat result probe | _prim_Monster_Ghost05 | character Crypt_Ghost | amount 2263 | dot element -1 | dot duration 0 | dot amount 0 | HP leech 0 | MP leech 0 | outcomes 0 | mask 2271925 | category -1 | element -1 | seed 3474079 | calls 9 | validation only
I/DH2Native(19142): Health probe | _prim_Monster_Ghost05 | character Crypt_Ghost | damage 256 | add -256 | before 12160 | after 11904 | kill 0 | armed 1 | cue 0 | lifecycle -1 | dead skip 0 | validation only
I/DH2Native(19142): Health probe | _prim_Monster_Ghost05 | character Crypt_Ghost | damage 16384 | add -16384 | before 12160 | after 0 | kill 1 | armed 1 | cue 0 | lifecycle 3 | dead skip 0 | validation only
I/DH2Native(19142): Original idle selected | ghost.bdae | table 24 | sequence 210 | step 0 | clip 706 | ghost_idle_01.bdae | speed 1.3000 | actor _prim_Monster_Ghost05
I/DH2Native(19142): Actor event track ready | ghost.bdae | clip 697 | groups 1 | attack_mainhand ms 999
I/DH2Native(19142): Actor event track ready | ghost.bdae | clip 700 | groups 0 | attack_mainhand ms -1
I/DH2Native(19142): Actor event track ready | ghost.bdae | clip 706 | groups 0 | attack_mainhand ms -1
I/DH2Native(19142): Actor event track ready | ghost.bdae | clip 707 | groups 0 | attack_mainhand ms -1
I/DH2Native(19142): Actor event track ready | ghost.bdae | clip 710 | groups 0 | attack_mainhand ms -1
I/DH2Native(19142): Actor event track ready | ghost.bdae | clip 714 | groups 0 | attack_mainhand ms -1
I/DH2Native(19142): Actor event track ready | ghost.bdae | clip 717 | groups 0 | attack_mainhand ms -1
I/DH2Native(19142): Actor clip bank ready | ghost.bdae | clips 7 | independent instance clocks
I/DH2Native(19142): Object resource ghost.bdae | primitives 2 | tracks 24 | unbound 0 | unsupported 0 | removed helpers 2
I/DH2Native(19142): Base class snapshot | _prim_Monster_Ghost06 | character Crypt_Ghost | class 18 | level raw 256 | Max_HP raw 12160 | Max_MP raw 5632 | checksum 37563d932af809fb | cached only
I/DH2Native(19142): Resolved properties | _prim_Monster_Ghost06 | character Crypt_Ghost | HP raw -1 | Max_HP raw 12160 | MP raw -1 | Max_MP raw 5632 | checksum 37563d932af809fb | supplied sheets only
I/DH2Native(19142): Spawn vitals | _prim_Monster_Ghost06 | character Crypt_Ghost | HP raw 12160 | Max_HP raw 12160 | MP raw 5632 | Max_MP raw 5632 | first HP add raw 12160 | first MP add raw 5632 | second HP add raw 1 | second MP add raw 1 | checksum e41199bf55080334 | passes 2
I/DH2Native(19142): Combat result probe | _prim_Monster_Ghost06 | character Crypt_Ghost | amount 2263 | dot element -1 | dot duration 0 | dot amount 0 | HP leech 0 | MP leech 0 | outcomes 0 | mask 2271925 | category -1 | element -1 | seed 3474079 | calls 9 | validation only
I/DH2Native(19142): Health probe | _prim_Monster_Ghost06 | character Crypt_Ghost | damage 256 | add -256 | before 12160 | after 11904 | kill 0 | armed 1 | cue 0 | lifecycle -1 | dead skip 0 | validation only
I/DH2Native(19142): Health probe | _prim_Monster_Ghost06 | character Crypt_Ghost | damage 16384 | add -16384 | before 12160 | after 0 | kill 1 | armed 1 | cue 0 | lifecycle 3 | dead skip 0 | validation only
I/DH2Native(19142): Original idle selected | ghost.bdae | table 24 | sequence 210 | step 0 | clip 706 | ghost_idle_01.bdae | speed 1.3000 | actor _prim_Monster_Ghost06
I/DH2Native(19142): Base class snapshot | _prim_Monster_SURPRISE_01 | character Crypt_Ghost | class 18 | level raw 256 | Max_HP raw 12160 | Max_MP raw 5632 | checksum 37563d932af809fb | cached only
I/DH2Native(19142): Resolved properties | _prim_Monster_SURPRISE_01 | character Crypt_Ghost | HP raw -1 | Max_HP raw 12160 | MP raw -1 | Max_MP raw 5632 | checksum 37563d932af809fb | supplied sheets only
I/DH2Native(19142): Spawn vitals | _prim_Monster_SURPRISE_01 | character Crypt_Ghost | HP raw 12160 | Max_HP raw 12160 | MP raw 5632 | Max_MP raw 5632 | first HP add raw 12160 | first MP add raw 5632 | second HP add raw 1 | second MP add raw 1 | checksum e41199bf55080334 | passes 2
I/DH2Native(19142): Combat result probe | _prim_Monster_SURPRISE_01 | character Crypt_Ghost | amount 2263 | dot element -1 | dot duration 0 | dot amount 0 | HP leech 0 | MP leech 0 | outcomes 0 | mask 2271925 | category -1 | element -1 | seed 3474079 | calls 9 | validation only
I/DH2Native(19142): Health probe | _prim_Monster_SURPRISE_01 | character Crypt_Ghost | damage 256 | add -256 | before 12160 | after 11904 | kill 0 | armed 1 | cue 0 | lifecycle -1 | dead skip 0 | validation only
I/DH2Native(19142): Health probe | _prim_Monster_SURPRISE_01 | character Crypt_Ghost | damage 16384 | add -16384 | before 12160 | after 0 | kill 1 | armed 1 | cue 0 | lifecycle 3 | dead skip 0 | validation only
I/DH2Native(19142): Original idle selected | ghost.bdae | table 24 | sequence 210 | step 0 | clip 706 | ghost_idle_01.bdae | speed 1.3000 | actor _prim_Monster_SURPRISE_01
I/DH2Native(19142): Base class snapshot | _prim_Monster_SURPRISE_02 | character Crypt_Ghost | class 18 | level raw 256 | Max_HP raw 12160 | Max_MP raw 5632 | checksum 37563d932af809fb | cached only
I/DH2Native(19142): Resolved properties | _prim_Monster_SURPRISE_02 | character Crypt_Ghost | HP raw -1 | Max_HP raw 12160 | MP raw -1 | Max_MP raw 5632 | checksum 37563d932af809fb | supplied sheets only
I/DH2Native(19142): Spawn vitals | _prim_Monster_SURPRISE_02 | character Crypt_Ghost | HP raw 12160 | Max_HP raw 12160 | MP raw 5632 | Max_MP raw 5632 | first HP add raw 12160 | first MP add raw 5632 | second HP add raw 1 | second MP add raw 1 | checksum e41199bf55080334 | passes 2
I/DH2Native(19142): Combat result probe | _prim_Monster_SURPRISE_02 | character Crypt_Ghost | amount 2263 | dot element -1 | dot duration 0 | dot amount 0 | HP leech 0 | MP leech 0 | outcomes 0 | mask 2271925 | category -1 | element -1 | seed 3474079 | calls 9 | validation only
I/DH2Native(19142): Health probe | _prim_Monster_SURPRISE_02 | character Crypt_Ghost | damage 256 | add -256 | before 12160 | after 11904 | kill 0 | armed 1 | cue 0 | lifecycle -1 | dead skip 0 | validation only
I/DH2Native(19142): Health probe | _prim_Monster_SURPRISE_02 | character Crypt_Ghost | damage 16384 | add -16384 | before 12160 | after 0 | kill 1 | armed 1 | cue 0 | lifecycle 3 | dead skip 0 | validation only
I/DH2Native(19142): Original idle selected | ghost.bdae | table 24 | sequence 210 | step 0 | clip 706 | ghost_idle_01.bdae | speed 1.3000 | actor _prim_Monster_SURPRISE_02
I/DH2Native(19142): 3D upload OK | 4 draws | 586 triangles | 2 textures
I/DH2Native(19142): 29 animation tracks | 0 skipped | Preview lighting. Drag to orbit. | nodes 35 | skipped nongeometry instances 1 | skin draws 4 | segments 2
I/DH2Native(19142): Player properties | KnightPlayerBase | HP 42265 | MP 6976 | checksum 80406e3d6a338f9d | attempts 0 | attacking 0
I/DH2Native(19142): Prince blended bank ready | resources 116 | occurrences 158 | targets 83 | template 1111 | engine 0 | game clip 1111
I/DH2Native(19142): Blended character event | event 0x24 | clip 1111 | slot 0 | phase 5 | lag 0
I/DH2Native(19142): Blended character event | event 0x26 | clip 1111 | slot 0 | phase 5 | lag 0
I/DH2Native(19142): Character animation selected | state 3 | flags 2380 | sequence 262 | clip 1040 | actor state service
I/DH2Native(19142): Character state event | state 3 | event 1d | prior -1 | flags 2380
I/DH2Native(19142): Player source state | previous -1 | current 3 | event 0x0 | flags 2380 | root 262 | clip 1040 | position -1405.2300 19893.5391 636.4874 | Step 0
I/DH2Native(19142): Spawn visibility | _prim_Monster_SURPRISE_01 | visible 0 | enabled 1
I/DH2Native(19142): Spawn source state | _prim_Monster_SURPRISE_01 | previous -1 | current 0 | flags 0 | sequence -1 | clip 706 | body 0
I/DH2Native(19142): Gated character ready | _prim_Monster_SURPRISE_01 | source state 0 | presentation visible 0 | body 0 | Spawn sequence 213 | AI type 4 | restored 0
I/DH2Native(19142): Spawn visibility | _prim_Monster_SURPRISE_02 | visible 0 | enabled 1
I/DH2Native(19142): Spawn source state | _prim_Monster_SURPRISE_02 | previous -1 | current 0 | flags 0 | sequence -1 | clip 706 | body 0
I/DH2Native(19142): Gated character ready | _prim_Monster_SURPRISE_02 | source state 0 | presentation visible 0 | body 0 | Spawn sequence 213 | AI type 4 | restored 0
I/DH2Native(19142): Native actor ready | genuine bodies 83 | decor colliders 82 | radius 113.699577 | source bounds -1518.93 19862.8 -1291.53 19924.3 | flags 2380 | scene then Step then actor
I/DH2Native(19142): Native Level fields | ordinal 23 | hub 2 | random 1 | difficulty 0 | file 007_crypt_01.rule.xml | source ranges 8 10 / 45 47 / 74 76 | viewport owner; GSLevel stack pending
I/DH2Native(19142): CharAI constructor projections | characters 14 | native source-order registration records 14 | source Character associations 14 | active AIS initialization pending
I/DH2Native(19142): Native CharAI lifetime | fresh constructors 14 | retained owners 0 | graphics registry rebuilt
I/DH2Native(19142): Native Player skill preparation | skills 16 | faeries 5 | loaded paths 15 | declarations 26 | flags 0 | one VM; Player lifecycle and skill-use providers pending
I/DH2Native(19142): Native Player saved skills ready | owner 0x7171fc0615e8 | rows 16 | slot0 level 0 | source _InitSkills; starter grant/profile load pending
I/DH2Native(19142): Native Player saved faeries ready | difficulty 0 | selected 0 | level 0 | rows 5 5 5 | source constructor and _InitFaeries; same save owner
I/DH2Native(19142): Native managed host | Level 1 | difficulty 0 | property reads 2 | member writes 1 | offline embedded PlayerInfo; full profile/network pending
I/DH2Native(19142): Native Character classification | _prim_Monster_SURPRISE_01 | AI 68 | faction 7 | type 4 | monster 1 | player 0 | faerie 0 | NPC 0 | projected death 0 | source getters; autonomous frame pending
I/DH2Native(19142): Native Character zonability | _prim_Monster_SURPRISE_01 | zonable 1 | source classification; room enrollment pending
I/DH2Native(19142): Native monster initialization | _prim_Monster_SURPRISE_01 | Level 2048 | HP 25600 / 25600 | MP 23552 / 23552 | callbacks 1 | timers 2 | flags 183c | same VM published 1 | retained 0 | paused providers 2 | nonempty skills/autonomous frame pending
I/DH2Native(19142): Native Ghost skill initialization | _prim_Monster_SURPRISE_01 | phases 12345 | skills 0 | faeries 5 | null faeries 5 | post 1 | final 1 | update slots 0 5 | updates 0 | arguments 2 2 | Debug 2 2 | VCB 1 | path data/scripts/ai/ | retained 0 | bounded Ghost InitScriptProcess
I/DH2Native(19142): Native Ghost skill vector owner | _prim_Monster_SURPRISE_01 | faery storage 71729c110e10 | catalogue 7171ec05d5a8
I/DH2Native(19142): Native monster VM owner | _prim_Monster_SURPRISE_01 | native handle 71728c182ea0 | source active 71728c183120 | source pending 71728c183120
I/DH2Native(19142): Native monster timer retained | _prim_Monster_SURPRISE_01 | slot 0 | event 33 | duration 3000 | elapsed 0 | active 1 | paused 1
I/DH2Native(19142): Native monster timer retained | _prim_Monster_SURPRISE_01 | slot 1 | event 34 | duration 1000 | elapsed 0 | active 1 | paused 1
I/DH2Native(19142): Native Character classification | _prim_Monster_SURPRISE_02 | AI 68 | faction 7 | type 4 | monster 1 | player 0 | faerie 0 | NPC 0 | projected death 0 | source getters; autonomous frame pending
I/DH2Native(19142): Native Character zonability | _prim_Monster_SURPRISE_02 | zonable 1 | source classification; room enrollment pending
I/DH2Native(19142): Native monster initialization | _prim_Monster_SURPRISE_02 | Level 2048 | HP 25600 / 25600 | MP 23552 / 23552 | callbacks 1 | timers 2 | flags 183c | same VM published 1 | retained 0 | paused providers 2 | nonempty skills/autonomous frame pending
I/DH2Native(19142): Native Ghost skill initialization | _prim_Monster_SURPRISE_02 | phases 12345 | skills 0 | faeries 5 | null faeries 5 | post 1 | final 1 | update slots 0 5 | updates 0 | arguments 2 2 | Debug 2 2 | VCB 1 | path data/scripts/ai/ | retained 0 | bounded Ghost InitScriptProcess
I/DH2Native(19142): Native Ghost skill vector owner | _prim_Monster_SURPRISE_02 | faery storage 71729c1163d0 | catalogue 7171ec05d5a8
I/DH2Native(19142): Native monster VM owner | _prim_Monster_SURPRISE_02 | native handle 71728c181d60 | source active 71728c181fe0 | source pending 71728c181fe0
I/DH2Native(19142): Native monster timer retained | _prim_Monster_SURPRISE_02 | slot 0 | event 33 | duration 3000 | elapsed 0 | active 1 | paused 1
I/DH2Native(19142): Native monster timer retained | _prim_Monster_SURPRISE_02 | slot 1 | event 34 | duration 1000 | elapsed 0 | active 1 | paused 1
I/DH2Native(19142): Native Debug persistence | loaded 1 | switches 25 | read opens 1 | read closes 1 | saves 5 | write closes 5 | IO errors 0 | app-private real file
I/DH2Native(19142): Crypt script ready | common 15 | level 25 | script 17 | room 7 | trigger -1405.23 19500.3 608.062 | source AABB contact | other scripts pending
I/DH2Native(19142): Native Character list | characters 14 | owned nodes 14 | copied links 0 | full ObjectManager factory 0 | autonomous Ghost AI 0
I/DH2Native(19142): Objects ready | monsters 13 | decors 84 | resources 12 | instance draws 295 | triangles 6775 | character records 448 | model entries 116 | idle preview only
I/DH2Native(19142): Native floors ready | records 8 | graph nodes 335 | graph edges 838 | selector collision controls height
I/DH2Native(19142): Native floor links ready | neighbour relations 14 | validation references 998 | graph-node search ready
I/DH2Native(19142): Native graph route probe | floor pairs 64 | successful 64 | segments 1598 | state 5454073390c7d916 | endpoints and movement pending
I/DH2Native(19142): Native world route probe | floor pairs 64 | successful 64 | direct 0 | graph 64 | segments 2086 | state 3a3ab2a724cc383b | smoothing and movement pending
I/DH2Native(19142): Native FindPath probe | floor pairs 64 | successful 64 | owned 64 | segments 2086 | state 9356b419cae2bc57 | position controller pending
I/DH2Native(19142): Native floor motion probe | floor pairs 64 | position valid 64 | accepted 64 | direction valid 64 | state d60ad48039cc85c6 | controller and dynamic obstacles pending
I/DH2Native(19142): Native obstacle registry probe | floor pairs 64 | accepted 64 | registered 64 | relocated 56 | state 22a98dfc4102db51 | forces and controller pending
I/DH2Native(19142): Native avoidance probe | floors 8 | force contributions 16 | adjusted 8 | turn limited 8 | state 09d1d79d2612c945 | actor producers and controller pending
I/DH2Native(19142): Native actor producer probe | floors 8 | registered 8 | physical radius updates 8 | state 30c1f3ac1bf81145 | physical construction and controller pending
I/DH2Native(19142): Native heading control | player movement and melee facing use recovered source | UpdatePath rotation subobjects and genuine physics active
I/DH2Native(19142): World ready | rooms 8 | visual draws 101 | navigation triangles 314 | idle tracks 23 | walk tracks 27 | position -1405.2300 19893.5391 636.4874
I/DH2Native(19142): Prince blended inspection | frozen 0 | scene 0 | Step 0 | actor 0 | clip 1040 | ms 0 | body -14.0523 198.935 | pose 5f96fe6e2b6d998d
I/DH2Native(19142): worlds/crypt01.dwld: Crypt | 8 rooms | 13 monsters | 84 scenery objects
I/DH2Native(19142): 21612 triangles. Drag the movement control to walk.
I/DH2Native(19142): Surface resized to 1080 x 1953
I/DH2Native(19142): Native Player skill update complete | attempt 1 | callbacks 13 | skill slots 16 | faery slots 5 | buffs 1 | groups 1 | one VM/save/property store; full Player AIS and activation pending
I/DH2Native(19142): Native Player buff snapshot | phase initial | count 1 | groups 1 | id 49 | instance 0x71728c16d570 | timer -1 | strength 1 | sheet 3bfdcdd0eb338a14 | same VM/properties/Coordinator
I/DH2Native(19142): Native Player buff property | phase initial | name Resistance_Fire | index 74 | buff 0 | resolved 192
I/DH2Native(19142): Native Player buff property | phase initial | name Resistance_Water | index 75 | buff 0 | resolved 192
I/DH2Native(19142): Native Player buff property | phase initial | name Resistance_Lightning | index 76 | buff 7680 | resolved 7872
I/DH2Native(19142): Native Player buff property | phase initial | name Resistance_Earth | index 77 | buff 0 | resolved 192
I/DH2Native(19142): Native Player buff property | phase initial | name Resistance_Air | index 78 | buff 0 | resolved 192
I/DH2Native(19142): Character external service pending | service 19 | state 3
I/DH2Native(19142): Native actor frame | scene 3 | Step 1 | actor 1 | source phase 5 | clip 1040 | ms 0 | replays 0 | body -14.0523 198.935 | contacts 0 0 | state 3 | body present 1 | timeline scale 1
I/DH2Native(19142): Source camera frame | 1 | 1080x1953 | matrix 408bb3d3 baabc04d ba1a0239 ba18bb08 3b63d22e 3fd2a3ba 3f3ce137 3f3b4ff1 00000000 3fe21b21 bf2ff5b7 bf2e7fe4 45bd8d46 c704e661 c642b72a c63f8b27 | frustum c4af85c0 46911d0b 44f468f8 ba18bb3a 3f3b4fff bf2e7fd3 c6bd8584 3a18bb08 bf3b4ff1 3f2e7fe4 4641197e bf798104 be28157a 3e1bd897 44acd8ce 3f799211 be267e8b 3e1bd897 457fb675 3a3de66e bf68e5d8 bed48d46 468a5e12 b99202a7 3eb31208 3f6fd504 c6022241 c5821470 46911d0b c61a1502 44a786e1 46f03215 44f468f8
I/DH2Native(19142): Model frame submitted at 1080 x 1953
E/BLASTBufferQueue(19142): [c935b81 SurfaceView[com.example.dh2/com.example.dh2.MainActivity]#1](f:0,a:0) rejecting buffer:active_size=1080x1867, requested_size=1080x1867 buffer{size=1080x1953 transform=0}
I/DH2Native(19142): Surface resized to 1080 x 1867
I/DH2Native(19142): Source camera frame | 2 | 1080x1867 | matrix 40858cf8 baabbdfc ba1a002d ba18b901 3b59c711 3fd2a3b4 3f3ce13a 3f3b4ff4 00000000 3fe21b25 bf2ff5b2 bf2e7fdf 45b53480 c704e65e c643e70d c640b885 | frustum c4af8728 46918b4a 44edfdaa ba18b8e4 3f3b4fff bf2e7fd3 c6be1c0f 3a18b900 bf3b4ff4 3f2e7fdf 464246db bf78eb1a be2f60d7 3e22a4a4 44be5c11 3f78fce6 be2dcae1 3e22a4a4 45840955 3a3de3e2 bf68e5d5 bed48d50 468a97ba b99200ab 3eb311ff 3f6fd507 c601aeeb c5860991 46918b4a c61ae226 44b75899 46f0a06a 44edfdaa
I/DH2Native(19142): Model frame submitted at 1080 x 1867
D/InsetsController(19142): hide(ime())
I/ImeTracker(19142): com.example.dh2:0cc94365: onCancelled at PHASE_CLIENT_ALREADY_HIDDEN
I/DH2Native(19142): Blended character event | event 0x28 | clip 1040 | slot 1 | phase 1 | lag 5
I/DH2Native(19142): Player animation event | clip 1040 | name do_skill | sequence 0 | attack step 0 | kind 0 | lag 5 | scene before Step | Step 3 | position -1405.2300 19893.5391 636.4874
I/DH2Native(19142): Blended character event | event 0x27 | clip 1040 | slot 1 | phase 4 | lag 0
I/DH2Native(19142): Blended character event | event 0x25 | clip 1040 | slot 1 | phase 4 | lag 0
I/DH2Native(19142): Blended character event | event 0x23 | clip 1040 | slot 1 | phase 4 | lag 0
I/DH2Native(19142): Blended character event | event 0x24 | clip 1040 | slot 1 | phase 5 | lag 0
I/DH2Native(19142): Blended character event | event 0x26 | clip 1040 | slot 1 | phase 5 | lag 0
I/DH2Native(19142): Actor clip completed | _prim_tmp_cultist05 | state Idle | completions 1 | active 1 | next clip 1258 | layers 1
I/DH2Native(19142): Actor clip completed | _prim_tmp_cultist06 | state Idle | completions 1 | active 1 | next clip 1259 | layers 1
I/DH2Native(19142): Actor clip completed | _prim_Monster | state Idle | completions 1 | active 1 | next clip 1258 | layers 1
I/DH2Native(19142): Actor clip completed | _prim_Monster02 | state Idle | completions 1 | active 1 | next clip 1259 | layers 1
I/DH2Native(19142): Actor clip completed | _prim_Monster05 | state Idle | completions 1 | active 1 | next clip 1258 | layers 1
I/DH2Native(19142): Blended character event | event 0x28 | clip 1040 | slot 0 | phase 1 | lag 12
I/DH2Native(19142): Player animation event | clip 1040 | name do_skill | sequence 0 | attack step 0 | kind 0 | lag 12 | scene before Step | Step 41 | position -1405.2300 19893.5391 636.4874
I/DH2Native(19142): Blended character event | event 0x27 | clip 1040 | slot 0 | phase 4 | lag 0
I/DH2Native(19142): Blended character event | event 0x25 | clip 1040 | slot 0 | phase 4 | lag 0
I/DH2Native(19142): Blended character event | event 0x23 | clip 1040 | slot 0 | phase 4 | lag 0
I/DH2Native(19142): Blended character event | event 0x24 | clip 1040 | slot 0 | phase 5 | lag 0
I/DH2Native(19142): Blended character event | event 0x26 | clip 1040 | slot 0 | phase 5 | lag 0
I/DH2Native(19142): Actor clip completed | _prim_tmp_cultist05 | state Idle | completions 2 | active 1 | next clip 1258 | layers 1
I/DH2Native(19142): Actor clip completed | _prim_tmp_cultist06 | state Idle | completions 2 | active 1 | next clip 1258 | layers 1
I/DH2Native(19142): Actor clip completed | _prim_Monster | state Idle | completions 2 | active 1 | next clip 1258 | layers 1
I/DH2Native(19142): Actor clip completed | _prim_Monster02 | state Idle | completions 2 | active 1 | next clip 1258 | layers 1
I/DH2Native(19142): Actor clip completed | _prim_Monster05 | state Idle | completions 2 | active 1 | next clip 1258 | layers 1
I/DH2Native(19142): Blended character event | event 0x28 | clip 1040 | slot 1 | phase 1 | lag 2
I/DH2Native(19142): Player animation event | clip 1040 | name do_skill | sequence 0 | attack step 0 | kind 0 | lag 2 | scene before Step | Step 87 | position -1405.2300 19893.5391 636.4874
I/DH2Native(19142): Blended character event | event 0x27 | clip 1040 | slot 1 | phase 4 | lag 0
I/DH2Native(19142): Blended character event | event 0x25 | clip 1040 | slot 1 | phase 4 | lag 0
I/DH2Native(19142): Blended character event | event 0x23 | clip 1040 | slot 1 | phase 4 | lag 0
I/DH2Native(19142): Blended character event | event 0x24 | clip 1040 | slot 1 | phase 5 | lag 0
I/DH2Native(19142): Blended character event | event 0x26 | clip 1040 | slot 1 | phase 5 | lag 0
D/ProfileInstaller(19142): Installing profile for com.example.dh2
I/DH2Native(19142): Native actor frame | scene 3664 | Step 120 | actor 120 | source phase 5 | clip 1040 | ms 362 | replays 3 | body -14.0523 198.935 | contacts 0 0 | state 3 | body present 1 | timeline scale 1
I/DH2Native(19142): Source camera frame | 129 | 1080x1867 | matrix 40858cf8 baabbdfc ba1a002d ba18b901 3b59c711 3fd2a3b4 3f3ce13a 3f3b4ff4 00000000 3fe21b25 bf2ff5b2 bf2e7fdf 45b53480 c704e65e c643e70d c640b885 | frustum c4af8728 46918b4a 44edfdaa ba18b8e4 3f3b4fff bf2e7fd3 c6be1c0f 3a18b900 bf3b4ff4 3f2e7fdf 464246db bf78eb1a be2f60d7 3e22a4a4 44be5c11 3f78fce6 be2dcae1 3e22a4a4 45840955 3a3de3e2 bf68e5d5 bed48d50 468a97ba b99200ab 3eb311ff 3f6fd507 c601aeeb c5860991 46918b4a c61ae226 44b75899 46f0a06a 44edfdaa
I/DH2Native(19142): Blended character event | event 0x28 | clip 1040 | slot 0 | phase 1 | lag 19
I/DH2Native(19142): Player animation event | clip 1040 | name do_skill | sequence 0 | attack step 0 | kind 0 | lag 19 | scene before Step | Step 129 | position -1405.2300 19893.5391 636.4874
I/DH2Native(19142): Actor clip completed | _prim_tmp_cultist05 | state Idle | completions 3 | active 1 | next clip 1258 | layers 1
I/DH2Native(19142): Actor clip completed | _prim_tmp_cultist06 | state Idle | completions 3 | active 1 | next clip 1258 | layers 1
I/DH2Native(19142): Actor clip completed | _prim_Monster | state Idle | completions 3 | active 1 | next clip 1258 | layers 1
I/DH2Native(19142): Actor clip completed | _prim_Monster02 | state Idle | completions 3 | active 1 | next clip 1259 | layers 1
I/DH2Native(19142): Actor clip completed | _prim_Monster05 | state Idle | completions 3 | active 1 | next clip 1258 | layers 1
I/DH2Native(19142): Blended character event | event 0x27 | clip 1040 | slot 0 | phase 4 | lag 0
I/DH2Native(19142): Blended character event | event 0x25 | clip 1040 | slot 0 | phase 4 | lag 0
I/DH2Native(19142): Blended character event | event 0x23 | clip 1040 | slot 0 | phase 4 | lag 0
I/DH2Native(19142): Blended character event | event 0x24 | clip 1040 | slot 0 | phase 5 | lag 0
I/DH2Native(19142): Blended character event | event 0x26 | clip 1040 | slot 0 | phase 5 | lag 0
I/DH2Native(19142): Actor clip completed | _prim_Monster_Ghost05 | state Idle | completions 1 | active 1 | next clip 706 | layers 1
I/DH2Native(19142): Actor clip completed | _prim_Monster_Ghost06 | state Idle | completions 1 | active 1 | next clip 706 | layers 1
I/DH2Native(19142): Blended character event | event 0x28 | clip 1040 | slot 1 | phase 1 | lag 1
I/DH2Native(19142): Player animation event | clip 1040 | name do_skill | sequence 0 | attack step 0 | kind 0 | lag 1 | scene before Step | Step 172 | position -1405.2300 19893.5391 636.4874
I/DH2Native(19142): Blended character event | event 0x24 | clip 1040 | slot 1 | phase 5 | lag 0
I/DH2Native(19142): Blended character event | event 0x26 | clip 1040 | slot 1 | phase 5 | lag 0
I/DH2Native(19142): Character animation selected | state 4 | flags 23c1 | sequence 271 | clip 1114 | actor state service
I/DH2Native(19142): Locomotion clip: Run | original selected clip 1114 | timeline speed 1.29999995 | authored restart
I/DH2Native(19142): Character state event | state 4 | event 1d | prior 3 | flags 23c1
I/DH2Native(19142): Player source state | previous 3 | current 4 | event 0xc351 | flags 23c1 | root 271 | clip 1114 | position -1405.2300 19893.5391 636.4874 | Step 180
I/DH2Native(19142): Actor clip completed | _prim_tmp_cultist05 | state Idle | completions 4 | active 1 | next clip 1258 | layers 1
I/DH2Native(19142): Actor clip completed | _prim_tmp_cultist06 | state Idle | completions 4 | active 1 | next clip 1258 | layers 1
I/DH2Native(19142): Actor clip completed | _prim_Monster | state Idle | completions 4 | active 1 | next clip 1258 | layers 1
I/DH2Native(19142): Actor clip completed | _prim_Monster02 | state Idle | completions 4 | active 1 | next clip 1258 | layers 1
I/DH2Native(19142): Actor clip completed | _prim_Monster05 | state Idle | completions 4 | active 1 | next clip 1259 | layers 1
I/DH2Native(19142): Blended character event | event 0x28 | clip 1114 | slot 0 | phase 1 | lag 1
I/DH2Native(19142): Player animation event | clip 1114 | name ev_step_left | sequence 0 | attack step 0 | kind 0 | lag 1 | scene before Step | Step 186 | position -1401.6833 19780.7246 636.4874
I/DH2Native(19142): Crypt trigger activated | GhostAmbush01 | count 1 | time 5484 | player AABB -1511.47 19626.9 485.818 -1284.08 19688.4 787.157 | authored placement
I/DH2Native(19142): Crypt script Wait | duration 250 | time 5508 | dt 24 | source check then update and return
I/DH2Native(19142): Blended character event | event 0x28 | clip 1114 | slot 0 | phase 1 | lag 17
I/DH2Native(19142): Player animation event | clip 1114 | name ev_step_right | sequence 0 | attack step 0 | kind 0 | lag 17 | scene before Step | Step 199 | position -1400.8466 19500.5703 636.4874
I/DH2Native(19142): Player position -1401.4871 19480.2910 636.4874 | moved 19 | blocked 2
I/DH2Native(19142): Player facing | angle 0 | native updates 21
I/DH2Native(19142): Character state event | state 4 | event 3f | prior 0 | flags 23c1
I/DH2Native(19142): Blended character event | event 0x24 | clip 1114 | slot 0 | phase 5 | lag 0
I/DH2Native(19142): Blended character event | event 0x26 | clip 1114 | slot 0 | phase 5 | lag 0
I/DH2Native(19142): Character animation selected | state 3 | flags 2380 | sequence 262 | clip 1040 | actor state service
I/DH2Native(19142): Character state event | state 3 | event 1d | prior 4 | flags 2380
I/DH2Native(19142): Player source state | previous 4 | current 3 | event 0x3f | flags 2380 | root 262 | clip 1040 | position -1401.4871 19480.2910 636.4874 | Step 201
I/DH2Native(19142): Spawn visibility | _prim_Monster_SURPRISE_01 | visible 1 | enabled 1
I/DH2Native(19142): Spawn fade stub | _prim_Monster_SURPRISE_01 | raw argument 3000 | original bx lr
I/DH2Native(19142): Spawn source state | _prim_Monster_SURPRISE_01 | previous 0 | current 1 | flags 241 | sequence 213 | clip 714 | body 0
I/DH2Native(19142): Crypt script SpawnCharacter | _prim_Monster_SURPRISE_01 | script 17 | command 1 | time 5778 | result requested | synchronous original command service
I/DH2Native(19142): Crypt script Wait | duration 75 | time 5778 | dt 26 | source check then update and return
I/DH2Native(19142): Spawn visibility | _prim_Monster_SURPRISE_02 | visible 1 | enabled 1
I/DH2Native(19142): Spawn fade stub | _prim_Monster_SURPRISE_02 | raw argument 3000 | original bx lr
I/DH2Native(19142): Spawn source state | _prim_Monster_SURPRISE_02 | previous 0 | current 1 | flags 241 | sequence 213 | clip 714 | body 0
I/DH2Native(19142): Crypt script SpawnCharacter | _prim_Monster_SURPRISE_02 | script 17 | command 3 | time 5865 | result requested | synchronous original command service
I/DH2Native(19142): Crypt script completed | GhostAmbush01 | time 5865 | requests 2
I/DH2Native(19142): Actor clip completed | _prim_tmp_cultist03 | state Idle | completions 1 | active 1 | next clip 1194 | layers 1
I/DH2Native(19142): Actor clip completed | _prim_tmp_cultist08 | state Idle | completions 1 | active 1 | next clip 1195 | layers 1
I/DH2Native(19142): Blended character event | event 0x28 | clip 1040 | slot 1 | phase 1 | lag 21
I/DH2Native(19142): Player animation event | clip 1040 | name do_skill | sequence 0 | attack step 0 | kind 0 | lag 21 | scene before Step | Step 221 | position -1401.4871 19480.2910 636.4874
I/DH2Native(19142): Actor clip completed | _prim_tmp_cultist05 | state Idle | completions 5 | active 1 | next clip 1259 | layers 1
I/DH2Native(19142): Actor clip completed | _prim_tmp_cultist06 | state Idle | completions 5 | active 1 | next clip 1258 | layers 1
I/DH2Native(19142): Actor clip completed | _prim_Monster | state Idle | completions 5 | active 1 | next clip 1258 | layers 1
I/DH2Native(19142): Actor clip completed | _prim_Monster02 | state Idle | completions 5 | active 1 | next clip 1258 | layers 1
I/DH2Native(19142): Actor clip completed | _prim_Monster05 | state Idle | completions 5 | active 1 | next clip 1258 | layers 1
I/DH2Native(19142): Blended character event | event 0x27 | clip 1040 | slot 1 | phase 4 | lag 0
I/DH2Native(19142): Blended character event | event 0x25 | clip 1040 | slot 1 | phase 4 | lag 0
I/DH2Native(19142): Blended character event | event 0x23 | clip 1040 | slot 1 | phase 4 | lag 0
I/DH2Native(19142): Blended character event | event 0x24 | clip 1040 | slot 1 | phase 5 | lag 0
I/DH2Native(19142): Blended character event | event 0x26 | clip 1040 | slot 1 | phase 5 | lag 0
I/DH2Native(19142): Native actor frame | scene 6779 | Step 240 | actor 240 | source phase 5 | clip 1041 | ms 0 | replays 7 | body -14.0149 194.803 | contacts 0 0 | state 3 | body present 1 | timeline scale 1
I/DH2Native(19142): Actor clip completed | _prim_Monster_SURPRISE_01 | state Spawn | completions 1 | active 0 | next clip 714 | layers 0
I/DH2Native(19142): Spawn body ready | _prim_Monster_SURPRISE_01 | creations 1 | radius 145.718735 | category 10 | mask d3f
I/DH2Native(19142): Spawn source state | _prim_Monster_SURPRISE_01 | previous 1 | current 3 | flags 2380 | sequence 210 | clip 706 | body 1
I/DH2Native(19142): Spawn source event | _prim_Monster_SURPRISE_01 | event 0x22 | current 3 | body 1
I/DH2Native(19142): Gated actor IdleCommonUpdate boundary | _prim_Monster_SURPRISE_01 | autonomous AI producer pending
I/DH2Native(19142): Actor clip completed | _prim_Monster_SURPRISE_02 | state Spawn | completions 1 | active 0 | next clip 714 | layers 0
I/DH2Native(19142): Spawn body ready | _prim_Monster_SURPRISE_02 | creations 1 | radius 145.718735 | category 10 | mask d3f
I/DH2Native(19142): Spawn source state | _prim_Monster_SURPRISE_02 | previous 1 | current 3 | flags 2380 | sequence 210 | clip 706 | body 1
I/DH2Native(19142): Spawn source event | _prim_Monster_SURPRISE_02 | event 0x22 | current 3 | body 1
I/DH2Native(19142): Gated actor IdleCommonUpdate boundary | _prim_Monster_SURPRISE_02 | autonomous AI producer pending
I/DH2Native(19142): Source camera frame | 257 | 1080x1867 | matrix 40858cf8 baabbdfc ba1a002d ba18b901 3b59c711 3fd2a3b4 3f3ce13a 3f3b4ff4 00000000 3fe21b25 bf2ff5b2 bf2e7fdf 45b4c284 c7023e50 c63f2371 c63bff08 | frustum c4af0f62 468e50cb 44edfdaa ba18b8e4 3f3b4fff bf2e7fd3 c6bbbf53 3a18b900 bf3b4ff4 3f2e7fdf 463d8d5e bf78eb1a be2f60d7 3e22a4a4 44b5f7b0 3f78fce6 be2dcae1 3e22a4a4 4581bb1e 3a3de3e2 bf68e5d5 bed48d50 4687a7cf b99200ab 3eb311ff 3f6fd507 c5fed993 c585eba2 468e50cb c61ae22a 44b7d066 46ed65ed 44edfdaa
I/DH2Native(19142): Actor clip completed | _prim_tmp_cultist05 | state Idle | completions 6 | active 1 | next clip 1258 | layers 1
I/DH2Native(19142): Actor clip completed | _prim_tmp_cultist06 | state Idle | completions 6 | active 1 | next clip 1258 | layers 1
I/DH2Native(19142): Actor clip completed | _prim_Monster | state Idle | completions 6 | active 1 | next clip 1259 | layers 1
I/DH2Native(19142): Actor clip completed | _prim_Monster02 | state Idle | completions 6 | active 1 | next clip 1258 | layers 1
I/DH2Native(19142): Actor clip completed | _prim_Monster05 | state Idle | completions 6 | active 1 | next clip 1258 | layers 1
I/DH2Native(19142): Player position -1401.4871 19480.2910 636.4874 | moved 19 | blocked 2
I/DH2Native(19142): Player facing | angle 0 | native updates 21
I/DH2Native(19142): Renderer: Android Emulator OpenGL ES Translator (Google SwiftShader)
I/DH2Native(19142): GLES: OpenGL ES 3.0 (OpenGL ES 3.0 SwiftShader 4.0.0.1)
I/DH2Native(19142): Enemy AI configured | automatic melee 0
I/DH2Native(19142): Mod asset loaded | worlds/crypt01.dwld | bytes 1048
I/DH2Native(19142): Native skill catalogue | skill lists 36 | skills 127 | faery lists 4 | faeries 16 | shared immutable tables; full skill callbacks pending
I/DH2Native(19142): Class tables ready | classes 260 | bytes 34224 | cached base snapshots
I/DH2Native(19142): Native level catalogue | fast travel 33 | levels 51 | Crypt row 23 | ranges 8 10 / 45 47 / 74 76 | GSLevel ownership pending
I/DH2Native(19142): AI tables ready | configs 76 | factions 16 | automatic melee 0 | pursuit and full FSM pending
I/DH2Native(19142): Property rules ready | defaults row 0 | types row 1 | properties 224 | supplied sheets only
I/DH2Native(19142): Animation tables ready | sequences 785 | characters 80 | clip paths 1447 | bytes 72812
I/DH2Native(19142): Player attack track ready | clip 1111 | tracks 81 | unbound 0 | attack_mainhand ms -1
I/DH2Native(19142): Player attack track ready | clip 1063 | tracks 29 | unbound 0 | attack_mainhand ms -1
I/DH2Native(19142): Player attack track ready | clip 1040 | tracks 23 | unbound 0 | attack_mainhand ms -1
I/DH2Native(19142): Player attack track ready | clip 1041 | tracks 24 | unbound 0 | attack_mainhand ms -1
I/DH2Native(19142): Player attack track ready | clip 1126 | tracks 25 | unbound 0 | attack_mainhand ms -1
I/DH2Native(19142): Player attack track ready | clip 1114 | tracks 27 | unbound 0 | attack_mainhand ms -1
I/DH2Native(19142): Player attack track ready | clip 968 | tracks 25 | unbound 0 | attack_mainhand ms -1
I/DH2Native(19142): Player attack track ready | clip 956 | tracks 25 | unbound 0 | attack_mainhand ms 333
I/DH2Native(19142): Player attack track ready | clip 964 | tracks 25 | unbound 0 | attack_mainhand ms -1
I/DH2Native(19142): Player attack track ready | clip 970 | tracks 25 | unbound 0 | attack_mainhand ms -1
I/DH2Native(19142): Player attack track ready | clip 959 | tracks 25 | unbound 0 | attack_mainhand ms 899
I/DH2Native(19142): Player attack track ready | clip 965 | tracks 25 | unbound 0 | attack_mainhand ms -1
I/DH2Native(19142): Player attack track ready | clip 972 | tracks 25 | unbound 0 | attack_mainhand ms -1
I/DH2Native(19142): Player attack track ready | clip 962 | tracks 25 | unbound 0 | attack_mainhand ms 1533
I/DH2Native(19142): Player attack track ready | clip 966 | tracks 25 | unbound 0 | attack_mainhand ms -1
I/DH2Native(19142): Player attack track ready | clip 967 | tracks 26 | unbound 0 | attack_mainhand ms -1
I/DH2Native(19142): Player attack track ready | clip 955 | tracks 26 | unbound 0 | attack_mainhand ms 300
I/DH2Native(19142): Player attack track ready | clip 957 | tracks 27 | unbound 0 | attack_mainhand ms -1
I/DH2Native(19142): Player attack track ready | clip 969 | tracks 26 | unbound 0 | attack_mainhand ms -1
I/DH2Native(19142): Player attack track ready | clip 958 | tracks 26 | unbound 0 | attack_mainhand ms 899
I/DH2Native(19142): Player attack track ready | clip 960 | tracks 27 | unbound 0 | attack_mainhand ms -1
I/DH2Native(19142): Player attack track ready | clip 971 | tracks 26 | unbound 0 | attack_mainhand ms -1
I/DH2Native(19142): Player attack track ready | clip 961 | tracks 26 | unbound 0 | attack_mainhand ms 1500
I/DH2Native(19142): Player attack track ready | clip 963 | tracks 26 | unbound 0 | attack_mainhand ms -1
I/DH2Native(19142): Player attack track ready | clip 1025 | tracks 25 | unbound 0 | attack_mainhand ms -1
I/DH2Native(19142): Player attack track ready | clip 1074 | tracks 27 | unbound 0 | attack_mainhand ms -1
I/DH2Native(19142): Player attack track ready | clip 1110 | tracks 25 | unbound 0 | attack_mainhand ms -1
I/DH2Native(19142): Player attack track ready | clip 1071 | tracks 25 | unbound 0 | attack_mainhand ms -1
I/DH2Native(19142): Player attack track ready | clip 1076 | tracks 29 | unbound 0 | attack_mainhand ms -1
I/DH2Native(19142): Player attack track ready | clip 1109 | tracks 28 | unbound 0 | attack_mainhand ms -1
I/DH2Native(19142): Player attack track ready | clip 1026 | tracks 30 | unbound 0 | attack_mainhand ms -1
I/DH2Native(19142): Player attack track ready | clip 1029 | tracks 28 | unbound 0 | attack_mainhand ms -1
I/DH2Native(19142): Player attack track ready | clip 1030 | tracks 27 | unbound 0 | attack_mainhand ms -1
I/DH2Native(19142): Player attack track ready | clip 1031 | tracks 27 | unbound 0 | attack_mainhand ms -1
I/DH2Native(19142): Player attack track ready | clip 1032 | tracks 27 | unbound 0 | attack_mainhand ms -1
I/DH2Native(19142): Player attack track ready | clip 991 | tracks 27 | unbound 0 | attack_mainhand ms -1
I/DH2Native(19142): Player attack track ready | clip 996 | tracks 27 | unbound 0 | attack_mainhand ms -1
I/DH2Native(19142): Player death track ready | clip 1023 | tracks 27 | unbound 0 | attack_mainhand ms -1
I/DH2Native(19142): Player attack track ready | clip 992 | tracks 26 | unbound 0 | attack_mainhand ms -1
I/DH2Native(19142): Player attack track ready | clip 1028 | tracks 29 | unbound 0 | attack_mainhand ms -1
I/DH2Native(19142): Player attack track ready | clip 1027 | tracks 26 | unbound 0 | attack_mainhand ms -1
I/DH2Native(19142): Player attack track ready | clip 1091 | tracks 26 | unbound 0 | attack_mainhand ms -1
I/DH2Native(19142): Player attack track ready | clip 1093 | tracks 26 | unbound 0 | attack_mainhand ms -1
I/DH2Native(19142): Player attack track ready | clip 1043 | tracks 26 | unbound 0 | attack_mainhand ms -1
I/DH2Native(19142): Player attack track ready | clip 994 | tracks 26 | unbound 0 | attack_mainhand ms -1
I/DH2Native(19142): Player attack track ready | clip 1044 | tracks 25 | unbound 0 | attack_mainhand ms -1
I/DH2Native(19142): Player attack track ready | clip 1096 | tracks 14 | unbound 0 | attack_mainhand ms -1
I/DH2Native(19142): Player attack track ready | clip 1103 | tracks 26 | unbound 0 | attack_mainhand ms -1
I/DH2Native(19142): Player attack track ready | clip 1107 | tracks 25 | unbound 0 | attack_mainhand ms -1
I/DH2Native(19142): Player attack track ready | clip 1104 | tracks 27 | unbound 0 | attack_mainhand ms -1
I/DH2Native(19142): Player attack track ready | clip 1108 | tracks 27 | unbound 0 | attack_mainhand ms -1
I/DH2Native(19142): Player attack track ready | clip 1101 | tracks 26 | unbound 0 | attack_mainhand ms -1
I/DH2Native(19142): Player attack track ready | clip 1105 | tracks 25 | unbound 0 | attack_mainhand ms -1
I/DH2Native(19142): Player attack track ready | clip 1100 | tracks 26 | unbound 0 | attack_mainhand ms -1
I/DH2Native(19142): Player attack track ready | clip 1097 | tracks 25 | unbound 0 | attack_mainhand ms -1
I/DH2Native(19142): Player attack track ready | clip 1234 | tracks 25 | unbound 0 | attack_mainhand ms -1
I/DH2Native(19142): Player attack track ready | clip 1239 | tracks 25 | unbound 0 | attack_mainhand ms -1
I/DH2Native(19142): Player attack track ready | clip 1238 | tracks 25 | unbound 0 | attack_mainhand ms -1
I/DH2Native(19142): Player attack track ready | clip 1035 | tracks 23 | unbound 0 | attack_mainhand ms -1
I/DH2Native(19142): Player attack track ready | clip 1036 | tracks 23 | unbound 0 | attack_mainhand ms -1
I/DH2Native(19142): Player attack track ready | clip 986 | tracks 25 | unbound 0 | attack_mainhand ms -1
I/DH2Native(19142): Player attack track ready | clip 974 | tracks 25 | unbound 0 | attack_mainhand ms -1
I/DH2Native(19142): Player attack track ready | clip 976 | tracks 25 | unbound 0 | attack_mainhand ms -1
I/DH2Native(19142): Player attack track ready | clip 988 | tracks 25 | unbound 0 | attack_mainhand ms -1
I/DH2Native(19142): Player attack track ready | clip 978 | tracks 25 | unbound 0 | attack_mainhand ms -1
I/DH2Native(19142): Player attack track ready | clip 980 | tracks 25 | unbound 0 | attack_mainhand ms -1
I/DH2Native(19142): Player attack track ready | clip 990 | tracks 25 | unbound 0 | attack_mainhand ms -1
I/DH2Native(19142): Player attack track ready | clip 984 | tracks 25 | unbound 0 | attack_mainhand ms -1
I/DH2Native(19142): Player attack track ready | clip 985 | tracks 26 | unbound 0 | attack_mainhand ms -1
I/DH2Native(19142): Player attack track ready | clip 973 | tracks 25 | unbound 0 | attack_mainhand ms 333
I/DH2Native(19142): Player attack track ready | clip 975 | tracks 25 | unbound 0 | attack_mainhand ms -1
I/DH2Native(19142): Player attack track ready | clip 987 | tracks 25 | unbound 0 | attack_mainhand ms -1
I/DH2Native(19142): Player attack track ready | clip 977 | tracks 25 | unbound 0 | attack_mainhand ms 1066
I/DH2Native(19142): Player attack track ready | clip 979 | tracks 25 | unbound 0 | attack_mainhand ms -1
I/DH2Native(19142): Player attack track ready | clip 989 | tracks 25 | unbound 0 | attack_mainhand ms -1
I/DH2Native(19142): Player attack track ready | clip 981 | tracks 25 | unbound 0 | attack_mainhand ms 1799
I/DH2Native(19142): Player attack track ready | clip 983 | tracks 25 | unbound 0 | attack_mainhand ms -1
I/DH2Native(19142): Player attack track ready | clip 1233 | tracks 24 | unbound 0 | attack_mainhand ms -1
I/DH2Native(19142): Player attack track ready | clip 1037 | tracks 23 | unbound 0 | attack_mainhand ms -1
I/DH2Native(19142): Player attack track ready | clip 1038 | tracks 23 | unbound 0 | attack_mainhand ms -1
I/DH2Native(19142): Player attack track ready | clip 1016 | tracks 23 | unbound 0 | attack_mainhand ms -1
I/DH2Native(19142): Player attack track ready | clip 1000 | tracks 25 | unbound 0 | attack_mainhand ms 333
I/DH2Native(19142): Player attack track ready | clip 1011 | tracks 27 | unbound 0 | attack_mainhand ms -1
I/DH2Native(19142): Player attack track ready | clip 1018 | tracks 25 | unbound 0 | attack_mainhand ms -1
I/DH2Native(19142): Player attack track ready | clip 1003 | tracks 27 | unbound 0 | attack_mainhand ms -1
I/DH2Native(19142): Player attack track ready | clip 1012 | tracks 25 | unbound 0 | attack_mainhand ms -1
I/DH2Native(19142): Player attack track ready | clip 1020 | tracks 25 | unbound 0 | attack_mainhand ms -1
I/DH2Native(19142): Player attack track ready | clip 1006 | tracks 25 | unbound 0 | attack_mainhand ms 1566
I/DH2Native(19142): Player attack track ready | clip 1013 | tracks 25 | unbound 0 | attack_mainhand ms -1
I/DH2Native(19142): Player attack track ready | clip 1022 | tracks 25 | unbound 0 | attack_mainhand ms -1
I/DH2Native(19142): Player attack track ready | clip 1009 | tracks 25 | unbound 0 | attack_mainhand ms -1
I/DH2Native(19142): Player attack track ready | clip 1014 | tracks 25 | unbound 0 | attack_mainhand ms -1
I/DH2Native(19142): Player attack track ready | clip 1015 | tracks 25 | unbound 0 | attack_mainhand ms -1
I/DH2Native(19142): Player attack track ready | clip 999 | tracks 25 | unbound 0 | attack_mainhand ms 400
I/DH2Native(19142): Player attack track ready | clip 1001 | tracks 25 | unbound 0 | attack_mainhand ms -1
I/DH2Native(19142): Player attack track ready | clip 1017 | tracks 25 | unbound 0 | attack_mainhand ms -1
I/DH2Native(19142): Player attack track ready | clip 1002 | tracks 25 | unbound 0 | attack_mainhand ms 866
I/DH2Native(19142): Player attack track ready | clip 1004 | tracks 25 | unbound 0 | attack_mainhand ms -1
I/DH2Native(19142): Player attack track ready | clip 1019 | tracks 25 | unbound 0 | attack_mainhand ms -1
I/DH2Native(19142): Player attack track ready | clip 1005 | tracks 25 | unbound 0 | attack_mainhand ms 1500
I/DH2Native(19142): Player attack track ready | clip 1007 | tracks 25 | unbound 0 | attack_mainhand ms -1
I/DH2Native(19142): Player attack track ready | clip 1021 | tracks 25 | unbound 0 | attack_mainhand ms -1
I/DH2Native(19142): Player attack track ready | clip 1008 | tracks 25 | unbound 0 | attack_mainhand ms 2266
I/DH2Native(19142): Player attack track ready | clip 1010 | tracks 25 | unbound 0 | attack_mainhand ms -1
I/DH2Native(19142): Player attack track ready | clip 1147 | tracks 27 | unbound 2 | attack_mainhand ms -1
I/DH2Native(19142): Player attack track ready | clip 1133 | tracks 27 | unbound 2 | attack_mainhand ms 1633
I/DH2Native(19142): Player attack track ready | clip 1146 | tracks 25 | unbound 2 | attack_mainhand ms -1
I/DH2Native(19142): Player attack track ready | clip 1218 | tracks 27 | unbound 0 | attack_mainhand ms -1
I/DH2Native(19142): Player attack track ready | clip 1039 | tracks 25 | unbound 0 | attack_mainhand ms -1
I/DH2Native(19142): Player attack track ready | clip 1077 | tracks 18 | unbound 0 | attack_mainhand ms -1
I/DH2Native(19142): Player attack track ready | clip 1078 | tracks 18 | unbound 0 | attack_mainhand ms -1
I/DH2Native(19142): Player attack track ready | clip 1079 | tracks 20 | unbound 0 | attack_mainhand ms -1
I/DH2Native(19142): Player attack track ready | clip 1143 | tracks 24 | unbound 0 | attack_mainhand ms -1
I/DH2Native(19142): Player attack track ready | clip 1138 | tracks 0 | unbound 0 | attack_mainhand ms -1
I/DH2Native(19142): Player attack track ready | clip 1136 | tracks 24 | unbound 0 | attack_mainhand ms -1
I/DH2Native(19142): Player attack track ready | clip 1137 | tracks 24 | unbound 0 | attack_mainhand ms -1
I/DH2Native(19142): Base class snapshot | _prim_tmp_cultist01 | character Crypt_Skeleton | class 18 | level raw 256 | Max_HP raw 12160 | Max_MP raw 5632 | checksum 41ae0e800682474e | cached only
I/DH2Native(19142): Resolved properties | _prim_tmp_cultist01 | character Crypt_Skeleton | HP raw -1 | Max_HP raw 12160 | MP raw -1 | Max_MP raw 5632 | checksum 41ae0e800682474e | supplied sheets only
I/DH2Native(19142): Spawn vitals | _prim_tmp_cultist01 | character Crypt_Skeleton | HP raw 12160 | Max_HP raw 12160 | MP raw 5632 | Max_MP raw 5632 | first HP add raw 12160 | first MP add raw 5632 | second HP add raw 1 | second MP add raw 1 | checksum ee913bf1bab19e05 | passes 2
I/DH2Native(19142): Combat result probe | _prim_tmp_cultist01 | character Crypt_Skeleton | amount 2030 | dot element -1 | dot duration 0 | dot amount 0 | HP leech 0 | MP leech 0 | outcomes 0 | mask 2271925 | category -1 | element -1 | seed 11805120 | calls 9 | validation only
I/DH2Native(19142): Health probe | _prim_tmp_cultist01 | character Crypt_Skeleton | damage 256 | add -256 | before 12160 | after 11904 | kill 0 | armed 1 | cue 0 | lifecycle -1 | dead skip 0 | validation only
I/DH2Native(19142): Health probe | _prim_tmp_cultist01 | character Crypt_Skeleton | damage 16384 | add -16384 | before 12160 | after 0 | kill 1 | armed 1 | cue 0 | lifecycle 3 | dead skip 0 | validation only
I/DH2Native(19142): Original idle selected | skeleton.bdae | table 62 | sequence 596 | step 0 | clip 1194 | skeleton_idle_01.bdae | speed 1.0000 | actor _prim_tmp_cultist01
I/DH2Native(19142): Actor event track ready | skeleton.bdae | clip 1178 | groups 1 | attack_mainhand ms 100
I/DH2Native(19142): Actor event track ready | skeleton.bdae | clip 1179 | groups 0 | attack_mainhand ms -1
I/DH2Native(19142): Actor event track ready | skeleton.bdae | clip 1180 | groups 1 | attack_mainhand ms 100
I/DH2Native(19142): Actor event track ready | skeleton.bdae | clip 1181 | groups 0 | attack_mainhand ms -1
I/DH2Native(19142): Actor event track ready | skeleton.bdae | clip 1185 | groups 0 | attack_mainhand ms -1
I/DH2Native(19142): Actor event track ready | skeleton.bdae | clip 1194 | groups 0 | attack_mainhand ms -1
I/DH2Native(19142): Actor event track ready | skeleton.bdae | clip 1195 | groups 0 | attack_mainhand ms -1
I/DH2Native(19142): Actor event track ready | skeleton.bdae | clip 1197 | groups 0 | attack_mainhand ms -1
I/DH2Native(19142): Actor event track ready | skeleton.bdae | clip 1198 | groups 0 | attack_mainhand ms -1
I/DH2Native(19142): Actor event track ready | skeleton.bdae | clip 1204 | groups 0 | attack_mainhand ms -1
I/DH2Native(19142): Actor clip bank ready | skeleton.bdae | clips 10 | independent instance clocks
I/DH2Native(19142): Object resource skeleton.bdae | primitives 1 | tracks 23 | unbound 3 | unsupported 0 | removed helpers 2
I/DH2Native(19142): Base class snapshot | _prim_tmp_cultist03 | character Crypt_Skeleton | class 18 | level raw 256 | Max_HP raw 12160 | Max_MP raw 5632 | checksum 41ae0e800682474e | cached only
I/DH2Native(19142): Resolved properties | _prim_tmp_cultist03 | character Crypt_Skeleton | HP raw -1 | Max_HP raw 12160 | MP raw -1 | Max_MP raw 5632 | checksum 41ae0e800682474e | supplied sheets only
I/DH2Native(19142): Spawn vitals | _prim_tmp_cultist03 | character Crypt_Skeleton | HP raw 12160 | Max_HP raw 12160 | MP raw 5632 | Max_MP raw 5632 | first HP add raw 12160 | first MP add raw 5632 | second HP add raw 1 | second MP add raw 1 | checksum ee913bf1bab19e05 | passes 2
I/DH2Native(19142): Combat result probe | _prim_tmp_cultist03 | character Crypt_Skeleton | amount 2030 | dot element -1 | dot duration 0 | dot amount 0 | HP leech 0 | MP leech 0 | outcomes 0 | mask 2271925 | category -1 | element -1 | seed 11805120 | calls 9 | validation only
I/DH2Native(19142): Health probe | _prim_tmp_cultist03 | character Crypt_Skeleton | damage 256 | add -256 | before 12160 | after 11904 | kill 0 | armed 1 | cue 0 | lifecycle -1 | dead skip 0 | validation only
I/DH2Native(19142): Health probe | _prim_tmp_cultist03 | character Crypt_Skeleton | damage 16384 | add -16384 | before 12160 | after 0 | kill 1 | armed 1 | cue 0 | lifecycle 3 | dead skip 0 | validation only
I/DH2Native(19142): Original idle selected | skeleton.bdae | table 62 | sequence 596 | step 1 | clip 1195 | skeleton_idle_02.bdae | speed 1.0000 | actor _prim_tmp_cultist03
I/DH2Native(19142): Base class snapshot | _prim_tmp_cultist05 | character CryptSlime | class 18 | level raw 256 | Max_HP raw 12160 | Max_MP raw 5632 | checksum e0cad1d302226d0f | cached only
I/DH2Native(19142): Resolved properties | _prim_tmp_cultist05 | character CryptSlime | HP raw -1 | Max_HP raw 12160 | MP raw -1 | Max_MP raw 5632 | checksum e0cad1d302226d0f | supplied sheets only
I/DH2Native(19142): Spawn vitals | _prim_tmp_cultist05 | character CryptSlime | HP raw 12160 | Max_HP raw 12160 | MP raw 5632 | Max_MP raw 5632 | first HP add raw 12160 | first MP add raw 5632 | second HP add raw 1 | second MP add raw 1 | checksum a1f87e373eade438 | passes 2
I/DH2Native(19142): Combat result probe | _prim_tmp_cultist05 | character CryptSlime | amount 2036 | dot element -1 | dot duration 0 | dot amount 0 | HP leech 0 | MP leech 0 | outcomes 0 | mask 2271925 | category -1 | element -1 | seed 3406292 | calls 9 | validation only
I/DH2Native(19142): Health probe | _prim_tmp_cultist05 | character CryptSlime | damage 256 | add -256 | before 12160 | after 11904 | kill 0 | armed 1 | cue 0 | lifecycle -1 | dead skip 0 | validation only
I/DH2Native(19142): Health probe | _prim_tmp_cultist05 | character CryptSlime | damage 16384 | add -16384 | before 12160 | after 0 | kill 1 | armed 1 | cue 0 | lifecycle 3 | dead skip 0 | validation only
I/DH2Native(19142): Original idle selected | slime_green_v2.bdae | table 64 | sequence 613 | step 5 | clip 1259 | slime_idle_02.bdae | speed 1.0000 | actor _prim_tmp_cultist05
I/DH2Native(19142): Actor event track ready | slime_green_v2.bdae | clip 1246 | groups 1 | attack_mainhand ms 266
I/DH2Native(19142): Actor event track ready | slime_green_v2.bdae | clip 1247 | groups 0 | attack_mainhand ms -1
I/DH2Native(19142): Actor event track ready | slime_green_v2.bdae | clip 1248 | groups 1 | attack_mainhand ms 300
I/DH2Native(19142): Actor event track ready | slime_green_v2.bdae | clip 1249 | groups 0 | attack_mainhand ms -1
I/DH2Native(19142): Actor event track ready | slime_green_v2.bdae | clip 1251 | groups 0 | attack_mainhand ms -1
I/DH2Native(19142): Actor event track ready | slime_green_v2.bdae | clip 1258 | groups 0 | attack_mainhand ms -1
I/DH2Native(19142): Actor event track ready | slime_green_v2.bdae | clip 1259 | groups 0 | attack_mainhand ms -1
I/DH2Native(19142): Actor event track ready | slime_green_v2.bdae | clip 1261 | groups 0 | attack_mainhand ms -1
I/DH2Native(19142): Actor event track ready | slime_green_v2.bdae | clip 1262 | groups 0 | attack_mainhand ms -1
I/DH2Native(19142): Actor event track ready | slime_green_v2.bdae | clip 1268 | groups 0 | attack_mainhand ms -1
I/DH2Native(19142): Actor clip bank ready | slime_green_v2.bdae | clips 10 | independent instance clocks
I/DH2Native(19142): Object resource slime_green_v2.bdae | primitives 2 | tracks 12 | unbound 0 | unsupported 0 | removed helpers 0
I/DH2Native(19142): Base class snapshot | _prim_tmp_cultist06 | character CryptSlime | class 18 | level raw 256 | Max_HP raw 12160 | Max_MP raw 5632 | checksum e0cad1d302226d0f | cached only
I/DH2Native(19142): Resolved properties | _prim_tmp_cultist06 | character CryptSlime | HP raw -1 | Max_HP raw 12160 | MP raw -1 | Max_MP raw 5632 | checksum e0cad1d302226d0f | supplied sheets only
I/DH2Native(19142): Spawn vitals | _prim_tmp_cultist06 | character CryptSlime | HP raw 12160 | Max_HP raw 12160 | MP raw 5632 | Max_MP raw 5632 | first HP add raw 12160 | first MP add raw 5632 | second HP add raw 1 | second MP add raw 1 | checksum a1f87e373eade438 | passes 2
I/DH2Native(19142): Combat result probe | _prim_tmp_cultist06 | character CryptSlime | amount 2036 | dot element -1 | dot duration 0 | dot amount 0 | HP leech 0 | MP leech 0 | outcomes 0 | mask 2271925 | category -1 | element -1 | seed 3406292 | calls 9 | validation only
I/DH2Native(19142): Health probe | _prim_tmp_cultist06 | character CryptSlime | damage 256 | add -256 | before 12160 | after 11904 | kill 0 | armed 1 | cue 0 | lifecycle -1 | dead skip 0 | validation only
I/DH2Native(19142): Health probe | _prim_tmp_cultist06 | character CryptSlime | damage 16384 | add -16384 | before 12160 | after 0 | kill 1 | armed 1 | cue 0 | lifecycle 3 | dead skip 0 | validation only
I/DH2Native(19142): Original idle selected | slime_green_v2.bdae | table 64 | sequence 613 | step 5 | clip 1259 | slime_idle_02.bdae | speed 1.0000 | actor _prim_tmp_cultist06
I/DH2Native(19142): Base class snapshot | _prim_tmp_cultist07 | character Crypt_Skeleton | class 18 | level raw 256 | Max_HP raw 12160 | Max_MP raw 5632 | checksum 41ae0e800682474e | cached only
I/DH2Native(19142): Resolved properties | _prim_tmp_cultist07 | character Crypt_Skeleton | HP raw -1 | Max_HP raw 12160 | MP raw -1 | Max_MP raw 5632 | checksum 41ae0e800682474e | supplied sheets only
I/DH2Native(19142): Spawn vitals | _prim_tmp_cultist07 | character Crypt_Skeleton | HP raw 12160 | Max_HP raw 12160 | MP raw 5632 | Max_MP raw 5632 | first HP add raw 12160 | first MP add raw 5632 | second HP add raw 1 | second MP add raw 1 | checksum ee913bf1bab19e05 | passes 2
I/DH2Native(19142): Combat result probe | _prim_tmp_cultist07 | character Crypt_Skeleton | amount 2030 | dot element -1 | dot duration 0 | dot amount 0 | HP leech 0 | MP leech 0 | outcomes 0 | mask 2271925 | category -1 | element -1 | seed 11805120 | calls 9 | validation only
I/DH2Native(19142): Health probe | _prim_tmp_cultist07 | character Crypt_Skeleton | damage 256 | add -256 | before 12160 | after 11904 | kill 0 | armed 1 | cue 0 | lifecycle -1 | dead skip 0 | validation only
I/DH2Native(19142): Health probe | _prim_tmp_cultist07 | character Crypt_Skeleton | damage 16384 | add -16384 | before 12160 | after 0 | kill 1 | armed 1 | cue 0 | lifecycle 3 | dead skip 0 | validation only
I/DH2Native(19142): Original idle selected | skeleton.bdae | table 62 | sequence 596 | step 0 | clip 1194 | skeleton_idle_01.bdae | speed 1.0000 | actor _prim_tmp_cultist07
I/DH2Native(19142): Base class snapshot | _prim_tmp_cultist08 | character Crypt_Skeleton | class 18 | level raw 256 | Max_HP raw 12160 | Max_MP raw 5632 | checksum 41ae0e800682474e | cached only
I/DH2Native(19142): Resolved properties | _prim_tmp_cultist08 | character Crypt_Skeleton | HP raw -1 | Max_HP raw 12160 | MP raw -1 | Max_MP raw 5632 | checksum 41ae0e800682474e | supplied sheets only
I/DH2Native(19142): Spawn vitals | _prim_tmp_cultist08 | character Crypt_Skeleton | HP raw 12160 | Max_HP raw 12160 | MP raw 5632 | Max_MP raw 5632 | first HP add raw 12160 | first MP add raw 5632 | second HP add raw 1 | second MP add raw 1 | checksum ee913bf1bab19e05 | passes 2
I/DH2Native(19142): Combat result probe | _prim_tmp_cultist08 | character Crypt_Skeleton | amount 2030 | dot element -1 | dot duration 0 | dot amount 0 | HP leech 0 | MP leech 0 | outcomes 0 | mask 2271925 | category -1 | element -1 | seed 11805120 | calls 9 | validation only
I/DH2Native(19142): Health probe | _prim_tmp_cultist08 | character Crypt_Skeleton | damage 256 | add -256 | before 12160 | after 11904 | kill 0 | armed 1 | cue 0 | lifecycle -1 | dead skip 0 | validation only
I/DH2Native(19142): Health probe | _prim_tmp_cultist08 | character Crypt_Skeleton | damage 16384 | add -16384 | before 12160 | after 0 | kill 1 | armed 1 | cue 0 | lifecycle 3 | dead skip 0 | validation only
I/DH2Native(19142): Original idle selected | skeleton.bdae | table 62 | sequence 596 | step 1 | clip 1195 | skeleton_idle_02.bdae | speed 1.0000 | actor _prim_tmp_cultist08
I/DH2Native(19142): Object resource crypt_candles2_small.bdae | primitives 3 | tracks 5 | unbound 0 | unsupported 0 | removed helpers 1
I/DH2Native(19142): Object resource crypt_candlestand_big.bdae | primitives 4 | tracks 3 | unbound 0 | unsupported 0 | removed helpers 2
I/DH2Native(19142): Object resource crypt_candlestand.bdae | primitives 4 | tracks 7 | unbound 0 | unsupported 0 | removed helpers 2
I/DH2Native(19142): Object resource crypt_candle2.bdae | primitives 3 | tracks 3 | unbound 0 | unsupported 0 | removed helpers 1
I/DH2Native(19142): Object resource crypt_candle1_small.bdae | primitives 3 | tracks 3 | unbound 0 | unsupported 0 | removed helpers 1
I/DH2Native(19142): Object resource crypt_candles.bdae | primitives 3 | tracks 7 | unbound 0 | unsupported 0 | removed helpers 1
I/DH2Native(19142): Object resource swamp_caveentrance_effect.bdae | primitives 1 | tracks 0 | unbound 0 | unsupported 3 | removed helpers 0
I/DH2Native(19142): Object resource crypt_candle_big.bdae | primitives 3 | tracks 3 | unbound 0 | unsupported 0 | removed helpers 1
I/DH2Native(19142): Base class snapshot | _prim_Monster | character CryptSlime | class 18 | level raw 256 | Max_HP raw 12160 | Max_MP raw 5632 | checksum e0cad1d302226d0f | cached only
I/DH2Native(19142): Resolved properties | _prim_Monster | character CryptSlime | HP raw -1 | Max_HP raw 12160 | MP raw -1 | Max_MP raw 5632 | checksum e0cad1d302226d0f | supplied sheets only
I/DH2Native(19142): Spawn vitals | _prim_Monster | character CryptSlime | HP raw 12160 | Max_HP raw 12160 | MP raw 5632 | Max_MP raw 5632 | first HP add raw 12160 | first MP add raw 5632 | second HP add raw 1 | second MP add raw 1 | checksum a1f87e373eade438 | passes 2
I/DH2Native(19142): Combat result probe | _prim_Monster | character CryptSlime | amount 2036 | dot element -1 | dot duration 0 | dot amount 0 | HP leech 0 | MP leech 0 | outcomes 0 | mask 2271925 | category -1 | element -1 | seed 3406292 | calls 9 | validation only
I/DH2Native(19142): Health probe | _prim_Monster | character CryptSlime | damage 256 | add -256 | before 12160 | after 11904 | kill 0 | armed 1 | cue 0 | lifecycle -1 | dead skip 0 | validation only
I/DH2Native(19142): Health probe | _prim_Monster | character CryptSlime | damage 16384 | add -16384 | before 12160 | after 0 | kill 1 | armed 1 | cue 0 | lifecycle 3 | dead skip 0 | validation only
I/DH2Native(19142): Original idle selected | slime_green_v2.bdae | table 64 | sequence 613 | step 1 | clip 1258 | slime_idle.bdae | speed 1.0000 | actor _prim_Monster
I/DH2Native(19142): Base class snapshot | _prim_Monster02 | character CryptSlime_RE | class 18 | level raw 256 | Max_HP raw 12160 | Max_MP raw 5632 | checksum eb471073d49b2c44 | cached only
I/DH2Native(19142): Resolved properties | _prim_Monster02 | character CryptSlime_RE | HP raw -1 | Max_HP raw 12160 | MP raw -1 | Max_MP raw 5632 | checksum eb471073d49b2c44 | supplied sheets only
I/DH2Native(19142): Spawn vitals | _prim_Monster02 | character CryptSlime_RE | HP raw 12160 | Max_HP raw 12160 | MP raw 5632 | Max_MP raw 5632 | first HP add raw 12160 | first MP add raw 5632 | second HP add raw 1 | second MP add raw 1 | checksum 6eba0582f78691bb | passes 2
I/DH2Native(19142): Combat result probe | _prim_Monster02 | character CryptSlime_RE | amount 2135 | dot element -1 | dot duration 0 | dot amount 0 | HP leech 0 | MP leech 0 | outcomes 0 | mask 2271925 | category -1 | element -1 | seed 7440849 | calls 9 | validation only
I/DH2Native(19142): Health probe | _prim_Monster02 | character CryptSlime_RE | damage 256 | add -256 | before 12160 | after 11904 | kill 0 | armed 1 | cue 0 | lifecycle -1 | dead skip 0 | validation only
I/DH2Native(19142): Health probe | _prim_Monster02 | character CryptSlime_RE | damage 16384 | add -16384 | before 12160 | after 0 | kill 1 | armed 1 | cue 0 | lifecycle 3 | dead skip 0 | validation only
I/DH2Native(19142): Original idle selected | slime_green_v2.bdae | table 64 | sequence 613 | step 0 | clip 1258 | slime_idle.bdae | speed 1.0000 | actor _prim_Monster02
I/DH2Native(19142): Base class snapshot | _prim_Monster05 | character CryptSlime | class 18 | level raw 256 | Max_HP raw 12160 | Max_MP raw 5632 | checksum e0cad1d302226d0f | cached only
I/DH2Native(19142): Resolved properties | _prim_Monster05 | character CryptSlime | HP raw -1 | Max_HP raw 12160 | MP raw -1 | Max_MP raw 5632 | checksum e0cad1d302226d0f | supplied sheets only
I/DH2Native(19142): Spawn vitals | _prim_Monster05 | character CryptSlime | HP raw 12160 | Max_HP raw 12160 | MP raw 5632 | Max_MP raw 5632 | first HP add raw 12160 | first MP add raw 5632 | second HP add raw 1 | second MP add raw 1 | checksum a1f87e373eade438 | passes 2
I/DH2Native(19142): Combat result probe | _prim_Monster05 | character CryptSlime | amount 2036 | dot element -1 | dot duration 0 | dot amount 0 | HP leech 0 | MP leech 0 | outcomes 0 | mask 2271925 | category -1 | element -1 | seed 3406292 | calls 9 | validation only
I/DH2Native(19142): Health probe | _prim_Monster05 | character CryptSlime | damage 256 | add -256 | before 12160 | after 11904 | kill 0 | armed 1 | cue 0 | lifecycle -1 | dead skip 0 | validation only
I/DH2Native(19142): Health probe | _prim_Monster05 | character CryptSlime | damage 16384 | add -16384 | before 12160 | after 0 | kill 1 | armed 1 | cue 0 | lifecycle 3 | dead skip 0 | validation only
I/DH2Native(19142): Original idle selected | slime_green_v2.bdae | table 64 | sequence 613 | step 4 | clip 1258 | slime_idle.bdae | speed 1.0000 | actor _prim_Monster05
I/DH2Native(19142): Object resource crypt_candle1.bdae | primitives 3 | tracks 3 | unbound 0 | unsupported 0 | removed helpers 1
I/DH2Native(19142): Base class snapshot | _prim_Monster_Ghost05 | character Crypt_Ghost | class 18 | level raw 256 | Max_HP raw 12160 | Max_MP raw 5632 | checksum 37563d932af809fb | cached only
I/DH2Native(19142): Resolved properties | _prim_Monster_Ghost05 | character Crypt_Ghost | HP raw -1 | Max_HP raw 12160 | MP raw -1 | Max_MP raw 5632 | checksum 37563d932af809fb | supplied sheets only
I/DH2Native(19142): Spawn vitals | _prim_Monster_Ghost05 | character Crypt_Ghost | HP raw 12160 | Max_HP raw 12160 | MP raw 5632 | Max_MP raw 5632 | first HP add raw 12160 | first MP add raw 5632 | second HP add raw 1 | second MP add raw 1 | checksum e41199bf55080334 | passes 2
I/DH2Native(19142): Combat result probe | _prim_Monster_Ghost05 | character Crypt_Ghost | amount 2263 | dot element -1 | dot duration 0 | dot amount 0 | HP leech 0 | MP leech 0 | outcomes 0 | mask 2271925 | category -1 | element -1 | seed 3474079 | calls 9 | validation only
I/DH2Native(19142): Health probe | _prim_Monster_Ghost05 | character Crypt_Ghost | damage 256 | add -256 | before 12160 | after 11904 | kill 0 | armed 1 | cue 0 | lifecycle -1 | dead skip 0 | validation only
I/DH2Native(19142): Health probe | _prim_Monster_Ghost05 | character Crypt_Ghost | damage 16384 | add -16384 | before 12160 | after 0 | kill 1 | armed 1 | cue 0 | lifecycle 3 | dead skip 0 | validation only
I/DH2Native(19142): Original idle selected | ghost.bdae | table 24 | sequence 210 | step 0 | clip 706 | ghost_idle_01.bdae | speed 1.3000 | actor _prim_Monster_Ghost05
I/DH2Native(19142): Actor event track ready | ghost.bdae | clip 697 | groups 1 | attack_mainhand ms 999
I/DH2Native(19142): Actor event track ready | ghost.bdae | clip 700 | groups 0 | attack_mainhand ms -1
I/DH2Native(19142): Actor event track ready | ghost.bdae | clip 706 | groups 0 | attack_mainhand ms -1
I/DH2Native(19142): Actor event track ready | ghost.bdae | clip 707 | groups 0 | attack_mainhand ms -1
I/DH2Native(19142): Actor event track ready | ghost.bdae | clip 710 | groups 0 | attack_mainhand ms -1
I/DH2Native(19142): Actor event track ready | ghost.bdae | clip 714 | groups 0 | attack_mainhand ms -1
I/DH2Native(19142): Actor event track ready | ghost.bdae | clip 717 | groups 0 | attack_mainhand ms -1
I/DH2Native(19142): Actor clip bank ready | ghost.bdae | clips 7 | independent instance clocks
I/DH2Native(19142): Object resource ghost.bdae | primitives 2 | tracks 24 | unbound 0 | unsupported 0 | removed helpers 2
I/DH2Native(19142): Base class snapshot | _prim_Monster_Ghost06 | character Crypt_Ghost | class 18 | level raw 256 | Max_HP raw 12160 | Max_MP raw 5632 | checksum 37563d932af809fb | cached only
I/DH2Native(19142): Resolved properties | _prim_Monster_Ghost06 | character Crypt_Ghost | HP raw -1 | Max_HP raw 12160 | MP raw -1 | Max_MP raw 5632 | checksum 37563d932af809fb | supplied sheets only
I/DH2Native(19142): Spawn vitals | _prim_Monster_Ghost06 | character Crypt_Ghost | HP raw 12160 | Max_HP raw 12160 | MP raw 5632 | Max_MP raw 5632 | first HP add raw 12160 | first MP add raw 5632 | second HP add raw 1 | second MP add raw 1 | checksum e41199bf55080334 | passes 2
I/DH2Native(19142): Combat result probe | _prim_Monster_Ghost06 | character Crypt_Ghost | amount 2263 | dot element -1 | dot duration 0 | dot amount 0 | HP leech 0 | MP leech 0 | outcomes 0 | mask 2271925 | category -1 | element -1 | seed 3474079 | calls 9 | validation only
I/DH2Native(19142): Health probe | _prim_Monster_Ghost06 | character Crypt_Ghost | damage 256 | add -256 | before 12160 | after 11904 | kill 0 | armed 1 | cue 0 | lifecycle -1 | dead skip 0 | validation only
I/DH2Native(19142): Health probe | _prim_Monster_Ghost06 | character Crypt_Ghost | damage 16384 | add -16384 | before 12160 | after 0 | kill 1 | armed 1 | cue 0 | lifecycle 3 | dead skip 0 | validation only
I/DH2Native(19142): Original idle selected | ghost.bdae | table 24 | sequence 210 | step 0 | clip 706 | ghost_idle_01.bdae | speed 1.3000 | actor _prim_Monster_Ghost06
I/DH2Native(19142): Base class snapshot | _prim_Monster_SURPRISE_01 | character Crypt_Ghost | class 18 | level raw 256 | Max_HP raw 12160 | Max_MP raw 5632 | checksum 37563d932af809fb | cached only
I/DH2Native(19142): Resolved properties | _prim_Monster_SURPRISE_01 | character Crypt_Ghost | HP raw -1 | Max_HP raw 12160 | MP raw -1 | Max_MP raw 5632 | checksum 37563d932af809fb | supplied sheets only
I/DH2Native(19142): Spawn vitals | _prim_Monster_SURPRISE_01 | character Crypt_Ghost | HP raw 12160 | Max_HP raw 12160 | MP raw 5632 | Max_MP raw 5632 | first HP add raw 12160 | first MP add raw 5632 | second HP add raw 1 | second MP add raw 1 | checksum e41199bf55080334 | passes 2
I/DH2Native(19142): Combat result probe | _prim_Monster_SURPRISE_01 | character Crypt_Ghost | amount 2263 | dot element -1 | dot duration 0 | dot amount 0 | HP leech 0 | MP leech 0 | outcomes 0 | mask 2271925 | category -1 | element -1 | seed 3474079 | calls 9 | validation only
I/DH2Native(19142): Health probe | _prim_Monster_SURPRISE_01 | character Crypt_Ghost | damage 256 | add -256 | before 12160 | after 11904 | kill 0 | armed 1 | cue 0 | lifecycle -1 | dead skip 0 | validation only
I/DH2Native(19142): Health probe | _prim_Monster_SURPRISE_01 | character Crypt_Ghost | damage 16384 | add -16384 | before 12160 | after 0 | kill 1 | armed 1 | cue 0 | lifecycle 3 | dead skip 0 | validation only
I/DH2Native(19142): Original idle selected | ghost.bdae | table 24 | sequence 210 | step 0 | clip 706 | ghost_idle_01.bdae | speed 1.3000 | actor _prim_Monster_SURPRISE_01
I/DH2Native(19142): Base class snapshot | _prim_Monster_SURPRISE_02 | character Crypt_Ghost | class 18 | level raw 256 | Max_HP raw 12160 | Max_MP raw 5632 | checksum 37563d932af809fb | cached only
I/DH2Native(19142): Resolved properties | _prim_Monster_SURPRISE_02 | character Crypt_Ghost | HP raw -1 | Max_HP raw 12160 | MP raw -1 | Max_MP raw 5632 | checksum 37563d932af809fb | supplied sheets only
I/DH2Native(19142): Spawn vitals | _prim_Monster_SURPRISE_02 | character Crypt_Ghost | HP raw 12160 | Max_HP raw 12160 | MP raw 5632 | Max_MP raw 5632 | first HP add raw 12160 | first MP add raw 5632 | second HP add raw 1 | second MP add raw 1 | checksum e41199bf55080334 | passes 2
I/DH2Native(19142): Combat result probe | _prim_Monster_SURPRISE_02 | character Crypt_Ghost | amount 2263 | dot element -1 | dot duration 0 | dot amount 0 | HP leech 0 | MP leech 0 | outcomes 0 | mask 2271925 | category -1 | element -1 | seed 3474079 | calls 9 | validation only
I/DH2Native(19142): Health probe | _prim_Monster_SURPRISE_02 | character Crypt_Ghost | damage 256 | add -256 | before 12160 | after 11904 | kill 0 | armed 1 | cue 0 | lifecycle -1 | dead skip 0 | validation only
I/DH2Native(19142): Health probe | _prim_Monster_SURPRISE_02 | character Crypt_Ghost | damage 16384 | add -16384 | before 12160 | after 0 | kill 1 | armed 1 | cue 0 | lifecycle 3 | dead skip 0 | validation only
I/DH2Native(19142): Original idle selected | ghost.bdae | table 24 | sequence 210 | step 0 | clip 706 | ghost_idle_01.bdae | speed 1.3000 | actor _prim_Monster_SURPRISE_02
I/DH2Native(19142): 3D upload OK | 4 draws | 586 triangles | 2 textures
I/DH2Native(19142): 29 animation tracks | 0 skipped | Preview lighting. Drag to orbit. | nodes 35 | skipped nongeometry instances 1 | skin draws 4 | segments 2
I/DH2Native(19142): Combat actor restored | _prim_tmp_cultist01 | HP 12160 | dead 0 | combo 0 | state Idle | cursor 8826.0004 | events 0 | aggro 0 0 | target -1 | AI attack 0
I/DH2Native(19142): Combat actor restored | _prim_tmp_cultist03 | HP 12160 | dead 0 | combo 0 | state Idle | cursor 2727.0004 | events 0 | aggro 0 0 | target -1 | AI attack 0
I/DH2Native(19142): Combat actor restored | _prim_tmp_cultist07 | HP 12160 | dead 0 | combo 0 | state Idle | cursor 8826.0004 | events 0 | aggro 0 0 | target -1 | AI attack 0
I/DH2Native(19142): Combat actor restored | _prim_tmp_cultist08 | HP 12160 | dead 0 | combo 0 | state Idle | cursor 2727.0004 | events 0 | aggro 0 0 | target -1 | AI attack 0
I/DH2Native(19142): Combat actor restored | _prim_tmp_cultist05 | HP 12160 | dead 0 | combo 0 | state Idle | cursor 828.0004 | events 0 | aggro 0 0 | target -1 | AI attack 0
I/DH2Native(19142): Combat actor restored | _prim_tmp_cultist06 | HP 12160 | dead 0 | combo 0 | state Idle | cursor 828.0004 | events 0 | aggro 0 0 | target -1 | AI attack 0
I/DH2Native(19142): Combat actor restored | _prim_Monster | HP 12160 | dead 0 | combo 0 | state Idle | cursor 828.0004 | events 0 | aggro 0 0 | target -1 | AI attack 0
I/DH2Native(19142): Combat actor restored | _prim_Monster02 | HP 12160 | dead 0 | combo 0 | state Idle | cursor 828.0004 | events 0 | aggro 0 0 | target -1 | AI attack 0
I/DH2Native(19142): Combat actor restored | _prim_Monster05 | HP 12160 | dead 0 | combo 0 | state Idle | cursor 828.0004 | events 0 | aggro 0 0 | target -1 | AI attack 0
I/DH2Native(19142): Combat actor restored | _prim_Monster_Ghost05 | HP 12160 | dead 0 | combo 0 | state Idle | cursor 5473.8000 | events 0 | aggro 0 0 | target -1 | AI attack 0
I/DH2Native(19142): Combat actor restored | _prim_Monster_Ghost06 | HP 12160 | dead 0 | combo 0 | state Idle | cursor 5473.8000 | events 0 | aggro 0 0 | target -1 | AI attack 0
I/DH2Native(19142): Combat actor restored | _prim_Monster_SURPRISE_01 | HP 25600 | dead 0 | combo 0 | state Idle | cursor 2296.2000 | events 0 | aggro 0 0 | target -1 | AI attack 0
I/DH2Native(19142): Combat actor restored | _prim_Monster_SURPRISE_02 | HP 25600 | dead 0 | combo 0 | state Idle | cursor 2192.2000 | events 0 | aggro 0 0 | target -1 | AI attack 0
I/DH2Native(19142): Player properties | KnightPlayerBase | HP 42265 | MP 6976 | checksum bb50c69358c8e302 | attempts 0 | attacking 0
I/DH2Native(19142): Prince blended bank ready | resources 116 | occurrences 158 | targets 83 | template 1111 | engine 0 | game clip 1111
I/DH2Native(19142): Blended character event | event 0x24 | clip 1111 | slot 0 | phase 5 | lag 0
I/DH2Native(19142): Blended character event | event 0x26 | clip 1111 | slot 0 | phase 5 | lag 0
I/DH2Native(19142): Character animation selected | state 3 | flags 2380 | sequence 262 | clip 1040 | actor state service
I/DH2Native(19142): Character state event | state 3 | event 1d | prior 3 | flags 2380
I/DH2Native(19142): Player source state | previous 3 | current 3 | event 0x0 | flags 2380 | root 262 | clip 1040 | position -1401.4871 19480.2910 636.4874 | Step 308
I/DH2Native(19142): Spawn body ready | _prim_Monster_SURPRISE_01 | creations 1 | radius 145.718735 | category 10 | mask d3f
I/DH2Native(19142): Gated character ready | _prim_Monster_SURPRISE_01 | source state 3 | presentation visible 1 | body 1 | Spawn sequence 213 | AI type 4 | restored 1
I/DH2Native(19142): Spawn body ready | _prim_Monster_SURPRISE_02 | creations 1 | radius 145.718735 | category 10 | mask d3f
I/DH2Native(19142): Gated character ready | _prim_Monster_SURPRISE_02 | source state 3 | presentation visible 1 | body 1 | Spawn sequence 213 | AI type 4 | restored 1
I/DH2Native(19142): Native actor ready | genuine bodies 83 | decor colliders 82 | radius 113.699577 | source bounds -1515.19 19449.5 -1287.79 19511 | flags 2380 | scene then Step then actor
I/DH2Native(19142): Native Level fields | ordinal 23 | hub 2 | random 1 | difficulty 0 | file 007_crypt_01.rule.xml | source ranges 8 10 / 45 47 / 74 76 | viewport owner; GSLevel stack pending
I/DH2Native(19142): CharAI constructor projections | characters 14 | native source-order registration records 14 | source Character associations 14 | active AIS initialization pending
I/DH2Native(19142): Native CharAI lifetime | fresh constructors 0 | retained owners 14 | graphics registry rebuilt
I/DH2Native(19142): Native Player buff snapshot | phase restore | count 1 | groups 1 | id 49 | instance 0x71728c16d570 | timer -1 | strength 1 | sheet 3bfdcdd0eb338a14 | same VM/properties/Coordinator
I/DH2Native(19142): Native Player buff property | phase restore | name Resistance_Fire | index 74 | buff 0 | resolved 192
I/DH2Native(19142): Native Player buff property | phase restore | name Resistance_Water | index 75 | buff 0 | resolved 192
I/DH2Native(19142): Native Player buff property | phase restore | name Resistance_Lightning | index 76 | buff 7680 | resolved 7872
I/DH2Native(19142): Native Player buff property | phase restore | name Resistance_Earth | index 77 | buff 0 | resolved 192
I/DH2Native(19142): Native Player buff property | phase restore | name Resistance_Air | index 78 | buff 0 | resolved 192
I/DH2Native(19142): Native Player skills retained | VM 0x71715c0449e0 | paths 15 | update attempts 308 | timer callbacks 0 | no preparation/OnInit replay
I/DH2Native(19142): Native managed host | Level 1 | difficulty 0 | property reads 1 | member writes 0 | offline embedded PlayerInfo; full profile/network pending
I/DH2Native(19142): Native Character classification | _prim_Monster_SURPRISE_01 | AI 68 | faction 7 | type 4 | monster 1 | player 0 | faerie 0 | NPC 0 | projected death 0 | source getters; autonomous frame pending
I/DH2Native(19142): Native Character zonability | _prim_Monster_SURPRISE_01 | zonable 1 | source classification; room enrollment pending
I/DH2Native(19142): Native monster initialization | _prim_Monster_SURPRISE_01 | Level 2048 | HP 25600 / 25600 | MP 23552 / 23552 | callbacks 1 | timers 2 | flags 183c | same VM published 1 | retained 1 | paused providers 2 | nonempty skills/autonomous frame pending
I/DH2Native(19142): Native Ghost skill initialization | _prim_Monster_SURPRISE_01 | phases 12345 | skills 0 | faeries 5 | null faeries 5 | post 1 | final 1 | update slots 0 5 | updates 0 | arguments 2 2 | Debug 2 2 | VCB 1 | path data/scripts/ai/ | retained 1 | bounded Ghost InitScriptProcess
I/DH2Native(19142): Native Ghost skill vector owner | _prim_Monster_SURPRISE_01 | faery storage 71729c110e10 | catalogue 7171ec05d5a8
I/DH2Native(19142): Native monster VM owner | _prim_Monster_SURPRISE_01 | native handle 71728c182ea0 | source active 71728c183120 | source pending 71728c183120
I/DH2Native(19142): Native monster timer retained | _prim_Monster_SURPRISE_01 | slot 0 | event 33 | duration 3000 | elapsed 0 | active 1 | paused 1
I/DH2Native(19142): Native monster timer retained | _prim_Monster_SURPRISE_01 | slot 1 | event 34 | duration 1000 | elapsed 0 | active 1 | paused 1
I/DH2Native(19142): Native Character classification | _prim_Monster_SURPRISE_02 | AI 68 | faction 7 | type 4 | monster 1 | player 0 | faerie 0 | NPC 0 | projected death 0 | source getters; autonomous frame pending
I/DH2Native(19142): Native Character zonability | _prim_Monster_SURPRISE_02 | zonable 1 | source classification; room enrollment pending
I/DH2Native(19142): Native monster initialization | _prim_Monster_SURPRISE_02 | Level 2048 | HP 25600 / 25600 | MP 23552 / 23552 | callbacks 1 | timers 2 | flags 183c | same VM published 1 | retained 1 | paused providers 2 | nonempty skills/autonomous frame pending
I/DH2Native(19142): Native Ghost skill initialization | _prim_Monster_SURPRISE_02 | phases 12345 | skills 0 | faeries 5 | null faeries 5 | post 1 | final 1 | update slots 0 5 | updates 0 | arguments 2 2 | Debug 2 2 | VCB 1 | path data/scripts/ai/ | retained 1 | bounded Ghost InitScriptProcess
I/DH2Native(19142): Native Ghost skill vector owner | _prim_Monster_SURPRISE_02 | faery storage 71729c1163d0 | catalogue 7171ec05d5a8
I/DH2Native(19142): Native monster VM owner | _prim_Monster_SURPRISE_02 | native handle 71728c181d60 | source active 71728c181fe0 | source pending 71728c181fe0
I/DH2Native(19142): Native monster timer retained | _prim_Monster_SURPRISE_02 | slot 0 | event 33 | duration 3000 | elapsed 0 | active 1 | paused 1
I/DH2Native(19142): Native monster timer retained | _prim_Monster_SURPRISE_02 | slot 1 | event 34 | duration 1000 | elapsed 0 | active 1 | paused 1
I/DH2Native(19142): Native Debug persistence | loaded 1 | switches 25 | read opens 1 | read closes 1 | saves 5 | write closes 5 | IO errors 0 | app-private real file
I/DH2Native(19142): Crypt script restored | activations 1 | requests 2 | ready 1 | running 0 | no Spawn replay
I/DH2Native(19142): Native Character list | characters 14 | owned nodes 14 | copied links 0 | full ObjectManager factory 0 | autonomous Ghost AI 0
I/DH2Native(19142): Objects ready | monsters 13 | decors 84 | resources 12 | instance draws 295 | triangles 6775 | character records 448 | model entries 116 | idle preview only
I/DH2Native(19142): Native floors ready | records 8 | graph nodes 335 | graph edges 838 | selector collision controls height
I/DH2Native(19142): Native floor links ready | neighbour relations 14 | validation references 998 | graph-node search ready
I/DH2Native(19142): Native graph route probe | floor pairs 64 | successful 64 | segments 1598 | state 5454073390c7d916 | endpoints and movement pending
I/DH2Native(19142): Native world route probe | floor pairs 64 | successful 64 | direct 0 | graph 64 | segments 2086 | state 3a3ab2a724cc383b | smoothing and movement pending
I/DH2Native(19142): Native FindPath probe | floor pairs 64 | successful 64 | owned 64 | segments 2086 | state 9356b419cae2bc57 | position controller pending
I/DH2Native(19142): Native floor motion probe | floor pairs 64 | position valid 64 | accepted 64 | direction valid 64 | state d60ad48039cc85c6 | controller and dynamic obstacles pending
I/DH2Native(19142): Native obstacle registry probe | floor pairs 64 | accepted 64 | registered 64 | relocated 56 | state 22a98dfc4102db51 | forces and controller pending
I/DH2Native(19142): Native avoidance probe | floors 8 | force contributions 16 | adjusted 8 | turn limited 8 | state 09d1d79d2612c945 | actor producers and controller pending
I/DH2Native(19142): Native actor producer probe | floors 8 | registered 8 | physical radius updates 8 | state 30c1f3ac1bf81145 | physical construction and controller pending
I/DH2Native(19142): Native heading control | player movement and melee facing use recovered source | UpdatePath rotation subobjects and genuine physics active
I/DH2Native(19142): World ready | rooms 8 | visual draws 101 | navigation triangles 314 | idle tracks 23 | walk tracks 27 | position -1401.4871 19480.2910 636.4874
I/DH2Native(19142): Prince blended inspection | frozen 0 | scene 0 | Step 0 | actor 0 | clip 1040 | ms 0 | body -14.0149 194.803 | pose 5f96fe6e2b6d998d
I/DH2Native(19142): Inspect object 0 | skeleton.bdae | _prim_tmp_cultist01 | room 0 | position -1234.4301 497.9790 596.7230
I/DH2Native(19142): Combat actor state | _prim_tmp_cultist01 | HP 12160 | MP 5632 | dead 0 | combo 0 | state Idle | target -1 | hits 0
I/DH2Native(19142): Combat target rejected | index 0 | target 78 | gated Character services pending
I/DH2Native(19142): worlds/crypt01.dwld: Crypt | 8 rooms | 13 monsters | 84 scenery objects
I/DH2Native(19142): 21612 triangles. Drag the movement control to walk.
I/DH2Native(19142): Gated actor combat services are pending
I/DH2Native(19142): Actor command applied | index 0 | state null | time -1 | Crypt | 8 rooms | 13 monsters | 84 scenery objects
I/DH2Native(19142): 21612 triangles. Drag the movement control to walk.
I/DH2Native(19142): Gated actor combat services are pending
I/DH2Native(19142): Surface resized to 1080 x 1867
I/DH2Native(19142): Native actor frame | scene 0 | Step 1 | actor 1 | source phase 5 | clip 1040 | ms 0 | replays 0 | body -14.0149 194.803 | contacts 0 0 | state 3 | body present 1 | timeline scale 1
I/DH2Native(19142): Model frame submitted at 1080 x 1867
I/DH2Native(19142): Surface resized to 1080 x 1824
I/DH2Native(19142): Source camera frame | 310 | 1080x1824 | matrix 4082798b baabc072 ba1a025f ba18bb2e 3b54c613 3fd2a3b5 3f3ce138 3f3b4ff2 00000000 3fe21b22 bf2ff5b3 bf2e7fe0 459d3c91 c4fe4550 44d56b9a 44e018ea | frustum c49a2e42 c43899d8 44e5d110 ba18bb3a 3f3b4fff bf2e7fd3 c61f7cb4 3a18bb2f bf3b4ff3 3f2e7fe1 c4d3a633 bf789885 be334315 3e26431e c4cb31a0 3f78aab6 be31ad9f 3e26431e 4440de75 3a3de69a bf68e5d6 bed48d4b 42b8bffe b99202c5 3eb31203 3f6fd506 c4b71045 c582d1be c43899d8 c61be7fd 44d52b16 4632a11c 44e5d110
I/DH2Native(19142): Model frame submitted at 1080 x 1824
I/DH2Native(19142): Player position -1401.4871 19480.2910 636.4874 | moved 0 | blocked 0
I/DH2Native(19142): Player facing | angle 0 | native updates 21
I/DH2Native(19142): Renderer: Android Emulator OpenGL ES Translator (Google SwiftShader)
I/DH2Native(19142): GLES: OpenGL ES 3.0 (OpenGL ES 3.0 SwiftShader 4.0.0.1)
I/DH2Native(19142): Enemy AI configured | automatic melee 0
I/DH2Native(19142): Mod asset loaded | worlds/crypt01.dwld | bytes 1048
I/DH2Native(19142): Native skill catalogue | skill lists 36 | skills 127 | faery lists 4 | faeries 16 | shared immutable tables; full skill callbacks pending
I/DH2Native(19142): Class tables ready | classes 260 | bytes 34224 | cached base snapshots
I/DH2Native(19142): Native level catalogue | fast travel 33 | levels 51 | Crypt row 23 | ranges 8 10 / 45 47 / 74 76 | GSLevel ownership pending
I/DH2Native(19142): AI tables ready | configs 76 | factions 16 | automatic melee 0 | pursuit and full FSM pending
I/DH2Native(19142): Property rules ready | defaults row 0 | types row 1 | properties 224 | supplied sheets only
I/DH2Native(19142): Animation tables ready | sequences 785 | characters 80 | clip paths 1447 | bytes 72812
I/DH2Native(19142): Player attack track ready | clip 1111 | tracks 81 | unbound 0 | attack_mainhand ms -1
I/DH2Native(19142): Player attack track ready | clip 1063 | tracks 29 | unbound 0 | attack_mainhand ms -1
I/DH2Native(19142): Player attack track ready | clip 1040 | tracks 23 | unbound 0 | attack_mainhand ms -1
I/DH2Native(19142): Player attack track ready | clip 1041 | tracks 24 | unbound 0 | attack_mainhand ms -1
I/DH2Native(19142): Player attack track ready | clip 1126 | tracks 25 | unbound 0 | attack_mainhand ms -1
I/DH2Native(19142): Player attack track ready | clip 1114 | tracks 27 | unbound 0 | attack_mainhand ms -1
I/DH2Native(19142): Player attack track ready | clip 968 | tracks 25 | unbound 0 | attack_mainhand ms -1
I/DH2Native(19142): Player attack track ready | clip 956 | tracks 25 | unbound 0 | attack_mainhand ms 333
I/DH2Native(19142): Player attack track ready | clip 964 | tracks 25 | unbound 0 | attack_mainhand ms -1
I/DH2Native(19142): Player attack track ready | clip 970 | tracks 25 | unbound 0 | attack_mainhand ms -1
I/DH2Native(19142): Player attack track ready | clip 959 | tracks 25 | unbound 0 | attack_mainhand ms 899
I/DH2Native(19142): Player attack track ready | clip 965 | tracks 25 | unbound 0 | attack_mainhand ms -1
I/DH2Native(19142): Player attack track ready | clip 972 | tracks 25 | unbound 0 | attack_mainhand ms -1
I/DH2Native(19142): Player attack track ready | clip 962 | tracks 25 | unbound 0 | attack_mainhand ms 1533
I/DH2Native(19142): Player attack track ready | clip 966 | tracks 25 | unbound 0 | attack_mainhand ms -1
I/DH2Native(19142): Player attack track ready | clip 967 | tracks 26 | unbound 0 | attack_mainhand ms -1
I/DH2Native(19142): Player attack track ready | clip 955 | tracks 26 | unbound 0 | attack_mainhand ms 300
I/DH2Native(19142): Player attack track ready | clip 957 | tracks 27 | unbound 0 | attack_mainhand ms -1
I/DH2Native(19142): Player attack track ready | clip 969 | tracks 26 | unbound 0 | attack_mainhand ms -1
I/DH2Native(19142): Player attack track ready | clip 958 | tracks 26 | unbound 0 | attack_mainhand ms 899
I/DH2Native(19142): Player attack track ready | clip 960 | tracks 27 | unbound 0 | attack_mainhand ms -1
I/DH2Native(19142): Player attack track ready | clip 971 | tracks 26 | unbound 0 | attack_mainhand ms -1
I/DH2Native(19142): Player attack track ready | clip 961 | tracks 26 | unbound 0 | attack_mainhand ms 1500
I/DH2Native(19142): Player attack track ready | clip 963 | tracks 26 | unbound 0 | attack_mainhand ms -1
I/DH2Native(19142): Player attack track ready | clip 1025 | tracks 25 | unbound 0 | attack_mainhand ms -1
I/DH2Native(19142): Player attack track ready | clip 1074 | tracks 27 | unbound 0 | attack_mainhand ms -1
I/DH2Native(19142): Player attack track ready | clip 1110 | tracks 25 | unbound 0 | attack_mainhand ms -1
I/DH2Native(19142): Player attack track ready | clip 1071 | tracks 25 | unbound 0 | attack_mainhand ms -1
I/DH2Native(19142): Player attack track ready | clip 1076 | tracks 29 | unbound 0 | attack_mainhand ms -1
I/DH2Native(19142): Player attack track ready | clip 1109 | tracks 28 | unbound 0 | attack_mainhand ms -1
I/DH2Native(19142): Player attack track ready | clip 1026 | tracks 30 | unbound 0 | attack_mainhand ms -1
I/DH2Native(19142): Player attack track ready | clip 1029 | tracks 28 | unbound 0 | attack_mainhand ms -1
I/DH2Native(19142): Player attack track ready | clip 1030 | tracks 27 | unbound 0 | attack_mainhand ms -1
I/DH2Native(19142): Player attack track ready | clip 1031 | tracks 27 | unbound 0 | attack_mainhand ms -1
I/DH2Native(19142): Player attack track ready | clip 1032 | tracks 27 | unbound 0 | attack_mainhand ms -1
I/DH2Native(19142): Player attack track ready | clip 991 | tracks 27 | unbound 0 | attack_mainhand ms -1
I/DH2Native(19142): Player attack track ready | clip 996 | tracks 27 | unbound 0 | attack_mainhand ms -1
I/DH2Native(19142): Player death track ready | clip 1023 | tracks 27 | unbound 0 | attack_mainhand ms -1
I/DH2Native(19142): Player attack track ready | clip 992 | tracks 26 | unbound 0 | attack_mainhand ms -1
I/DH2Native(19142): Player attack track ready | clip 1028 | tracks 29 | unbound 0 | attack_mainhand ms -1
I/DH2Native(19142): Player attack track ready | clip 1027 | tracks 26 | unbound 0 | attack_mainhand ms -1
I/DH2Native(19142): Player attack track ready | clip 1091 | tracks 26 | unbound 0 | attack_mainhand ms -1
I/DH2Native(19142): Player attack track ready | clip 1093 | tracks 26 | unbound 0 | attack_mainhand ms -1
I/DH2Native(19142): Player attack track ready | clip 1043 | tracks 26 | unbound 0 | attack_mainhand ms -1
I/DH2Native(19142): Player attack track ready | clip 994 | tracks 26 | unbound 0 | attack_mainhand ms -1
I/DH2Native(19142): Player attack track ready | clip 1044 | tracks 25 | unbound 0 | attack_mainhand ms -1
I/DH2Native(19142): Player attack track ready | clip 1096 | tracks 14 | unbound 0 | attack_mainhand ms -1
I/DH2Native(19142): Player attack track ready | clip 1103 | tracks 26 | unbound 0 | attack_mainhand ms -1
I/DH2Native(19142): Player attack track ready | clip 1107 | tracks 25 | unbound 0 | attack_mainhand ms -1
I/DH2Native(19142): Player attack track ready | clip 1104 | tracks 27 | unbound 0 | attack_mainhand ms -1
I/DH2Native(19142): Player attack track ready | clip 1108 | tracks 27 | unbound 0 | attack_mainhand ms -1
I/DH2Native(19142): Player attack track ready | clip 1101 | tracks 26 | unbound 0 | attack_mainhand ms -1
I/DH2Native(19142): Player attack track ready | clip 1105 | tracks 25 | unbound 0 | attack_mainhand ms -1
I/DH2Native(19142): Player attack track ready | clip 1100 | tracks 26 | unbound 0 | attack_mainhand ms -1
I/DH2Native(19142): Player attack track ready | clip 1097 | tracks 25 | unbound 0 | attack_mainhand ms -1
I/DH2Native(19142): Player attack track ready | clip 1234 | tracks 25 | unbound 0 | attack_mainhand ms -1
I/DH2Native(19142): Player attack track ready | clip 1239 | tracks 25 | unbound 0 | attack_mainhand ms -1
I/DH2Native(19142): Player attack track ready | clip 1238 | tracks 25 | unbound 0 | attack_mainhand ms -1
I/DH2Native(19142): Player attack track ready | clip 1035 | tracks 23 | unbound 0 | attack_mainhand ms -1
I/DH2Native(19142): Player attack track ready | clip 1036 | tracks 23 | unbound 0 | attack_mainhand ms -1
I/DH2Native(19142): Player attack track ready | clip 986 | tracks 25 | unbound 0 | attack_mainhand ms -1
I/DH2Native(19142): Player attack track ready | clip 974 | tracks 25 | unbound 0 | attack_mainhand ms -1
I/DH2Native(19142): Player attack track ready | clip 976 | tracks 25 | unbound 0 | attack_mainhand ms -1
I/DH2Native(19142): Player attack track ready | clip 988 | tracks 25 | unbound 0 | attack_mainhand ms -1
I/DH2Native(19142): Player attack track ready | clip 978 | tracks 25 | unbound 0 | attack_mainhand ms -1
I/DH2Native(19142): Player attack track ready | clip 980 | tracks 25 | unbound 0 | attack_mainhand ms -1
I/DH2Native(19142): Player attack track ready | clip 990 | tracks 25 | unbound 0 | attack_mainhand ms -1
I/DH2Native(19142): Player attack track ready | clip 984 | tracks 25 | unbound 0 | attack_mainhand ms -1
I/DH2Native(19142): Player attack track ready | clip 985 | tracks 26 | unbound 0 | attack_mainhand ms -1
I/DH2Native(19142): Player attack track ready | clip 973 | tracks 25 | unbound 0 | attack_mainhand ms 333
I/DH2Native(19142): Player attack track ready | clip 975 | tracks 25 | unbound 0 | attack_mainhand ms -1
I/DH2Native(19142): Player attack track ready | clip 987 | tracks 25 | unbound 0 | attack_mainhand ms -1
I/DH2Native(19142): Player attack track ready | clip 977 | tracks 25 | unbound 0 | attack_mainhand ms 1066
I/DH2Native(19142): Player attack track ready | clip 979 | tracks 25 | unbound 0 | attack_mainhand ms -1
I/DH2Native(19142): Player attack track ready | clip 989 | tracks 25 | unbound 0 | attack_mainhand ms -1
I/DH2Native(19142): Player attack track ready | clip 981 | tracks 25 | unbound 0 | attack_mainhand ms 1799
I/DH2Native(19142): Player attack track ready | clip 983 | tracks 25 | unbound 0 | attack_mainhand ms -1
I/DH2Native(19142): Player attack track ready | clip 1233 | tracks 24 | unbound 0 | attack_mainhand ms -1
I/DH2Native(19142): Player attack track ready | clip 1037 | tracks 23 | unbound 0 | attack_mainhand ms -1
I/DH2Native(19142): Player attack track ready | clip 1038 | tracks 23 | unbound 0 | attack_mainhand ms -1
I/DH2Native(19142): Player attack track ready | clip 1016 | tracks 23 | unbound 0 | attack_mainhand ms -1
I/DH2Native(19142): Player attack track ready | clip 1000 | tracks 25 | unbound 0 | attack_mainhand ms 333
I/DH2Native(19142): Player attack track ready | clip 1011 | tracks 27 | unbound 0 | attack_mainhand ms -1
I/DH2Native(19142): Player attack track ready | clip 1018 | tracks 25 | unbound 0 | attack_mainhand ms -1
I/DH2Native(19142): Player attack track ready | clip 1003 | tracks 27 | unbound 0 | attack_mainhand ms -1
I/DH2Native(19142): Player attack track ready | clip 1012 | tracks 25 | unbound 0 | attack_mainhand ms -1
I/DH2Native(19142): Player attack track ready | clip 1020 | tracks 25 | unbound 0 | attack_mainhand ms -1
I/DH2Native(19142): Player attack track ready | clip 1006 | tracks 25 | unbound 0 | attack_mainhand ms 1566
I/DH2Native(19142): Player attack track ready | clip 1013 | tracks 25 | unbound 0 | attack_mainhand ms -1
I/DH2Native(19142): Player attack track ready | clip 1022 | tracks 25 | unbound 0 | attack_mainhand ms -1
I/DH2Native(19142): Player attack track ready | clip 1009 | tracks 25 | unbound 0 | attack_mainhand ms -1
I/DH2Native(19142): Player attack track ready | clip 1014 | tracks 25 | unbound 0 | attack_mainhand ms -1
I/DH2Native(19142): Player attack track ready | clip 1015 | tracks 25 | unbound 0 | attack_mainhand ms -1
I/DH2Native(19142): Player attack track ready | clip 999 | tracks 25 | unbound 0 | attack_mainhand ms 400
I/DH2Native(19142): Player attack track ready | clip 1001 | tracks 25 | unbound 0 | attack_mainhand ms -1
I/DH2Native(19142): Player attack track ready | clip 1017 | tracks 25 | unbound 0 | attack_mainhand ms -1
I/DH2Native(19142): Player attack track ready | clip 1002 | tracks 25 | unbound 0 | attack_mainhand ms 866
I/DH2Native(19142): Player attack track ready | clip 1004 | tracks 25 | unbound 0 | attack_mainhand ms -1
I/DH2Native(19142): Player attack track ready | clip 1019 | tracks 25 | unbound 0 | attack_mainhand ms -1
I/DH2Native(19142): Player attack track ready | clip 1005 | tracks 25 | unbound 0 | attack_mainhand ms 1500
I/DH2Native(19142): Player attack track ready | clip 1007 | tracks 25 | unbound 0 | attack_mainhand ms -1
I/DH2Native(19142): Player attack track ready | clip 1021 | tracks 25 | unbound 0 | attack_mainhand ms -1
I/DH2Native(19142): Player attack track ready | clip 1008 | tracks 25 | unbound 0 | attack_mainhand ms 2266
I/DH2Native(19142): Player attack track ready | clip 1010 | tracks 25 | unbound 0 | attack_mainhand ms -1
I/DH2Native(19142): Player attack track ready | clip 1147 | tracks 27 | unbound 2 | attack_mainhand ms -1
I/DH2Native(19142): Player attack track ready | clip 1133 | tracks 27 | unbound 2 | attack_mainhand ms 1633
I/DH2Native(19142): Player attack track ready | clip 1146 | tracks 25 | unbound 2 | attack_mainhand ms -1
I/DH2Native(19142): Player attack track ready | clip 1218 | tracks 27 | unbound 0 | attack_mainhand ms -1
I/DH2Native(19142): Player attack track ready | clip 1039 | tracks 25 | unbound 0 | attack_mainhand ms -1
I/DH2Native(19142): Player attack track ready | clip 1077 | tracks 18 | unbound 0 | attack_mainhand ms -1
I/DH2Native(19142): Player attack track ready | clip 1078 | tracks 18 | unbound 0 | attack_mainhand ms -1
I/DH2Native(19142): Player attack track ready | clip 1079 | tracks 20 | unbound 0 | attack_mainhand ms -1
I/DH2Native(19142): Player attack track ready | clip 1143 | tracks 24 | unbound 0 | attack_mainhand ms -1
I/DH2Native(19142): Player attack track ready | clip 1138 | tracks 0 | unbound 0 | attack_mainhand ms -1
I/DH2Native(19142): Player attack track ready | clip 1136 | tracks 24 | unbound 0 | attack_mainhand ms -1
I/DH2Native(19142): Player attack track ready | clip 1137 | tracks 24 | unbound 0 | attack_mainhand ms -1
I/DH2Native(19142): Base class snapshot | _prim_tmp_cultist01 | character Crypt_Skeleton | class 18 | level raw 256 | Max_HP raw 12160 | Max_MP raw 5632 | checksum 41ae0e800682474e | cached only
I/DH2Native(19142): Resolved properties | _prim_tmp_cultist01 | character Crypt_Skeleton | HP raw -1 | Max_HP raw 12160 | MP raw -1 | Max_MP raw 5632 | checksum 41ae0e800682474e | supplied sheets only
I/DH2Native(19142): Spawn vitals | _prim_tmp_cultist01 | character Crypt_Skeleton | HP raw 12160 | Max_HP raw 12160 | MP raw 5632 | Max_MP raw 5632 | first HP add raw 12160 | first MP add raw 5632 | second HP add raw 1 | second MP add raw 1 | checksum ee913bf1bab19e05 | passes 2
I/DH2Native(19142): Combat result probe | _prim_tmp_cultist01 | character Crypt_Skeleton | amount 2030 | dot element -1 | dot duration 0 | dot amount 0 | HP leech 0 | MP leech 0 | outcomes 0 | mask 2271925 | category -1 | element -1 | seed 11805120 | calls 9 | validation only
I/DH2Native(19142): Health probe | _prim_tmp_cultist01 | character Crypt_Skeleton | damage 256 | add -256 | before 12160 | after 11904 | kill 0 | armed 1 | cue 0 | lifecycle -1 | dead skip 0 | validation only
I/DH2Native(19142): Health probe | _prim_tmp_cultist01 | character Crypt_Skeleton | damage 16384 | add -16384 | before 12160 | after 0 | kill 1 | armed 1 | cue 0 | lifecycle 3 | dead skip 0 | validation only
I/DH2Native(19142): Original idle selected | skeleton.bdae | table 62 | sequence 596 | step 0 | clip 1194 | skeleton_idle_01.bdae | speed 1.0000 | actor _prim_tmp_cultist01
I/DH2Native(19142): Actor event track ready | skeleton.bdae | clip 1178 | groups 1 | attack_mainhand ms 100
I/DH2Native(19142): Actor event track ready | skeleton.bdae | clip 1179 | groups 0 | attack_mainhand ms -1
I/DH2Native(19142): Actor event track ready | skeleton.bdae | clip 1180 | groups 1 | attack_mainhand ms 100
I/DH2Native(19142): Actor event track ready | skeleton.bdae | clip 1181 | groups 0 | attack_mainhand ms -1
I/DH2Native(19142): Actor event track ready | skeleton.bdae | clip 1185 | groups 0 | attack_mainhand ms -1
I/DH2Native(19142): Actor event track ready | skeleton.bdae | clip 1194 | groups 0 | attack_mainhand ms -1
I/DH2Native(19142): Actor event track ready | skeleton.bdae | clip 1195 | groups 0 | attack_mainhand ms -1
I/DH2Native(19142): Actor event track ready | skeleton.bdae | clip 1197 | groups 0 | attack_mainhand ms -1
I/DH2Native(19142): Actor event track ready | skeleton.bdae | clip 1198 | groups 0 | attack_mainhand ms -1
I/DH2Native(19142): Actor event track ready | skeleton.bdae | clip 1204 | groups 0 | attack_mainhand ms -1
I/DH2Native(19142): Actor clip bank ready | skeleton.bdae | clips 10 | independent instance clocks
I/DH2Native(19142): Object resource skeleton.bdae | primitives 1 | tracks 23 | unbound 3 | unsupported 0 | removed helpers 2
I/DH2Native(19142): Base class snapshot | _prim_tmp_cultist03 | character Crypt_Skeleton | class 18 | level raw 256 | Max_HP raw 12160 | Max_MP raw 5632 | checksum 41ae0e800682474e | cached only
I/DH2Native(19142): Resolved properties | _prim_tmp_cultist03 | character Crypt_Skeleton | HP raw -1 | Max_HP raw 12160 | MP raw -1 | Max_MP raw 5632 | checksum 41ae0e800682474e | supplied sheets only
I/DH2Native(19142): Spawn vitals | _prim_tmp_cultist03 | character Crypt_Skeleton | HP raw 12160 | Max_HP raw 12160 | MP raw 5632 | Max_MP raw 5632 | first HP add raw 12160 | first MP add raw 5632 | second HP add raw 1 | second MP add raw 1 | checksum ee913bf1bab19e05 | passes 2
I/DH2Native(19142): Combat result probe | _prim_tmp_cultist03 | character Crypt_Skeleton | amount 2030 | dot element -1 | dot duration 0 | dot amount 0 | HP leech 0 | MP leech 0 | outcomes 0 | mask 2271925 | category -1 | element -1 | seed 11805120 | calls 9 | validation only
I/DH2Native(19142): Health probe | _prim_tmp_cultist03 | character Crypt_Skeleton | damage 256 | add -256 | before 12160 | after 11904 | kill 0 | armed 1 | cue 0 | lifecycle -1 | dead skip 0 | validation only
I/DH2Native(19142): Health probe | _prim_tmp_cultist03 | character Crypt_Skeleton | damage 16384 | add -16384 | before 12160 | after 0 | kill 1 | armed 1 | cue 0 | lifecycle 3 | dead skip 0 | validation only
I/DH2Native(19142): Original idle selected | skeleton.bdae | table 62 | sequence 596 | step 1 | clip 1195 | skeleton_idle_02.bdae | speed 1.0000 | actor _prim_tmp_cultist03
I/DH2Native(19142): Base class snapshot | _prim_tmp_cultist05 | character CryptSlime | class 18 | level raw 256 | Max_HP raw 12160 | Max_MP raw 5632 | checksum e0cad1d302226d0f | cached only
I/DH2Native(19142): Resolved properties | _prim_tmp_cultist05 | character CryptSlime | HP raw -1 | Max_HP raw 12160 | MP raw -1 | Max_MP raw 5632 | checksum e0cad1d302226d0f | supplied sheets only
I/DH2Native(19142): Spawn vitals | _prim_tmp_cultist05 | character CryptSlime | HP raw 12160 | Max_HP raw 12160 | MP raw 5632 | Max_MP raw 5632 | first HP add raw 12160 | first MP add raw 5632 | second HP add raw 1 | second MP add raw 1 | checksum a1f87e373eade438 | passes 2
I/DH2Native(19142): Combat result probe | _prim_tmp_cultist05 | character CryptSlime | amount 2036 | dot element -1 | dot duration 0 | dot amount 0 | HP leech 0 | MP leech 0 | outcomes 0 | mask 2271925 | category -1 | element -1 | seed 3406292 | calls 9 | validation only
I/DH2Native(19142): Health probe | _prim_tmp_cultist05 | character CryptSlime | damage 256 | add -256 | before 12160 | after 11904 | kill 0 | armed 1 | cue 0 | lifecycle -1 | dead skip 0 | validation only
I/DH2Native(19142): Health probe | _prim_tmp_cultist05 | character CryptSlime | damage 16384 | add -16384 | before 12160 | after 0 | kill 1 | armed 1 | cue 0 | lifecycle 3 | dead skip 0 | validation only
I/DH2Native(19142): Original idle selected | slime_green_v2.bdae | table 64 | sequence 613 | step 5 | clip 1259 | slime_idle_02.bdae | speed 1.0000 | actor _prim_tmp_cultist05
I/DH2Native(19142): Actor event track ready | slime_green_v2.bdae | clip 1246 | groups 1 | attack_mainhand ms 266
I/DH2Native(19142): Actor event track ready | slime_green_v2.bdae | clip 1247 | groups 0 | attack_mainhand ms -1
I/DH2Native(19142): Actor event track ready | slime_green_v2.bdae | clip 1248 | groups 1 | attack_mainhand ms 300
I/DH2Native(19142): Actor event track ready | slime_green_v2.bdae | clip 1249 | groups 0 | attack_mainhand ms -1
I/DH2Native(19142): Actor event track ready | slime_green_v2.bdae | clip 1251 | groups 0 | attack_mainhand ms -1
I/DH2Native(19142): Actor event track ready | slime_green_v2.bdae | clip 1258 | groups 0 | attack_mainhand ms -1
I/DH2Native(19142): Actor event track ready | slime_green_v2.bdae | clip 1259 | groups 0 | attack_mainhand ms -1
I/DH2Native(19142): Actor event track ready | slime_green_v2.bdae | clip 1261 | groups 0 | attack_mainhand ms -1
I/DH2Native(19142): Actor event track ready | slime_green_v2.bdae | clip 1262 | groups 0 | attack_mainhand ms -1
I/DH2Native(19142): Actor event track ready | slime_green_v2.bdae | clip 1268 | groups 0 | attack_mainhand ms -1
I/DH2Native(19142): Actor clip bank ready | slime_green_v2.bdae | clips 10 | independent instance clocks
I/DH2Native(19142): Object resource slime_green_v2.bdae | primitives 2 | tracks 12 | unbound 0 | unsupported 0 | removed helpers 0
I/DH2Native(19142): Base class snapshot | _prim_tmp_cultist06 | character CryptSlime | class 18 | level raw 256 | Max_HP raw 12160 | Max_MP raw 5632 | checksum e0cad1d302226d0f | cached only
I/DH2Native(19142): Resolved properties | _prim_tmp_cultist06 | character CryptSlime | HP raw -1 | Max_HP raw 12160 | MP raw -1 | Max_MP raw 5632 | checksum e0cad1d302226d0f | supplied sheets only
I/DH2Native(19142): Spawn vitals | _prim_tmp_cultist06 | character CryptSlime | HP raw 12160 | Max_HP raw 12160 | MP raw 5632 | Max_MP raw 5632 | first HP add raw 12160 | first MP add raw 5632 | second HP add raw 1 | second MP add raw 1 | checksum a1f87e373eade438 | passes 2
I/DH2Native(19142): Combat result probe | _prim_tmp_cultist06 | character CryptSlime | amount 2036 | dot element -1 | dot duration 0 | dot amount 0 | HP leech 0 | MP leech 0 | outcomes 0 | mask 2271925 | category -1 | element -1 | seed 3406292 | calls 9 | validation only
I/DH2Native(19142): Health probe | _prim_tmp_cultist06 | character CryptSlime | damage 256 | add -256 | before 12160 | after 11904 | kill 0 | armed 1 | cue 0 | lifecycle -1 | dead skip 0 | validation only
I/DH2Native(19142): Health probe | _prim_tmp_cultist06 | character CryptSlime | damage 16384 | add -16384 | before 12160 | after 0 | kill 1 | armed 1 | cue 0 | lifecycle 3 | dead skip 0 | validation only
I/DH2Native(19142): Original idle selected | slime_green_v2.bdae | table 64 | sequence 613 | step 5 | clip 1259 | slime_idle_02.bdae | speed 1.0000 | actor _prim_tmp_cultist06
I/DH2Native(19142): Base class snapshot | _prim_tmp_cultist07 | character Crypt_Skeleton | class 18 | level raw 256 | Max_HP raw 12160 | Max_MP raw 5632 | checksum 41ae0e800682474e | cached only
I/DH2Native(19142): Resolved properties | _prim_tmp_cultist07 | character Crypt_Skeleton | HP raw -1 | Max_HP raw 12160 | MP raw -1 | Max_MP raw 5632 | checksum 41ae0e800682474e | supplied sheets only
I/DH2Native(19142): Spawn vitals | _prim_tmp_cultist07 | character Crypt_Skeleton | HP raw 12160 | Max_HP raw 12160 | MP raw 5632 | Max_MP raw 5632 | first HP add raw 12160 | first MP add raw 5632 | second HP add raw 1 | second MP add raw 1 | checksum ee913bf1bab19e05 | passes 2
I/DH2Native(19142): Combat result probe | _prim_tmp_cultist07 | character Crypt_Skeleton | amount 2030 | dot element -1 | dot duration 0 | dot amount 0 | HP leech 0 | MP leech 0 | outcomes 0 | mask 2271925 | category -1 | element -1 | seed 11805120 | calls 9 | validation only
I/DH2Native(19142): Health probe | _prim_tmp_cultist07 | character Crypt_Skeleton | damage 256 | add -256 | before 12160 | after 11904 | kill 0 | armed 1 | cue 0 | lifecycle -1 | dead skip 0 | validation only
I/DH2Native(19142): Health probe | _prim_tmp_cultist07 | character Crypt_Skeleton | damage 16384 | add -16384 | before 12160 | after 0 | kill 1 | armed 1 | cue 0 | lifecycle 3 | dead skip 0 | validation only
I/DH2Native(19142): Original idle selected | skeleton.bdae | table 62 | sequence 596 | step 0 | clip 1194 | skeleton_idle_01.bdae | speed 1.0000 | actor _prim_tmp_cultist07
I/DH2Native(19142): Base class snapshot | _prim_tmp_cultist08 | character Crypt_Skeleton | class 18 | level raw 256 | Max_HP raw 12160 | Max_MP raw 5632 | checksum 41ae0e800682474e | cached only
I/DH2Native(19142): Resolved properties | _prim_tmp_cultist08 | character Crypt_Skeleton | HP raw -1 | Max_HP raw 12160 | MP raw -1 | Max_MP raw 5632 | checksum 41ae0e800682474e | supplied sheets only
I/DH2Native(19142): Spawn vitals | _prim_tmp_cultist08 | character Crypt_Skeleton | HP raw 12160 | Max_HP raw 12160 | MP raw 5632 | Max_MP raw 5632 | first HP add raw 12160 | first MP add raw 5632 | second HP add raw 1 | second MP add raw 1 | checksum ee913bf1bab19e05 | passes 2
I/DH2Native(19142): Combat result probe | _prim_tmp_cultist08 | character Crypt_Skeleton | amount 2030 | dot element -1 | dot duration 0 | dot amount 0 | HP leech 0 | MP leech 0 | outcomes 0 | mask 2271925 | category -1 | element -1 | seed 11805120 | calls 9 | validation only
I/DH2Native(19142): Health probe | _prim_tmp_cultist08 | character Crypt_Skeleton | damage 256 | add -256 | before 12160 | after 11904 | kill 0 | armed 1 | cue 0 | lifecycle -1 | dead skip 0 | validation only
I/DH2Native(19142): Health probe | _prim_tmp_cultist08 | character Crypt_Skeleton | damage 16384 | add -16384 | before 12160 | after 0 | kill 1 | armed 1 | cue 0 | lifecycle 3 | dead skip 0 | validation only
I/DH2Native(19142): Original idle selected | skeleton.bdae | table 62 | sequence 596 | step 1 | clip 1195 | skeleton_idle_02.bdae | speed 1.0000 | actor _prim_tmp_cultist08
I/DH2Native(19142): Object resource crypt_candles2_small.bdae | primitives 3 | tracks 5 | unbound 0 | unsupported 0 | removed helpers 1
I/DH2Native(19142): Object resource crypt_candlestand_big.bdae | primitives 4 | tracks 3 | unbound 0 | unsupported 0 | removed helpers 2
I/DH2Native(19142): Object resource crypt_candlestand.bdae | primitives 4 | tracks 7 | unbound 0 | unsupported 0 | removed helpers 2
I/DH2Native(19142): Object resource crypt_candle2.bdae | primitives 3 | tracks 3 | unbound 0 | unsupported 0 | removed helpers 1
I/DH2Native(19142): Object resource crypt_candle1_small.bdae | primitives 3 | tracks 3 | unbound 0 | unsupported 0 | removed helpers 1
I/DH2Native(19142): Object resource crypt_candles.bdae | primitives 3 | tracks 7 | unbound 0 | unsupported 0 | removed helpers 1
I/DH2Native(19142): Object resource swamp_caveentrance_effect.bdae | primitives 1 | tracks 0 | unbound 0 | unsupported 3 | removed helpers 0
I/DH2Native(19142): Object resource crypt_candle_big.bdae | primitives 3 | tracks 3 | unbound 0 | unsupported 0 | removed helpers 1
I/DH2Native(19142): Base class snapshot | _prim_Monster | character CryptSlime | class 18 | level raw 256 | Max_HP raw 12160 | Max_MP raw 5632 | checksum e0cad1d302226d0f | cached only
I/DH2Native(19142): Resolved properties | _prim_Monster | character CryptSlime | HP raw -1 | Max_HP raw 12160 | MP raw -1 | Max_MP raw 5632 | checksum e0cad1d302226d0f | supplied sheets only
I/DH2Native(19142): Spawn vitals | _prim_Monster | character CryptSlime | HP raw 12160 | Max_HP raw 12160 | MP raw 5632 | Max_MP raw 5632 | first HP add raw 12160 | first MP add raw 5632 | second HP add raw 1 | second MP add raw 1 | checksum a1f87e373eade438 | passes 2
I/DH2Native(19142): Combat result probe | _prim_Monster | character CryptSlime | amount 2036 | dot element -1 | dot duration 0 | dot amount 0 | HP leech 0 | MP leech 0 | outcomes 0 | mask 2271925 | category -1 | element -1 | seed 3406292 | calls 9 | validation only
I/DH2Native(19142): Health probe | _prim_Monster | character CryptSlime | damage 256 | add -256 | before 12160 | after 11904 | kill 0 | armed 1 | cue 0 | lifecycle -1 | dead skip 0 | validation only
I/DH2Native(19142): Health probe | _prim_Monster | character CryptSlime | damage 16384 | add -16384 | before 12160 | after 0 | kill 1 | armed 1 | cue 0 | lifecycle 3 | dead skip 0 | validation only
I/DH2Native(19142): Original idle selected | slime_green_v2.bdae | table 64 | sequence 613 | step 1 | clip 1258 | slime_idle.bdae | speed 1.0000 | actor _prim_Monster
I/DH2Native(19142): Base class snapshot | _prim_Monster02 | character CryptSlime_RE | class 18 | level raw 256 | Max_HP raw 12160 | Max_MP raw 5632 | checksum eb471073d49b2c44 | cached only
I/DH2Native(19142): Resolved properties | _prim_Monster02 | character CryptSlime_RE | HP raw -1 | Max_HP raw 12160 | MP raw -1 | Max_MP raw 5632 | checksum eb471073d49b2c44 | supplied sheets only
I/DH2Native(19142): Spawn vitals | _prim_Monster02 | character CryptSlime_RE | HP raw 12160 | Max_HP raw 12160 | MP raw 5632 | Max_MP raw 5632 | first HP add raw 12160 | first MP add raw 5632 | second HP add raw 1 | second MP add raw 1 | checksum 6eba0582f78691bb | passes 2
I/DH2Native(19142): Combat result probe | _prim_Monster02 | character CryptSlime_RE | amount 2135 | dot element -1 | dot duration 0 | dot amount 0 | HP leech 0 | MP leech 0 | outcomes 0 | mask 2271925 | category -1 | element -1 | seed 7440849 | calls 9 | validation only
I/DH2Native(19142): Health probe | _prim_Monster02 | character CryptSlime_RE | damage 256 | add -256 | before 12160 | after 11904 | kill 0 | armed 1 | cue 0 | lifecycle -1 | dead skip 0 | validation only
I/DH2Native(19142): Health probe | _prim_Monster02 | character CryptSlime_RE | damage 16384 | add -16384 | before 12160 | after 0 | kill 1 | armed 1 | cue 0 | lifecycle 3 | dead skip 0 | validation only
I/DH2Native(19142): Original idle selected | slime_green_v2.bdae | table 64 | sequence 613 | step 0 | clip 1258 | slime_idle.bdae | speed 1.0000 | actor _prim_Monster02
I/DH2Native(19142): Base class snapshot | _prim_Monster05 | character CryptSlime | class 18 | level raw 256 | Max_HP raw 12160 | Max_MP raw 5632 | checksum e0cad1d302226d0f | cached only
I/DH2Native(19142): Resolved properties | _prim_Monster05 | character CryptSlime | HP raw -1 | Max_HP raw 12160 | MP raw -1 | Max_MP raw 5632 | checksum e0cad1d302226d0f | supplied sheets only
I/DH2Native(19142): Spawn vitals | _prim_Monster05 | character CryptSlime | HP raw 12160 | Max_HP raw 12160 | MP raw 5632 | Max_MP raw 5632 | first HP add raw 12160 | first MP add raw 5632 | second HP add raw 1 | second MP add raw 1 | checksum a1f87e373eade438 | passes 2
I/DH2Native(19142): Combat result probe | _prim_Monster05 | character CryptSlime | amount 2036 | dot element -1 | dot duration 0 | dot amount 0 | HP leech 0 | MP leech 0 | outcomes 0 | mask 2271925 | category -1 | element -1 | seed 3406292 | calls 9 | validation only
I/DH2Native(19142): Health probe | _prim_Monster05 | character CryptSlime | damage 256 | add -256 | before 12160 | after 11904 | kill 0 | armed 1 | cue 0 | lifecycle -1 | dead skip 0 | validation only
I/DH2Native(19142): Health probe | _prim_Monster05 | character CryptSlime | damage 16384 | add -16384 | before 12160 | after 0 | kill 1 | armed 1 | cue 0 | lifecycle 3 | dead skip 0 | validation only
I/DH2Native(19142): Original idle selected | slime_green_v2.bdae | table 64 | sequence 613 | step 4 | clip 1258 | slime_idle.bdae | speed 1.0000 | actor _prim_Monster05
I/DH2Native(19142): Object resource crypt_candle1.bdae | primitives 3 | tracks 3 | unbound 0 | unsupported 0 | removed helpers 1
I/DH2Native(19142): Base class snapshot | _prim_Monster_Ghost05 | character Crypt_Ghost | class 18 | level raw 256 | Max_HP raw 12160 | Max_MP raw 5632 | checksum 37563d932af809fb | cached only
I/DH2Native(19142): Resolved properties | _prim_Monster_Ghost05 | character Crypt_Ghost | HP raw -1 | Max_HP raw 12160 | MP raw -1 | Max_MP raw 5632 | checksum 37563d932af809fb | supplied sheets only
I/DH2Native(19142): Spawn vitals | _prim_Monster_Ghost05 | character Crypt_Ghost | HP raw 12160 | Max_HP raw 12160 | MP raw 5632 | Max_MP raw 5632 | first HP add raw 12160 | first MP add raw 5632 | second HP add raw 1 | second MP add raw 1 | checksum e41199bf55080334 | passes 2
I/DH2Native(19142): Combat result probe | _prim_Monster_Ghost05 | character Crypt_Ghost | amount 2263 | dot element -1 | dot duration 0 | dot amount 0 | HP leech 0 | MP leech 0 | outcomes 0 | mask 2271925 | category -1 | element -1 | seed 3474079 | calls 9 | validation only
I/DH2Native(19142): Health probe | _prim_Monster_Ghost05 | character Crypt_Ghost | damage 256 | add -256 | before 12160 | after 11904 | kill 0 | armed 1 | cue 0 | lifecycle -1 | dead skip 0 | validation only
I/DH2Native(19142): Health probe | _prim_Monster_Ghost05 | character Crypt_Ghost | damage 16384 | add -16384 | before 12160 | after 0 | kill 1 | armed 1 | cue 0 | lifecycle 3 | dead skip 0 | validation only
I/DH2Native(19142): Original idle selected | ghost.bdae | table 24 | sequence 210 | step 0 | clip 706 | ghost_idle_01.bdae | speed 1.3000 | actor _prim_Monster_Ghost05
I/DH2Native(19142): Actor event track ready | ghost.bdae | clip 697 | groups 1 | attack_mainhand ms 999
I/DH2Native(19142): Actor event track ready | ghost.bdae | clip 700 | groups 0 | attack_mainhand ms -1
I/DH2Native(19142): Actor event track ready | ghost.bdae | clip 706 | groups 0 | attack_mainhand ms -1
I/DH2Native(19142): Actor event track ready | ghost.bdae | clip 707 | groups 0 | attack_mainhand ms -1
I/DH2Native(19142): Actor event track ready | ghost.bdae | clip 710 | groups 0 | attack_mainhand ms -1
I/DH2Native(19142): Actor event track ready | ghost.bdae | clip 714 | groups 0 | attack_mainhand ms -1
I/DH2Native(19142): Actor event track ready | ghost.bdae | clip 717 | groups 0 | attack_mainhand ms -1
I/DH2Native(19142): Actor clip bank ready | ghost.bdae | clips 7 | independent instance clocks
I/DH2Native(19142): Object resource ghost.bdae | primitives 2 | tracks 24 | unbound 0 | unsupported 0 | removed helpers 2
I/DH2Native(19142): Base class snapshot | _prim_Monster_Ghost06 | character Crypt_Ghost | class 18 | level raw 256 | Max_HP raw 12160 | Max_MP raw 5632 | checksum 37563d932af809fb | cached only
I/DH2Native(19142): Resolved properties | _prim_Monster_Ghost06 | character Crypt_Ghost | HP raw -1 | Max_HP raw 12160 | MP raw -1 | Max_MP raw 5632 | checksum 37563d932af809fb | supplied sheets only
I/DH2Native(19142): Spawn vitals | _prim_Monster_Ghost06 | character Crypt_Ghost | HP raw 12160 | Max_HP raw 12160 | MP raw 5632 | Max_MP raw 5632 | first HP add raw 12160 | first MP add raw 5632 | second HP add raw 1 | second MP add raw 1 | checksum e41199bf55080334 | passes 2
I/DH2Native(19142): Combat result probe | _prim_Monster_Ghost06 | character Crypt_Ghost | amount 2263 | dot element -1 | dot duration 0 | dot amount 0 | HP leech 0 | MP leech 0 | outcomes 0 | mask 2271925 | category -1 | element -1 | seed 3474079 | calls 9 | validation only
I/DH2Native(19142): Health probe | _prim_Monster_Ghost06 | character Crypt_Ghost | damage 256 | add -256 | before 12160 | after 11904 | kill 0 | armed 1 | cue 0 | lifecycle -1 | dead skip 0 | validation only
I/DH2Native(19142): Health probe | _prim_Monster_Ghost06 | character Crypt_Ghost | damage 16384 | add -16384 | before 12160 | after 0 | kill 1 | armed 1 | cue 0 | lifecycle 3 | dead skip 0 | validation only
I/DH2Native(19142): Original idle selected | ghost.bdae | table 24 | sequence 210 | step 0 | clip 706 | ghost_idle_01.bdae | speed 1.3000 | actor _prim_Monster_Ghost06
I/DH2Native(19142): Base class snapshot | _prim_Monster_SURPRISE_01 | character Crypt_Ghost | class 18 | level raw 256 | Max_HP raw 12160 | Max_MP raw 5632 | checksum 37563d932af809fb | cached only
I/DH2Native(19142): Resolved properties | _prim_Monster_SURPRISE_01 | character Crypt_Ghost | HP raw -1 | Max_HP raw 12160 | MP raw -1 | Max_MP raw 5632 | checksum 37563d932af809fb | supplied sheets only
I/DH2Native(19142): Spawn vitals | _prim_Monster_SURPRISE_01 | character Crypt_Ghost | HP raw 12160 | Max_HP raw 12160 | MP raw 5632 | Max_MP raw 5632 | first HP add raw 12160 | first MP add raw 5632 | second HP add raw 1 | second MP add raw 1 | checksum e41199bf55080334 | passes 2
I/DH2Native(19142): Combat result probe | _prim_Monster_SURPRISE_01 | character Crypt_Ghost | amount 2263 | dot element -1 | dot duration 0 | dot amount 0 | HP leech 0 | MP leech 0 | outcomes 0 | mask 2271925 | category -1 | element -1 | seed 3474079 | calls 9 | validation only
I/DH2Native(19142): Health probe | _prim_Monster_SURPRISE_01 | character Crypt_Ghost | damage 256 | add -256 | before 12160 | after 11904 | kill 0 | armed 1 | cue 0 | lifecycle -1 | dead skip 0 | validation only
I/DH2Native(19142): Health probe | _prim_Monster_SURPRISE_01 | character Crypt_Ghost | damage 16384 | add -16384 | before 12160 | after 0 | kill 1 | armed 1 | cue 0 | lifecycle 3 | dead skip 0 | validation only
I/DH2Native(19142): Original idle selected | ghost.bdae | table 24 | sequence 210 | step 0 | clip 706 | ghost_idle_01.bdae | speed 1.3000 | actor _prim_Monster_SURPRISE_01
I/DH2Native(19142): Base class snapshot | _prim_Monster_SURPRISE_02 | character Crypt_Ghost | class 18 | level raw 256 | Max_HP raw 12160 | Max_MP raw 5632 | checksum 37563d932af809fb | cached only
I/DH2Native(19142): Resolved properties | _prim_Monster_SURPRISE_02 | character Crypt_Ghost | HP raw -1 | Max_HP raw 12160 | MP raw -1 | Max_MP raw 5632 | checksum 37563d932af809fb | supplied sheets only
I/DH2Native(19142): Spawn vitals | _prim_Monster_SURPRISE_02 | character Crypt_Ghost | HP raw 12160 | Max_HP raw 12160 | MP raw 5632 | Max_MP raw 5632 | first HP add raw 12160 | first MP add raw 5632 | second HP add raw 1 | second MP add raw 1 | checksum e41199bf55080334 | passes 2
I/DH2Native(19142): Combat result probe | _prim_Monster_SURPRISE_02 | character Crypt_Ghost | amount 2263 | dot element -1 | dot duration 0 | dot amount 0 | HP leech 0 | MP leech 0 | outcomes 0 | mask 2271925 | category -1 | element -1 | seed 3474079 | calls 9 | validation only
I/DH2Native(19142): Health probe | _prim_Monster_SURPRISE_02 | character Crypt_Ghost | damage 256 | add -256 | before 12160 | after 11904 | kill 0 | armed 1 | cue 0 | lifecycle -1 | dead skip 0 | validation only
I/DH2Native(19142): Health probe | _prim_Monster_SURPRISE_02 | character Crypt_Ghost | damage 16384 | add -16384 | before 12160 | after 0 | kill 1 | armed 1 | cue 0 | lifecycle 3 | dead skip 0 | validation only
I/DH2Native(19142): Original idle selected | ghost.bdae | table 24 | sequence 210 | step 0 | clip 706 | ghost_idle_01.bdae | speed 1.3000 | actor _prim_Monster_SURPRISE_02
I/DH2Native(19142): 3D upload OK | 4 draws | 586 triangles | 2 textures
I/DH2Native(19142): 29 animation tracks | 0 skipped | Preview lighting. Drag to orbit. | nodes 35 | skipped nongeometry instances 1 | skin draws 4 | segments 2
I/DH2Native(19142): Combat actor restored | _prim_tmp_cultist01 | HP 12160 | dead 0 | combo 0 | state Idle | cursor 9135.0004 | events 0 | aggro 0 0 | target -1 | AI attack 0
I/DH2Native(19142): Combat actor restored | _prim_tmp_cultist03 | HP 12160 | dead 0 | combo 0 | state Idle | cursor 3036.0004 | events 0 | aggro 0 0 | target -1 | AI attack 0
I/DH2Native(19142): Combat actor restored | _prim_tmp_cultist07 | HP 12160 | dead 0 | combo 0 | state Idle | cursor 9135.0004 | events 0 | aggro 0 0 | target -1 | AI attack 0
I/DH2Native(19142): Combat actor restored | _prim_tmp_cultist08 | HP 12160 | dead 0 | combo 0 | state Idle | cursor 3036.0004 | events 0 | aggro 0 0 | target -1 | AI attack 0
I/DH2Native(19142): Combat actor restored | _prim_tmp_cultist05 | HP 12160 | dead 0 | combo 0 | state Idle | cursor 1137.0004 | events 0 | aggro 0 0 | target -1 | AI attack 0
I/DH2Native(19142): Combat actor restored | _prim_tmp_cultist06 | HP 12160 | dead 0 | combo 0 | state Idle | cursor 1137.0004 | events 0 | aggro 0 0 | target -1 | AI attack 0
I/DH2Native(19142): Combat actor restored | _prim_Monster | HP 12160 | dead 0 | combo 0 | state Idle | cursor 1137.0004 | events 0 | aggro 0 0 | target -1 | AI attack 0
I/DH2Native(19142): Combat actor restored | _prim_Monster02 | HP 12160 | dead 0 | combo 0 | state Idle | cursor 1137.0004 | events 0 | aggro 0 0 | target -1 | AI attack 0
I/DH2Native(19142): Combat actor restored | _prim_Monster05 | HP 12160 | dead 0 | combo 0 | state Idle | cursor 1137.0004 | events 0 | aggro 0 0 | target -1 | AI attack 0
I/DH2Native(19142): Combat actor restored | _prim_Monster_Ghost05 | HP 12160 | dead 0 | combo 0 | state Idle | cursor 5875.5000 | events 0 | aggro 0 0 | target -1 | AI attack 0
I/DH2Native(19142): Combat actor restored | _prim_Monster_Ghost06 | HP 12160 | dead 0 | combo 0 | state Idle | cursor 5875.5000 | events 0 | aggro 0 0 | target -1 | AI attack 0
I/DH2Native(19142): Combat actor restored | _prim_Monster_SURPRISE_01 | HP 25600 | dead 0 | combo 0 | state Idle | cursor 2697.9000 | events 0 | aggro 0 0 | target -1 | AI attack 0
I/DH2Native(19142): Combat actor restored | _prim_Monster_SURPRISE_02 | HP 25600 | dead 0 | combo 0 | state Idle | cursor 2593.9000 | events 0 | aggro 0 0 | target -1 | AI attack 0
I/DH2Native(19142): Player properties | KnightPlayerBase | HP 42265 | MP 6976 | checksum bb50c69358c8e302 | attempts 0 | attacking 0
I/DH2Native(19142): Prince blended bank ready | resources 116 | occurrences 158 | targets 83 | template 1111 | engine 0 | game clip 1111
I/DH2Native(19142): Blended character event | event 0x24 | clip 1111 | slot 0 | phase 5 | lag 0
I/DH2Native(19142): Blended character event | event 0x26 | clip 1111 | slot 0 | phase 5 | lag 0
I/DH2Native(19142): Character animation selected | state 3 | flags 2380 | sequence 262 | clip 1040 | actor state service
I/DH2Native(19142): Character state event | state 3 | event 1d | prior 3 | flags 2380
I/DH2Native(19142): Player source state | previous 3 | current 3 | event 0x0 | flags 2380 | root 262 | clip 1040 | position -1401.4871 19480.2910 636.4874 | Step 6
I/DH2Native(19142): Spawn body ready | _prim_Monster_SURPRISE_01 | creations 1 | radius 145.718735 | category 10 | mask d3f
I/DH2Native(19142): Gated character ready | _prim_Monster_SURPRISE_01 | source state 3 | presentation visible 1 | body 1 | Spawn sequence 213 | AI type 4 | restored 1
I/DH2Native(19142): Spawn body ready | _prim_Monster_SURPRISE_02 | creations 1 | radius 145.718735 | category 10 | mask d3f
I/DH2Native(19142): Gated character ready | _prim_Monster_SURPRISE_02 | source state 3 | presentation visible 1 | body 1 | Spawn sequence 213 | AI type 4 | restored 1
I/DH2Native(19142): Native actor ready | genuine bodies 83 | decor colliders 82 | radius 113.699577 | source bounds -1515.19 19449.5 -1287.79 19511 | flags 2380 | scene then Step then actor
I/DH2Native(19142): Native Level fields | ordinal 23 | hub 2 | random 1 | difficulty 0 | file 007_crypt_01.rule.xml | source ranges 8 10 / 45 47 / 74 76 | viewport owner; GSLevel stack pending
I/DH2Native(19142): CharAI constructor projections | characters 14 | native source-order registration records 14 | source Character associations 14 | active AIS initialization pending
I/DH2Native(19142): Native CharAI lifetime | fresh constructors 0 | retained owners 14 | graphics registry rebuilt
I/DH2Native(19142): Native Player buff snapshot | phase restore | count 1 | groups 1 | id 49 | instance 0x71728c16d570 | timer -1 | strength 1 | sheet 3bfdcdd0eb338a14 | same VM/properties/Coordinator
I/DH2Native(19142): Native Player buff property | phase restore | name Resistance_Fire | index 74 | buff 0 | resolved 192
I/DH2Native(19142): Native Player buff property | phase restore | name Resistance_Water | index 75 | buff 0 | resolved 192
I/DH2Native(19142): Native Player buff property | phase restore | name Resistance_Lightning | index 76 | buff 7680 | resolved 7872
I/DH2Native(19142): Native Player buff property | phase restore | name Resistance_Earth | index 77 | buff 0 | resolved 192
I/DH2Native(19142): Native Player buff property | phase restore | name Resistance_Air | index 78 | buff 0 | resolved 192
I/DH2Native(19142): Native Player skills retained | VM 0x71715c0449e0 | paths 15 | update attempts 314 | timer callbacks 0 | no preparation/OnInit replay
I/DH2Native(19142): Native managed host | Level 1 | difficulty 0 | property reads 1 | member writes 0 | offline embedded PlayerInfo; full profile/network pending
I/DH2Native(19142): Native Character classification | _prim_Monster_SURPRISE_01 | AI 68 | faction 7 | type 4 | monster 1 | player 0 | faerie 0 | NPC 0 | projected death 0 | source getters; autonomous frame pending
I/DH2Native(19142): Native Character zonability | _prim_Monster_SURPRISE_01 | zonable 1 | source classification; room enrollment pending
I/DH2Native(19142): Native monster initialization | _prim_Monster_SURPRISE_01 | Level 2048 | HP 25600 / 25600 | MP 23552 / 23552 | callbacks 1 | timers 2 | flags 183c | same VM published 1 | retained 1 | paused providers 2 | nonempty skills/autonomous frame pending
I/DH2Native(19142): Native Ghost skill initialization | _prim_Monster_SURPRISE_01 | phases 12345 | skills 0 | faeries 5 | null faeries 5 | post 1 | final 1 | update slots 0 5 | updates 0 | arguments 2 2 | Debug 2 2 | VCB 1 | path data/scripts/ai/ | retained 1 | bounded Ghost InitScriptProcess
I/DH2Native(19142): Native Ghost skill vector owner | _prim_Monster_SURPRISE_01 | faery storage 71729c110e10 | catalogue 7171ec05d5a8
I/DH2Native(19142): Native monster VM owner | _prim_Monster_SURPRISE_01 | native handle 71728c182ea0 | source active 71728c183120 | source pending 71728c183120
I/DH2Native(19142): Native monster timer retained | _prim_Monster_SURPRISE_01 | slot 0 | event 33 | duration 3000 | elapsed 0 | active 1 | paused 1
I/DH2Native(19142): Native monster timer retained | _prim_Monster_SURPRISE_01 | slot 1 | event 34 | duration 1000 | elapsed 0 | active 1 | paused 1
I/DH2Native(19142): Native Character classification | _prim_Monster_SURPRISE_02 | AI 68 | faction 7 | type 4 | monster 1 | player 0 | faerie 0 | NPC 0 | projected death 0 | source getters; autonomous frame pending
I/DH2Native(19142): Native Character zonability | _prim_Monster_SURPRISE_02 | zonable 1 | source classification; room enrollment pending
I/DH2Native(19142): Native monster initialization | _prim_Monster_SURPRISE_02 | Level 2048 | HP 25600 / 25600 | MP 23552 / 23552 | callbacks 1 | timers 2 | flags 183c | same VM published 1 | retained 1 | paused providers 2 | nonempty skills/autonomous frame pending
I/DH2Native(19142): Native Ghost skill initialization | _prim_Monster_SURPRISE_02 | phases 12345 | skills 0 | faeries 5 | null faeries 5 | post 1 | final 1 | update slots 0 5 | updates 0 | arguments 2 2 | Debug 2 2 | VCB 1 | path data/scripts/ai/ | retained 1 | bounded Ghost InitScriptProcess
I/DH2Native(19142): Native Ghost skill vector owner | _prim_Monster_SURPRISE_02 | faery storage 71729c1163d0 | catalogue 7171ec05d5a8
I/DH2Native(19142): Native monster VM owner | _prim_Monster_SURPRISE_02 | native handle 71728c181d60 | source active 71728c181fe0 | source pending 71728c181fe0
I/DH2Native(19142): Native monster timer retained | _prim_Monster_SURPRISE_02 | slot 0 | event 33 | duration 3000 | elapsed 0 | active 1 | paused 1
I/DH2Native(19142): Native monster timer retained | _prim_Monster_SURPRISE_02 | slot 1 | event 34 | duration 1000 | elapsed 0 | active 1 | paused 1
I/DH2Native(19142): Native Debug persistence | loaded 1 | switches 25 | read opens 1 | read closes 1 | saves 5 | write closes 5 | IO errors 0 | app-private real file
I/DH2Native(19142): Crypt script restored | activations 1 | requests 2 | ready 1 | running 0 | no Spawn replay
I/DH2Native(19142): Native Character list | characters 14 | owned nodes 14 | copied links 0 | full ObjectManager factory 0 | autonomous Ghost AI 0
I/DH2Native(19142): Objects ready | monsters 13 | decors 84 | resources 12 | instance draws 295 | triangles 6775 | character records 448 | model entries 116 | idle preview only
I/DH2Native(19142): Native floors ready | records 8 | graph nodes 335 | graph edges 838 | selector collision controls height
I/DH2Native(19142): Native floor links ready | neighbour relations 14 | validation references 998 | graph-node search ready
I/DH2Native(19142): Native graph route probe | floor pairs 64 | successful 64 | segments 1598 | state 5454073390c7d916 | endpoints and movement pending
I/DH2Native(19142): Native world route probe | floor pairs 64 | successful 64 | direct 0 | graph 64 | segments 2086 | state 3a3ab2a724cc383b | smoothing and movement pending
I/DH2Native(19142): Native FindPath probe | floor pairs 64 | successful 64 | owned 64 | segments 2086 | state 9356b419cae2bc57 | position controller pending
I/DH2Native(19142): Native floor motion probe | floor pairs 64 | position valid 64 | accepted 64 | direction valid 64 | state d60ad48039cc85c6 | controller and dynamic obstacles pending
I/DH2Native(19142): Native obstacle registry probe | floor pairs 64 | accepted 64 | registered 64 | relocated 56 | state 22a98dfc4102db51 | forces and controller pending
I/DH2Native(19142): Native avoidance probe | floors 8 | force contributions 16 | adjusted 8 | turn limited 8 | state 09d1d79d2612c945 | actor producers and controller pending
I/DH2Native(19142): Native actor producer probe | floors 8 | registered 8 | physical radius updates 8 | state 30c1f3ac1bf81145 | physical construction and controller pending
I/DH2Native(19142): Native heading control | player movement and melee facing use recovered source | UpdatePath rotation subobjects and genuine physics active
I/DH2Native(19142): World ready | rooms 8 | visual draws 101 | navigation triangles 314 | idle tracks 23 | walk tracks 27 | position -1401.4871 19480.2910 636.4874
I/DH2Native(19142): Prince blended inspection | frozen 0 | scene 0 | Step 0 | actor 0 | clip 1040 | ms 0 | body -14.0149 194.803 | pose 5f96fe6e2b6d998d
I/DH2Native(19142): Inspect object 78 | ghost.bdae | _prim_Monster_SURPRISE_01 | room 7 | position -1670.3700 19941.8574 609.7270
I/DH2Native(19142): Combat actor state | _prim_Monster_SURPRISE_01 | HP 25600 | MP 23552 | dead 0 | combo 0 | state Idle | target -1 | hits 0
I/DH2Native(19142): Combat target rejected | index 78 | target 0 | gated Character services pending
I/DH2Native(19142): worlds/crypt01.dwld: Crypt | 8 rooms | 13 monsters | 84 scenery objects
I/DH2Native(19142): 21612 triangles. Drag the movement control to walk.
I/DH2Native(19142): Gated actor combat services are pending
I/DH2Native(19142): Actor command applied | index 78 | state null | time -1 | Crypt | 8 rooms | 13 monsters | 84 scenery objects
I/DH2Native(19142): 21612 triangles. Drag the movement control to walk.
I/DH2Native(19142): Gated actor combat services are pending
I/DH2Native(19142): Surface resized to 1080 x 1824
I/DH2Native(19142): Native actor frame | scene 0 | Step 1 | actor 1 | source phase 5 | clip 1040 | ms 0 | replays 0 | body -14.0149 194.803 | contacts 0 0 | state 3 | body present 1 | timeline scale 1
I/DH2Native(19142): Model frame submitted at 1080 x 1824
I/DH2Native(19142): Actor clip completed | _prim_Monster_Ghost05 | state Idle | completions 2 | active 1 | next clip 706 | layers 1
I/DH2Native(19142): Actor clip completed | _prim_Monster_Ghost06 | state Idle | completions 2 | active 1 | next clip 706 | layers 1
I/DH2Native(19142): Actor clip completed | _prim_tmp_cultist01 | state Idle | completions 1 | active 1 | next clip 1194 | layers 1
I/DH2Native(19142): Actor clip completed | _prim_tmp_cultist07 | state Idle | completions 1 | active 1 | next clip 1195 | layers 1
I/DH2Native(19142): Actor clip completed | _prim_tmp_cultist05 | state Idle | completions 7 | active 1 | next clip 1258 | layers 1
I/DH2Native(19142): Actor clip completed | _prim_tmp_cultist06 | state Idle | completions 7 | active 1 | next clip 1258 | layers 1
I/DH2Native(19142): Actor clip completed | _prim_Monster | state Idle | completions 7 | active 1 | next clip 1258 | layers 1
I/DH2Native(19142): Actor clip completed | _prim_Monster02 | state Idle | completions 7 | active 1 | next clip 1258 | layers 1
I/DH2Native(19142): Actor clip completed | _prim_Monster05 | state Idle | completions 7 | active 1 | next clip 1258 | layers 1
I/DH2Native(19142): Player position -1401.4871 19480.2910 636.4874 | moved 0 | blocked 0
I/DH2Native(19142): Player facing | angle 0 | native updates 21
I/DH2Native(19142): Renderer: Android Emulator OpenGL ES Translator (Google SwiftShader)
I/DH2Native(19142): GLES: OpenGL ES 3.0 (OpenGL ES 3.0 SwiftShader 4.0.0.1)
I/DH2Native(19142): Enemy AI configured | automatic melee 0
I/DH2Native(19142): Mod asset loaded | worlds/crypt01.dwld | bytes 1048
I/DH2Native(19142): Native skill catalogue | skill lists 36 | skills 127 | faery lists 4 | faeries 16 | shared immutable tables; full skill callbacks pending
I/DH2Native(19142): Class tables ready | classes 260 | bytes 34224 | cached base snapshots
I/DH2Native(19142): Native level catalogue | fast travel 33 | levels 51 | Crypt row 23 | ranges 8 10 / 45 47 / 74 76 | GSLevel ownership pending
I/DH2Native(19142): AI tables ready | configs 76 | factions 16 | automatic melee 0 | pursuit and full FSM pending
I/DH2Native(19142): Property rules ready | defaults row 0 | types row 1 | properties 224 | supplied sheets only
I/DH2Native(19142): Animation tables ready | sequences 785 | characters 80 | clip paths 1447 | bytes 72812
I/DH2Native(19142): Player attack track ready | clip 1111 | tracks 81 | unbound 0 | attack_mainhand ms -1
I/DH2Native(19142): Player attack track ready | clip 1063 | tracks 29 | unbound 0 | attack_mainhand ms -1
I/DH2Native(19142): Player attack track ready | clip 1040 | tracks 23 | unbound 0 | attack_mainhand ms -1
I/DH2Native(19142): Player attack track ready | clip 1041 | tracks 24 | unbound 0 | attack_mainhand ms -1
I/DH2Native(19142): Player attack track ready | clip 1126 | tracks 25 | unbound 0 | attack_mainhand ms -1
I/DH2Native(19142): Player attack track ready | clip 1114 | tracks 27 | unbound 0 | attack_mainhand ms -1
I/DH2Native(19142): Player attack track ready | clip 968 | tracks 25 | unbound 0 | attack_mainhand ms -1
I/DH2Native(19142): Player attack track ready | clip 956 | tracks 25 | unbound 0 | attack_mainhand ms 333
I/DH2Native(19142): Player attack track ready | clip 964 | tracks 25 | unbound 0 | attack_mainhand ms -1
I/DH2Native(19142): Player attack track ready | clip 970 | tracks 25 | unbound 0 | attack_mainhand ms -1
I/DH2Native(19142): Player attack track ready | clip 959 | tracks 25 | unbound 0 | attack_mainhand ms 899
I/DH2Native(19142): Player attack track ready | clip 965 | tracks 25 | unbound 0 | attack_mainhand ms -1
I/DH2Native(19142): Player attack track ready | clip 972 | tracks 25 | unbound 0 | attack_mainhand ms -1
I/DH2Native(19142): Player attack track ready | clip 962 | tracks 25 | unbound 0 | attack_mainhand ms 1533
I/DH2Native(19142): Player attack track ready | clip 966 | tracks 25 | unbound 0 | attack_mainhand ms -1
I/DH2Native(19142): Player attack track ready | clip 967 | tracks 26 | unbound 0 | attack_mainhand ms -1
I/DH2Native(19142): Player attack track ready | clip 955 | tracks 26 | unbound 0 | attack_mainhand ms 300
I/DH2Native(19142): Player attack track ready | clip 957 | tracks 27 | unbound 0 | attack_mainhand ms -1
I/DH2Native(19142): Player attack track ready | clip 969 | tracks 26 | unbound 0 | attack_mainhand ms -1
I/DH2Native(19142): Player attack track ready | clip 958 | tracks 26 | unbound 0 | attack_mainhand ms 899
I/DH2Native(19142): Player attack track ready | clip 960 | tracks 27 | unbound 0 | attack_mainhand ms -1
I/DH2Native(19142): Player attack track ready | clip 971 | tracks 26 | unbound 0 | attack_mainhand ms -1
I/DH2Native(19142): Player attack track ready | clip 961 | tracks 26 | unbound 0 | attack_mainhand ms 1500
I/DH2Native(19142): Player attack track ready | clip 963 | tracks 26 | unbound 0 | attack_mainhand ms -1
I/DH2Native(19142): Player attack track ready | clip 1025 | tracks 25 | unbound 0 | attack_mainhand ms -1
I/DH2Native(19142): Player attack track ready | clip 1074 | tracks 27 | unbound 0 | attack_mainhand ms -1
I/DH2Native(19142): Player attack track ready | clip 1110 | tracks 25 | unbound 0 | attack_mainhand ms -1
I/DH2Native(19142): Player attack track ready | clip 1071 | tracks 25 | unbound 0 | attack_mainhand ms -1
I/DH2Native(19142): Player attack track ready | clip 1076 | tracks 29 | unbound 0 | attack_mainhand ms -1
I/DH2Native(19142): Player attack track ready | clip 1109 | tracks 28 | unbound 0 | attack_mainhand ms -1
I/DH2Native(19142): Player attack track ready | clip 1026 | tracks 30 | unbound 0 | attack_mainhand ms -1
I/DH2Native(19142): Player attack track ready | clip 1029 | tracks 28 | unbound 0 | attack_mainhand ms -1
I/DH2Native(19142): Player attack track ready | clip 1030 | tracks 27 | unbound 0 | attack_mainhand ms -1
I/DH2Native(19142): Player attack track ready | clip 1031 | tracks 27 | unbound 0 | attack_mainhand ms -1
I/DH2Native(19142): Player attack track ready | clip 1032 | tracks 27 | unbound 0 | attack_mainhand ms -1
I/DH2Native(19142): Player attack track ready | clip 991 | tracks 27 | unbound 0 | attack_mainhand ms -1
I/DH2Native(19142): Player attack track ready | clip 996 | tracks 27 | unbound 0 | attack_mainhand ms -1
I/DH2Native(19142): Player death track ready | clip 1023 | tracks 27 | unbound 0 | attack_mainhand ms -1
I/DH2Native(19142): Player attack track ready | clip 992 | tracks 26 | unbound 0 | attack_mainhand ms -1
I/DH2Native(19142): Player attack track ready | clip 1028 | tracks 29 | unbound 0 | attack_mainhand ms -1
I/DH2Native(19142): Player attack track ready | clip 1027 | tracks 26 | unbound 0 | attack_mainhand ms -1
I/DH2Native(19142): Player attack track ready | clip 1091 | tracks 26 | unbound 0 | attack_mainhand ms -1
I/DH2Native(19142): Player attack track ready | clip 1093 | tracks 26 | unbound 0 | attack_mainhand ms -1
I/DH2Native(19142): Player attack track ready | clip 1043 | tracks 26 | unbound 0 | attack_mainhand ms -1
I/DH2Native(19142): Player attack track ready | clip 994 | tracks 26 | unbound 0 | attack_mainhand ms -1
I/DH2Native(19142): Player attack track ready | clip 1044 | tracks 25 | unbound 0 | attack_mainhand ms -1
I/DH2Native(19142): Player attack track ready | clip 1096 | tracks 14 | unbound 0 | attack_mainhand ms -1
I/DH2Native(19142): Player attack track ready | clip 1103 | tracks 26 | unbound 0 | attack_mainhand ms -1
I/DH2Native(19142): Player attack track ready | clip 1107 | tracks 25 | unbound 0 | attack_mainhand ms -1
I/DH2Native(19142): Player attack track ready | clip 1104 | tracks 27 | unbound 0 | attack_mainhand ms -1
I/DH2Native(19142): Player attack track ready | clip 1108 | tracks 27 | unbound 0 | attack_mainhand ms -1
I/DH2Native(19142): Player attack track ready | clip 1101 | tracks 26 | unbound 0 | attack_mainhand ms -1
I/DH2Native(19142): Player attack track ready | clip 1105 | tracks 25 | unbound 0 | attack_mainhand ms -1
I/DH2Native(19142): Player attack track ready | clip 1100 | tracks 26 | unbound 0 | attack_mainhand ms -1
I/DH2Native(19142): Player attack track ready | clip 1097 | tracks 25 | unbound 0 | attack_mainhand ms -1
I/DH2Native(19142): Player attack track ready | clip 1234 | tracks 25 | unbound 0 | attack_mainhand ms -1
I/DH2Native(19142): Player attack track ready | clip 1239 | tracks 25 | unbound 0 | attack_mainhand ms -1
I/DH2Native(19142): Player attack track ready | clip 1238 | tracks 25 | unbound 0 | attack_mainhand ms -1
I/DH2Native(19142): Player attack track ready | clip 1035 | tracks 23 | unbound 0 | attack_mainhand ms -1
I/DH2Native(19142): Player attack track ready | clip 1036 | tracks 23 | unbound 0 | attack_mainhand ms -1
I/DH2Native(19142): Player attack track ready | clip 986 | tracks 25 | unbound 0 | attack_mainhand ms -1
I/DH2Native(19142): Player attack track ready | clip 974 | tracks 25 | unbound 0 | attack_mainhand ms -1
I/DH2Native(19142): Player attack track ready | clip 976 | tracks 25 | unbound 0 | attack_mainhand ms -1
I/DH2Native(19142): Player attack track ready | clip 988 | tracks 25 | unbound 0 | attack_mainhand ms -1
I/DH2Native(19142): Player attack track ready | clip 978 | tracks 25 | unbound 0 | attack_mainhand ms -1
I/DH2Native(19142): Player attack track ready | clip 980 | tracks 25 | unbound 0 | attack_mainhand ms -1
I/DH2Native(19142): Player attack track ready | clip 990 | tracks 25 | unbound 0 | attack_mainhand ms -1
I/DH2Native(19142): Player attack track ready | clip 984 | tracks 25 | unbound 0 | attack_mainhand ms -1
I/DH2Native(19142): Player attack track ready | clip 985 | tracks 26 | unbound 0 | attack_mainhand ms -1
I/DH2Native(19142): Player attack track ready | clip 973 | tracks 25 | unbound 0 | attack_mainhand ms 333
I/DH2Native(19142): Player attack track ready | clip 975 | tracks 25 | unbound 0 | attack_mainhand ms -1
I/DH2Native(19142): Player attack track ready | clip 987 | tracks 25 | unbound 0 | attack_mainhand ms -1
I/DH2Native(19142): Player attack track ready | clip 977 | tracks 25 | unbound 0 | attack_mainhand ms 1066
I/DH2Native(19142): Player attack track ready | clip 979 | tracks 25 | unbound 0 | attack_mainhand ms -1
I/DH2Native(19142): Player attack track ready | clip 989 | tracks 25 | unbound 0 | attack_mainhand ms -1
I/DH2Native(19142): Player attack track ready | clip 981 | tracks 25 | unbound 0 | attack_mainhand ms 1799
I/DH2Native(19142): Player attack track ready | clip 983 | tracks 25 | unbound 0 | attack_mainhand ms -1
I/DH2Native(19142): Player attack track ready | clip 1233 | tracks 24 | unbound 0 | attack_mainhand ms -1
I/DH2Native(19142): Player attack track ready | clip 1037 | tracks 23 | unbound 0 | attack_mainhand ms -1
I/DH2Native(19142): Player attack track ready | clip 1038 | tracks 23 | unbound 0 | attack_mainhand ms -1
I/DH2Native(19142): Player attack track ready | clip 1016 | tracks 23 | unbound 0 | attack_mainhand ms -1
I/DH2Native(19142): Player attack track ready | clip 1000 | tracks 25 | unbound 0 | attack_mainhand ms 333
I/DH2Native(19142): Player attack track ready | clip 1011 | tracks 27 | unbound 0 | attack_mainhand ms -1
I/DH2Native(19142): Player attack track ready | clip 1018 | tracks 25 | unbound 0 | attack_mainhand ms -1
I/DH2Native(19142): Player attack track ready | clip 1003 | tracks 27 | unbound 0 | attack_mainhand ms -1
I/DH2Native(19142): Player attack track ready | clip 1012 | tracks 25 | unbound 0 | attack_mainhand ms -1
I/DH2Native(19142): Player attack track ready | clip 1020 | tracks 25 | unbound 0 | attack_mainhand ms -1
I/DH2Native(19142): Player attack track ready | clip 1006 | tracks 25 | unbound 0 | attack_mainhand ms 1566
I/DH2Native(19142): Player attack track ready | clip 1013 | tracks 25 | unbound 0 | attack_mainhand ms -1
I/DH2Native(19142): Player attack track ready | clip 1022 | tracks 25 | unbound 0 | attack_mainhand ms -1
I/DH2Native(19142): Player attack track ready | clip 1009 | tracks 25 | unbound 0 | attack_mainhand ms -1
I/DH2Native(19142): Player attack track ready | clip 1014 | tracks 25 | unbound 0 | attack_mainhand ms -1
I/DH2Native(19142): Player attack track ready | clip 1015 | tracks 25 | unbound 0 | attack_mainhand ms -1
I/DH2Native(19142): Player attack track ready | clip 999 | tracks 25 | unbound 0 | attack_mainhand ms 400
I/DH2Native(19142): Player attack track ready | clip 1001 | tracks 25 | unbound 0 | attack_mainhand ms -1
I/DH2Native(19142): Player attack track ready | clip 1017 | tracks 25 | unbound 0 | attack_mainhand ms -1
I/DH2Native(19142): Player attack track ready | clip 1002 | tracks 25 | unbound 0 | attack_mainhand ms 866
I/DH2Native(19142): Player attack track ready | clip 1004 | tracks 25 | unbound 0 | attack_mainhand ms -1
I/DH2Native(19142): Player attack track ready | clip 1019 | tracks 25 | unbound 0 | attack_mainhand ms -1
I/DH2Native(19142): Player attack track ready | clip 1005 | tracks 25 | unbound 0 | attack_mainhand ms 1500
I/DH2Native(19142): Player attack track ready | clip 1007 | tracks 25 | unbound 0 | attack_mainhand ms -1
I/DH2Native(19142): Player attack track ready | clip 1021 | tracks 25 | unbound 0 | attack_mainhand ms -1
I/DH2Native(19142): Player attack track ready | clip 1008 | tracks 25 | unbound 0 | attack_mainhand ms 2266
I/DH2Native(19142): Player attack track ready | clip 1010 | tracks 25 | unbound 0 | attack_mainhand ms -1
I/DH2Native(19142): Player attack track ready | clip 1147 | tracks 27 | unbound 2 | attack_mainhand ms -1
I/DH2Native(19142): Player attack track ready | clip 1133 | tracks 27 | unbound 2 | attack_mainhand ms 1633
I/DH2Native(19142): Player attack track ready | clip 1146 | tracks 25 | unbound 2 | attack_mainhand ms -1
I/DH2Native(19142): Player attack track ready | clip 1218 | tracks 27 | unbound 0 | attack_mainhand ms -1
I/DH2Native(19142): Player attack track ready | clip 1039 | tracks 25 | unbound 0 | attack_mainhand ms -1
I/DH2Native(19142): Player attack track ready | clip 1077 | tracks 18 | unbound 0 | attack_mainhand ms -1
I/DH2Native(19142): Player attack track ready | clip 1078 | tracks 18 | unbound 0 | attack_mainhand ms -1
I/DH2Native(19142): Player attack track ready | clip 1079 | tracks 20 | unbound 0 | attack_mainhand ms -1
I/DH2Native(19142): Player attack track ready | clip 1143 | tracks 24 | unbound 0 | attack_mainhand ms -1
I/DH2Native(19142): Player attack track ready | clip 1138 | tracks 0 | unbound 0 | attack_mainhand ms -1
I/DH2Native(19142): Player attack track ready | clip 1136 | tracks 24 | unbound 0 | attack_mainhand ms -1
I/DH2Native(19142): Player attack track ready | clip 1137 | tracks 24 | unbound 0 | attack_mainhand ms -1
I/DH2Native(19142): Base class snapshot | _prim_tmp_cultist01 | character Crypt_Skeleton | class 18 | level raw 256 | Max_HP raw 12160 | Max_MP raw 5632 | checksum 41ae0e800682474e | cached only
I/DH2Native(19142): Resolved properties | _prim_tmp_cultist01 | character Crypt_Skeleton | HP raw -1 | Max_HP raw 12160 | MP raw -1 | Max_MP raw 5632 | checksum 41ae0e800682474e | supplied sheets only
I/DH2Native(19142): Spawn vitals | _prim_tmp_cultist01 | character Crypt_Skeleton | HP raw 12160 | Max_HP raw 12160 | MP raw 5632 | Max_MP raw 5632 | first HP add raw 12160 | first MP add raw 5632 | second HP add raw 1 | second MP add raw 1 | checksum ee913bf1bab19e05 | passes 2
I/DH2Native(19142): Combat result probe | _prim_tmp_cultist01 | character Crypt_Skeleton | amount 2030 | dot element -1 | dot duration 0 | dot amount 0 | HP leech 0 | MP leech 0 | outcomes 0 | mask 2271925 | category -1 | element -1 | seed 11805120 | calls 9 | validation only
I/DH2Native(19142): Health probe | _prim_tmp_cultist01 | character Crypt_Skeleton | damage 256 | add -256 | before 12160 | after 11904 | kill 0 | armed 1 | cue 0 | lifecycle -1 | dead skip 0 | validation only
I/DH2Native(19142): Health probe | _prim_tmp_cultist01 | character Crypt_Skeleton | damage 16384 | add -16384 | before 12160 | after 0 | kill 1 | armed 1 | cue 0 | lifecycle 3 | dead skip 0 | validation only
I/DH2Native(19142): Original idle selected | skeleton.bdae | table 62 | sequence 596 | step 0 | clip 1194 | skeleton_idle_01.bdae | speed 1.0000 | actor _prim_tmp_cultist01
I/DH2Native(19142): Actor event track ready | skeleton.bdae | clip 1178 | groups 1 | attack_mainhand ms 100
I/DH2Native(19142): Actor event track ready | skeleton.bdae | clip 1179 | groups 0 | attack_mainhand ms -1
I/DH2Native(19142): Actor event track ready | skeleton.bdae | clip 1180 | groups 1 | attack_mainhand ms 100
I/DH2Native(19142): Actor event track ready | skeleton.bdae | clip 1181 | groups 0 | attack_mainhand ms -1
I/DH2Native(19142): Actor event track ready | skeleton.bdae | clip 1185 | groups 0 | attack_mainhand ms -1
I/DH2Native(19142): Actor event track ready | skeleton.bdae | clip 1194 | groups 0 | attack_mainhand ms -1
I/DH2Native(19142): Actor event track ready | skeleton.bdae | clip 1195 | groups 0 | attack_mainhand ms -1
I/DH2Native(19142): Actor event track ready | skeleton.bdae | clip 1197 | groups 0 | attack_mainhand ms -1
I/DH2Native(19142): Actor event track ready | skeleton.bdae | clip 1198 | groups 0 | attack_mainhand ms -1
I/DH2Native(19142): Actor event track ready | skeleton.bdae | clip 1204 | groups 0 | attack_mainhand ms -1
I/DH2Native(19142): Actor clip bank ready | skeleton.bdae | clips 10 | independent instance clocks
I/DH2Native(19142): Object resource skeleton.bdae | primitives 1 | tracks 23 | unbound 3 | unsupported 0 | removed helpers 2
I/DH2Native(19142): Base class snapshot | _prim_tmp_cultist03 | character Crypt_Skeleton | class 18 | level raw 256 | Max_HP raw 12160 | Max_MP raw 5632 | checksum 41ae0e800682474e | cached only
I/DH2Native(19142): Resolved properties | _prim_tmp_cultist03 | character Crypt_Skeleton | HP raw -1 | Max_HP raw 12160 | MP raw -1 | Max_MP raw 5632 | checksum 41ae0e800682474e | supplied sheets only
I/DH2Native(19142): Spawn vitals | _prim_tmp_cultist03 | character Crypt_Skeleton | HP raw 12160 | Max_HP raw 12160 | MP raw 5632 | Max_MP raw 5632 | first HP add raw 12160 | first MP add raw 5632 | second HP add raw 1 | second MP add raw 1 | checksum ee913bf1bab19e05 | passes 2
I/DH2Native(19142): Combat result probe | _prim_tmp_cultist03 | character Crypt_Skeleton | amount 2030 | dot element -1 | dot duration 0 | dot amount 0 | HP leech 0 | MP leech 0 | outcomes 0 | mask 2271925 | category -1 | element -1 | seed 11805120 | calls 9 | validation only
I/DH2Native(19142): Health probe | _prim_tmp_cultist03 | character Crypt_Skeleton | damage 256 | add -256 | before 12160 | after 11904 | kill 0 | armed 1 | cue 0 | lifecycle -1 | dead skip 0 | validation only
I/DH2Native(19142): Health probe | _prim_tmp_cultist03 | character Crypt_Skeleton | damage 16384 | add -16384 | before 12160 | after 0 | kill 1 | armed 1 | cue 0 | lifecycle 3 | dead skip 0 | validation only
I/DH2Native(19142): Original idle selected | skeleton.bdae | table 62 | sequence 596 | step 1 | clip 1195 | skeleton_idle_02.bdae | speed 1.0000 | actor _prim_tmp_cultist03
I/DH2Native(19142): Base class snapshot | _prim_tmp_cultist05 | character CryptSlime | class 18 | level raw 256 | Max_HP raw 12160 | Max_MP raw 5632 | checksum e0cad1d302226d0f | cached only
I/DH2Native(19142): Resolved properties | _prim_tmp_cultist05 | character CryptSlime | HP raw -1 | Max_HP raw 12160 | MP raw -1 | Max_MP raw 5632 | checksum e0cad1d302226d0f | supplied sheets only
I/DH2Native(19142): Spawn vitals | _prim_tmp_cultist05 | character CryptSlime | HP raw 12160 | Max_HP raw 12160 | MP raw 5632 | Max_MP raw 5632 | first HP add raw 12160 | first MP add raw 5632 | second HP add raw 1 | second MP add raw 1 | checksum a1f87e373eade438 | passes 2
I/DH2Native(19142): Combat result probe | _prim_tmp_cultist05 | character CryptSlime | amount 2036 | dot element -1 | dot duration 0 | dot amount 0 | HP leech 0 | MP leech 0 | outcomes 0 | mask 2271925 | category -1 | element -1 | seed 3406292 | calls 9 | validation only
I/DH2Native(19142): Health probe | _prim_tmp_cultist05 | character CryptSlime | damage 256 | add -256 | before 12160 | after 11904 | kill 0 | armed 1 | cue 0 | lifecycle -1 | dead skip 0 | validation only
I/DH2Native(19142): Health probe | _prim_tmp_cultist05 | character CryptSlime | damage 16384 | add -16384 | before 12160 | after 0 | kill 1 | armed 1 | cue 0 | lifecycle 3 | dead skip 0 | validation only
I/DH2Native(19142): Original idle selected | slime_green_v2.bdae | table 64 | sequence 613 | step 5 | clip 1259 | slime_idle_02.bdae | speed 1.0000 | actor _prim_tmp_cultist05
I/DH2Native(19142): Actor event track ready | slime_green_v2.bdae | clip 1246 | groups 1 | attack_mainhand ms 266
I/DH2Native(19142): Actor event track ready | slime_green_v2.bdae | clip 1247 | groups 0 | attack_mainhand ms -1
I/DH2Native(19142): Actor event track ready | slime_green_v2.bdae | clip 1248 | groups 1 | attack_mainhand ms 300
I/DH2Native(19142): Actor event track ready | slime_green_v2.bdae | clip 1249 | groups 0 | attack_mainhand ms -1
I/DH2Native(19142): Actor event track ready | slime_green_v2.bdae | clip 1251 | groups 0 | attack_mainhand ms -1
I/DH2Native(19142): Actor event track ready | slime_green_v2.bdae | clip 1258 | groups 0 | attack_mainhand ms -1
I/DH2Native(19142): Actor event track ready | slime_green_v2.bdae | clip 1259 | groups 0 | attack_mainhand ms -1
I/DH2Native(19142): Actor event track ready | slime_green_v2.bdae | clip 1261 | groups 0 | attack_mainhand ms -1
I/DH2Native(19142): Actor event track ready | slime_green_v2.bdae | clip 1262 | groups 0 | attack_mainhand ms -1
I/DH2Native(19142): Actor event track ready | slime_green_v2.bdae | clip 1268 | groups 0 | attack_mainhand ms -1
I/DH2Native(19142): Actor clip bank ready | slime_green_v2.bdae | clips 10 | independent instance clocks
I/DH2Native(19142): Object resource slime_green_v2.bdae | primitives 2 | tracks 12 | unbound 0 | unsupported 0 | removed helpers 0
I/DH2Native(19142): Base class snapshot | _prim_tmp_cultist06 | character CryptSlime | class 18 | level raw 256 | Max_HP raw 12160 | Max_MP raw 5632 | checksum e0cad1d302226d0f | cached only
I/DH2Native(19142): Resolved properties | _prim_tmp_cultist06 | character CryptSlime | HP raw -1 | Max_HP raw 12160 | MP raw -1 | Max_MP raw 5632 | checksum e0cad1d302226d0f | supplied sheets only
I/DH2Native(19142): Spawn vitals | _prim_tmp_cultist06 | character CryptSlime | HP raw 12160 | Max_HP raw 12160 | MP raw 5632 | Max_MP raw 5632 | first HP add raw 12160 | first MP add raw 5632 | second HP add raw 1 | second MP add raw 1 | checksum a1f87e373eade438 | passes 2
I/DH2Native(19142): Combat result probe | _prim_tmp_cultist06 | character CryptSlime | amount 2036 | dot element -1 | dot duration 0 | dot amount 0 | HP leech 0 | MP leech 0 | outcomes 0 | mask 2271925 | category -1 | element -1 | seed 3406292 | calls 9 | validation only
I/DH2Native(19142): Health probe | _prim_tmp_cultist06 | character CryptSlime | damage 256 | add -256 | before 12160 | after 11904 | kill 0 | armed 1 | cue 0 | lifecycle -1 | dead skip 0 | validation only
I/DH2Native(19142): Health probe | _prim_tmp_cultist06 | character CryptSlime | damage 16384 | add -16384 | before 12160 | after 0 | kill 1 | armed 1 | cue 0 | lifecycle 3 | dead skip 0 | validation only
I/DH2Native(19142): Original idle selected | slime_green_v2.bdae | table 64 | sequence 613 | step 5 | clip 1259 | slime_idle_02.bdae | speed 1.0000 | actor _prim_tmp_cultist06
I/DH2Native(19142): Base class snapshot | _prim_tmp_cultist07 | character Crypt_Skeleton | class 18 | level raw 256 | Max_HP raw 12160 | Max_MP raw 5632 | checksum 41ae0e800682474e | cached only
I/DH2Native(19142): Resolved properties | _prim_tmp_cultist07 | character Crypt_Skeleton | HP raw -1 | Max_HP raw 12160 | MP raw -1 | Max_MP raw 5632 | checksum 41ae0e800682474e | supplied sheets only
I/DH2Native(19142): Spawn vitals | _prim_tmp_cultist07 | character Crypt_Skeleton | HP raw 12160 | Max_HP raw 12160 | MP raw 5632 | Max_MP raw 5632 | first HP add raw 12160 | first MP add raw 5632 | second HP add raw 1 | second MP add raw 1 | checksum ee913bf1bab19e05 | passes 2
I/DH2Native(19142): Combat result probe | _prim_tmp_cultist07 | character Crypt_Skeleton | amount 2030 | dot element -1 | dot duration 0 | dot amount 0 | HP leech 0 | MP leech 0 | outcomes 0 | mask 2271925 | category -1 | element -1 | seed 11805120 | calls 9 | validation only
I/DH2Native(19142): Health probe | _prim_tmp_cultist07 | character Crypt_Skeleton | damage 256 | add -256 | before 12160 | after 11904 | kill 0 | armed 1 | cue 0 | lifecycle -1 | dead skip 0 | validation only
I/DH2Native(19142): Health probe | _prim_tmp_cultist07 | character Crypt_Skeleton | damage 16384 | add -16384 | before 12160 | after 0 | kill 1 | armed 1 | cue 0 | lifecycle 3 | dead skip 0 | validation only
I/DH2Native(19142): Original idle selected | skeleton.bdae | table 62 | sequence 596 | step 0 | clip 1194 | skeleton_idle_01.bdae | speed 1.0000 | actor _prim_tmp_cultist07
I/DH2Native(19142): Base class snapshot | _prim_tmp_cultist08 | character Crypt_Skeleton | class 18 | level raw 256 | Max_HP raw 12160 | Max_MP raw 5632 | checksum 41ae0e800682474e | cached only
I/DH2Native(19142): Resolved properties | _prim_tmp_cultist08 | character Crypt_Skeleton | HP raw -1 | Max_HP raw 12160 | MP raw -1 | Max_MP raw 5632 | checksum 41ae0e800682474e | supplied sheets only
I/DH2Native(19142): Spawn vitals | _prim_tmp_cultist08 | character Crypt_Skeleton | HP raw 12160 | Max_HP raw 12160 | MP raw 5632 | Max_MP raw 5632 | first HP add raw 12160 | first MP add raw 5632 | second HP add raw 1 | second MP add raw 1 | checksum ee913bf1bab19e05 | passes 2
I/DH2Native(19142): Combat result probe | _prim_tmp_cultist08 | character Crypt_Skeleton | amount 2030 | dot element -1 | dot duration 0 | dot amount 0 | HP leech 0 | MP leech 0 | outcomes 0 | mask 2271925 | category -1 | element -1 | seed 11805120 | calls 9 | validation only
I/DH2Native(19142): Health probe | _prim_tmp_cultist08 | character Crypt_Skeleton | damage 256 | add -256 | before 12160 | after 11904 | kill 0 | armed 1 | cue 0 | lifecycle -1 | dead skip 0 | validation only
I/DH2Native(19142): Health probe | _prim_tmp_cultist08 | character Crypt_Skeleton | damage 16384 | add -16384 | before 12160 | after 0 | kill 1 | armed 1 | cue 0 | lifecycle 3 | dead skip 0 | validation only
I/DH2Native(19142): Original idle selected | skeleton.bdae | table 62 | sequence 596 | step 1 | clip 1195 | skeleton_idle_02.bdae | speed 1.0000 | actor _prim_tmp_cultist08
I/DH2Native(19142): Object resource crypt_candles2_small.bdae | primitives 3 | tracks 5 | unbound 0 | unsupported 0 | removed helpers 1
I/DH2Native(19142): Object resource crypt_candlestand_big.bdae | primitives 4 | tracks 3 | unbound 0 | unsupported 0 | removed helpers 2
I/DH2Native(19142): Object resource crypt_candlestand.bdae | primitives 4 | tracks 7 | unbound 0 | unsupported 0 | removed helpers 2
I/DH2Native(19142): Object resource crypt_candle2.bdae | primitives 3 | tracks 3 | unbound 0 | unsupported 0 | removed helpers 1
I/DH2Native(19142): Object resource crypt_candle1_small.bdae | primitives 3 | tracks 3 | unbound 0 | unsupported 0 | removed helpers 1
I/DH2Native(19142): Object resource crypt_candles.bdae | primitives 3 | tracks 7 | unbound 0 | unsupported 0 | removed helpers 1
I/DH2Native(19142): Object resource swamp_caveentrance_effect.bdae | primitives 1 | tracks 0 | unbound 0 | unsupported 3 | removed helpers 0
I/DH2Native(19142): Object resource crypt_candle_big.bdae | primitives 3 | tracks 3 | unbound 0 | unsupported 0 | removed helpers 1
I/DH2Native(19142): Base class snapshot | _prim_Monster | character CryptSlime | class 18 | level raw 256 | Max_HP raw 12160 | Max_MP raw 5632 | checksum e0cad1d302226d0f | cached only
I/DH2Native(19142): Resolved properties | _prim_Monster | character CryptSlime | HP raw -1 | Max_HP raw 12160 | MP raw -1 | Max_MP raw 5632 | checksum e0cad1d302226d0f | supplied sheets only
I/DH2Native(19142): Spawn vitals | _prim_Monster | character CryptSlime | HP raw 12160 | Max_HP raw 12160 | MP raw 5632 | Max_MP raw 5632 | first HP add raw 12160 | first MP add raw 5632 | second HP add raw 1 | second MP add raw 1 | checksum a1f87e373eade438 | passes 2
I/DH2Native(19142): Combat result probe | _prim_Monster | character CryptSlime | amount 2036 | dot element -1 | dot duration 0 | dot amount 0 | HP leech 0 | MP leech 0 | outcomes 0 | mask 2271925 | category -1 | element -1 | seed 3406292 | calls 9 | validation only
I/DH2Native(19142): Health probe | _prim_Monster | character CryptSlime | damage 256 | add -256 | before 12160 | after 11904 | kill 0 | armed 1 | cue 0 | lifecycle -1 | dead skip 0 | validation only
I/DH2Native(19142): Health probe | _prim_Monster | character CryptSlime | damage 16384 | add -16384 | before 12160 | after 0 | kill 1 | armed 1 | cue 0 | lifecycle 3 | dead skip 0 | validation only
I/DH2Native(19142): Original idle selected | slime_green_v2.bdae | table 64 | sequence 613 | step 1 | clip 1258 | slime_idle.bdae | speed 1.0000 | actor _prim_Monster
I/DH2Native(19142): Base class snapshot | _prim_Monster02 | character CryptSlime_RE | class 18 | level raw 256 | Max_HP raw 12160 | Max_MP raw 5632 | checksum eb471073d49b2c44 | cached only
I/DH2Native(19142): Resolved properties | _prim_Monster02 | character CryptSlime_RE | HP raw -1 | Max_HP raw 12160 | MP raw -1 | Max_MP raw 5632 | checksum eb471073d49b2c44 | supplied sheets only
I/DH2Native(19142): Spawn vitals | _prim_Monster02 | character CryptSlime_RE | HP raw 12160 | Max_HP raw 12160 | MP raw 5632 | Max_MP raw 5632 | first HP add raw 12160 | first MP add raw 5632 | second HP add raw 1 | second MP add raw 1 | checksum 6eba0582f78691bb | passes 2
I/DH2Native(19142): Combat result probe | _prim_Monster02 | character CryptSlime_RE | amount 2135 | dot element -1 | dot duration 0 | dot amount 0 | HP leech 0 | MP leech 0 | outcomes 0 | mask 2271925 | category -1 | element -1 | seed 7440849 | calls 9 | validation only
I/DH2Native(19142): Health probe | _prim_Monster02 | character CryptSlime_RE | damage 256 | add -256 | before 12160 | after 11904 | kill 0 | armed 1 | cue 0 | lifecycle -1 | dead skip 0 | validation only
I/DH2Native(19142): Health probe | _prim_Monster02 | character CryptSlime_RE | damage 16384 | add -16384 | before 12160 | after 0 | kill 1 | armed 1 | cue 0 | lifecycle 3 | dead skip 0 | validation only
I/DH2Native(19142): Original idle selected | slime_green_v2.bdae | table 64 | sequence 613 | step 0 | clip 1258 | slime_idle.bdae | speed 1.0000 | actor _prim_Monster02
I/DH2Native(19142): Base class snapshot | _prim_Monster05 | character CryptSlime | class 18 | level raw 256 | Max_HP raw 12160 | Max_MP raw 5632 | checksum e0cad1d302226d0f | cached only
I/DH2Native(19142): Resolved properties | _prim_Monster05 | character CryptSlime | HP raw -1 | Max_HP raw 12160 | MP raw -1 | Max_MP raw 5632 | checksum e0cad1d302226d0f | supplied sheets only
I/DH2Native(19142): Spawn vitals | _prim_Monster05 | character CryptSlime | HP raw 12160 | Max_HP raw 12160 | MP raw 5632 | Max_MP raw 5632 | first HP add raw 12160 | first MP add raw 5632 | second HP add raw 1 | second MP add raw 1 | checksum a1f87e373eade438 | passes 2
I/DH2Native(19142): Combat result probe | _prim_Monster05 | character CryptSlime | amount 2036 | dot element -1 | dot duration 0 | dot amount 0 | HP leech 0 | MP leech 0 | outcomes 0 | mask 2271925 | category -1 | element -1 | seed 3406292 | calls 9 | validation only
I/DH2Native(19142): Health probe | _prim_Monster05 | character CryptSlime | damage 256 | add -256 | before 12160 | after 11904 | kill 0 | armed 1 | cue 0 | lifecycle -1 | dead skip 0 | validation only
I/DH2Native(19142): Health probe | _prim_Monster05 | character CryptSlime | damage 16384 | add -16384 | before 12160 | after 0 | kill 1 | armed 1 | cue 0 | lifecycle 3 | dead skip 0 | validation only
I/DH2Native(19142): Original idle selected | slime_green_v2.bdae | table 64 | sequence 613 | step 4 | clip 1258 | slime_idle.bdae | speed 1.0000 | actor _prim_Monster05
I/DH2Native(19142): Object resource crypt_candle1.bdae | primitives 3 | tracks 3 | unbound 0 | unsupported 0 | removed helpers 1
I/DH2Native(19142): Base class snapshot | _prim_Monster_Ghost05 | character Crypt_Ghost | class 18 | level raw 256 | Max_HP raw 12160 | Max_MP raw 5632 | checksum 37563d932af809fb | cached only
I/DH2Native(19142): Resolved properties | _prim_Monster_Ghost05 | character Crypt_Ghost | HP raw -1 | Max_HP raw 12160 | MP raw -1 | Max_MP raw 5632 | checksum 37563d932af809fb | supplied sheets only
I/DH2Native(19142): Spawn vitals | _prim_Monster_Ghost05 | character Crypt_Ghost | HP raw 12160 | Max_HP raw 12160 | MP raw 5632 | Max_MP raw 5632 | first HP add raw 12160 | first MP add raw 5632 | second HP add raw 1 | second MP add raw 1 | checksum e41199bf55080334 | passes 2
I/DH2Native(19142): Combat result probe | _prim_Monster_Ghost05 | character Crypt_Ghost | amount 2263 | dot element -1 | dot duration 0 | dot amount 0 | HP leech 0 | MP leech 0 | outcomes 0 | mask 2271925 | category -1 | element -1 | seed 3474079 | calls 9 | validation only
I/DH2Native(19142): Health probe | _prim_Monster_Ghost05 | character Crypt_Ghost | damage 256 | add -256 | before 12160 | after 11904 | kill 0 | armed 1 | cue 0 | lifecycle -1 | dead skip 0 | validation only
I/DH2Native(19142): Health probe | _prim_Monster_Ghost05 | character Crypt_Ghost | damage 16384 | add -16384 | before 12160 | after 0 | kill 1 | armed 1 | cue 0 | lifecycle 3 | dead skip 0 | validation only
I/DH2Native(19142): Original idle selected | ghost.bdae | table 24 | sequence 210 | step 0 | clip 706 | ghost_idle_01.bdae | speed 1.3000 | actor _prim_Monster_Ghost05
I/DH2Native(19142): Actor event track ready | ghost.bdae | clip 697 | groups 1 | attack_mainhand ms 999
I/DH2Native(19142): Actor event track ready | ghost.bdae | clip 700 | groups 0 | attack_mainhand ms -1
I/DH2Native(19142): Actor event track ready | ghost.bdae | clip 706 | groups 0 | attack_mainhand ms -1
I/DH2Native(19142): Actor event track ready | ghost.bdae | clip 707 | groups 0 | attack_mainhand ms -1
I/DH2Native(19142): Actor event track ready | ghost.bdae | clip 710 | groups 0 | attack_mainhand ms -1
I/DH2Native(19142): Actor event track ready | ghost.bdae | clip 714 | groups 0 | attack_mainhand ms -1
I/DH2Native(19142): Actor event track ready | ghost.bdae | clip 717 | groups 0 | attack_mainhand ms -1
I/DH2Native(19142): Actor clip bank ready | ghost.bdae | clips 7 | independent instance clocks
I/DH2Native(19142): Object resource ghost.bdae | primitives 2 | tracks 24 | unbound 0 | unsupported 0 | removed helpers 2
I/DH2Native(19142): Base class snapshot | _prim_Monster_Ghost06 | character Crypt_Ghost | class 18 | level raw 256 | Max_HP raw 12160 | Max_MP raw 5632 | checksum 37563d932af809fb | cached only
I/DH2Native(19142): Resolved properties | _prim_Monster_Ghost06 | character Crypt_Ghost | HP raw -1 | Max_HP raw 12160 | MP raw -1 | Max_MP raw 5632 | checksum 37563d932af809fb | supplied sheets only
I/DH2Native(19142): Spawn vitals | _prim_Monster_Ghost06 | character Crypt_Ghost | HP raw 12160 | Max_HP raw 12160 | MP raw 5632 | Max_MP raw 5632 | first HP add raw 12160 | first MP add raw 5632 | second HP add raw 1 | second MP add raw 1 | checksum e41199bf55080334 | passes 2
I/DH2Native(19142): Combat result probe | _prim_Monster_Ghost06 | character Crypt_Ghost | amount 2263 | dot element -1 | dot duration 0 | dot amount 0 | HP leech 0 | MP leech 0 | outcomes 0 | mask 2271925 | category -1 | element -1 | seed 3474079 | calls 9 | validation only
I/DH2Native(19142): Health probe | _prim_Monster_Ghost06 | character Crypt_Ghost | damage 256 | add -256 | before 12160 | after 11904 | kill 0 | armed 1 | cue 0 | lifecycle -1 | dead skip 0 | validation only
I/DH2Native(19142): Health probe | _prim_Monster_Ghost06 | character Crypt_Ghost | damage 16384 | add -16384 | before 12160 | after 0 | kill 1 | armed 1 | cue 0 | lifecycle 3 | dead skip 0 | validation only
I/DH2Native(19142): Original idle selected | ghost.bdae | table 24 | sequence 210 | step 0 | clip 706 | ghost_idle_01.bdae | speed 1.3000 | actor _prim_Monster_Ghost06
I/DH2Native(19142): Base class snapshot | _prim_Monster_SURPRISE_01 | character Crypt_Ghost | class 18 | level raw 256 | Max_HP raw 12160 | Max_MP raw 5632 | checksum 37563d932af809fb | cached only
I/DH2Native(19142): Resolved properties | _prim_Monster_SURPRISE_01 | character Crypt_Ghost | HP raw -1 | Max_HP raw 12160 | MP raw -1 | Max_MP raw 5632 | checksum 37563d932af809fb | supplied sheets only
I/DH2Native(19142): Spawn vitals | _prim_Monster_SURPRISE_01 | character Crypt_Ghost | HP raw 12160 | Max_HP raw 12160 | MP raw 5632 | Max_MP raw 5632 | first HP add raw 12160 | first MP add raw 5632 | second HP add raw 1 | second MP add raw 1 | checksum e41199bf55080334 | passes 2
I/DH2Native(19142): Combat result probe | _prim_Monster_SURPRISE_01 | character Crypt_Ghost | amount 2263 | dot element -1 | dot duration 0 | dot amount 0 | HP leech 0 | MP leech 0 | outcomes 0 | mask 2271925 | category -1 | element -1 | seed 3474079 | calls 9 | validation only
I/DH2Native(19142): Health probe | _prim_Monster_SURPRISE_01 | character Crypt_Ghost | damage 256 | add -256 | before 12160 | after 11904 | kill 0 | armed 1 | cue 0 | lifecycle -1 | dead skip 0 | validation only
I/DH2Native(19142): Health probe | _prim_Monster_SURPRISE_01 | character Crypt_Ghost | damage 16384 | add -16384 | before 12160 | after 0 | kill 1 | armed 1 | cue 0 | lifecycle 3 | dead skip 0 | validation only
I/DH2Native(19142): Original idle selected | ghost.bdae | table 24 | sequence 210 | step 0 | clip 706 | ghost_idle_01.bdae | speed 1.3000 | actor _prim_Monster_SURPRISE_01
I/DH2Native(19142): Base class snapshot | _prim_Monster_SURPRISE_02 | character Crypt_Ghost | class 18 | level raw 256 | Max_HP raw 12160 | Max_MP raw 5632 | checksum 37563d932af809fb | cached only
I/DH2Native(19142): Resolved properties | _prim_Monster_SURPRISE_02 | character Crypt_Ghost | HP raw -1 | Max_HP raw 12160 | MP raw -1 | Max_MP raw 5632 | checksum 37563d932af809fb | supplied sheets only
I/DH2Native(19142): Spawn vitals | _prim_Monster_SURPRISE_02 | character Crypt_Ghost | HP raw 12160 | Max_HP raw 12160 | MP raw 5632 | Max_MP raw 5632 | first HP add raw 12160 | first MP add raw 5632 | second HP add raw 1 | second MP add raw 1 | checksum e41199bf55080334 | passes 2
I/DH2Native(19142): Combat result probe | _prim_Monster_SURPRISE_02 | character Crypt_Ghost | amount 2263 | dot element -1 | dot duration 0 | dot amount 0 | HP leech 0 | MP leech 0 | outcomes 0 | mask 2271925 | category -1 | element -1 | seed 3474079 | calls 9 | validation only
I/DH2Native(19142): Health probe | _prim_Monster_SURPRISE_02 | character Crypt_Ghost | damage 256 | add -256 | before 12160 | after 11904 | kill 0 | armed 1 | cue 0 | lifecycle -1 | dead skip 0 | validation only
I/DH2Native(19142): Health probe | _prim_Monster_SURPRISE_02 | character Crypt_Ghost | damage 16384 | add -16384 | before 12160 | after 0 | kill 1 | armed 1 | cue 0 | lifecycle 3 | dead skip 0 | validation only
I/DH2Native(19142): Original idle selected | ghost.bdae | table 24 | sequence 210 | step 0 | clip 706 | ghost_idle_01.bdae | speed 1.3000 | actor _prim_Monster_SURPRISE_02
I/DH2Native(19142): 3D upload OK | 4 draws | 586 triangles | 2 textures
I/DH2Native(19142): 29 animation tracks | 0 skipped | Preview lighting. Drag to orbit. | nodes 35 | skipped nongeometry instances 1 | skin draws 4 | segments 2
I/DH2Native(19142): Combat actor restored | _prim_tmp_cultist01 | HP 12160 | dead 0 | combo 0 | state Idle | cursor 149.0004 | events 0 | aggro 0 0 | target -1 | AI attack 0
I/DH2Native(19142): Combat actor restored | _prim_tmp_cultist03 | HP 12160 | dead 0 | combo 0 | state Idle | cursor 3383.0004 | events 0 | aggro 0 0 | target -1 | AI attack 0
I/DH2Native(19142): Combat actor restored | _prim_tmp_cultist07 | HP 12160 | dead 0 | combo 0 | state Idle | cursor 149.0004 | events 0 | aggro 0 0 | target -1 | AI attack 0
I/DH2Native(19142): Combat actor restored | _prim_tmp_cultist08 | HP 12160 | dead 0 | combo 0 | state Idle | cursor 3383.0004 | events 0 | aggro 0 0 | target -1 | AI attack 0
I/DH2Native(19142): Combat actor restored | _prim_tmp_cultist05 | HP 12160 | dead 0 | combo 0 | state Idle | cursor 151.0004 | events 0 | aggro 0 0 | target -1 | AI attack 0
I/DH2Native(19142): Combat actor restored | _prim_tmp_cultist06 | HP 12160 | dead 0 | combo 0 | state Idle | cursor 151.0004 | events 0 | aggro 0 0 | target -1 | AI attack 0
I/DH2Native(19142): Combat actor restored | _prim_Monster | HP 12160 | dead 0 | combo 0 | state Idle | cursor 151.0004 | events 0 | aggro 0 0 | target -1 | AI attack 0
I/DH2Native(19142): Combat actor restored | _prim_Monster02 | HP 12160 | dead 0 | combo 0 | state Idle | cursor 151.0004 | events 0 | aggro 0 0 | target -1 | AI attack 0
I/DH2Native(19142): Combat actor restored | _prim_Monster05 | HP 12160 | dead 0 | combo 0 | state Idle | cursor 151.0004 | events 0 | aggro 0 0 | target -1 | AI attack 0
I/DH2Native(19142): Combat actor restored | _prim_Monster_Ghost05 | HP 12160 | dead 0 | combo 0 | state Idle | cursor 326.6000 | events 0 | aggro 0 0 | target -1 | AI attack 0
I/DH2Native(19142): Combat actor restored | _prim_Monster_Ghost06 | HP 12160 | dead 0 | combo 0 | state Idle | cursor 326.6000 | events 0 | aggro 0 0 | target -1 | AI attack 0
I/DH2Native(19142): Combat actor restored | _prim_Monster_SURPRISE_01 | HP 25600 | dead 0 | combo 0 | state Idle | cursor 3149.0000 | events 0 | aggro 0 0 | target -1 | AI attack 0
I/DH2Native(19142): Combat actor restored | _prim_Monster_SURPRISE_02 | HP 25600 | dead 0 | combo 0 | state Idle | cursor 3045.0000 | events 0 | aggro 0 0 | target -1 | AI attack 0
I/DH2Native(19142): Player properties | KnightPlayerBase | HP 42265 | MP 6976 | checksum bb50c69358c8e302 | attempts 0 | attacking 0
I/DH2Native(19142): Prince blended bank ready | resources 116 | occurrences 158 | targets 83 | template 1111 | engine 0 | game clip 1111
I/DH2Native(19142): Blended character event | event 0x24 | clip 1111 | slot 0 | phase 5 | lag 0
I/DH2Native(19142): Blended character event | event 0x26 | clip 1111 | slot 0 | phase 5 | lag 0
I/DH2Native(19142): Character animation selected | state 3 | flags 2380 | sequence 262 | clip 1040 | actor state service
I/DH2Native(19142): Character state event | state 3 | event 1d | prior 3 | flags 2380
I/DH2Native(19142): Player source state | previous 3 | current 3 | event 0x0 | flags 2380 | root 262 | clip 1040 | position -1401.4871 19480.2910 636.4874 | Step 9
I/DH2Native(19142): Spawn body ready | _prim_Monster_SURPRISE_01 | creations 1 | radius 145.718735 | category 10 | mask d3f
I/DH2Native(19142): Gated character ready | _prim_Monster_SURPRISE_01 | source state 3 | presentation visible 1 | body 1 | Spawn sequence 213 | AI type 4 | restored 1
I/DH2Native(19142): Spawn body ready | _prim_Monster_SURPRISE_02 | creations 1 | radius 145.718735 | category 10 | mask d3f
I/DH2Native(19142): Gated character ready | _prim_Monster_SURPRISE_02 | source state 3 | presentation visible 1 | body 1 | Spawn sequence 213 | AI type 4 | restored 1
I/DH2Native(19142): Native actor ready | genuine bodies 83 | decor colliders 82 | radius 113.699577 | source bounds -1515.19 19449.5 -1287.79 19511 | flags 2380 | scene then Step then actor
I/DH2Native(19142): Native Level fields | ordinal 23 | hub 2 | random 1 | difficulty 0 | file 007_crypt_01.rule.xml | source ranges 8 10 / 45 47 / 74 76 | viewport owner; GSLevel stack pending
I/DH2Native(19142): CharAI constructor projections | characters 14 | native source-order registration records 14 | source Character associations 14 | active AIS initialization pending
I/DH2Native(19142): Native CharAI lifetime | fresh constructors 0 | retained owners 14 | graphics registry rebuilt
I/DH2Native(19142): Native Player buff snapshot | phase restore | count 1 | groups 1 | id 49 | instance 0x71728c16d570 | timer -1 | strength 1 | sheet 3bfdcdd0eb338a14 | same VM/properties/Coordinator
I/DH2Native(19142): Native Player buff property | phase restore | name Resistance_Fire | index 74 | buff 0 | resolved 192
I/DH2Native(19142): Native Player buff property | phase restore | name Resistance_Water | index 75 | buff 0 | resolved 192
I/DH2Native(19142): Native Player buff property | phase restore | name Resistance_Lightning | index 76 | buff 7680 | resolved 7872
I/DH2Native(19142): Native Player buff property | phase restore | name Resistance_Earth | index 77 | buff 0 | resolved 192
I/DH2Native(19142): Native Player buff property | phase restore | name Resistance_Air | index 78 | buff 0 | resolved 192
I/DH2Native(19142): Native Player skills retained | VM 0x71715c0449e0 | paths 15 | update attempts 323 | timer callbacks 0 | no preparation/OnInit replay
I/DH2Native(19142): Native managed host | Level 1 | difficulty 0 | property reads 1 | member writes 0 | offline embedded PlayerInfo; full profile/network pending
I/DH2Native(19142): Native Character classification | _prim_Monster_SURPRISE_01 | AI 68 | faction 7 | type 4 | monster 1 | player 0 | faerie 0 | NPC 0 | projected death 0 | source getters; autonomous frame pending
I/DH2Native(19142): Native Character zonability | _prim_Monster_SURPRISE_01 | zonable 1 | source classification; room enrollment pending
I/DH2Native(19142): Native monster initialization | _prim_Monster_SURPRISE_01 | Level 2048 | HP 25600 / 25600 | MP 23552 / 23552 | callbacks 1 | timers 2 | flags 183c | same VM published 1 | retained 1 | paused providers 2 | nonempty skills/autonomous frame pending
I/DH2Native(19142): Native Ghost skill initialization | _prim_Monster_SURPRISE_01 | phases 12345 | skills 0 | faeries 5 | null faeries 5 | post 1 | final 1 | update slots 0 5 | updates 0 | arguments 2 2 | Debug 2 2 | VCB 1 | path data/scripts/ai/ | retained 1 | bounded Ghost InitScriptProcess
I/DH2Native(19142): Native Ghost skill vector owner | _prim_Monster_SURPRISE_01 | faery storage 71729c110e10 | catalogue 7171ec05d5a8
I/DH2Native(19142): Native monster VM owner | _prim_Monster_SURPRISE_01 | native handle 71728c182ea0 | source active 71728c183120 | source pending 71728c183120
I/DH2Native(19142): Native monster timer retained | _prim_Monster_SURPRISE_01 | slot 0 | event 33 | duration 3000 | elapsed 0 | active 1 | paused 1
I/DH2Native(19142): Native monster timer retained | _prim_Monster_SURPRISE_01 | slot 1 | event 34 | duration 1000 | elapsed 0 | active 1 | paused 1
I/DH2Native(19142): Native Character classification | _prim_Monster_SURPRISE_02 | AI 68 | faction 7 | type 4 | monster 1 | player 0 | faerie 0 | NPC 0 | projected death 0 | source getters; autonomous frame pending
I/DH2Native(19142): Native Character zonability | _prim_Monster_SURPRISE_02 | zonable 1 | source classification; room enrollment pending
I/DH2Native(19142): Native monster initialization | _prim_Monster_SURPRISE_02 | Level 2048 | HP 25600 / 25600 | MP 23552 / 23552 | callbacks 1 | timers 2 | flags 183c | same VM published 1 | retained 1 | paused providers 2 | nonempty skills/autonomous frame pending
I/DH2Native(19142): Native Ghost skill initialization | _prim_Monster_SURPRISE_02 | phases 12345 | skills 0 | faeries 5 | null faeries 5 | post 1 | final 1 | update slots 0 5 | updates 0 | arguments 2 2 | Debug 2 2 | VCB 1 | path data/scripts/ai/ | retained 1 | bounded Ghost InitScriptProcess
I/DH2Native(19142): Native Ghost skill vector owner | _prim_Monster_SURPRISE_02 | faery storage 71729c1163d0 | catalogue 7171ec05d5a8
I/DH2Native(19142): Native monster VM owner | _prim_Monster_SURPRISE_02 | native handle 71728c181d60 | source active 71728c181fe0 | source pending 71728c181fe0
I/DH2Native(19142): Native monster timer retained | _prim_Monster_SURPRISE_02 | slot 0 | event 33 | duration 3000 | elapsed 0 | active 1 | paused 1
I/DH2Native(19142): Native monster timer retained | _prim_Monster_SURPRISE_02 | slot 1 | event 34 | duration 1000 | elapsed 0 | active 1 | paused 1
I/DH2Native(19142): Native Debug persistence | loaded 1 | switches 25 | read opens 1 | read closes 1 | saves 5 | write closes 5 | IO errors 0 | app-private real file
I/DH2Native(19142): Crypt script restored | activations 1 | requests 2 | ready 1 | running 0 | no Spawn replay
I/DH2Native(19142): Native Character list | characters 14 | owned nodes 14 | copied links 0 | full ObjectManager factory 0 | autonomous Ghost AI 0
I/DH2Native(19142): Objects ready | monsters 13 | decors 84 | resources 12 | instance draws 295 | triangles 6775 | character records 448 | model entries 116 | idle preview only
I/DH2Native(19142): Native floors ready | records 8 | graph nodes 335 | graph edges 838 | selector collision controls height
I/DH2Native(19142): Native floor links ready | neighbour relations 14 | validation references 998 | graph-node search ready
I/DH2Native(19142): Native graph route probe | floor pairs 64 | successful 64 | segments 1598 | state 5454073390c7d916 | endpoints and movement pending
I/DH2Native(19142): Native world route probe | floor pairs 64 | successful 64 | direct 0 | graph 64 | segments 2086 | state 3a3ab2a724cc383b | smoothing and movement pending
I/DH2Native(19142): Native FindPath probe | floor pairs 64 | successful 64 | owned 64 | segments 2086 | state 9356b419cae2bc57 | position controller pending
I/DH2Native(19142): Native floor motion probe | floor pairs 64 | position valid 64 | accepted 64 | direction valid 64 | state d60ad48039cc85c6 | controller and dynamic obstacles pending
I/DH2Native(19142): Native obstacle registry probe | floor pairs 64 | accepted 64 | registered 64 | relocated 56 | state 22a98dfc4102db51 | forces and controller pending
I/DH2Native(19142): Native avoidance probe | floors 8 | force contributions 16 | adjusted 8 | turn limited 8 | state 09d1d79d2612c945 | actor producers and controller pending
I/DH2Native(19142): Native actor producer probe | floors 8 | registered 8 | physical radius updates 8 | state 30c1f3ac1bf81145 | physical construction and controller pending
I/DH2Native(19142): Native heading control | player movement and melee facing use recovered source | UpdatePath rotation subobjects and genuine physics active
I/DH2Native(19142): World ready | rooms 8 | visual draws 101 | navigation triangles 314 | idle tracks 23 | walk tracks 27 | position -1401.4871 19480.2910 636.4874
I/DH2Native(19142): Prince blended inspection | frozen 0 | scene 0 | Step 0 | actor 0 | clip 1040 | ms 0 | body -14.0149 194.803 | pose 5f96fe6e2b6d998d
I/DH2Native(19142): Inspect object 79 | ghost.bdae | _prim_Monster_SURPRISE_02 | room 7 | position -1149.7000 19941.8574 609.7270
I/DH2Native(19142): Combat actor state | _prim_Monster_SURPRISE_02 | HP 25600 | MP 23552 | dead 0 | combo 0 | state Idle | target -1 | hits 0
I/DH2Native(19142): Combat target rejected | index 79 | target -2 | gated Character services pending
I/DH2Native(19142): worlds/crypt01.dwld: Crypt | 8 rooms | 13 monsters | 84 scenery objects
I/DH2Native(19142): 21612 triangles. Drag the movement control to walk.
I/DH2Native(19142): Gated actor combat services are pending
I/DH2Native(19142): Actor command applied | index 79 | state null | time -1 | Crypt | 8 rooms | 13 monsters | 84 scenery objects
I/DH2Native(19142): 21612 triangles. Drag the movement control to walk.
I/DH2Native(19142): Gated actor combat services are pending
I/DH2Native(19142): Surface resized to 1080 x 1824
I/DH2Native(19142): Native actor frame | scene 0 | Step 1 | actor 1 | source phase 5 | clip 1040 | ms 0 | replays 0 | body -14.0149 194.803 | contacts 0 0 | state 3 | body present 1 | timeline scale 1
I/DH2Native(19142): Model frame submitted at 1080 x 1824
I/DH2Native(19142): Player position -1401.4871 19480.2910 636.4874 | moved 0 | blocked 0
I/DH2Native(19142): Player facing | angle 0 | native updates 21
I/DH2Native(19142): Renderer: Android Emulator OpenGL ES Translator (Google SwiftShader)
I/DH2Native(19142): GLES: OpenGL ES 3.0 (OpenGL ES 3.0 SwiftShader 4.0.0.1)
I/DH2Native(19142): Enemy AI configured | automatic melee 0
I/DH2Native(19142): Mod asset loaded | worlds/crypt01.dwld | bytes 1048
I/DH2Native(19142): Native skill catalogue | skill lists 36 | skills 127 | faery lists 4 | faeries 16 | shared immutable tables; full skill callbacks pending
I/DH2Native(19142): Class tables ready | classes 260 | bytes 34224 | cached base snapshots
I/DH2Native(19142): Native level catalogue | fast travel 33 | levels 51 | Crypt row 23 | ranges 8 10 / 45 47 / 74 76 | GSLevel ownership pending
I/DH2Native(19142): AI tables ready | configs 76 | factions 16 | automatic melee 0 | pursuit and full FSM pending
I/DH2Native(19142): Property rules ready | defaults row 0 | types row 1 | properties 224 | supplied sheets only
I/DH2Native(19142): Animation tables ready | sequences 785 | characters 80 | clip paths 1447 | bytes 72812
I/DH2Native(19142): Player attack track ready | clip 1111 | tracks 81 | unbound 0 | attack_mainhand ms -1
I/DH2Native(19142): Player attack track ready | clip 1063 | tracks 29 | unbound 0 | attack_mainhand ms -1
I/DH2Native(19142): Player attack track ready | clip 1040 | tracks 23 | unbound 0 | attack_mainhand ms -1
I/DH2Native(19142): Player attack track ready | clip 1041 | tracks 24 | unbound 0 | attack_mainhand ms -1
I/DH2Native(19142): Player attack track ready | clip 1126 | tracks 25 | unbound 0 | attack_mainhand ms -1
I/DH2Native(19142): Player attack track ready | clip 1114 | tracks 27 | unbound 0 | attack_mainhand ms -1
I/DH2Native(19142): Player attack track ready | clip 968 | tracks 25 | unbound 0 | attack_mainhand ms -1
I/DH2Native(19142): Player attack track ready | clip 956 | tracks 25 | unbound 0 | attack_mainhand ms 333
I/DH2Native(19142): Player attack track ready | clip 964 | tracks 25 | unbound 0 | attack_mainhand ms -1
I/DH2Native(19142): Player attack track ready | clip 970 | tracks 25 | unbound 0 | attack_mainhand ms -1
I/DH2Native(19142): Player attack track ready | clip 959 | tracks 25 | unbound 0 | attack_mainhand ms 899
I/DH2Native(19142): Player attack track ready | clip 965 | tracks 25 | unbound 0 | attack_mainhand ms -1
I/DH2Native(19142): Player attack track ready | clip 972 | tracks 25 | unbound 0 | attack_mainhand ms -1
I/DH2Native(19142): Player attack track ready | clip 962 | tracks 25 | unbound 0 | attack_mainhand ms 1533
I/DH2Native(19142): Player attack track ready | clip 966 | tracks 25 | unbound 0 | attack_mainhand ms -1
I/DH2Native(19142): Player attack track ready | clip 967 | tracks 26 | unbound 0 | attack_mainhand ms -1
I/DH2Native(19142): Player attack track ready | clip 955 | tracks 26 | unbound 0 | attack_mainhand ms 300
I/DH2Native(19142): Player attack track ready | clip 957 | tracks 27 | unbound 0 | attack_mainhand ms -1
I/DH2Native(19142): Player attack track ready | clip 969 | tracks 26 | unbound 0 | attack_mainhand ms -1
I/DH2Native(19142): Player attack track ready | clip 958 | tracks 26 | unbound 0 | attack_mainhand ms 899
I/DH2Native(19142): Player attack track ready | clip 960 | tracks 27 | unbound 0 | attack_mainhand ms -1
I/DH2Native(19142): Player attack track ready | clip 971 | tracks 26 | unbound 0 | attack_mainhand ms -1
I/DH2Native(19142): Player attack track ready | clip 961 | tracks 26 | unbound 0 | attack_mainhand ms 1500
I/DH2Native(19142): Player attack track ready | clip 963 | tracks 26 | unbound 0 | attack_mainhand ms -1
I/DH2Native(19142): Player attack track ready | clip 1025 | tracks 25 | unbound 0 | attack_mainhand ms -1
I/DH2Native(19142): Player attack track ready | clip 1074 | tracks 27 | unbound 0 | attack_mainhand ms -1
I/DH2Native(19142): Player attack track ready | clip 1110 | tracks 25 | unbound 0 | attack_mainhand ms -1
I/DH2Native(19142): Player attack track ready | clip 1071 | tracks 25 | unbound 0 | attack_mainhand ms -1
I/DH2Native(19142): Player attack track ready | clip 1076 | tracks 29 | unbound 0 | attack_mainhand ms -1
I/DH2Native(19142): Player attack track ready | clip 1109 | tracks 28 | unbound 0 | attack_mainhand ms -1
I/DH2Native(19142): Player attack track ready | clip 1026 | tracks 30 | unbound 0 | attack_mainhand ms -1
I/DH2Native(19142): Player attack track ready | clip 1029 | tracks 28 | unbound 0 | attack_mainhand ms -1
I/DH2Native(19142): Player attack track ready | clip 1030 | tracks 27 | unbound 0 | attack_mainhand ms -1
I/DH2Native(19142): Player attack track ready | clip 1031 | tracks 27 | unbound 0 | attack_mainhand ms -1
I/DH2Native(19142): Player attack track ready | clip 1032 | tracks 27 | unbound 0 | attack_mainhand ms -1
I/DH2Native(19142): Player attack track ready | clip 991 | tracks 27 | unbound 0 | attack_mainhand ms -1
I/DH2Native(19142): Player attack track ready | clip 996 | tracks 27 | unbound 0 | attack_mainhand ms -1
I/DH2Native(19142): Player death track ready | clip 1023 | tracks 27 | unbound 0 | attack_mainhand ms -1
I/DH2Native(19142): Player attack track ready | clip 992 | tracks 26 | unbound 0 | attack_mainhand ms -1
I/DH2Native(19142): Player attack track ready | clip 1028 | tracks 29 | unbound 0 | attack_mainhand ms -1
I/DH2Native(19142): Player attack track ready | clip 1027 | tracks 26 | unbound 0 | attack_mainhand ms -1
I/DH2Native(19142): Player attack track ready | clip 1091 | tracks 26 | unbound 0 | attack_mainhand ms -1
I/DH2Native(19142): Player attack track ready | clip 1093 | tracks 26 | unbound 0 | attack_mainhand ms -1
I/DH2Native(19142): Player attack track ready | clip 1043 | tracks 26 | unbound 0 | attack_mainhand ms -1
I/DH2Native(19142): Player attack track ready | clip 994 | tracks 26 | unbound 0 | attack_mainhand ms -1
I/DH2Native(19142): Player attack track ready | clip 1044 | tracks 25 | unbound 0 | attack_mainhand ms -1
I/DH2Native(19142): Player attack track ready | clip 1096 | tracks 14 | unbound 0 | attack_mainhand ms -1
I/DH2Native(19142): Player attack track ready | clip 1103 | tracks 26 | unbound 0 | attack_mainhand ms -1
I/DH2Native(19142): Player attack track ready | clip 1107 | tracks 25 | unbound 0 | attack_mainhand ms -1
I/DH2Native(19142): Player attack track ready | clip 1104 | tracks 27 | unbound 0 | attack_mainhand ms -1
I/DH2Native(19142): Player attack track ready | clip 1108 | tracks 27 | unbound 0 | attack_mainhand ms -1
I/DH2Native(19142): Player attack track ready | clip 1101 | tracks 26 | unbound 0 | attack_mainhand ms -1
I/DH2Native(19142): Player attack track ready | clip 1105 | tracks 25 | unbound 0 | attack_mainhand ms -1
I/DH2Native(19142): Player attack track ready | clip 1100 | tracks 26 | unbound 0 | attack_mainhand ms -1
I/DH2Native(19142): Player attack track ready | clip 1097 | tracks 25 | unbound 0 | attack_mainhand ms -1
I/DH2Native(19142): Player attack track ready | clip 1234 | tracks 25 | unbound 0 | attack_mainhand ms -1
I/DH2Native(19142): Player attack track ready | clip 1239 | tracks 25 | unbound 0 | attack_mainhand ms -1
I/DH2Native(19142): Player attack track ready | clip 1238 | tracks 25 | unbound 0 | attack_mainhand ms -1
I/DH2Native(19142): Player attack track ready | clip 1035 | tracks 23 | unbound 0 | attack_mainhand ms -1
I/DH2Native(19142): Player attack track ready | clip 1036 | tracks 23 | unbound 0 | attack_mainhand ms -1
I/DH2Native(19142): Player attack track ready | clip 986 | tracks 25 | unbound 0 | attack_mainhand ms -1
I/DH2Native(19142): Player attack track ready | clip 974 | tracks 25 | unbound 0 | attack_mainhand ms -1
I/DH2Native(19142): Player attack track ready | clip 976 | tracks 25 | unbound 0 | attack_mainhand ms -1
I/DH2Native(19142): Player attack track ready | clip 988 | tracks 25 | unbound 0 | attack_mainhand ms -1
I/DH2Native(19142): Player attack track ready | clip 978 | tracks 25 | unbound 0 | attack_mainhand ms -1
I/DH2Native(19142): Player attack track ready | clip 980 | tracks 25 | unbound 0 | attack_mainhand ms -1
I/DH2Native(19142): Player attack track ready | clip 990 | tracks 25 | unbound 0 | attack_mainhand ms -1
I/DH2Native(19142): Player attack track ready | clip 984 | tracks 25 | unbound 0 | attack_mainhand ms -1
I/DH2Native(19142): Player attack track ready | clip 985 | tracks 26 | unbound 0 | attack_mainhand ms -1
I/DH2Native(19142): Player attack track ready | clip 973 | tracks 25 | unbound 0 | attack_mainhand ms 333
I/DH2Native(19142): Player attack track ready | clip 975 | tracks 25 | unbound 0 | attack_mainhand ms -1
I/DH2Native(19142): Player attack track ready | clip 987 | tracks 25 | unbound 0 | attack_mainhand ms -1
I/DH2Native(19142): Player attack track ready | clip 977 | tracks 25 | unbound 0 | attack_mainhand ms 1066
I/DH2Native(19142): Player attack track ready | clip 979 | tracks 25 | unbound 0 | attack_mainhand ms -1
I/DH2Native(19142): Player attack track ready | clip 989 | tracks 25 | unbound 0 | attack_mainhand ms -1
I/DH2Native(19142): Player attack track ready | clip 981 | tracks 25 | unbound 0 | attack_mainhand ms 1799
I/DH2Native(19142): Player attack track ready | clip 983 | tracks 25 | unbound 0 | attack_mainhand ms -1
I/DH2Native(19142): Player attack track ready | clip 1233 | tracks 24 | unbound 0 | attack_mainhand ms -1
I/DH2Native(19142): Player attack track ready | clip 1037 | tracks 23 | unbound 0 | attack_mainhand ms -1
I/DH2Native(19142): Player attack track ready | clip 1038 | tracks 23 | unbound 0 | attack_mainhand ms -1
I/DH2Native(19142): Player attack track ready | clip 1016 | tracks 23 | unbound 0 | attack_mainhand ms -1
I/DH2Native(19142): Player attack track ready | clip 1000 | tracks 25 | unbound 0 | attack_mainhand ms 333
I/DH2Native(19142): Player attack track ready | clip 1011 | tracks 27 | unbound 0 | attack_mainhand ms -1
I/DH2Native(19142): Player attack track ready | clip 1018 | tracks 25 | unbound 0 | attack_mainhand ms -1
I/DH2Native(19142): Player attack track ready | clip 1003 | tracks 27 | unbound 0 | attack_mainhand ms -1
I/DH2Native(19142): Player attack track ready | clip 1012 | tracks 25 | unbound 0 | attack_mainhand ms -1
I/DH2Native(19142): Player attack track ready | clip 1020 | tracks 25 | unbound 0 | attack_mainhand ms -1
I/DH2Native(19142): Player attack track ready | clip 1006 | tracks 25 | unbound 0 | attack_mainhand ms 1566
I/DH2Native(19142): Player attack track ready | clip 1013 | tracks 25 | unbound 0 | attack_mainhand ms -1
I/DH2Native(19142): Player attack track ready | clip 1022 | tracks 25 | unbound 0 | attack_mainhand ms -1
I/DH2Native(19142): Player attack track ready | clip 1009 | tracks 25 | unbound 0 | attack_mainhand ms -1
I/DH2Native(19142): Player attack track ready | clip 1014 | tracks 25 | unbound 0 | attack_mainhand ms -1
I/DH2Native(19142): Player attack track ready | clip 1015 | tracks 25 | unbound 0 | attack_mainhand ms -1
I/DH2Native(19142): Player attack track ready | clip 999 | tracks 25 | unbound 0 | attack_mainhand ms 400
I/DH2Native(19142): Player attack track ready | clip 1001 | tracks 25 | unbound 0 | attack_mainhand ms -1
I/DH2Native(19142): Player attack track ready | clip 1017 | tracks 25 | unbound 0 | attack_mainhand ms -1
I/DH2Native(19142): Player attack track ready | clip 1002 | tracks 25 | unbound 0 | attack_mainhand ms 866
I/DH2Native(19142): Player attack track ready | clip 1004 | tracks 25 | unbound 0 | attack_mainhand ms -1
I/DH2Native(19142): Player attack track ready | clip 1019 | tracks 25 | unbound 0 | attack_mainhand ms -1
I/DH2Native(19142): Player attack track ready | clip 1005 | tracks 25 | unbound 0 | attack_mainhand ms 1500
I/DH2Native(19142): Player attack track ready | clip 1007 | tracks 25 | unbound 0 | attack_mainhand ms -1
I/DH2Native(19142): Player attack track ready | clip 1021 | tracks 25 | unbound 0 | attack_mainhand ms -1
I/DH2Native(19142): Player attack track ready | clip 1008 | tracks 25 | unbound 0 | attack_mainhand ms 2266
I/DH2Native(19142): Player attack track ready | clip 1010 | tracks 25 | unbound 0 | attack_mainhand ms -1
I/DH2Native(19142): Player attack track ready | clip 1147 | tracks 27 | unbound 2 | attack_mainhand ms -1
I/DH2Native(19142): Player attack track ready | clip 1133 | tracks 27 | unbound 2 | attack_mainhand ms 1633
I/DH2Native(19142): Player attack track ready | clip 1146 | tracks 25 | unbound 2 | attack_mainhand ms -1
I/DH2Native(19142): Player attack track ready | clip 1218 | tracks 27 | unbound 0 | attack_mainhand ms -1
I/DH2Native(19142): Player attack track ready | clip 1039 | tracks 25 | unbound 0 | attack_mainhand ms -1
I/DH2Native(19142): Player attack track ready | clip 1077 | tracks 18 | unbound 0 | attack_mainhand ms -1
I/DH2Native(19142): Player attack track ready | clip 1078 | tracks 18 | unbound 0 | attack_mainhand ms -1
I/DH2Native(19142): Player attack track ready | clip 1079 | tracks 20 | unbound 0 | attack_mainhand ms -1
I/DH2Native(19142): Player attack track ready | clip 1143 | tracks 24 | unbound 0 | attack_mainhand ms -1
I/DH2Native(19142): Player attack track ready | clip 1138 | tracks 0 | unbound 0 | attack_mainhand ms -1
I/DH2Native(19142): Player attack track ready | clip 1136 | tracks 24 | unbound 0 | attack_mainhand ms -1
I/DH2Native(19142): Player attack track ready | clip 1137 | tracks 24 | unbound 0 | attack_mainhand ms -1
I/DH2Native(19142): Base class snapshot | _prim_tmp_cultist01 | character Crypt_Skeleton | class 18 | level raw 256 | Max_HP raw 12160 | Max_MP raw 5632 | checksum 41ae0e800682474e | cached only
I/DH2Native(19142): Resolved properties | _prim_tmp_cultist01 | character Crypt_Skeleton | HP raw -1 | Max_HP raw 12160 | MP raw -1 | Max_MP raw 5632 | checksum 41ae0e800682474e | supplied sheets only
I/DH2Native(19142): Spawn vitals | _prim_tmp_cultist01 | character Crypt_Skeleton | HP raw 12160 | Max_HP raw 12160 | MP raw 5632 | Max_MP raw 5632 | first HP add raw 12160 | first MP add raw 5632 | second HP add raw 1 | second MP add raw 1 | checksum ee913bf1bab19e05 | passes 2
I/DH2Native(19142): Combat result probe | _prim_tmp_cultist01 | character Crypt_Skeleton | amount 2030 | dot element -1 | dot duration 0 | dot amount 0 | HP leech 0 | MP leech 0 | outcomes 0 | mask 2271925 | category -1 | element -1 | seed 11805120 | calls 9 | validation only
I/DH2Native(19142): Health probe | _prim_tmp_cultist01 | character Crypt_Skeleton | damage 256 | add -256 | before 12160 | after 11904 | kill 0 | armed 1 | cue 0 | lifecycle -1 | dead skip 0 | validation only
I/DH2Native(19142): Health probe | _prim_tmp_cultist01 | character Crypt_Skeleton | damage 16384 | add -16384 | before 12160 | after 0 | kill 1 | armed 1 | cue 0 | lifecycle 3 | dead skip 0 | validation only
I/DH2Native(19142): Original idle selected | skeleton.bdae | table 62 | sequence 596 | step 0 | clip 1194 | skeleton_idle_01.bdae | speed 1.0000 | actor _prim_tmp_cultist01
I/DH2Native(19142): Actor event track ready | skeleton.bdae | clip 1178 | groups 1 | attack_mainhand ms 100
I/DH2Native(19142): Actor event track ready | skeleton.bdae | clip 1179 | groups 0 | attack_mainhand ms -1
I/DH2Native(19142): Actor event track ready | skeleton.bdae | clip 1180 | groups 1 | attack_mainhand ms 100
I/DH2Native(19142): Actor event track ready | skeleton.bdae | clip 1181 | groups 0 | attack_mainhand ms -1
I/DH2Native(19142): Actor event track ready | skeleton.bdae | clip 1185 | groups 0 | attack_mainhand ms -1
I/DH2Native(19142): Actor event track ready | skeleton.bdae | clip 1194 | groups 0 | attack_mainhand ms -1
I/DH2Native(19142): Actor event track ready | skeleton.bdae | clip 1195 | groups 0 | attack_mainhand ms -1
I/DH2Native(19142): Actor event track ready | skeleton.bdae | clip 1197 | groups 0 | attack_mainhand ms -1
I/DH2Native(19142): Actor event track ready | skeleton.bdae | clip 1198 | groups 0 | attack_mainhand ms -1
I/DH2Native(19142): Actor event track ready | skeleton.bdae | clip 1204 | groups 0 | attack_mainhand ms -1
I/DH2Native(19142): Actor clip bank ready | skeleton.bdae | clips 10 | independent instance clocks
I/DH2Native(19142): Object resource skeleton.bdae | primitives 1 | tracks 23 | unbound 3 | unsupported 0 | removed helpers 2
I/DH2Native(19142): Base class snapshot | _prim_tmp_cultist03 | character Crypt_Skeleton | class 18 | level raw 256 | Max_HP raw 12160 | Max_MP raw 5632 | checksum 41ae0e800682474e | cached only
I/DH2Native(19142): Resolved properties | _prim_tmp_cultist03 | character Crypt_Skeleton | HP raw -1 | Max_HP raw 12160 | MP raw -1 | Max_MP raw 5632 | checksum 41ae0e800682474e | supplied sheets only
I/DH2Native(19142): Spawn vitals | _prim_tmp_cultist03 | character Crypt_Skeleton | HP raw 12160 | Max_HP raw 12160 | MP raw 5632 | Max_MP raw 5632 | first HP add raw 12160 | first MP add raw 5632 | second HP add raw 1 | second MP add raw 1 | checksum ee913bf1bab19e05 | passes 2
I/DH2Native(19142): Combat result probe | _prim_tmp_cultist03 | character Crypt_Skeleton | amount 2030 | dot element -1 | dot duration 0 | dot amount 0 | HP leech 0 | MP leech 0 | outcomes 0 | mask 2271925 | category -1 | element -1 | seed 11805120 | calls 9 | validation only
I/DH2Native(19142): Health probe | _prim_tmp_cultist03 | character Crypt_Skeleton | damage 256 | add -256 | before 12160 | after 11904 | kill 0 | armed 1 | cue 0 | lifecycle -1 | dead skip 0 | validation only
I/DH2Native(19142): Health probe | _prim_tmp_cultist03 | character Crypt_Skeleton | damage 16384 | add -16384 | before 12160 | after 0 | kill 1 | armed 1 | cue 0 | lifecycle 3 | dead skip 0 | validation only
I/DH2Native(19142): Original idle selected | skeleton.bdae | table 62 | sequence 596 | step 1 | clip 1195 | skeleton_idle_02.bdae | speed 1.0000 | actor _prim_tmp_cultist03
I/DH2Native(19142): Base class snapshot | _prim_tmp_cultist05 | character CryptSlime | class 18 | level raw 256 | Max_HP raw 12160 | Max_MP raw 5632 | checksum e0cad1d302226d0f | cached only
I/DH2Native(19142): Resolved properties | _prim_tmp_cultist05 | character CryptSlime | HP raw -1 | Max_HP raw 12160 | MP raw -1 | Max_MP raw 5632 | checksum e0cad1d302226d0f | supplied sheets only
I/DH2Native(19142): Spawn vitals | _prim_tmp_cultist05 | character CryptSlime | HP raw 12160 | Max_HP raw 12160 | MP raw 5632 | Max_MP raw 5632 | first HP add raw 12160 | first MP add raw 5632 | second HP add raw 1 | second MP add raw 1 | checksum a1f87e373eade438 | passes 2
I/DH2Native(19142): Combat result probe | _prim_tmp_cultist05 | character CryptSlime | amount 2036 | dot element -1 | dot duration 0 | dot amount 0 | HP leech 0 | MP leech 0 | outcomes 0 | mask 2271925 | category -1 | element -1 | seed 3406292 | calls 9 | validation only
I/DH2Native(19142): Health probe | _prim_tmp_cultist05 | character CryptSlime | damage 256 | add -256 | before 12160 | after 11904 | kill 0 | armed 1 | cue 0 | lifecycle -1 | dead skip 0 | validation only
I/DH2Native(19142): Health probe | _prim_tmp_cultist05 | character CryptSlime | damage 16384 | add -16384 | before 12160 | after 0 | kill 1 | armed 1 | cue 0 | lifecycle 3 | dead skip 0 | validation only
I/DH2Native(19142): Original idle selected | slime_green_v2.bdae | table 64 | sequence 613 | step 5 | clip 1259 | slime_idle_02.bdae | speed 1.0000 | actor _prim_tmp_cultist05
I/DH2Native(19142): Actor event track ready | slime_green_v2.bdae | clip 1246 | groups 1 | attack_mainhand ms 266
I/DH2Native(19142): Actor event track ready | slime_green_v2.bdae | clip 1247 | groups 0 | attack_mainhand ms -1
I/DH2Native(19142): Actor event track ready | slime_green_v2.bdae | clip 1248 | groups 1 | attack_mainhand ms 300
I/DH2Native(19142): Actor event track ready | slime_green_v2.bdae | clip 1249 | groups 0 | attack_mainhand ms -1
I/DH2Native(19142): Actor event track ready | slime_green_v2.bdae | clip 1251 | groups 0 | attack_mainhand ms -1
I/DH2Native(19142): Actor event track ready | slime_green_v2.bdae | clip 1258 | groups 0 | attack_mainhand ms -1
I/DH2Native(19142): Actor event track ready | slime_green_v2.bdae | clip 1259 | groups 0 | attack_mainhand ms -1
I/DH2Native(19142): Actor event track ready | slime_green_v2.bdae | clip 1261 | groups 0 | attack_mainhand ms -1
I/DH2Native(19142): Actor event track ready | slime_green_v2.bdae | clip 1262 | groups 0 | attack_mainhand ms -1
I/DH2Native(19142): Actor event track ready | slime_green_v2.bdae | clip 1268 | groups 0 | attack_mainhand ms -1
I/DH2Native(19142): Actor clip bank ready | slime_green_v2.bdae | clips 10 | independent instance clocks
I/DH2Native(19142): Object resource slime_green_v2.bdae | primitives 2 | tracks 12 | unbound 0 | unsupported 0 | removed helpers 0
I/DH2Native(19142): Base class snapshot | _prim_tmp_cultist06 | character CryptSlime | class 18 | level raw 256 | Max_HP raw 12160 | Max_MP raw 5632 | checksum e0cad1d302226d0f | cached only
I/DH2Native(19142): Resolved properties | _prim_tmp_cultist06 | character CryptSlime | HP raw -1 | Max_HP raw 12160 | MP raw -1 | Max_MP raw 5632 | checksum e0cad1d302226d0f | supplied sheets only
I/DH2Native(19142): Spawn vitals | _prim_tmp_cultist06 | character CryptSlime | HP raw 12160 | Max_HP raw 12160 | MP raw 5632 | Max_MP raw 5632 | first HP add raw 12160 | first MP add raw 5632 | second HP add raw 1 | second MP add raw 1 | checksum a1f87e373eade438 | passes 2
I/DH2Native(19142): Combat result probe | _prim_tmp_cultist06 | character CryptSlime | amount 2036 | dot element -1 | dot duration 0 | dot amount 0 | HP leech 0 | MP leech 0 | outcomes 0 | mask 2271925 | category -1 | element -1 | seed 3406292 | calls 9 | validation only
I/DH2Native(19142): Health probe | _prim_tmp_cultist06 | character CryptSlime | damage 256 | add -256 | before 12160 | after 11904 | kill 0 | armed 1 | cue 0 | lifecycle -1 | dead skip 0 | validation only
I/DH2Native(19142): Health probe | _prim_tmp_cultist06 | character CryptSlime | damage 16384 | add -16384 | before 12160 | after 0 | kill 1 | armed 1 | cue 0 | lifecycle 3 | dead skip 0 | validation only
I/DH2Native(19142): Original idle selected | slime_green_v2.bdae | table 64 | sequence 613 | step 5 | clip 1259 | slime_idle_02.bdae | speed 1.0000 | actor _prim_tmp_cultist06
I/DH2Native(19142): Base class snapshot | _prim_tmp_cultist07 | character Crypt_Skeleton | class 18 | level raw 256 | Max_HP raw 12160 | Max_MP raw 5632 | checksum 41ae0e800682474e | cached only
I/DH2Native(19142): Resolved properties | _prim_tmp_cultist07 | character Crypt_Skeleton | HP raw -1 | Max_HP raw 12160 | MP raw -1 | Max_MP raw 5632 | checksum 41ae0e800682474e | supplied sheets only
I/DH2Native(19142): Spawn vitals | _prim_tmp_cultist07 | character Crypt_Skeleton | HP raw 12160 | Max_HP raw 12160 | MP raw 5632 | Max_MP raw 5632 | first HP add raw 12160 | first MP add raw 5632 | second HP add raw 1 | second MP add raw 1 | checksum ee913bf1bab19e05 | passes 2
I/DH2Native(19142): Combat result probe | _prim_tmp_cultist07 | character Crypt_Skeleton | amount 2030 | dot element -1 | dot duration 0 | dot amount 0 | HP leech 0 | MP leech 0 | outcomes 0 | mask 2271925 | category -1 | element -1 | seed 11805120 | calls 9 | validation only
I/DH2Native(19142): Health probe | _prim_tmp_cultist07 | character Crypt_Skeleton | damage 256 | add -256 | before 12160 | after 11904 | kill 0 | armed 1 | cue 0 | lifecycle -1 | dead skip 0 | validation only
I/DH2Native(19142): Health probe | _prim_tmp_cultist07 | character Crypt_Skeleton | damage 16384 | add -16384 | before 12160 | after 0 | kill 1 | armed 1 | cue 0 | lifecycle 3 | dead skip 0 | validation only
I/DH2Native(19142): Original idle selected | skeleton.bdae | table 62 | sequence 596 | step 0 | clip 1194 | skeleton_idle_01.bdae | speed 1.0000 | actor _prim_tmp_cultist07
I/DH2Native(19142): Base class snapshot | _prim_tmp_cultist08 | character Crypt_Skeleton | class 18 | level raw 256 | Max_HP raw 12160 | Max_MP raw 5632 | checksum 41ae0e800682474e | cached only
I/DH2Native(19142): Resolved properties | _prim_tmp_cultist08 | character Crypt_Skeleton | HP raw -1 | Max_HP raw 12160 | MP raw -1 | Max_MP raw 5632 | checksum 41ae0e800682474e | supplied sheets only
I/DH2Native(19142): Spawn vitals | _prim_tmp_cultist08 | character Crypt_Skeleton | HP raw 12160 | Max_HP raw 12160 | MP raw 5632 | Max_MP raw 5632 | first HP add raw 12160 | first MP add raw 5632 | second HP add raw 1 | second MP add raw 1 | checksum ee913bf1bab19e05 | passes 2
I/DH2Native(19142): Combat result probe | _prim_tmp_cultist08 | character Crypt_Skeleton | amount 2030 | dot element -1 | dot duration 0 | dot amount 0 | HP leech 0 | MP leech 0 | outcomes 0 | mask 2271925 | category -1 | element -1 | seed 11805120 | calls 9 | validation only
I/DH2Native(19142): Health probe | _prim_tmp_cultist08 | character Crypt_Skeleton | damage 256 | add -256 | before 12160 | after 11904 | kill 0 | armed 1 | cue 0 | lifecycle -1 | dead skip 0 | validation only
I/DH2Native(19142): Health probe | _prim_tmp_cultist08 | character Crypt_Skeleton | damage 16384 | add -16384 | before 12160 | after 0 | kill 1 | armed 1 | cue 0 | lifecycle 3 | dead skip 0 | validation only
I/DH2Native(19142): Original idle selected | skeleton.bdae | table 62 | sequence 596 | step 1 | clip 1195 | skeleton_idle_02.bdae | speed 1.0000 | actor _prim_tmp_cultist08
I/DH2Native(19142): Object resource crypt_candles2_small.bdae | primitives 3 | tracks 5 | unbound 0 | unsupported 0 | removed helpers 1
I/DH2Native(19142): Object resource crypt_candlestand_big.bdae | primitives 4 | tracks 3 | unbound 0 | unsupported 0 | removed helpers 2
I/DH2Native(19142): Object resource crypt_candlestand.bdae | primitives 4 | tracks 7 | unbound 0 | unsupported 0 | removed helpers 2
I/DH2Native(19142): Object resource crypt_candle2.bdae | primitives 3 | tracks 3 | unbound 0 | unsupported 0 | removed helpers 1
I/DH2Native(19142): Object resource crypt_candle1_small.bdae | primitives 3 | tracks 3 | unbound 0 | unsupported 0 | removed helpers 1
I/DH2Native(19142): Object resource crypt_candles.bdae | primitives 3 | tracks 7 | unbound 0 | unsupported 0 | removed helpers 1
I/DH2Native(19142): Object resource swamp_caveentrance_effect.bdae | primitives 1 | tracks 0 | unbound 0 | unsupported 3 | removed helpers 0
I/DH2Native(19142): Object resource crypt_candle_big.bdae | primitives 3 | tracks 3 | unbound 0 | unsupported 0 | removed helpers 1
I/DH2Native(19142): Base class snapshot | _prim_Monster | character CryptSlime | class 18 | level raw 256 | Max_HP raw 12160 | Max_MP raw 5632 | checksum e0cad1d302226d0f | cached only
I/DH2Native(19142): Resolved properties | _prim_Monster | character CryptSlime | HP raw -1 | Max_HP raw 12160 | MP raw -1 | Max_MP raw 5632 | checksum e0cad1d302226d0f | supplied sheets only
I/DH2Native(19142): Spawn vitals | _prim_Monster | character CryptSlime | HP raw 12160 | Max_HP raw 12160 | MP raw 5632 | Max_MP raw 5632 | first HP add raw 12160 | first MP add raw 5632 | second HP add raw 1 | second MP add raw 1 | checksum a1f87e373eade438 | passes 2
I/DH2Native(19142): Combat result probe | _prim_Monster | character CryptSlime | amount 2036 | dot element -1 | dot duration 0 | dot amount 0 | HP leech 0 | MP leech 0 | outcomes 0 | mask 2271925 | category -1 | element -1 | seed 3406292 | calls 9 | validation only
I/DH2Native(19142): Health probe | _prim_Monster | character CryptSlime | damage 256 | add -256 | before 12160 | after 11904 | kill 0 | armed 1 | cue 0 | lifecycle -1 | dead skip 0 | validation only
I/DH2Native(19142): Health probe | _prim_Monster | character CryptSlime | damage 16384 | add -16384 | before 12160 | after 0 | kill 1 | armed 1 | cue 0 | lifecycle 3 | dead skip 0 | validation only
I/DH2Native(19142): Original idle selected | slime_green_v2.bdae | table 64 | sequence 613 | step 1 | clip 1258 | slime_idle.bdae | speed 1.0000 | actor _prim_Monster
I/DH2Native(19142): Base class snapshot | _prim_Monster02 | character CryptSlime_RE | class 18 | level raw 256 | Max_HP raw 12160 | Max_MP raw 5632 | checksum eb471073d49b2c44 | cached only
I/DH2Native(19142): Resolved properties | _prim_Monster02 | character CryptSlime_RE | HP raw -1 | Max_HP raw 12160 | MP raw -1 | Max_MP raw 5632 | checksum eb471073d49b2c44 | supplied sheets only
I/DH2Native(19142): Spawn vitals | _prim_Monster02 | character CryptSlime_RE | HP raw 12160 | Max_HP raw 12160 | MP raw 5632 | Max_MP raw 5632 | first HP add raw 12160 | first MP add raw 5632 | second HP add raw 1 | second MP add raw 1 | checksum 6eba0582f78691bb | passes 2
I/DH2Native(19142): Combat result probe | _prim_Monster02 | character CryptSlime_RE | amount 2135 | dot element -1 | dot duration 0 | dot amount 0 | HP leech 0 | MP leech 0 | outcomes 0 | mask 2271925 | category -1 | element -1 | seed 7440849 | calls 9 | validation only
I/DH2Native(19142): Health probe | _prim_Monster02 | character CryptSlime_RE | damage 256 | add -256 | before 12160 | after 11904 | kill 0 | armed 1 | cue 0 | lifecycle -1 | dead skip 0 | validation only
I/DH2Native(19142): Health probe | _prim_Monster02 | character CryptSlime_RE | damage 16384 | add -16384 | before 12160 | after 0 | kill 1 | armed 1 | cue 0 | lifecycle 3 | dead skip 0 | validation only
I/DH2Native(19142): Original idle selected | slime_green_v2.bdae | table 64 | sequence 613 | step 0 | clip 1258 | slime_idle.bdae | speed 1.0000 | actor _prim_Monster02
I/DH2Native(19142): Base class snapshot | _prim_Monster05 | character CryptSlime | class 18 | level raw 256 | Max_HP raw 12160 | Max_MP raw 5632 | checksum e0cad1d302226d0f | cached only
I/DH2Native(19142): Resolved properties | _prim_Monster05 | character CryptSlime | HP raw -1 | Max_HP raw 12160 | MP raw -1 | Max_MP raw 5632 | checksum e0cad1d302226d0f | supplied sheets only
I/DH2Native(19142): Spawn vitals | _prim_Monster05 | character CryptSlime | HP raw 12160 | Max_HP raw 12160 | MP raw 5632 | Max_MP raw 5632 | first HP add raw 12160 | first MP add raw 5632 | second HP add raw 1 | second MP add raw 1 | checksum a1f87e373eade438 | passes 2
I/DH2Native(19142): Combat result probe | _prim_Monster05 | character CryptSlime | amount 2036 | dot element -1 | dot duration 0 | dot amount 0 | HP leech 0 | MP leech 0 | outcomes 0 | mask 2271925 | category -1 | element -1 | seed 3406292 | calls 9 | validation only
I/DH2Native(19142): Health probe | _prim_Monster05 | character CryptSlime | damage 256 | add -256 | before 12160 | after 11904 | kill 0 | armed 1 | cue 0 | lifecycle -1 | dead skip 0 | validation only
I/DH2Native(19142): Health probe | _prim_Monster05 | character CryptSlime | damage 16384 | add -16384 | before 12160 | after 0 | kill 1 | armed 1 | cue 0 | lifecycle 3 | dead skip 0 | validation only
I/DH2Native(19142): Original idle selected | slime_green_v2.bdae | table 64 | sequence 613 | step 4 | clip 1258 | slime_idle.bdae | speed 1.0000 | actor _prim_Monster05
I/DH2Native(19142): Object resource crypt_candle1.bdae | primitives 3 | tracks 3 | unbound 0 | unsupported 0 | removed helpers 1
I/DH2Native(19142): Base class snapshot | _prim_Monster_Ghost05 | character Crypt_Ghost | class 18 | level raw 256 | Max_HP raw 12160 | Max_MP raw 5632 | checksum 37563d932af809fb | cached only
I/DH2Native(19142): Resolved properties | _prim_Monster_Ghost05 | character Crypt_Ghost | HP raw -1 | Max_HP raw 12160 | MP raw -1 | Max_MP raw 5632 | checksum 37563d932af809fb | supplied sheets only
I/DH2Native(19142): Spawn vitals | _prim_Monster_Ghost05 | character Crypt_Ghost | HP raw 12160 | Max_HP raw 12160 | MP raw 5632 | Max_MP raw 5632 | first HP add raw 12160 | first MP add raw 5632 | second HP add raw 1 | second MP add raw 1 | checksum e41199bf55080334 | passes 2
I/DH2Native(19142): Combat result probe | _prim_Monster_Ghost05 | character Crypt_Ghost | amount 2263 | dot element -1 | dot duration 0 | dot amount 0 | HP leech 0 | MP leech 0 | outcomes 0 | mask 2271925 | category -1 | element -1 | seed 3474079 | calls 9 | validation only
I/DH2Native(19142): Health probe | _prim_Monster_Ghost05 | character Crypt_Ghost | damage 256 | add -256 | before 12160 | after 11904 | kill 0 | armed 1 | cue 0 | lifecycle -1 | dead skip 0 | validation only
I/DH2Native(19142): Health probe | _prim_Monster_Ghost05 | character Crypt_Ghost | damage 16384 | add -16384 | before 12160 | after 0 | kill 1 | armed 1 | cue 0 | lifecycle 3 | dead skip 0 | validation only
I/DH2Native(19142): Original idle selected | ghost.bdae | table 24 | sequence 210 | step 0 | clip 706 | ghost_idle_01.bdae | speed 1.3000 | actor _prim_Monster_Ghost05
I/DH2Native(19142): Actor event track ready | ghost.bdae | clip 697 | groups 1 | attack_mainhand ms 999
I/DH2Native(19142): Actor event track ready | ghost.bdae | clip 700 | groups 0 | attack_mainhand ms -1
I/DH2Native(19142): Actor event track ready | ghost.bdae | clip 706 | groups 0 | attack_mainhand ms -1
I/DH2Native(19142): Actor event track ready | ghost.bdae | clip 707 | groups 0 | attack_mainhand ms -1
I/DH2Native(19142): Actor event track ready | ghost.bdae | clip 710 | groups 0 | attack_mainhand ms -1
I/DH2Native(19142): Actor event track ready | ghost.bdae | clip 714 | groups 0 | attack_mainhand ms -1
I/DH2Native(19142): Actor event track ready | ghost.bdae | clip 717 | groups 0 | attack_mainhand ms -1
I/DH2Native(19142): Actor clip bank ready | ghost.bdae | clips 7 | independent instance clocks
I/DH2Native(19142): Object resource ghost.bdae | primitives 2 | tracks 24 | unbound 0 | unsupported 0 | removed helpers 2
I/DH2Native(19142): Base class snapshot | _prim_Monster_Ghost06 | character Crypt_Ghost | class 18 | level raw 256 | Max_HP raw 12160 | Max_MP raw 5632 | checksum 37563d932af809fb | cached only
I/DH2Native(19142): Resolved properties | _prim_Monster_Ghost06 | character Crypt_Ghost | HP raw -1 | Max_HP raw 12160 | MP raw -1 | Max_MP raw 5632 | checksum 37563d932af809fb | supplied sheets only
I/DH2Native(19142): Spawn vitals | _prim_Monster_Ghost06 | character Crypt_Ghost | HP raw 12160 | Max_HP raw 12160 | MP raw 5632 | Max_MP raw 5632 | first HP add raw 12160 | first MP add raw 5632 | second HP add raw 1 | second MP add raw 1 | checksum e41199bf55080334 | passes 2
I/DH2Native(19142): Combat result probe | _prim_Monster_Ghost06 | character Crypt_Ghost | amount 2263 | dot element -1 | dot duration 0 | dot amount 0 | HP leech 0 | MP leech 0 | outcomes 0 | mask 2271925 | category -1 | element -1 | seed 3474079 | calls 9 | validation only
I/DH2Native(19142): Health probe | _prim_Monster_Ghost06 | character Crypt_Ghost | damage 256 | add -256 | before 12160 | after 11904 | kill 0 | armed 1 | cue 0 | lifecycle -1 | dead skip 0 | validation only
I/DH2Native(19142): Health probe | _prim_Monster_Ghost06 | character Crypt_Ghost | damage 16384 | add -16384 | before 12160 | after 0 | kill 1 | armed 1 | cue 0 | lifecycle 3 | dead skip 0 | validation only
I/DH2Native(19142): Original idle selected | ghost.bdae | table 24 | sequence 210 | step 0 | clip 706 | ghost_idle_01.bdae | speed 1.3000 | actor _prim_Monster_Ghost06
I/DH2Native(19142): Base class snapshot | _prim_Monster_SURPRISE_01 | character Crypt_Ghost | class 18 | level raw 256 | Max_HP raw 12160 | Max_MP raw 5632 | checksum 37563d932af809fb | cached only
I/DH2Native(19142): Resolved properties | _prim_Monster_SURPRISE_01 | character Crypt_Ghost | HP raw -1 | Max_HP raw 12160 | MP raw -1 | Max_MP raw 5632 | checksum 37563d932af809fb | supplied sheets only
I/DH2Native(19142): Spawn vitals | _prim_Monster_SURPRISE_01 | character Crypt_Ghost | HP raw 12160 | Max_HP raw 12160 | MP raw 5632 | Max_MP raw 5632 | first HP add raw 12160 | first MP add raw 5632 | second HP add raw 1 | second MP add raw 1 | checksum e41199bf55080334 | passes 2
I/DH2Native(19142): Combat result probe | _prim_Monster_SURPRISE_01 | character Crypt_Ghost | amount 2263 | dot element -1 | dot duration 0 | dot amount 0 | HP leech 0 | MP leech 0 | outcomes 0 | mask 2271925 | category -1 | element -1 | seed 3474079 | calls 9 | validation only
I/DH2Native(19142): Health probe | _prim_Monster_SURPRISE_01 | character Crypt_Ghost | damage 256 | add -256 | before 12160 | after 11904 | kill 0 | armed 1 | cue 0 | lifecycle -1 | dead skip 0 | validation only
I/DH2Native(19142): Health probe | _prim_Monster_SURPRISE_01 | character Crypt_Ghost | damage 16384 | add -16384 | before 12160 | after 0 | kill 1 | armed 1 | cue 0 | lifecycle 3 | dead skip 0 | validation only
I/DH2Native(19142): Original idle selected | ghost.bdae | table 24 | sequence 210 | step 0 | clip 706 | ghost_idle_01.bdae | speed 1.3000 | actor _prim_Monster_SURPRISE_01
I/DH2Native(19142): Base class snapshot | _prim_Monster_SURPRISE_02 | character Crypt_Ghost | class 18 | level raw 256 | Max_HP raw 12160 | Max_MP raw 5632 | checksum 37563d932af809fb | cached only
I/DH2Native(19142): Resolved properties | _prim_Monster_SURPRISE_02 | character Crypt_Ghost | HP raw -1 | Max_HP raw 12160 | MP raw -1 | Max_MP raw 5632 | checksum 37563d932af809fb | supplied sheets only
I/DH2Native(19142): Spawn vitals | _prim_Monster_SURPRISE_02 | character Crypt_Ghost | HP raw 12160 | Max_HP raw 12160 | MP raw 5632 | Max_MP raw 5632 | first HP add raw 12160 | first MP add raw 5632 | second HP add raw 1 | second MP add raw 1 | checksum e41199bf55080334 | passes 2
I/DH2Native(19142): Combat result probe | _prim_Monster_SURPRISE_02 | character Crypt_Ghost | amount 2263 | dot element -1 | dot duration 0 | dot amount 0 | HP leech 0 | MP leech 0 | outcomes 0 | mask 2271925 | category -1 | element -1 | seed 3474079 | calls 9 | validation only
I/DH2Native(19142): Health probe | _prim_Monster_SURPRISE_02 | character Crypt_Ghost | damage 256 | add -256 | before 12160 | after 11904 | kill 0 | armed 1 | cue 0 | lifecycle -1 | dead skip 0 | validation only
I/DH2Native(19142): Health probe | _prim_Monster_SURPRISE_02 | character Crypt_Ghost | damage 16384 | add -16384 | before 12160 | after 0 | kill 1 | armed 1 | cue 0 | lifecycle 3 | dead skip 0 | validation only
I/DH2Native(19142): Original idle selected | ghost.bdae | table 24 | sequence 210 | step 0 | clip 706 | ghost_idle_01.bdae | speed 1.3000 | actor _prim_Monster_SURPRISE_02
I/DH2Native(19142): 3D upload OK | 4 draws | 586 triangles | 2 textures
I/DH2Native(19142): 29 animation tracks | 0 skipped | Preview lighting. Drag to orbit. | nodes 35 | skipped nongeometry instances 1 | skin draws 4 | segments 2
I/DH2Native(19142): Combat actor restored | _prim_tmp_cultist01 | HP 12160 | dead 0 | combo 0 | state Idle | cursor 456.0004 | events 0 | aggro 0 0 | target -1 | AI attack 0
I/DH2Native(19142): Combat actor restored | _prim_tmp_cultist03 | HP 12160 | dead 0 | combo 0 | state Idle | cursor 3690.0004 | events 0 | aggro 0 0 | target -1 | AI attack 0
I/DH2Native(19142): Combat actor restored | _prim_tmp_cultist07 | HP 12160 | dead 0 | combo 0 | state Idle | cursor 456.0004 | events 0 | aggro 0 0 | target -1 | AI attack 0
I/DH2Native(19142): Combat actor restored | _prim_tmp_cultist08 | HP 12160 | dead 0 | combo 0 | state Idle | cursor 3690.0004 | events 0 | aggro 0 0 | target -1 | AI attack 0
I/DH2Native(19142): Combat actor restored | _prim_tmp_cultist05 | HP 12160 | dead 0 | combo 0 | state Idle | cursor 458.0004 | events 0 | aggro 0 0 | target -1 | AI attack 0
I/DH2Native(19142): Combat actor restored | _prim_tmp_cultist06 | HP 12160 | dead 0 | combo 0 | state Idle | cursor 458.0004 | events 0 | aggro 0 0 | target -1 | AI attack 0
I/DH2Native(19142): Combat actor restored | _prim_Monster | HP 12160 | dead 0 | combo 0 | state Idle | cursor 458.0004 | events 0 | aggro 0 0 | target -1 | AI attack 0
I/DH2Native(19142): Combat actor restored | _prim_Monster02 | HP 12160 | dead 0 | combo 0 | state Idle | cursor 458.0004 | events 0 | aggro 0 0 | target -1 | AI attack 0
I/DH2Native(19142): Combat actor restored | _prim_Monster05 | HP 12160 | dead 0 | combo 0 | state Idle | cursor 458.0004 | events 0 | aggro 0 0 | target -1 | AI attack 0
I/DH2Native(19142): Combat actor restored | _prim_Monster_Ghost05 | HP 12160 | dead 0 | combo 0 | state Idle | cursor 725.7000 | events 0 | aggro 0 0 | target -1 | AI attack 0
I/DH2Native(19142): Combat actor restored | _prim_Monster_Ghost06 | HP 12160 | dead 0 | combo 0 | state Idle | cursor 725.7000 | events 0 | aggro 0 0 | target -1 | AI attack 0
I/DH2Native(19142): Combat actor restored | _prim_Monster_SURPRISE_01 | HP 25600 | dead 0 | combo 0 | state Idle | cursor 3548.1000 | events 0 | aggro 0 0 | target -1 | AI attack 0
I/DH2Native(19142): Combat actor restored | _prim_Monster_SURPRISE_02 | HP 25600 | dead 0 | combo 0 | state Idle | cursor 3444.1000 | events 0 | aggro 0 0 | target -1 | AI attack 0
I/DH2Native(19142): Player properties | KnightPlayerBase | HP 42265 | MP 6976 | checksum bb50c69358c8e302 | attempts 0 | attacking 0
I/DH2Native(19142): Prince blended bank ready | resources 116 | occurrences 158 | targets 83 | template 1111 | engine 0 | game clip 1111
I/DH2Native(19142): Blended character event | event 0x24 | clip 1111 | slot 0 | phase 5 | lag 0
I/DH2Native(19142): Blended character event | event 0x26 | clip 1111 | slot 0 | phase 5 | lag 0
I/DH2Native(19142): Character animation selected | state 3 | flags 2380 | sequence 262 | clip 1040 | actor state service
I/DH2Native(19142): Character state event | state 3 | event 1d | prior 3 | flags 2380
I/DH2Native(19142): Player source state | previous 3 | current 3 | event 0x0 | flags 2380 | root 262 | clip 1040 | position -1401.4871 19480.2910 636.4874 | Step 7
I/DH2Native(19142): Spawn body ready | _prim_Monster_SURPRISE_01 | creations 1 | radius 145.718735 | category 10 | mask d3f
I/DH2Native(19142): Gated character ready | _prim_Monster_SURPRISE_01 | source state 3 | presentation visible 1 | body 1 | Spawn sequence 213 | AI type 4 | restored 1
I/DH2Native(19142): Spawn body ready | _prim_Monster_SURPRISE_02 | creations 1 | radius 145.718735 | category 10 | mask d3f
I/DH2Native(19142): Gated character ready | _prim_Monster_SURPRISE_02 | source state 3 | presentation visible 1 | body 1 | Spawn sequence 213 | AI type 4 | restored 1
I/DH2Native(19142): Native actor ready | genuine bodies 83 | decor colliders 82 | radius 113.699577 | source bounds -1515.19 19449.5 -1287.79 19511 | flags 2380 | scene then Step then actor
I/DH2Native(19142): Native Level fields | ordinal 23 | hub 2 | random 1 | difficulty 0 | file 007_crypt_01.rule.xml | source ranges 8 10 / 45 47 / 74 76 | viewport owner; GSLevel stack pending
I/DH2Native(19142): CharAI constructor projections | characters 14 | native source-order registration records 14 | source Character associations 14 | active AIS initialization pending
I/DH2Native(19142): Native CharAI lifetime | fresh constructors 0 | retained owners 14 | graphics registry rebuilt
I/DH2Native(19142): Native Player buff snapshot | phase restore | count 1 | groups 1 | id 49 | instance 0x71728c16d570 | timer -1 | strength 1 | sheet 3bfdcdd0eb338a14 | same VM/properties/Coordinator
I/DH2Native(19142): Native Player buff property | phase restore | name Resistance_Fire | index 74 | buff 0 | resolved 192
I/DH2Native(19142): Native Player buff property | phase restore | name Resistance_Water | index 75 | buff 0 | resolved 192
I/DH2Native(19142): Native Player buff property | phase restore | name Resistance_Lightning | index 76 | buff 7680 | resolved 7872
I/DH2Native(19142): Native Player buff property | phase restore | name Resistance_Earth | index 77 | buff 0 | resolved 192
I/DH2Native(19142): Native Player buff property | phase restore | name Resistance_Air | index 78 | buff 0 | resolved 192
I/DH2Native(19142): Native Player skills retained | VM 0x71715c0449e0 | paths 15 | update attempts 330 | timer callbacks 0 | no preparation/OnInit replay
I/DH2Native(19142): Native managed host | Level 1 | difficulty 0 | property reads 1 | member writes 0 | offline embedded PlayerInfo; full profile/network pending
I/DH2Native(19142): Native Character classification | _prim_Monster_SURPRISE_01 | AI 68 | faction 7 | type 4 | monster 1 | player 0 | faerie 0 | NPC 0 | projected death 0 | source getters; autonomous frame pending
I/DH2Native(19142): Native Character zonability | _prim_Monster_SURPRISE_01 | zonable 1 | source classification; room enrollment pending
I/DH2Native(19142): Native monster initialization | _prim_Monster_SURPRISE_01 | Level 2048 | HP 25600 / 25600 | MP 23552 / 23552 | callbacks 1 | timers 2 | flags 183c | same VM published 1 | retained 1 | paused providers 2 | nonempty skills/autonomous frame pending
I/DH2Native(19142): Native Ghost skill initialization | _prim_Monster_SURPRISE_01 | phases 12345 | skills 0 | faeries 5 | null faeries 5 | post 1 | final 1 | update slots 0 5 | updates 0 | arguments 2 2 | Debug 2 2 | VCB 1 | path data/scripts/ai/ | retained 1 | bounded Ghost InitScriptProcess
I/DH2Native(19142): Native Ghost skill vector owner | _prim_Monster_SURPRISE_01 | faery storage 71729c110e10 | catalogue 7171ec05d5a8
I/DH2Native(19142): Native monster VM owner | _prim_Monster_SURPRISE_01 | native handle 71728c182ea0 | source active 71728c183120 | source pending 71728c183120
I/DH2Native(19142): Native monster timer retained | _prim_Monster_SURPRISE_01 | slot 0 | event 33 | duration 3000 | elapsed 0 | active 1 | paused 1
I/DH2Native(19142): Native monster timer retained | _prim_Monster_SURPRISE_01 | slot 1 | event 34 | duration 1000 | elapsed 0 | active 1 | paused 1
I/DH2Native(19142): Native Character classification | _prim_Monster_SURPRISE_02 | AI 68 | faction 7 | type 4 | monster 1 | player 0 | faerie 0 | NPC 0 | projected death 0 | source getters; autonomous frame pending
I/DH2Native(19142): Native Character zonability | _prim_Monster_SURPRISE_02 | zonable 1 | source classification; room enrollment pending
I/DH2Native(19142): Native monster initialization | _prim_Monster_SURPRISE_02 | Level 2048 | HP 25600 / 25600 | MP 23552 / 23552 | callbacks 1 | timers 2 | flags 183c | same VM published 1 | retained 1 | paused providers 2 | nonempty skills/autonomous frame pending
I/DH2Native(19142): Native Ghost skill initialization | _prim_Monster_SURPRISE_02 | phases 12345 | skills 0 | faeries 5 | null faeries 5 | post 1 | final 1 | update slots 0 5 | updates 0 | arguments 2 2 | Debug 2 2 | VCB 1 | path data/scripts/ai/ | retained 1 | bounded Ghost InitScriptProcess
I/DH2Native(19142): Native Ghost skill vector owner | _prim_Monster_SURPRISE_02 | faery storage 71729c1163d0 | catalogue 7171ec05d5a8
I/DH2Native(19142): Native monster VM owner | _prim_Monster_SURPRISE_02 | native handle 71728c181d60 | source active 71728c181fe0 | source pending 71728c181fe0
I/DH2Native(19142): Native monster timer retained | _prim_Monster_SURPRISE_02 | slot 0 | event 33 | duration 3000 | elapsed 0 | active 1 | paused 1
I/DH2Native(19142): Native monster timer retained | _prim_Monster_SURPRISE_02 | slot 1 | event 34 | duration 1000 | elapsed 0 | active 1 | paused 1
I/DH2Native(19142): Native Debug persistence | loaded 1 | switches 25 | read opens 1 | read closes 1 | saves 5 | write closes 5 | IO errors 0 | app-private real file
I/DH2Native(19142): Crypt script restored | activations 1 | requests 2 | ready 1 | running 0 | no Spawn replay
I/DH2Native(19142): Native Character list | characters 14 | owned nodes 14 | copied links 0 | full ObjectManager factory 0 | autonomous Ghost AI 0
I/DH2Native(19142): Objects ready | monsters 13 | decors 84 | resources 12 | instance draws 295 | triangles 6775 | character records 448 | model entries 116 | idle preview only
I/DH2Native(19142): Native floors ready | records 8 | graph nodes 335 | graph edges 838 | selector collision controls height
I/DH2Native(19142): Native floor links ready | neighbour relations 14 | validation references 998 | graph-node search ready
I/DH2Native(19142): Native graph route probe | floor pairs 64 | successful 64 | segments 1598 | state 5454073390c7d916 | endpoints and movement pending
I/DH2Native(19142): Native world route probe | floor pairs 64 | successful 64 | direct 0 | graph 64 | segments 2086 | state 3a3ab2a724cc383b | smoothing and movement pending
I/DH2Native(19142): Native FindPath probe | floor pairs 64 | successful 64 | owned 64 | segments 2086 | state 9356b419cae2bc57 | position controller pending
I/DH2Native(19142): Native floor motion probe | floor pairs 64 | position valid 64 | accepted 64 | direction valid 64 | state d60ad48039cc85c6 | controller and dynamic obstacles pending
I/DH2Native(19142): Native obstacle registry probe | floor pairs 64 | accepted 64 | registered 64 | relocated 56 | state 22a98dfc4102db51 | forces and controller pending
I/DH2Native(19142): Native avoidance probe | floors 8 | force contributions 16 | adjusted 8 | turn limited 8 | state 09d1d79d2612c945 | actor producers and controller pending
I/DH2Native(19142): Native actor producer probe | floors 8 | registered 8 | physical radius updates 8 | state 30c1f3ac1bf81145 | physical construction and controller pending
I/DH2Native(19142): Native heading control | player movement and melee facing use recovered source | UpdatePath rotation subobjects and genuine physics active
I/DH2Native(19142): World ready | rooms 8 | visual draws 101 | navigation triangles 314 | idle tracks 23 | walk tracks 27 | position -1401.4871 19480.2910 636.4874
I/DH2Native(19142): Prince blended inspection | frozen 0 | scene 0 | Step 0 | actor 0 | clip 1040 | ms 0 | body -14.0149 194.803 | pose 5f96fe6e2b6d998d
I/DH2Native(19142): worlds/crypt01.dwld: Crypt | 8 rooms | 13 monsters | 84 scenery objects
I/DH2Native(19142): 21612 triangles. Drag the movement control to walk.
I/DH2Native(19142): Actor command applied | index -1 | state null | time -1 | Crypt | 8 rooms | 13 monsters | 84 scenery objects
I/DH2Native(19142): 21612 triangles. Drag the movement control to walk.
I/DH2Native(19142): Surface resized to 1080 x 1824
I/DH2Native(19142): Native actor frame | scene 0 | Step 1 | actor 1 | source phase 5 | clip 1040 | ms 0 | replays 0 | body -14.0149 194.803 | contacts 0 0 | state 3 | body present 1 | timeline scale 1
I/DH2Native(19142): Model frame submitted at 1080 x 1824
I/DH2Native(19142): Surface resized to 1080 x 1867
I/DH2Native(19142): Source camera frame | 332 | 1080x1867 | matrix 40858cf8 baabbdfc ba1a002d ba18b901 3b59c711 3fd2a3b4 3f3ce13a 3f3b4ff4 00000000 3fe21b25 bf2ff5b2 bf2e7fdf 45b4c284 c7023e50 c63f2371 c63bff08 | frustum c4af0f62 468e50cb 44edfdaa ba18b8e4 3f3b4fff bf2e7fd3 c6bbbf53 3a18b900 bf3b4ff4 3f2e7fdf 463d8d5e bf78eb1a be2f60d7 3e22a4a4 44b5f7b0 3f78fce6 be2dcae1 3e22a4a4 4581bb1e 3a3de3e2 bf68e5d5 bed48d50 4687a7cf b99200ab 3eb311ff 3f6fd507 c5fed993 c585eba2 468e50cb c61ae22a 44b7d066 46ed65ed 44edfdaa
I/DH2Native(19142): Model frame submitted at 1080 x 1867
I/DH2Native(19142): Debug native monster damage | _prim_Monster_SURPRISE_01 | raw damage 256 | HP before 25600 | after 25344 | actual HitFor health kernel; shell fixture
I/DH2Native(19142): Debug Character hit command applied | Nonlethal source health change applied
I/DH2Native(19142): Mod asset loaded | worlds/crypt01.dwld | bytes 1048
I/DH2Native(19142): Native skill catalogue | skill lists 36 | skills 127 | faery lists 4 | faeries 16 | shared immutable tables; full skill callbacks pending
I/DH2Native(19142): Class tables ready | classes 260 | bytes 34224 | cached base snapshots
I/DH2Native(19142): Native level catalogue | fast travel 33 | levels 51 | Crypt row 23 | ranges 8 10 / 45 47 / 74 76 | GSLevel ownership pending
I/DH2Native(19142): AI tables ready | configs 76 | factions 16 | automatic melee 0 | pursuit and full FSM pending
I/DH2Native(19142): Property rules ready | defaults row 0 | types row 1 | properties 224 | supplied sheets only
I/DH2Native(19142): Animation tables ready | sequences 785 | characters 80 | clip paths 1447 | bytes 72812
I/DH2Native(19142): Player attack track ready | clip 1111 | tracks 81 | unbound 0 | attack_mainhand ms -1
I/DH2Native(19142): Player attack track ready | clip 1063 | tracks 29 | unbound 0 | attack_mainhand ms -1
I/DH2Native(19142): Player attack track ready | clip 1040 | tracks 23 | unbound 0 | attack_mainhand ms -1
I/DH2Native(19142): Player attack track ready | clip 1041 | tracks 24 | unbound 0 | attack_mainhand ms -1
I/DH2Native(19142): Player attack track ready | clip 1126 | tracks 25 | unbound 0 | attack_mainhand ms -1
I/DH2Native(19142): Player attack track ready | clip 1114 | tracks 27 | unbound 0 | attack_mainhand ms -1
I/DH2Native(19142): Player attack track ready | clip 968 | tracks 25 | unbound 0 | attack_mainhand ms -1
I/DH2Native(19142): Player attack track ready | clip 956 | tracks 25 | unbound 0 | attack_mainhand ms 333
I/DH2Native(19142): Player attack track ready | clip 964 | tracks 25 | unbound 0 | attack_mainhand ms -1
I/DH2Native(19142): Player attack track ready | clip 970 | tracks 25 | unbound 0 | attack_mainhand ms -1
I/DH2Native(19142): Player attack track ready | clip 959 | tracks 25 | unbound 0 | attack_mainhand ms 899
I/DH2Native(19142): Player attack track ready | clip 965 | tracks 25 | unbound 0 | attack_mainhand ms -1
I/DH2Native(19142): Player attack track ready | clip 972 | tracks 25 | unbound 0 | attack_mainhand ms -1
I/DH2Native(19142): Player attack track ready | clip 962 | tracks 25 | unbound 0 | attack_mainhand ms 1533
I/DH2Native(19142): Player attack track ready | clip 966 | tracks 25 | unbound 0 | attack_mainhand ms -1
I/DH2Native(19142): Player attack track ready | clip 967 | tracks 26 | unbound 0 | attack_mainhand ms -1
I/DH2Native(19142): Player attack track ready | clip 955 | tracks 26 | unbound 0 | attack_mainhand ms 300
I/DH2Native(19142): Player attack track ready | clip 957 | tracks 27 | unbound 0 | attack_mainhand ms -1
I/DH2Native(19142): Player attack track ready | clip 969 | tracks 26 | unbound 0 | attack_mainhand ms -1
I/DH2Native(19142): Player attack track ready | clip 958 | tracks 26 | unbound 0 | attack_mainhand ms 899
I/DH2Native(19142): Player attack track ready | clip 960 | tracks 27 | unbound 0 | attack_mainhand ms -1
I/DH2Native(19142): Player attack track ready | clip 971 | tracks 26 | unbound 0 | attack_mainhand ms -1
I/DH2Native(19142): Player attack track ready | clip 961 | tracks 26 | unbound 0 | attack_mainhand ms 1500
I/DH2Native(19142): Player attack track ready | clip 963 | tracks 26 | unbound 0 | attack_mainhand ms -1
I/DH2Native(19142): Player attack track ready | clip 1025 | tracks 25 | unbound 0 | attack_mainhand ms -1
I/DH2Native(19142): Player attack track ready | clip 1074 | tracks 27 | unbound 0 | attack_mainhand ms -1
I/DH2Native(19142): Player attack track ready | clip 1110 | tracks 25 | unbound 0 | attack_mainhand ms -1
I/DH2Native(19142): Player attack track ready | clip 1071 | tracks 25 | unbound 0 | attack_mainhand ms -1
I/DH2Native(19142): Player attack track ready | clip 1076 | tracks 29 | unbound 0 | attack_mainhand ms -1
I/DH2Native(19142): Player attack track ready | clip 1109 | tracks 28 | unbound 0 | attack_mainhand ms -1
I/DH2Native(19142): Player attack track ready | clip 1026 | tracks 30 | unbound 0 | attack_mainhand ms -1
I/DH2Native(19142): Player attack track ready | clip 1029 | tracks 28 | unbound 0 | attack_mainhand ms -1
I/DH2Native(19142): Player attack track ready | clip 1030 | tracks 27 | unbound 0 | attack_mainhand ms -1
I/DH2Native(19142): Player attack track ready | clip 1031 | tracks 27 | unbound 0 | attack_mainhand ms -1
I/DH2Native(19142): Player attack track ready | clip 1032 | tracks 27 | unbound 0 | attack_mainhand ms -1
I/DH2Native(19142): Player attack track ready | clip 991 | tracks 27 | unbound 0 | attack_mainhand ms -1
I/DH2Native(19142): Player attack track ready | clip 996 | tracks 27 | unbound 0 | attack_mainhand ms -1
I/DH2Native(19142): Player death track ready | clip 1023 | tracks 27 | unbound 0 | attack_mainhand ms -1
I/DH2Native(19142): Player attack track ready | clip 992 | tracks 26 | unbound 0 | attack_mainhand ms -1
I/DH2Native(19142): Player attack track ready | clip 1028 | tracks 29 | unbound 0 | attack_mainhand ms -1
I/DH2Native(19142): Player attack track ready | clip 1027 | tracks 26 | unbound 0 | attack_mainhand ms -1
I/DH2Native(19142): Player attack track ready | clip 1091 | tracks 26 | unbound 0 | attack_mainhand ms -1
I/DH2Native(19142): Player attack track ready | clip 1093 | tracks 26 | unbound 0 | attack_mainhand ms -1
I/DH2Native(19142): Player attack track ready | clip 1043 | tracks 26 | unbound 0 | attack_mainhand ms -1
I/DH2Native(19142): Player attack track ready | clip 994 | tracks 26 | unbound 0 | attack_mainhand ms -1
I/DH2Native(19142): Player attack track ready | clip 1044 | tracks 25 | unbound 0 | attack_mainhand ms -1
I/DH2Native(19142): Player attack track ready | clip 1096 | tracks 14 | unbound 0 | attack_mainhand ms -1
I/DH2Native(19142): Player attack track ready | clip 1103 | tracks 26 | unbound 0 | attack_mainhand ms -1
I/DH2Native(19142): Player attack track ready | clip 1107 | tracks 25 | unbound 0 | attack_mainhand ms -1
I/DH2Native(19142): Player attack track ready | clip 1104 | tracks 27 | unbound 0 | attack_mainhand ms -1
I/DH2Native(19142): Player attack track ready | clip 1108 | tracks 27 | unbound 0 | attack_mainhand ms -1
I/DH2Native(19142): Player attack track ready | clip 1101 | tracks 26 | unbound 0 | attack_mainhand ms -1
I/DH2Native(19142): Player attack track ready | clip 1105 | tracks 25 | unbound 0 | attack_mainhand ms -1
I/DH2Native(19142): Player attack track ready | clip 1100 | tracks 26 | unbound 0 | attack_mainhand ms -1
I/DH2Native(19142): Player attack track ready | clip 1097 | tracks 25 | unbound 0 | attack_mainhand ms -1
I/DH2Native(19142): Player attack track ready | clip 1234 | tracks 25 | unbound 0 | attack_mainhand ms -1
I/DH2Native(19142): Player attack track ready | clip 1239 | tracks 25 | unbound 0 | attack_mainhand ms -1
I/DH2Native(19142): Player attack track ready | clip 1238 | tracks 25 | unbound 0 | attack_mainhand ms -1
I/DH2Native(19142): Player attack track ready | clip 1035 | tracks 23 | unbound 0 | attack_mainhand ms -1
I/DH2Native(19142): Player attack track ready | clip 1036 | tracks 23 | unbound 0 | attack_mainhand ms -1
I/DH2Native(19142): Player attack track ready | clip 986 | tracks 25 | unbound 0 | attack_mainhand ms -1
I/DH2Native(19142): Player attack track ready | clip 974 | tracks 25 | unbound 0 | attack_mainhand ms -1
I/DH2Native(19142): Player attack track ready | clip 976 | tracks 25 | unbound 0 | attack_mainhand ms -1
I/DH2Native(19142): Player attack track ready | clip 988 | tracks 25 | unbound 0 | attack_mainhand ms -1
I/DH2Native(19142): Player attack track ready | clip 978 | tracks 25 | unbound 0 | attack_mainhand ms -1
I/DH2Native(19142): Player attack track ready | clip 980 | tracks 25 | unbound 0 | attack_mainhand ms -1
I/DH2Native(19142): Player attack track ready | clip 990 | tracks 25 | unbound 0 | attack_mainhand ms -1
I/DH2Native(19142): Player attack track ready | clip 984 | tracks 25 | unbound 0 | attack_mainhand ms -1
I/DH2Native(19142): Player attack track ready | clip 985 | tracks 26 | unbound 0 | attack_mainhand ms -1
I/DH2Native(19142): Player attack track ready | clip 973 | tracks 25 | unbound 0 | attack_mainhand ms 333
I/DH2Native(19142): Player attack track ready | clip 975 | tracks 25 | unbound 0 | attack_mainhand ms -1
I/DH2Native(19142): Player attack track ready | clip 987 | tracks 25 | unbound 0 | attack_mainhand ms -1
I/DH2Native(19142): Player attack track ready | clip 977 | tracks 25 | unbound 0 | attack_mainhand ms 1066
I/DH2Native(19142): Player attack track ready | clip 979 | tracks 25 | unbound 0 | attack_mainhand ms -1
I/DH2Native(19142): Player attack track ready | clip 989 | tracks 25 | unbound 0 | attack_mainhand ms -1
I/DH2Native(19142): Player attack track ready | clip 981 | tracks 25 | unbound 0 | attack_mainhand ms 1799
I/DH2Native(19142): Player attack track ready | clip 983 | tracks 25 | unbound 0 | attack_mainhand ms -1
I/DH2Native(19142): Player attack track ready | clip 1233 | tracks 24 | unbound 0 | attack_mainhand ms -1
I/DH2Native(19142): Player attack track ready | clip 1037 | tracks 23 | unbound 0 | attack_mainhand ms -1
I/DH2Native(19142): Player attack track ready | clip 1038 | tracks 23 | unbound 0 | attack_mainhand ms -1
I/DH2Native(19142): Player attack track ready | clip 1016 | tracks 23 | unbound 0 | attack_mainhand ms -1
I/DH2Native(19142): Player attack track ready | clip 1000 | tracks 25 | unbound 0 | attack_mainhand ms 333
I/DH2Native(19142): Player attack track ready | clip 1011 | tracks 27 | unbound 0 | attack_mainhand ms -1
I/DH2Native(19142): Player attack track ready | clip 1018 | tracks 25 | unbound 0 | attack_mainhand ms -1
I/DH2Native(19142): Player attack track ready | clip 1003 | tracks 27 | unbound 0 | attack_mainhand ms -1
I/DH2Native(19142): Player attack track ready | clip 1012 | tracks 25 | unbound 0 | attack_mainhand ms -1
I/DH2Native(19142): Player attack track ready | clip 1020 | tracks 25 | unbound 0 | attack_mainhand ms -1
I/DH2Native(19142): Player attack track ready | clip 1006 | tracks 25 | unbound 0 | attack_mainhand ms 1566
I/DH2Native(19142): Player attack track ready | clip 1013 | tracks 25 | unbound 0 | attack_mainhand ms -1
I/DH2Native(19142): Player attack track ready | clip 1022 | tracks 25 | unbound 0 | attack_mainhand ms -1
I/DH2Native(19142): Player attack track ready | clip 1009 | tracks 25 | unbound 0 | attack_mainhand ms -1
I/DH2Native(19142): Player attack track ready | clip 1014 | tracks 25 | unbound 0 | attack_mainhand ms -1
I/DH2Native(19142): Player attack track ready | clip 1015 | tracks 25 | unbound 0 | attack_mainhand ms -1
I/DH2Native(19142): Player attack track ready | clip 999 | tracks 25 | unbound 0 | attack_mainhand ms 400
I/DH2Native(19142): Player attack track ready | clip 1001 | tracks 25 | unbound 0 | attack_mainhand ms -1
I/DH2Native(19142): Player attack track ready | clip 1017 | tracks 25 | unbound 0 | attack_mainhand ms -1
I/DH2Native(19142): Player attack track ready | clip 1002 | tracks 25 | unbound 0 | attack_mainhand ms 866
I/DH2Native(19142): Player attack track ready | clip 1004 | tracks 25 | unbound 0 | attack_mainhand ms -1
I/DH2Native(19142): Player attack track ready | clip 1019 | tracks 25 | unbound 0 | attack_mainhand ms -1
I/DH2Native(19142): Player attack track ready | clip 1005 | tracks 25 | unbound 0 | attack_mainhand ms 1500
I/DH2Native(19142): Player attack track ready | clip 1007 | tracks 25 | unbound 0 | attack_mainhand ms -1
I/DH2Native(19142): Player attack track ready | clip 1021 | tracks 25 | unbound 0 | attack_mainhand ms -1
I/DH2Native(19142): Player attack track ready | clip 1008 | tracks 25 | unbound 0 | attack_mainhand ms 2266
I/DH2Native(19142): Player attack track ready | clip 1010 | tracks 25 | unbound 0 | attack_mainhand ms -1
I/DH2Native(19142): Player attack track ready | clip 1147 | tracks 27 | unbound 2 | attack_mainhand ms -1
I/DH2Native(19142): Player attack track ready | clip 1133 | tracks 27 | unbound 2 | attack_mainhand ms 1633
I/DH2Native(19142): Player attack track ready | clip 1146 | tracks 25 | unbound 2 | attack_mainhand ms -1
I/DH2Native(19142): Player attack track ready | clip 1218 | tracks 27 | unbound 0 | attack_mainhand ms -1
I/DH2Native(19142): Player attack track ready | clip 1039 | tracks 25 | unbound 0 | attack_mainhand ms -1
I/DH2Native(19142): Player attack track ready | clip 1077 | tracks 18 | unbound 0 | attack_mainhand ms -1
I/DH2Native(19142): Player attack track ready | clip 1078 | tracks 18 | unbound 0 | attack_mainhand ms -1
I/DH2Native(19142): Player attack track ready | clip 1079 | tracks 20 | unbound 0 | attack_mainhand ms -1
I/DH2Native(19142): Player attack track ready | clip 1143 | tracks 24 | unbound 0 | attack_mainhand ms -1
I/DH2Native(19142): Player attack track ready | clip 1138 | tracks 0 | unbound 0 | attack_mainhand ms -1
I/DH2Native(19142): Player attack track ready | clip 1136 | tracks 24 | unbound 0 | attack_mainhand ms -1
I/DH2Native(19142): Player attack track ready | clip 1137 | tracks 24 | unbound 0 | attack_mainhand ms -1
I/DH2Native(19142): Base class snapshot | _prim_tmp_cultist01 | character Crypt_Skeleton | class 18 | level raw 256 | Max_HP raw 12160 | Max_MP raw 5632 | checksum 41ae0e800682474e | cached only
I/DH2Native(19142): Resolved properties | _prim_tmp_cultist01 | character Crypt_Skeleton | HP raw -1 | Max_HP raw 12160 | MP raw -1 | Max_MP raw 5632 | checksum 41ae0e800682474e | supplied sheets only
I/DH2Native(19142): Spawn vitals | _prim_tmp_cultist01 | character Crypt_Skeleton | HP raw 12160 | Max_HP raw 12160 | MP raw 5632 | Max_MP raw 5632 | first HP add raw 12160 | first MP add raw 5632 | second HP add raw 1 | second MP add raw 1 | checksum ee913bf1bab19e05 | passes 2
I/DH2Native(19142): Combat result probe | _prim_tmp_cultist01 | character Crypt_Skeleton | amount 2030 | dot element -1 | dot duration 0 | dot amount 0 | HP leech 0 | MP leech 0 | outcomes 0 | mask 2271925 | category -1 | element -1 | seed 11805120 | calls 9 | validation only
I/DH2Native(19142): Health probe | _prim_tmp_cultist01 | character Crypt_Skeleton | damage 256 | add -256 | before 12160 | after 11904 | kill 0 | armed 1 | cue 0 | lifecycle -1 | dead skip 0 | validation only
I/DH2Native(19142): Health probe | _prim_tmp_cultist01 | character Crypt_Skeleton | damage 16384 | add -16384 | before 12160 | after 0 | kill 1 | armed 1 | cue 0 | lifecycle 3 | dead skip 0 | validation only
I/DH2Native(19142): Original idle selected | skeleton.bdae | table 62 | sequence 596 | step 0 | clip 1194 | skeleton_idle_01.bdae | speed 1.0000 | actor _prim_tmp_cultist01
I/DH2Native(19142): Actor event track ready | skeleton.bdae | clip 1178 | groups 1 | attack_mainhand ms 100
I/DH2Native(19142): Actor event track ready | skeleton.bdae | clip 1179 | groups 0 | attack_mainhand ms -1
I/DH2Native(19142): Actor event track ready | skeleton.bdae | clip 1180 | groups 1 | attack_mainhand ms 100
I/DH2Native(19142): Actor event track ready | skeleton.bdae | clip 1181 | groups 0 | attack_mainhand ms -1
I/DH2Native(19142): Actor event track ready | skeleton.bdae | clip 1185 | groups 0 | attack_mainhand ms -1
I/DH2Native(19142): Actor event track ready | skeleton.bdae | clip 1194 | groups 0 | attack_mainhand ms -1
I/DH2Native(19142): Actor event track ready | skeleton.bdae | clip 1195 | groups 0 | attack_mainhand ms -1
I/DH2Native(19142): Actor event track ready | skeleton.bdae | clip 1197 | groups 0 | attack_mainhand ms -1
I/DH2Native(19142): Actor event track ready | skeleton.bdae | clip 1198 | groups 0 | attack_mainhand ms -1
I/DH2Native(19142): Actor event track ready | skeleton.bdae | clip 1204 | groups 0 | attack_mainhand ms -1
I/DH2Native(19142): Actor clip bank ready | skeleton.bdae | clips 10 | independent instance clocks
I/DH2Native(19142): Object resource skeleton.bdae | primitives 1 | tracks 23 | unbound 3 | unsupported 0 | removed helpers 2
I/DH2Native(19142): Base class snapshot | _prim_tmp_cultist03 | character Crypt_Skeleton | class 18 | level raw 256 | Max_HP raw 12160 | Max_MP raw 5632 | checksum 41ae0e800682474e | cached only
I/DH2Native(19142): Resolved properties | _prim_tmp_cultist03 | character Crypt_Skeleton | HP raw -1 | Max_HP raw 12160 | MP raw -1 | Max_MP raw 5632 | checksum 41ae0e800682474e | supplied sheets only
I/DH2Native(19142): Spawn vitals | _prim_tmp_cultist03 | character Crypt_Skeleton | HP raw 12160 | Max_HP raw 12160 | MP raw 5632 | Max_MP raw 5632 | first HP add raw 12160 | first MP add raw 5632 | second HP add raw 1 | second MP add raw 1 | checksum ee913bf1bab19e05 | passes 2
I/DH2Native(19142): Combat result probe | _prim_tmp_cultist03 | character Crypt_Skeleton | amount 2030 | dot element -1 | dot duration 0 | dot amount 0 | HP leech 0 | MP leech 0 | outcomes 0 | mask 2271925 | category -1 | element -1 | seed 11805120 | calls 9 | validation only
I/DH2Native(19142): Health probe | _prim_tmp_cultist03 | character Crypt_Skeleton | damage 256 | add -256 | before 12160 | after 11904 | kill 0 | armed 1 | cue 0 | lifecycle -1 | dead skip 0 | validation only
I/DH2Native(19142): Health probe | _prim_tmp_cultist03 | character Crypt_Skeleton | damage 16384 | add -16384 | before 12160 | after 0 | kill 1 | armed 1 | cue 0 | lifecycle 3 | dead skip 0 | validation only
I/DH2Native(19142): Original idle selected | skeleton.bdae | table 62 | sequence 596 | step 1 | clip 1195 | skeleton_idle_02.bdae | speed 1.0000 | actor _prim_tmp_cultist03
I/DH2Native(19142): Base class snapshot | _prim_tmp_cultist05 | character CryptSlime | class 18 | level raw 256 | Max_HP raw 12160 | Max_MP raw 5632 | checksum e0cad1d302226d0f | cached only
I/DH2Native(19142): Resolved properties | _prim_tmp_cultist05 | character CryptSlime | HP raw -1 | Max_HP raw 12160 | MP raw -1 | Max_MP raw 5632 | checksum e0cad1d302226d0f | supplied sheets only
I/DH2Native(19142): Spawn vitals | _prim_tmp_cultist05 | character CryptSlime | HP raw 12160 | Max_HP raw 12160 | MP raw 5632 | Max_MP raw 5632 | first HP add raw 12160 | first MP add raw 5632 | second HP add raw 1 | second MP add raw 1 | checksum a1f87e373eade438 | passes 2
I/DH2Native(19142): Combat result probe | _prim_tmp_cultist05 | character CryptSlime | amount 2036 | dot element -1 | dot duration 0 | dot amount 0 | HP leech 0 | MP leech 0 | outcomes 0 | mask 2271925 | category -1 | element -1 | seed 3406292 | calls 9 | validation only
I/DH2Native(19142): Health probe | _prim_tmp_cultist05 | character CryptSlime | damage 256 | add -256 | before 12160 | after 11904 | kill 0 | armed 1 | cue 0 | lifecycle -1 | dead skip 0 | validation only
I/DH2Native(19142): Health probe | _prim_tmp_cultist05 | character CryptSlime | damage 16384 | add -16384 | before 12160 | after 0 | kill 1 | armed 1 | cue 0 | lifecycle 3 | dead skip 0 | validation only
I/DH2Native(19142): Original idle selected | slime_green_v2.bdae | table 64 | sequence 613 | step 5 | clip 1259 | slime_idle_02.bdae | speed 1.0000 | actor _prim_tmp_cultist05
I/DH2Native(19142): Actor event track ready | slime_green_v2.bdae | clip 1246 | groups 1 | attack_mainhand ms 266
I/DH2Native(19142): Actor event track ready | slime_green_v2.bdae | clip 1247 | groups 0 | attack_mainhand ms -1
I/DH2Native(19142): Actor event track ready | slime_green_v2.bdae | clip 1248 | groups 1 | attack_mainhand ms 300
I/DH2Native(19142): Actor event track ready | slime_green_v2.bdae | clip 1249 | groups 0 | attack_mainhand ms -1
I/DH2Native(19142): Actor event track ready | slime_green_v2.bdae | clip 1251 | groups 0 | attack_mainhand ms -1
I/DH2Native(19142): Actor event track ready | slime_green_v2.bdae | clip 1258 | groups 0 | attack_mainhand ms -1
I/DH2Native(19142): Actor event track ready | slime_green_v2.bdae | clip 1259 | groups 0 | attack_mainhand ms -1
I/DH2Native(19142): Actor event track ready | slime_green_v2.bdae | clip 1261 | groups 0 | attack_mainhand ms -1
I/DH2Native(19142): Actor event track ready | slime_green_v2.bdae | clip 1262 | groups 0 | attack_mainhand ms -1
I/DH2Native(19142): Actor event track ready | slime_green_v2.bdae | clip 1268 | groups 0 | attack_mainhand ms -1
I/DH2Native(19142): Actor clip bank ready | slime_green_v2.bdae | clips 10 | independent instance clocks
I/DH2Native(19142): Object resource slime_green_v2.bdae | primitives 2 | tracks 12 | unbound 0 | unsupported 0 | removed helpers 0
I/DH2Native(19142): Base class snapshot | _prim_tmp_cultist06 | character CryptSlime | class 18 | level raw 256 | Max_HP raw 12160 | Max_MP raw 5632 | checksum e0cad1d302226d0f | cached only
I/DH2Native(19142): Resolved properties | _prim_tmp_cultist06 | character CryptSlime | HP raw -1 | Max_HP raw 12160 | MP raw -1 | Max_MP raw 5632 | checksum e0cad1d302226d0f | supplied sheets only
I/DH2Native(19142): Spawn vitals | _prim_tmp_cultist06 | character CryptSlime | HP raw 12160 | Max_HP raw 12160 | MP raw 5632 | Max_MP raw 5632 | first HP add raw 12160 | first MP add raw 5632 | second HP add raw 1 | second MP add raw 1 | checksum a1f87e373eade438 | passes 2
I/DH2Native(19142): Combat result probe | _prim_tmp_cultist06 | character CryptSlime | amount 2036 | dot element -1 | dot duration 0 | dot amount 0 | HP leech 0 | MP leech 0 | outcomes 0 | mask 2271925 | category -1 | element -1 | seed 3406292 | calls 9 | validation only
I/DH2Native(19142): Health probe | _prim_tmp_cultist06 | character CryptSlime | damage 256 | add -256 | before 12160 | after 11904 | kill 0 | armed 1 | cue 0 | lifecycle -1 | dead skip 0 | validation only
I/DH2Native(19142): Health probe | _prim_tmp_cultist06 | character CryptSlime | damage 16384 | add -16384 | before 12160 | after 0 | kill 1 | armed 1 | cue 0 | lifecycle 3 | dead skip 0 | validation only
I/DH2Native(19142): Original idle selected | slime_green_v2.bdae | table 64 | sequence 613 | step 5 | clip 1259 | slime_idle_02.bdae | speed 1.0000 | actor _prim_tmp_cultist06
I/DH2Native(19142): Base class snapshot | _prim_tmp_cultist07 | character Crypt_Skeleton | class 18 | level raw 256 | Max_HP raw 12160 | Max_MP raw 5632 | checksum 41ae0e800682474e | cached only
I/DH2Native(19142): Resolved properties | _prim_tmp_cultist07 | character Crypt_Skeleton | HP raw -1 | Max_HP raw 12160 | MP raw -1 | Max_MP raw 5632 | checksum 41ae0e800682474e | supplied sheets only
I/DH2Native(19142): Spawn vitals | _prim_tmp_cultist07 | character Crypt_Skeleton | HP raw 12160 | Max_HP raw 12160 | MP raw 5632 | Max_MP raw 5632 | first HP add raw 12160 | first MP add raw 5632 | second HP add raw 1 | second MP add raw 1 | checksum ee913bf1bab19e05 | passes 2
I/DH2Native(19142): Combat result probe | _prim_tmp_cultist07 | character Crypt_Skeleton | amount 2030 | dot element -1 | dot duration 0 | dot amount 0 | HP leech 0 | MP leech 0 | outcomes 0 | mask 2271925 | category -1 | element -1 | seed 11805120 | calls 9 | validation only
I/DH2Native(19142): Health probe | _prim_tmp_cultist07 | character Crypt_Skeleton | damage 256 | add -256 | before 12160 | after 11904 | kill 0 | armed 1 | cue 0 | lifecycle -1 | dead skip 0 | validation only
I/DH2Native(19142): Health probe | _prim_tmp_cultist07 | character Crypt_Skeleton | damage 16384 | add -16384 | before 12160 | after 0 | kill 1 | armed 1 | cue 0 | lifecycle 3 | dead skip 0 | validation only
I/DH2Native(19142): Original idle selected | skeleton.bdae | table 62 | sequence 596 | step 0 | clip 1194 | skeleton_idle_01.bdae | speed 1.0000 | actor _prim_tmp_cultist07
I/DH2Native(19142): Base class snapshot | _prim_tmp_cultist08 | character Crypt_Skeleton | class 18 | level raw 256 | Max_HP raw 12160 | Max_MP raw 5632 | checksum 41ae0e800682474e | cached only
I/DH2Native(19142): Resolved properties | _prim_tmp_cultist08 | character Crypt_Skeleton | HP raw -1 | Max_HP raw 12160 | MP raw -1 | Max_MP raw 5632 | checksum 41ae0e800682474e | supplied sheets only
I/DH2Native(19142): Spawn vitals | _prim_tmp_cultist08 | character Crypt_Skeleton | HP raw 12160 | Max_HP raw 12160 | MP raw 5632 | Max_MP raw 5632 | first HP add raw 12160 | first MP add raw 5632 | second HP add raw 1 | second MP add raw 1 | checksum ee913bf1bab19e05 | passes 2
I/DH2Native(19142): Combat result probe | _prim_tmp_cultist08 | character Crypt_Skeleton | amount 2030 | dot element -1 | dot duration 0 | dot amount 0 | HP leech 0 | MP leech 0 | outcomes 0 | mask 2271925 | category -1 | element -1 | seed 11805120 | calls 9 | validation only
I/DH2Native(19142): Health probe | _prim_tmp_cultist08 | character Crypt_Skeleton | damage 256 | add -256 | before 12160 | after 11904 | kill 0 | armed 1 | cue 0 | lifecycle -1 | dead skip 0 | validation only
I/DH2Native(19142): Health probe | _prim_tmp_cultist08 | character Crypt_Skeleton | damage 16384 | add -16384 | before 12160 | after 0 | kill 1 | armed 1 | cue 0 | lifecycle 3 | dead skip 0 | validation only
I/DH2Native(19142): Original idle selected | skeleton.bdae | table 62 | sequence 596 | step 1 | clip 1195 | skeleton_idle_02.bdae | speed 1.0000 | actor _prim_tmp_cultist08
I/DH2Native(19142): Object resource crypt_candles2_small.bdae | primitives 3 | tracks 5 | unbound 0 | unsupported 0 | removed helpers 1
I/DH2Native(19142): Object resource crypt_candlestand_big.bdae | primitives 4 | tracks 3 | unbound 0 | unsupported 0 | removed helpers 2
I/DH2Native(19142): Object resource crypt_candlestand.bdae | primitives 4 | tracks 7 | unbound 0 | unsupported 0 | removed helpers 2
I/DH2Native(19142): Object resource crypt_candle2.bdae | primitives 3 | tracks 3 | unbound 0 | unsupported 0 | removed helpers 1
I/DH2Native(19142): Object resource crypt_candle1_small.bdae | primitives 3 | tracks 3 | unbound 0 | unsupported 0 | removed helpers 1
I/DH2Native(19142): Object resource crypt_candles.bdae | primitives 3 | tracks 7 | unbound 0 | unsupported 0 | removed helpers 1
I/DH2Native(19142): Object resource swamp_caveentrance_effect.bdae | primitives 1 | tracks 0 | unbound 0 | unsupported 3 | removed helpers 0
I/DH2Native(19142): Object resource crypt_candle_big.bdae | primitives 3 | tracks 3 | unbound 0 | unsupported 0 | removed helpers 1
I/DH2Native(19142): Base class snapshot | _prim_Monster | character CryptSlime | class 18 | level raw 256 | Max_HP raw 12160 | Max_MP raw 5632 | checksum e0cad1d302226d0f | cached only
I/DH2Native(19142): Resolved properties | _prim_Monster | character CryptSlime | HP raw -1 | Max_HP raw 12160 | MP raw -1 | Max_MP raw 5632 | checksum e0cad1d302226d0f | supplied sheets only
I/DH2Native(19142): Spawn vitals | _prim_Monster | character CryptSlime | HP raw 12160 | Max_HP raw 12160 | MP raw 5632 | Max_MP raw 5632 | first HP add raw 12160 | first MP add raw 5632 | second HP add raw 1 | second MP add raw 1 | checksum a1f87e373eade438 | passes 2
I/DH2Native(19142): Combat result probe | _prim_Monster | character CryptSlime | amount 2036 | dot element -1 | dot duration 0 | dot amount 0 | HP leech 0 | MP leech 0 | outcomes 0 | mask 2271925 | category -1 | element -1 | seed 3406292 | calls 9 | validation only
I/DH2Native(19142): Health probe | _prim_Monster | character CryptSlime | damage 256 | add -256 | before 12160 | after 11904 | kill 0 | armed 1 | cue 0 | lifecycle -1 | dead skip 0 | validation only
I/DH2Native(19142): Health probe | _prim_Monster | character CryptSlime | damage 16384 | add -16384 | before 12160 | after 0 | kill 1 | armed 1 | cue 0 | lifecycle 3 | dead skip 0 | validation only
I/DH2Native(19142): Original idle selected | slime_green_v2.bdae | table 64 | sequence 613 | step 1 | clip 1258 | slime_idle.bdae | speed 1.0000 | actor _prim_Monster
I/DH2Native(19142): Base class snapshot | _prim_Monster02 | character CryptSlime_RE | class 18 | level raw 256 | Max_HP raw 12160 | Max_MP raw 5632 | checksum eb471073d49b2c44 | cached only
I/DH2Native(19142): Resolved properties | _prim_Monster02 | character CryptSlime_RE | HP raw -1 | Max_HP raw 12160 | MP raw -1 | Max_MP raw 5632 | checksum eb471073d49b2c44 | supplied sheets only
I/DH2Native(19142): Spawn vitals | _prim_Monster02 | character CryptSlime_RE | HP raw 12160 | Max_HP raw 12160 | MP raw 5632 | Max_MP raw 5632 | first HP add raw 12160 | first MP add raw 5632 | second HP add raw 1 | second MP add raw 1 | checksum 6eba0582f78691bb | passes 2
I/DH2Native(19142): Combat result probe | _prim_Monster02 | character CryptSlime_RE | amount 2135 | dot element -1 | dot duration 0 | dot amount 0 | HP leech 0 | MP leech 0 | outcomes 0 | mask 2271925 | category -1 | element -1 | seed 7440849 | calls 9 | validation only
I/DH2Native(19142): Health probe | _prim_Monster02 | character CryptSlime_RE | damage 256 | add -256 | before 12160 | after 11904 | kill 0 | armed 1 | cue 0 | lifecycle -1 | dead skip 0 | validation only
I/DH2Native(19142): Health probe | _prim_Monster02 | character CryptSlime_RE | damage 16384 | add -16384 | before 12160 | after 0 | kill 1 | armed 1 | cue 0 | lifecycle 3 | dead skip 0 | validation only
I/DH2Native(19142): Original idle selected | slime_green_v2.bdae | table 64 | sequence 613 | step 0 | clip 1258 | slime_idle.bdae | speed 1.0000 | actor _prim_Monster02
I/DH2Native(19142): Base class snapshot | _prim_Monster05 | character CryptSlime | class 18 | level raw 256 | Max_HP raw 12160 | Max_MP raw 5632 | checksum e0cad1d302226d0f | cached only
I/DH2Native(19142): Resolved properties | _prim_Monster05 | character CryptSlime | HP raw -1 | Max_HP raw 12160 | MP raw -1 | Max_MP raw 5632 | checksum e0cad1d302226d0f | supplied sheets only
I/DH2Native(19142): Spawn vitals | _prim_Monster05 | character CryptSlime | HP raw 12160 | Max_HP raw 12160 | MP raw 5632 | Max_MP raw 5632 | first HP add raw 12160 | first MP add raw 5632 | second HP add raw 1 | second MP add raw 1 | checksum a1f87e373eade438 | passes 2
I/DH2Native(19142): Combat result probe | _prim_Monster05 | character CryptSlime | amount 2036 | dot element -1 | dot duration 0 | dot amount 0 | HP leech 0 | MP leech 0 | outcomes 0 | mask 2271925 | category -1 | element -1 | seed 3406292 | calls 9 | validation only
I/DH2Native(19142): Health probe | _prim_Monster05 | character CryptSlime | damage 256 | add -256 | before 12160 | after 11904 | kill 0 | armed 1 | cue 0 | lifecycle -1 | dead skip 0 | validation only
I/DH2Native(19142): Health probe | _prim_Monster05 | character CryptSlime | damage 16384 | add -16384 | before 12160 | after 0 | kill 1 | armed 1 | cue 0 | lifecycle 3 | dead skip 0 | validation only
I/DH2Native(19142): Original idle selected | slime_green_v2.bdae | table 64 | sequence 613 | step 4 | clip 1258 | slime_idle.bdae | speed 1.0000 | actor _prim_Monster05
I/DH2Native(19142): Object resource crypt_candle1.bdae | primitives 3 | tracks 3 | unbound 0 | unsupported 0 | removed helpers 1
I/DH2Native(19142): Base class snapshot | _prim_Monster_Ghost05 | character Crypt_Ghost | class 18 | level raw 256 | Max_HP raw 12160 | Max_MP raw 5632 | checksum 37563d932af809fb | cached only
I/DH2Native(19142): Resolved properties | _prim_Monster_Ghost05 | character Crypt_Ghost | HP raw -1 | Max_HP raw 12160 | MP raw -1 | Max_MP raw 5632 | checksum 37563d932af809fb | supplied sheets only
I/DH2Native(19142): Spawn vitals | _prim_Monster_Ghost05 | character Crypt_Ghost | HP raw 12160 | Max_HP raw 12160 | MP raw 5632 | Max_MP raw 5632 | first HP add raw 12160 | first MP add raw 5632 | second HP add raw 1 | second MP add raw 1 | checksum e41199bf55080334 | passes 2
I/DH2Native(19142): Combat result probe | _prim_Monster_Ghost05 | character Crypt_Ghost | amount 2263 | dot element -1 | dot duration 0 | dot amount 0 | HP leech 0 | MP leech 0 | outcomes 0 | mask 2271925 | category -1 | element -1 | seed 3474079 | calls 9 | validation only
I/DH2Native(19142): Health probe | _prim_Monster_Ghost05 | character Crypt_Ghost | damage 256 | add -256 | before 12160 | after 11904 | kill 0 | armed 1 | cue 0 | lifecycle -1 | dead skip 0 | validation only
I/DH2Native(19142): Health probe | _prim_Monster_Ghost05 | character Crypt_Ghost | damage 16384 | add -16384 | before 12160 | after 0 | kill 1 | armed 1 | cue 0 | lifecycle 3 | dead skip 0 | validation only
I/DH2Native(19142): Original idle selected | ghost.bdae | table 24 | sequence 210 | step 0 | clip 706 | ghost_idle_01.bdae | speed 1.3000 | actor _prim_Monster_Ghost05
I/DH2Native(19142): Actor event track ready | ghost.bdae | clip 697 | groups 1 | attack_mainhand ms 999
I/DH2Native(19142): Actor event track ready | ghost.bdae | clip 700 | groups 0 | attack_mainhand ms -1
I/DH2Native(19142): Actor event track ready | ghost.bdae | clip 706 | groups 0 | attack_mainhand ms -1
I/DH2Native(19142): Actor event track ready | ghost.bdae | clip 707 | groups 0 | attack_mainhand ms -1
I/DH2Native(19142): Actor event track ready | ghost.bdae | clip 710 | groups 0 | attack_mainhand ms -1
I/DH2Native(19142): Actor event track ready | ghost.bdae | clip 714 | groups 0 | attack_mainhand ms -1
I/DH2Native(19142): Actor event track ready | ghost.bdae | clip 717 | groups 0 | attack_mainhand ms -1
I/DH2Native(19142): Actor clip bank ready | ghost.bdae | clips 7 | independent instance clocks
I/DH2Native(19142): Object resource ghost.bdae | primitives 2 | tracks 24 | unbound 0 | unsupported 0 | removed helpers 2
I/DH2Native(19142): Base class snapshot | _prim_Monster_Ghost06 | character Crypt_Ghost | class 18 | level raw 256 | Max_HP raw 12160 | Max_MP raw 5632 | checksum 37563d932af809fb | cached only
I/DH2Native(19142): Resolved properties | _prim_Monster_Ghost06 | character Crypt_Ghost | HP raw -1 | Max_HP raw 12160 | MP raw -1 | Max_MP raw 5632 | checksum 37563d932af809fb | supplied sheets only
I/DH2Native(19142): Spawn vitals | _prim_Monster_Ghost06 | character Crypt_Ghost | HP raw 12160 | Max_HP raw 12160 | MP raw 5632 | Max_MP raw 5632 | first HP add raw 12160 | first MP add raw 5632 | second HP add raw 1 | second MP add raw 1 | checksum e41199bf55080334 | passes 2
I/DH2Native(19142): Combat result probe | _prim_Monster_Ghost06 | character Crypt_Ghost | amount 2263 | dot element -1 | dot duration 0 | dot amount 0 | HP leech 0 | MP leech 0 | outcomes 0 | mask 2271925 | category -1 | element -1 | seed 3474079 | calls 9 | validation only
I/DH2Native(19142): Health probe | _prim_Monster_Ghost06 | character Crypt_Ghost | damage 256 | add -256 | before 12160 | after 11904 | kill 0 | armed 1 | cue 0 | lifecycle -1 | dead skip 0 | validation only
I/DH2Native(19142): Health probe | _prim_Monster_Ghost06 | character Crypt_Ghost | damage 16384 | add -16384 | before 12160 | after 0 | kill 1 | armed 1 | cue 0 | lifecycle 3 | dead skip 0 | validation only
I/DH2Native(19142): Original idle selected | ghost.bdae | table 24 | sequence 210 | step 0 | clip 706 | ghost_idle_01.bdae | speed 1.3000 | actor _prim_Monster_Ghost06
I/DH2Native(19142): Base class snapshot | _prim_Monster_SURPRISE_01 | character Crypt_Ghost | class 18 | level raw 256 | Max_HP raw 12160 | Max_MP raw 5632 | checksum 37563d932af809fb | cached only
I/DH2Native(19142): Resolved properties | _prim_Monster_SURPRISE_01 | character Crypt_Ghost | HP raw -1 | Max_HP raw 12160 | MP raw -1 | Max_MP raw 5632 | checksum 37563d932af809fb | supplied sheets only
I/DH2Native(19142): Spawn vitals | _prim_Monster_SURPRISE_01 | character Crypt_Ghost | HP raw 12160 | Max_HP raw 12160 | MP raw 5632 | Max_MP raw 5632 | first HP add raw 12160 | first MP add raw 5632 | second HP add raw 1 | second MP add raw 1 | checksum e41199bf55080334 | passes 2
I/DH2Native(19142): Combat result probe | _prim_Monster_SURPRISE_01 | character Crypt_Ghost | amount 2263 | dot element -1 | dot duration 0 | dot amount 0 | HP leech 0 | MP leech 0 | outcomes 0 | mask 2271925 | category -1 | element -1 | seed 3474079 | calls 9 | validation only
I/DH2Native(19142): Health probe | _prim_Monster_SURPRISE_01 | character Crypt_Ghost | damage 256 | add -256 | before 12160 | after 11904 | kill 0 | armed 1 | cue 0 | lifecycle -1 | dead skip 0 | validation only
I/DH2Native(19142): Health probe | _prim_Monster_SURPRISE_01 | character Crypt_Ghost | damage 16384 | add -16384 | before 12160 | after 0 | kill 1 | armed 1 | cue 0 | lifecycle 3 | dead skip 0 | validation only
I/DH2Native(19142): Original idle selected | ghost.bdae | table 24 | sequence 210 | step 0 | clip 706 | ghost_idle_01.bdae | speed 1.3000 | actor _prim_Monster_SURPRISE_01
I/DH2Native(19142): Base class snapshot | _prim_Monster_SURPRISE_02 | character Crypt_Ghost | class 18 | level raw 256 | Max_HP raw 12160 | Max_MP raw 5632 | checksum 37563d932af809fb | cached only
I/DH2Native(19142): Resolved properties | _prim_Monster_SURPRISE_02 | character Crypt_Ghost | HP raw -1 | Max_HP raw 12160 | MP raw -1 | Max_MP raw 5632 | checksum 37563d932af809fb | supplied sheets only
I/DH2Native(19142): Spawn vitals | _prim_Monster_SURPRISE_02 | character Crypt_Ghost | HP raw 12160 | Max_HP raw 12160 | MP raw 5632 | Max_MP raw 5632 | first HP add raw 12160 | first MP add raw 5632 | second HP add raw 1 | second MP add raw 1 | checksum e41199bf55080334 | passes 2
I/DH2Native(19142): Combat result probe | _prim_Monster_SURPRISE_02 | character Crypt_Ghost | amount 2263 | dot element -1 | dot duration 0 | dot amount 0 | HP leech 0 | MP leech 0 | outcomes 0 | mask 2271925 | category -1 | element -1 | seed 3474079 | calls 9 | validation only
I/DH2Native(19142): Health probe | _prim_Monster_SURPRISE_02 | character Crypt_Ghost | damage 256 | add -256 | before 12160 | after 11904 | kill 0 | armed 1 | cue 0 | lifecycle -1 | dead skip 0 | validation only
I/DH2Native(19142): Health probe | _prim_Monster_SURPRISE_02 | character Crypt_Ghost | damage 16384 | add -16384 | before 12160 | after 0 | kill 1 | armed 1 | cue 0 | lifecycle 3 | dead skip 0 | validation only
I/DH2Native(19142): Original idle selected | ghost.bdae | table 24 | sequence 210 | step 0 | clip 706 | ghost_idle_01.bdae | speed 1.3000 | actor _prim_Monster_SURPRISE_02
I/DH2Native(19142): 3D upload OK | 4 draws | 586 triangles | 2 textures
I/DH2Native(19142): 29 animation tracks | 0 skipped | Preview lighting. Drag to orbit. | nodes 35 | skipped nongeometry instances 1 | skin draws 4 | segments 2
I/DH2Native(19142): Combat actor restored | _prim_tmp_cultist01 | HP 12160 | dead 0 | combo 0 | state Idle | cursor 887.0004 | events 0 | aggro 0 0 | target -1 | AI attack 0
I/DH2Native(19142): Combat actor restored | _prim_tmp_cultist03 | HP 12160 | dead 0 | combo 0 | state Idle | cursor 4121.0004 | events 0 | aggro 0 0 | target -1 | AI attack 0
I/DH2Native(19142): Combat actor restored | _prim_tmp_cultist07 | HP 12160 | dead 0 | combo 0 | state Idle | cursor 887.0004 | events 0 | aggro 0 0 | target -1 | AI attack 0
I/DH2Native(19142): Combat actor restored | _prim_tmp_cultist08 | HP 12160 | dead 0 | combo 0 | state Idle | cursor 4121.0004 | events 0 | aggro 0 0 | target -1 | AI attack 0
I/DH2Native(19142): Combat actor restored | _prim_tmp_cultist05 | HP 12160 | dead 0 | combo 0 | state Idle | cursor 889.0004 | events 0 | aggro 0 0 | target -1 | AI attack 0
I/DH2Native(19142): Combat actor restored | _prim_tmp_cultist06 | HP 12160 | dead 0 | combo 0 | state Idle | cursor 889.0004 | events 0 | aggro 0 0 | target -1 | AI attack 0
I/DH2Native(19142): Combat actor restored | _prim_Monster | HP 12160 | dead 0 | combo 0 | state Idle | cursor 889.0004 | events 0 | aggro 0 0 | target -1 | AI attack 0
I/DH2Native(19142): Combat actor restored | _prim_Monster02 | HP 12160 | dead 0 | combo 0 | state Idle | cursor 889.0004 | events 0 | aggro 0 0 | target -1 | AI attack 0
I/DH2Native(19142): Combat actor restored | _prim_Monster05 | HP 12160 | dead 0 | combo 0 | state Idle | cursor 889.0004 | events 0 | aggro 0 0 | target -1 | AI attack 0
I/DH2Native(19142): Combat actor restored | _prim_Monster_Ghost05 | HP 12160 | dead 0 | combo 0 | state Idle | cursor 1286.0000 | events 0 | aggro 0 0 | target -1 | AI attack 0
I/DH2Native(19142): Combat actor restored | _prim_Monster_Ghost06 | HP 12160 | dead 0 | combo 0 | state Idle | cursor 1286.0000 | events 0 | aggro 0 0 | target -1 | AI attack 0
I/DH2Native(19142): Combat actor restored | _prim_Monster_SURPRISE_01 | HP 25344 | dead 0 | combo 0 | state Idle | cursor 4108.4000 | events 0 | aggro 0 0 | target -1 | AI attack 0
I/DH2Native(19142): Combat actor restored | _prim_Monster_SURPRISE_02 | HP 25600 | dead 0 | combo 0 | state Idle | cursor 4004.4000 | events 0 | aggro 0 0 | target -1 | AI attack 0
I/DH2Native(19142): Player properties | KnightPlayerBase | HP 42265 | MP 6976 | checksum bb50c69358c8e302 | attempts 0 | attacking 0
I/DH2Native(19142): Prince blended bank ready | resources 116 | occurrences 158 | targets 83 | template 1111 | engine 0 | game clip 1111
I/DH2Native(19142): Blended character event | event 0x24 | clip 1111 | slot 0 | phase 5 | lag 0
I/DH2Native(19142): Blended character event | event 0x26 | clip 1111 | slot 0 | phase 5 | lag 0
I/DH2Native(19142): Character animation selected | state 3 | flags 2380 | sequence 262 | clip 1040 | actor state service
I/DH2Native(19142): Character state event | state 3 | event 1d | prior 3 | flags 2380
I/DH2Native(19142): Player source state | previous 3 | current 3 | event 0x0 | flags 2380 | root 262 | clip 1040 | position -1401.4871 19480.2910 636.4874 | Step 11
I/DH2Native(19142): Spawn body ready | _prim_Monster_SURPRISE_01 | creations 1 | radius 145.718735 | category 10 | mask d3f
I/DH2Native(19142): Gated character ready | _prim_Monster_SURPRISE_01 | source state 3 | presentation visible 1 | body 1 | Spawn sequence 213 | AI type 4 | restored 1
I/DH2Native(19142): Spawn body ready | _prim_Monster_SURPRISE_02 | creations 1 | radius 145.718735 | category 10 | mask d3f
I/DH2Native(19142): Gated character ready | _prim_Monster_SURPRISE_02 | source state 3 | presentation visible 1 | body 1 | Spawn sequence 213 | AI type 4 | restored 1
I/DH2Native(19142): Native actor ready | genuine bodies 83 | decor colliders 82 | radius 113.699577 | source bounds -1515.19 19449.5 -1287.79 19511 | flags 2380 | scene then Step then actor
I/DH2Native(19142): Native Level fields | ordinal 23 | hub 2 | random 1 | difficulty 0 | file 007_crypt_01.rule.xml | source ranges 8 10 / 45 47 / 74 76 | viewport owner; GSLevel stack pending
I/DH2Native(19142): CharAI constructor projections | characters 14 | native source-order registration records 14 | source Character associations 14 | active AIS initialization pending
I/DH2Native(19142): Native CharAI lifetime | fresh constructors 0 | retained owners 14 | graphics registry rebuilt
I/DH2Native(19142): Native Player buff snapshot | phase restore | count 1 | groups 1 | id 49 | instance 0x71728c16d570 | timer -1 | strength 1 | sheet 3bfdcdd0eb338a14 | same VM/properties/Coordinator
I/DH2Native(19142): Native Player buff property | phase restore | name Resistance_Fire | index 74 | buff 0 | resolved 192
I/DH2Native(19142): Native Player buff property | phase restore | name Resistance_Water | index 75 | buff 0 | resolved 192
I/DH2Native(19142): Native Player buff property | phase restore | name Resistance_Lightning | index 76 | buff 7680 | resolved 7872
I/DH2Native(19142): Native Player buff property | phase restore | name Resistance_Earth | index 77 | buff 0 | resolved 192
I/DH2Native(19142): Native Player buff property | phase restore | name Resistance_Air | index 78 | buff 0 | resolved 192
I/DH2Native(19142): Native Player skills retained | VM 0x71715c0449e0 | paths 15 | update attempts 341 | timer callbacks 0 | no preparation/OnInit replay
I/DH2Native(19142): Native managed host | Level 1 | difficulty 0 | property reads 1 | member writes 0 | offline embedded PlayerInfo; full profile/network pending
I/DH2Native(19142): Native Character classification | _prim_Monster_SURPRISE_01 | AI 68 | faction 7 | type 4 | monster 1 | player 0 | faerie 0 | NPC 0 | projected death 0 | source getters; autonomous frame pending
I/DH2Native(19142): Native Character zonability | _prim_Monster_SURPRISE_01 | zonable 1 | source classification; room enrollment pending
I/DH2Native(19142): Native monster initialization | _prim_Monster_SURPRISE_01 | Level 2048 | HP 25344 / 25600 | MP 23552 / 23552 | callbacks 1 | timers 2 | flags 183c | same VM published 1 | retained 1 | paused providers 2 | nonempty skills/autonomous frame pending
I/DH2Native(19142): Native Ghost skill initialization | _prim_Monster_SURPRISE_01 | phases 12345 | skills 0 | faeries 5 | null faeries 5 | post 1 | final 1 | update slots 0 5 | updates 0 | arguments 2 2 | Debug 2 2 | VCB 1 | path data/scripts/ai/ | retained 1 | bounded Ghost InitScriptProcess
I/DH2Native(19142): Native Ghost skill vector owner | _prim_Monster_SURPRISE_01 | faery storage 71729c110e10 | catalogue 7171ec05d5a8
I/DH2Native(19142): Native monster VM owner | _prim_Monster_SURPRISE_01 | native handle 71728c182ea0 | source active 71728c183120 | source pending 71728c183120
I/DH2Native(19142): Native monster timer retained | _prim_Monster_SURPRISE_01 | slot 0 | event 33 | duration 3000 | elapsed 0 | active 1 | paused 1
I/DH2Native(19142): Native monster timer retained | _prim_Monster_SURPRISE_01 | slot 1 | event 34 | duration 1000 | elapsed 0 | active 1 | paused 1
I/DH2Native(19142): Native Character classification | _prim_Monster_SURPRISE_02 | AI 68 | faction 7 | type 4 | monster 1 | player 0 | faerie 0 | NPC 0 | projected death 0 | source getters; autonomous frame pending
I/DH2Native(19142): Native Character zonability | _prim_Monster_SURPRISE_02 | zonable 1 | source classification; room enrollment pending
I/DH2Native(19142): Native monster initialization | _prim_Monster_SURPRISE_02 | Level 2048 | HP 25600 / 25600 | MP 23552 / 23552 | callbacks 1 | timers 2 | flags 183c | same VM published 1 | retained 1 | paused providers 2 | nonempty skills/autonomous frame pending
I/DH2Native(19142): Native Ghost skill initialization | _prim_Monster_SURPRISE_02 | phases 12345 | skills 0 | faeries 5 | null faeries 5 | post 1 | final 1 | update slots 0 5 | updates 0 | arguments 2 2 | Debug 2 2 | VCB 1 | path data/scripts/ai/ | retained 1 | bounded Ghost InitScriptProcess
I/DH2Native(19142): Native Ghost skill vector owner | _prim_Monster_SURPRISE_02 | faery storage 71729c1163d0 | catalogue 7171ec05d5a8
I/DH2Native(19142): Native monster VM owner | _prim_Monster_SURPRISE_02 | native handle 71728c181d60 | source active 71728c181fe0 | source pending 71728c181fe0
I/DH2Native(19142): Native monster timer retained | _prim_Monster_SURPRISE_02 | slot 0 | event 33 | duration 3000 | elapsed 0 | active 1 | paused 1
I/DH2Native(19142): Native monster timer retained | _prim_Monster_SURPRISE_02 | slot 1 | event 34 | duration 1000 | elapsed 0 | active 1 | paused 1
I/DH2Native(19142): Native Debug persistence | loaded 1 | switches 25 | read opens 1 | read closes 1 | saves 5 | write closes 5 | IO errors 0 | app-private real file
I/DH2Native(19142): Crypt script restored | activations 1 | requests 2 | ready 1 | running 0 | no Spawn replay
I/DH2Native(19142): Native Character list | characters 14 | owned nodes 14 | copied links 0 | full ObjectManager factory 0 | autonomous Ghost AI 0
I/DH2Native(19142): Objects ready | monsters 13 | decors 84 | resources 12 | instance draws 295 | triangles 6775 | character records 448 | model entries 116 | idle preview only
I/DH2Native(19142): Native floors ready | records 8 | graph nodes 335 | graph edges 838 | selector collision controls height
I/DH2Native(19142): Native floor links ready | neighbour relations 14 | validation references 998 | graph-node search ready
I/DH2Native(19142): Native graph route probe | floor pairs 64 | successful 64 | segments 1598 | state 5454073390c7d916 | endpoints and movement pending
I/DH2Native(19142): Native world route probe | floor pairs 64 | successful 64 | direct 0 | graph 64 | segments 2086 | state 3a3ab2a724cc383b | smoothing and movement pending
I/DH2Native(19142): Native FindPath probe | floor pairs 64 | successful 64 | owned 64 | segments 2086 | state 9356b419cae2bc57 | position controller pending
I/DH2Native(19142): Native floor motion probe | floor pairs 64 | position valid 64 | accepted 64 | direction valid 64 | state d60ad48039cc85c6 | controller and dynamic obstacles pending
I/DH2Native(19142): Native obstacle registry probe | floor pairs 64 | accepted 64 | registered 64 | relocated 56 | state 22a98dfc4102db51 | forces and controller pending
I/DH2Native(19142): Native avoidance probe | floors 8 | force contributions 16 | adjusted 8 | turn limited 8 | state 09d1d79d2612c945 | actor producers and controller pending
I/DH2Native(19142): Native actor producer probe | floors 8 | registered 8 | physical radius updates 8 | state 30c1f3ac1bf81145 | physical construction and controller pending
I/DH2Native(19142): Native heading control | player movement and melee facing use recovered source | UpdatePath rotation subobjects and genuine physics active
I/DH2Native(19142): World ready | rooms 8 | visual draws 101 | navigation triangles 314 | idle tracks 23 | walk tracks 27 | position -1401.4871 19480.2910 636.4874
I/DH2Native(19142): World reload command applied | Crypt | 8 rooms | 13 monsters | 84 scenery objects
I/DH2Native(19142): 21612 triangles. Drag the movement control to walk.
I/DH2Native(19142): Native actor frame | scene 78 | Step 1 | actor 1 | source phase 5 | clip 1040 | ms 0 | replays 0 | body -14.0149 194.803 | contacts 0 0 | state 3 | body present 1 | timeline scale 1
I/DH2Native(19142): Model frame submitted at 1080 x 1867
I/DH2Native(19142): Player position -1401.4871 19480.2910 636.4874 | moved 0 | blocked 0
I/DH2Native(19142): Player facing | angle 0 | native updates 21
D/WindowOnBackDispatcher(19142): setTopOnBackInvokedCallback (unwrapped): null
D/ViewRootImpl(19142): Skipping stats log for color mode
D/AutofillManager(19142): Fill dialog is enabled:false, hints=[]
D/WindowOnBackDispatcher(19142): setTopOnBackInvokedCallback (unwrapped): android.app.Activity$$ExternalSyntheticLambda0@2bd922a
D/WindowOnBackDispatcher(19142): setOnBackInvokedCallbackInfo: android.app.Activity$$ExternalSyntheticLambda0@2bd922a
D/VRI[MainActivity](19142): WindowInsets changed: 2424x1080 statusBars:[0,137,0,0] navigationBars:[0,0,0,63] mandatorySystemGestures:[0,137,0,84] 
I/Surface (19142): Creating surface for consumer unnamed-19142-2 with slotExpansion=1 for 64 slots
I/Surface (19142): Creating surface for consumer VRI[MainActivity]#2(BLAST Consumer)2 with slotExpansion=1 for 64 slots
I/Surface (19142): Creating surface for consumer unnamed-19142-3 with slotExpansion=1 for 64 slots
I/Surface (19142): Creating surface for consumer 1e4db8 SurfaceView[com.example.dh2/com.example.dh2.MainActivity]#3(BLAST Consumer)3 with slotExpansion=1 for 64 slots
W/libc    (19142): Access denied finding property "vendor.mesa.virtgpu.kumquat"
I/DH2Native(19142): Renderer: Android Emulator OpenGL ES Translator (Google SwiftShader)
I/DH2Native(19142): GLES: OpenGL ES 3.0 (OpenGL ES 3.0 SwiftShader 4.0.0.1)
I/DH2Native(19142): Enemy AI configured | automatic melee 0
I/DH2Native(19142): Mod asset loaded | worlds/crypt01.dwld | bytes 1048
I/DH2Native(19142): Native skill catalogue | skill lists 36 | skills 127 | faery lists 4 | faeries 16 | shared immutable tables; full skill callbacks pending
I/DH2Native(19142): Class tables ready | classes 260 | bytes 34224 | cached base snapshots
I/DH2Native(19142): Native level catalogue | fast travel 33 | levels 51 | Crypt row 23 | ranges 8 10 / 45 47 / 74 76 | GSLevel ownership pending
I/DH2Native(19142): AI tables ready | configs 76 | factions 16 | automatic melee 0 | pursuit and full FSM pending
I/DH2Native(19142): Property rules ready | defaults row 0 | types row 1 | properties 224 | supplied sheets only
I/DH2Native(19142): Animation tables ready | sequences 785 | characters 80 | clip paths 1447 | bytes 72812
I/DH2Native(19142): Player attack track ready | clip 1111 | tracks 81 | unbound 0 | attack_mainhand ms -1
I/DH2Native(19142): Player attack track ready | clip 1063 | tracks 29 | unbound 0 | attack_mainhand ms -1
I/DH2Native(19142): Player attack track ready | clip 1040 | tracks 23 | unbound 0 | attack_mainhand ms -1
I/DH2Native(19142): Player attack track ready | clip 1041 | tracks 24 | unbound 0 | attack_mainhand ms -1
I/DH2Native(19142): Player attack track ready | clip 1126 | tracks 25 | unbound 0 | attack_mainhand ms -1
I/DH2Native(19142): Player attack track ready | clip 1114 | tracks 27 | unbound 0 | attack_mainhand ms -1
I/DH2Native(19142): Player attack track ready | clip 968 | tracks 25 | unbound 0 | attack_mainhand ms -1
I/DH2Native(19142): Player attack track ready | clip 956 | tracks 25 | unbound 0 | attack_mainhand ms 333
I/DH2Native(19142): Player attack track ready | clip 964 | tracks 25 | unbound 0 | attack_mainhand ms -1
I/DH2Native(19142): Player attack track ready | clip 970 | tracks 25 | unbound 0 | attack_mainhand ms -1
I/DH2Native(19142): Player attack track ready | clip 959 | tracks 25 | unbound 0 | attack_mainhand ms 899
I/DH2Native(19142): Player attack track ready | clip 965 | tracks 25 | unbound 0 | attack_mainhand ms -1
I/DH2Native(19142): Player attack track ready | clip 972 | tracks 25 | unbound 0 | attack_mainhand ms -1
I/DH2Native(19142): Player attack track ready | clip 962 | tracks 25 | unbound 0 | attack_mainhand ms 1533
I/DH2Native(19142): Player attack track ready | clip 966 | tracks 25 | unbound 0 | attack_mainhand ms -1
I/DH2Native(19142): Player attack track ready | clip 967 | tracks 26 | unbound 0 | attack_mainhand ms -1
I/DH2Native(19142): Player attack track ready | clip 955 | tracks 26 | unbound 0 | attack_mainhand ms 300
I/DH2Native(19142): Player attack track ready | clip 957 | tracks 27 | unbound 0 | attack_mainhand ms -1
I/DH2Native(19142): Player attack track ready | clip 969 | tracks 26 | unbound 0 | attack_mainhand ms -1
I/DH2Native(19142): Player attack track ready | clip 958 | tracks 26 | unbound 0 | attack_mainhand ms 899
I/DH2Native(19142): Player attack track ready | clip 960 | tracks 27 | unbound 0 | attack_mainhand ms -1
I/DH2Native(19142): Player attack track ready | clip 971 | tracks 26 | unbound 0 | attack_mainhand ms -1
I/DH2Native(19142): Player attack track ready | clip 961 | tracks 26 | unbound 0 | attack_mainhand ms 1500
I/DH2Native(19142): Player attack track ready | clip 963 | tracks 26 | unbound 0 | attack_mainhand ms -1
I/DH2Native(19142): Player attack track ready | clip 1025 | tracks 25 | unbound 0 | attack_mainhand ms -1
I/DH2Native(19142): Player attack track ready | clip 1074 | tracks 27 | unbound 0 | attack_mainhand ms -1
I/DH2Native(19142): Player attack track ready | clip 1110 | tracks 25 | unbound 0 | attack_mainhand ms -1
I/DH2Native(19142): Player attack track ready | clip 1071 | tracks 25 | unbound 0 | attack_mainhand ms -1
I/DH2Native(19142): Player attack track ready | clip 1076 | tracks 29 | unbound 0 | attack_mainhand ms -1
I/DH2Native(19142): Player attack track ready | clip 1109 | tracks 28 | unbound 0 | attack_mainhand ms -1
I/DH2Native(19142): Player attack track ready | clip 1026 | tracks 30 | unbound 0 | attack_mainhand ms -1
I/DH2Native(19142): Player attack track ready | clip 1029 | tracks 28 | unbound 0 | attack_mainhand ms -1
I/DH2Native(19142): Player attack track ready | clip 1030 | tracks 27 | unbound 0 | attack_mainhand ms -1
I/DH2Native(19142): Player attack track ready | clip 1031 | tracks 27 | unbound 0 | attack_mainhand ms -1
I/DH2Native(19142): Player attack track ready | clip 1032 | tracks 27 | unbound 0 | attack_mainhand ms -1
I/DH2Native(19142): Player attack track ready | clip 991 | tracks 27 | unbound 0 | attack_mainhand ms -1
I/DH2Native(19142): Player attack track ready | clip 996 | tracks 27 | unbound 0 | attack_mainhand ms -1
I/DH2Native(19142): Player death track ready | clip 1023 | tracks 27 | unbound 0 | attack_mainhand ms -1
I/DH2Native(19142): Player attack track ready | clip 992 | tracks 26 | unbound 0 | attack_mainhand ms -1
I/DH2Native(19142): Player attack track ready | clip 1028 | tracks 29 | unbound 0 | attack_mainhand ms -1
I/DH2Native(19142): Player attack track ready | clip 1027 | tracks 26 | unbound 0 | attack_mainhand ms -1
I/DH2Native(19142): Player attack track ready | clip 1091 | tracks 26 | unbound 0 | attack_mainhand ms -1
I/DH2Native(19142): Player attack track ready | clip 1093 | tracks 26 | unbound 0 | attack_mainhand ms -1
I/DH2Native(19142): Player attack track ready | clip 1043 | tracks 26 | unbound 0 | attack_mainhand ms -1
I/DH2Native(19142): Player attack track ready | clip 994 | tracks 26 | unbound 0 | attack_mainhand ms -1
I/DH2Native(19142): Player attack track ready | clip 1044 | tracks 25 | unbound 0 | attack_mainhand ms -1
I/DH2Native(19142): Player attack track ready | clip 1096 | tracks 14 | unbound 0 | attack_mainhand ms -1
I/DH2Native(19142): Player attack track ready | clip 1103 | tracks 26 | unbound 0 | attack_mainhand ms -1
I/DH2Native(19142): Player attack track ready | clip 1107 | tracks 25 | unbound 0 | attack_mainhand ms -1
I/DH2Native(19142): Player attack track ready | clip 1104 | tracks 27 | unbound 0 | attack_mainhand ms -1
I/DH2Native(19142): Player attack track ready | clip 1108 | tracks 27 | unbound 0 | attack_mainhand ms -1
I/DH2Native(19142): Player attack track ready | clip 1101 | tracks 26 | unbound 0 | attack_mainhand ms -1
I/DH2Native(19142): Player attack track ready | clip 1105 | tracks 25 | unbound 0 | attack_mainhand ms -1
I/DH2Native(19142): Player attack track ready | clip 1100 | tracks 26 | unbound 0 | attack_mainhand ms -1
I/DH2Native(19142): Player attack track ready | clip 1097 | tracks 25 | unbound 0 | attack_mainhand ms -1
I/DH2Native(19142): Player attack track ready | clip 1234 | tracks 25 | unbound 0 | attack_mainhand ms -1
I/DH2Native(19142): Player attack track ready | clip 1239 | tracks 25 | unbound 0 | attack_mainhand ms -1
I/DH2Native(19142): Player attack track ready | clip 1238 | tracks 25 | unbound 0 | attack_mainhand ms -1
I/DH2Native(19142): Player attack track ready | clip 1035 | tracks 23 | unbound 0 | attack_mainhand ms -1
I/DH2Native(19142): Player attack track ready | clip 1036 | tracks 23 | unbound 0 | attack_mainhand ms -1
I/DH2Native(19142): Player attack track ready | clip 986 | tracks 25 | unbound 0 | attack_mainhand ms -1
I/DH2Native(19142): Player attack track ready | clip 974 | tracks 25 | unbound 0 | attack_mainhand ms -1
I/DH2Native(19142): Player attack track ready | clip 976 | tracks 25 | unbound 0 | attack_mainhand ms -1
I/DH2Native(19142): Player attack track ready | clip 988 | tracks 25 | unbound 0 | attack_mainhand ms -1
I/DH2Native(19142): Player attack track ready | clip 978 | tracks 25 | unbound 0 | attack_mainhand ms -1
I/DH2Native(19142): Player attack track ready | clip 980 | tracks 25 | unbound 0 | attack_mainhand ms -1
I/DH2Native(19142): Player attack track ready | clip 990 | tracks 25 | unbound 0 | attack_mainhand ms -1
I/DH2Native(19142): Player attack track ready | clip 984 | tracks 25 | unbound 0 | attack_mainhand ms -1
I/DH2Native(19142): Player attack track ready | clip 985 | tracks 26 | unbound 0 | attack_mainhand ms -1
I/DH2Native(19142): Player attack track ready | clip 973 | tracks 25 | unbound 0 | attack_mainhand ms 333
I/DH2Native(19142): Player attack track ready | clip 975 | tracks 25 | unbound 0 | attack_mainhand ms -1
I/DH2Native(19142): Player attack track ready | clip 987 | tracks 25 | unbound 0 | attack_mainhand ms -1
I/DH2Native(19142): Player attack track ready | clip 977 | tracks 25 | unbound 0 | attack_mainhand ms 1066
I/DH2Native(19142): Player attack track ready | clip 979 | tracks 25 | unbound 0 | attack_mainhand ms -1
I/DH2Native(19142): Player attack track ready | clip 989 | tracks 25 | unbound 0 | attack_mainhand ms -1
I/DH2Native(19142): Player attack track ready | clip 981 | tracks 25 | unbound 0 | attack_mainhand ms 1799
I/DH2Native(19142): Player attack track ready | clip 983 | tracks 25 | unbound 0 | attack_mainhand ms -1
I/DH2Native(19142): Player attack track ready | clip 1233 | tracks 24 | unbound 0 | attack_mainhand ms -1
I/DH2Native(19142): Player attack track ready | clip 1037 | tracks 23 | unbound 0 | attack_mainhand ms -1
I/DH2Native(19142): Player attack track ready | clip 1038 | tracks 23 | unbound 0 | attack_mainhand ms -1
I/DH2Native(19142): Player attack track ready | clip 1016 | tracks 23 | unbound 0 | attack_mainhand ms -1
I/DH2Native(19142): Player attack track ready | clip 1000 | tracks 25 | unbound 0 | attack_mainhand ms 333
I/DH2Native(19142): Player attack track ready | clip 1011 | tracks 27 | unbound 0 | attack_mainhand ms -1
I/DH2Native(19142): Player attack track ready | clip 1018 | tracks 25 | unbound 0 | attack_mainhand ms -1
I/DH2Native(19142): Player attack track ready | clip 1003 | tracks 27 | unbound 0 | attack_mainhand ms -1
I/DH2Native(19142): Player attack track ready | clip 1012 | tracks 25 | unbound 0 | attack_mainhand ms -1
I/DH2Native(19142): Player attack track ready | clip 1020 | tracks 25 | unbound 0 | attack_mainhand ms -1
I/DH2Native(19142): Player attack track ready | clip 1006 | tracks 25 | unbound 0 | attack_mainhand ms 1566
I/DH2Native(19142): Player attack track ready | clip 1013 | tracks 25 | unbound 0 | attack_mainhand ms -1
I/DH2Native(19142): Player attack track ready | clip 1022 | tracks 25 | unbound 0 | attack_mainhand ms -1
I/DH2Native(19142): Player attack track ready | clip 1009 | tracks 25 | unbound 0 | attack_mainhand ms -1
I/DH2Native(19142): Player attack track ready | clip 1014 | tracks 25 | unbound 0 | attack_mainhand ms -1
I/DH2Native(19142): Player attack track ready | clip 1015 | tracks 25 | unbound 0 | attack_mainhand ms -1
I/DH2Native(19142): Player attack track ready | clip 999 | tracks 25 | unbound 0 | attack_mainhand ms 400
I/DH2Native(19142): Player attack track ready | clip 1001 | tracks 25 | unbound 0 | attack_mainhand ms -1
I/DH2Native(19142): Player attack track ready | clip 1017 | tracks 25 | unbound 0 | attack_mainhand ms -1
I/DH2Native(19142): Player attack track ready | clip 1002 | tracks 25 | unbound 0 | attack_mainhand ms 866
I/DH2Native(19142): Player attack track ready | clip 1004 | tracks 25 | unbound 0 | attack_mainhand ms -1
I/DH2Native(19142): Player attack track ready | clip 1019 | tracks 25 | unbound 0 | attack_mainhand ms -1
I/DH2Native(19142): Player attack track ready | clip 1005 | tracks 25 | unbound 0 | attack_mainhand ms 1500
I/DH2Native(19142): Player attack track ready | clip 1007 | tracks 25 | unbound 0 | attack_mainhand ms -1
I/DH2Native(19142): Player attack track ready | clip 1021 | tracks 25 | unbound 0 | attack_mainhand ms -1
I/DH2Native(19142): Player attack track ready | clip 1008 | tracks 25 | unbound 0 | attack_mainhand ms 2266
I/DH2Native(19142): Player attack track ready | clip 1010 | tracks 25 | unbound 0 | attack_mainhand ms -1
I/DH2Native(19142): Player attack track ready | clip 1147 | tracks 27 | unbound 2 | attack_mainhand ms -1
I/DH2Native(19142): Player attack track ready | clip 1133 | tracks 27 | unbound 2 | attack_mainhand ms 1633
I/DH2Native(19142): Player attack track ready | clip 1146 | tracks 25 | unbound 2 | attack_mainhand ms -1
I/DH2Native(19142): Player attack track ready | clip 1218 | tracks 27 | unbound 0 | attack_mainhand ms -1
I/DH2Native(19142): Player attack track ready | clip 1039 | tracks 25 | unbound 0 | attack_mainhand ms -1
I/DH2Native(19142): Player attack track ready | clip 1077 | tracks 18 | unbound 0 | attack_mainhand ms -1
I/DH2Native(19142): Player attack track ready | clip 1078 | tracks 18 | unbound 0 | attack_mainhand ms -1
I/DH2Native(19142): Player attack track ready | clip 1079 | tracks 20 | unbound 0 | attack_mainhand ms -1
I/DH2Native(19142): Player attack track ready | clip 1143 | tracks 24 | unbound 0 | attack_mainhand ms -1
I/DH2Native(19142): Player attack track ready | clip 1138 | tracks 0 | unbound 0 | attack_mainhand ms -1
I/DH2Native(19142): Player attack track ready | clip 1136 | tracks 24 | unbound 0 | attack_mainhand ms -1
I/DH2Native(19142): Player attack track ready | clip 1137 | tracks 24 | unbound 0 | attack_mainhand ms -1
I/DH2Native(19142): Base class snapshot | _prim_tmp_cultist01 | character Crypt_Skeleton | class 18 | level raw 256 | Max_HP raw 12160 | Max_MP raw 5632 | checksum 41ae0e800682474e | cached only
I/DH2Native(19142): Resolved properties | _prim_tmp_cultist01 | character Crypt_Skeleton | HP raw -1 | Max_HP raw 12160 | MP raw -1 | Max_MP raw 5632 | checksum 41ae0e800682474e | supplied sheets only
I/DH2Native(19142): Spawn vitals | _prim_tmp_cultist01 | character Crypt_Skeleton | HP raw 12160 | Max_HP raw 12160 | MP raw 5632 | Max_MP raw 5632 | first HP add raw 12160 | first MP add raw 5632 | second HP add raw 1 | second MP add raw 1 | checksum ee913bf1bab19e05 | passes 2
I/DH2Native(19142): Combat result probe | _prim_tmp_cultist01 | character Crypt_Skeleton | amount 2030 | dot element -1 | dot duration 0 | dot amount 0 | HP leech 0 | MP leech 0 | outcomes 0 | mask 2271925 | category -1 | element -1 | seed 11805120 | calls 9 | validation only
I/DH2Native(19142): Health probe | _prim_tmp_cultist01 | character Crypt_Skeleton | damage 256 | add -256 | before 12160 | after 11904 | kill 0 | armed 1 | cue 0 | lifecycle -1 | dead skip 0 | validation only
I/DH2Native(19142): Health probe | _prim_tmp_cultist01 | character Crypt_Skeleton | damage 16384 | add -16384 | before 12160 | after 0 | kill 1 | armed 1 | cue 0 | lifecycle 3 | dead skip 0 | validation only
I/DH2Native(19142): Original idle selected | skeleton.bdae | table 62 | sequence 596 | step 0 | clip 1194 | skeleton_idle_01.bdae | speed 1.0000 | actor _prim_tmp_cultist01
I/DH2Native(19142): Actor event track ready | skeleton.bdae | clip 1178 | groups 1 | attack_mainhand ms 100
I/DH2Native(19142): Actor event track ready | skeleton.bdae | clip 1179 | groups 0 | attack_mainhand ms -1
I/DH2Native(19142): Actor event track ready | skeleton.bdae | clip 1180 | groups 1 | attack_mainhand ms 100
I/DH2Native(19142): Actor event track ready | skeleton.bdae | clip 1181 | groups 0 | attack_mainhand ms -1
I/DH2Native(19142): Actor event track ready | skeleton.bdae | clip 1185 | groups 0 | attack_mainhand ms -1
I/DH2Native(19142): Actor event track ready | skeleton.bdae | clip 1194 | groups 0 | attack_mainhand ms -1
I/DH2Native(19142): Actor event track ready | skeleton.bdae | clip 1195 | groups 0 | attack_mainhand ms -1
I/DH2Native(19142): Actor event track ready | skeleton.bdae | clip 1197 | groups 0 | attack_mainhand ms -1
I/DH2Native(19142): Actor event track ready | skeleton.bdae | clip 1198 | groups 0 | attack_mainhand ms -1
I/DH2Native(19142): Actor event track ready | skeleton.bdae | clip 1204 | groups 0 | attack_mainhand ms -1
I/DH2Native(19142): Actor clip bank ready | skeleton.bdae | clips 10 | independent instance clocks
I/DH2Native(19142): Object resource skeleton.bdae | primitives 1 | tracks 23 | unbound 3 | unsupported 0 | removed helpers 2
I/DH2Native(19142): Base class snapshot | _prim_tmp_cultist03 | character Crypt_Skeleton | class 18 | level raw 256 | Max_HP raw 12160 | Max_MP raw 5632 | checksum 41ae0e800682474e | cached only
I/DH2Native(19142): Resolved properties | _prim_tmp_cultist03 | character Crypt_Skeleton | HP raw -1 | Max_HP raw 12160 | MP raw -1 | Max_MP raw 5632 | checksum 41ae0e800682474e | supplied sheets only
I/DH2Native(19142): Spawn vitals | _prim_tmp_cultist03 | character Crypt_Skeleton | HP raw 12160 | Max_HP raw 12160 | MP raw 5632 | Max_MP raw 5632 | first HP add raw 12160 | first MP add raw 5632 | second HP add raw 1 | second MP add raw 1 | checksum ee913bf1bab19e05 | passes 2
I/DH2Native(19142): Combat result probe | _prim_tmp_cultist03 | character Crypt_Skeleton | amount 2030 | dot element -1 | dot duration 0 | dot amount 0 | HP leech 0 | MP leech 0 | outcomes 0 | mask 2271925 | category -1 | element -1 | seed 11805120 | calls 9 | validation only
I/DH2Native(19142): Health probe | _prim_tmp_cultist03 | character Crypt_Skeleton | damage 256 | add -256 | before 12160 | after 11904 | kill 0 | armed 1 | cue 0 | lifecycle -1 | dead skip 0 | validation only
I/DH2Native(19142): Health probe | _prim_tmp_cultist03 | character Crypt_Skeleton | damage 16384 | add -16384 | before 12160 | after 0 | kill 1 | armed 1 | cue 0 | lifecycle 3 | dead skip 0 | validation only
I/DH2Native(19142): Original idle selected | skeleton.bdae | table 62 | sequence 596 | step 1 | clip 1195 | skeleton_idle_02.bdae | speed 1.0000 | actor _prim_tmp_cultist03
I/DH2Native(19142): Base class snapshot | _prim_tmp_cultist05 | character CryptSlime | class 18 | level raw 256 | Max_HP raw 12160 | Max_MP raw 5632 | checksum e0cad1d302226d0f | cached only
I/DH2Native(19142): Resolved properties | _prim_tmp_cultist05 | character CryptSlime | HP raw -1 | Max_HP raw 12160 | MP raw -1 | Max_MP raw 5632 | checksum e0cad1d302226d0f | supplied sheets only
I/DH2Native(19142): Spawn vitals | _prim_tmp_cultist05 | character CryptSlime | HP raw 12160 | Max_HP raw 12160 | MP raw 5632 | Max_MP raw 5632 | first HP add raw 12160 | first MP add raw 5632 | second HP add raw 1 | second MP add raw 1 | checksum a1f87e373eade438 | passes 2
I/DH2Native(19142): Combat result probe | _prim_tmp_cultist05 | character CryptSlime | amount 2036 | dot element -1 | dot duration 0 | dot amount 0 | HP leech 0 | MP leech 0 | outcomes 0 | mask 2271925 | category -1 | element -1 | seed 3406292 | calls 9 | validation only
I/DH2Native(19142): Health probe | _prim_tmp_cultist05 | character CryptSlime | damage 256 | add -256 | before 12160 | after 11904 | kill 0 | armed 1 | cue 0 | lifecycle -1 | dead skip 0 | validation only
I/DH2Native(19142): Health probe | _prim_tmp_cultist05 | character CryptSlime | damage 16384 | add -16384 | before 12160 | after 0 | kill 1 | armed 1 | cue 0 | lifecycle 3 | dead skip 0 | validation only
I/DH2Native(19142): Original idle selected | slime_green_v2.bdae | table 64 | sequence 613 | step 5 | clip 1259 | slime_idle_02.bdae | speed 1.0000 | actor _prim_tmp_cultist05
I/DH2Native(19142): Actor event track ready | slime_green_v2.bdae | clip 1246 | groups 1 | attack_mainhand ms 266
I/DH2Native(19142): Actor event track ready | slime_green_v2.bdae | clip 1247 | groups 0 | attack_mainhand ms -1
I/DH2Native(19142): Actor event track ready | slime_green_v2.bdae | clip 1248 | groups 1 | attack_mainhand ms 300
I/DH2Native(19142): Actor event track ready | slime_green_v2.bdae | clip 1249 | groups 0 | attack_mainhand ms -1
I/DH2Native(19142): Actor event track ready | slime_green_v2.bdae | clip 1251 | groups 0 | attack_mainhand ms -1
I/DH2Native(19142): Actor event track ready | slime_green_v2.bdae | clip 1258 | groups 0 | attack_mainhand ms -1
I/DH2Native(19142): Actor event track ready | slime_green_v2.bdae | clip 1259 | groups 0 | attack_mainhand ms -1
I/DH2Native(19142): Actor event track ready | slime_green_v2.bdae | clip 1261 | groups 0 | attack_mainhand ms -1
I/DH2Native(19142): Actor event track ready | slime_green_v2.bdae | clip 1262 | groups 0 | attack_mainhand ms -1
I/DH2Native(19142): Actor event track ready | slime_green_v2.bdae | clip 1268 | groups 0 | attack_mainhand ms -1
I/DH2Native(19142): Actor clip bank ready | slime_green_v2.bdae | clips 10 | independent instance clocks
I/DH2Native(19142): Object resource slime_green_v2.bdae | primitives 2 | tracks 12 | unbound 0 | unsupported 0 | removed helpers 0
I/DH2Native(19142): Base class snapshot | _prim_tmp_cultist06 | character CryptSlime | class 18 | level raw 256 | Max_HP raw 12160 | Max_MP raw 5632 | checksum e0cad1d302226d0f | cached only
I/DH2Native(19142): Resolved properties | _prim_tmp_cultist06 | character CryptSlime | HP raw -1 | Max_HP raw 12160 | MP raw -1 | Max_MP raw 5632 | checksum e0cad1d302226d0f | supplied sheets only
I/DH2Native(19142): Spawn vitals | _prim_tmp_cultist06 | character CryptSlime | HP raw 12160 | Max_HP raw 12160 | MP raw 5632 | Max_MP raw 5632 | first HP add raw 12160 | first MP add raw 5632 | second HP add raw 1 | second MP add raw 1 | checksum a1f87e373eade438 | passes 2
I/DH2Native(19142): Combat result probe | _prim_tmp_cultist06 | character CryptSlime | amount 2036 | dot element -1 | dot duration 0 | dot amount 0 | HP leech 0 | MP leech 0 | outcomes 0 | mask 2271925 | category -1 | element -1 | seed 3406292 | calls 9 | validation only
I/DH2Native(19142): Health probe | _prim_tmp_cultist06 | character CryptSlime | damage 256 | add -256 | before 12160 | after 11904 | kill 0 | armed 1 | cue 0 | lifecycle -1 | dead skip 0 | validation only
I/DH2Native(19142): Health probe | _prim_tmp_cultist06 | character CryptSlime | damage 16384 | add -16384 | before 12160 | after 0 | kill 1 | armed 1 | cue 0 | lifecycle 3 | dead skip 0 | validation only
I/DH2Native(19142): Original idle selected | slime_green_v2.bdae | table 64 | sequence 613 | step 5 | clip 1259 | slime_idle_02.bdae | speed 1.0000 | actor _prim_tmp_cultist06
I/DH2Native(19142): Base class snapshot | _prim_tmp_cultist07 | character Crypt_Skeleton | class 18 | level raw 256 | Max_HP raw 12160 | Max_MP raw 5632 | checksum 41ae0e800682474e | cached only
I/DH2Native(19142): Resolved properties | _prim_tmp_cultist07 | character Crypt_Skeleton | HP raw -1 | Max_HP raw 12160 | MP raw -1 | Max_MP raw 5632 | checksum 41ae0e800682474e | supplied sheets only
I/DH2Native(19142): Spawn vitals | _prim_tmp_cultist07 | character Crypt_Skeleton | HP raw 12160 | Max_HP raw 12160 | MP raw 5632 | Max_MP raw 5632 | first HP add raw 12160 | first MP add raw 5632 | second HP add raw 1 | second MP add raw 1 | checksum ee913bf1bab19e05 | passes 2
I/DH2Native(19142): Combat result probe | _prim_tmp_cultist07 | character Crypt_Skeleton | amount 2030 | dot element -1 | dot duration 0 | dot amount 0 | HP leech 0 | MP leech 0 | outcomes 0 | mask 2271925 | category -1 | element -1 | seed 11805120 | calls 9 | validation only
I/DH2Native(19142): Health probe | _prim_tmp_cultist07 | character Crypt_Skeleton | damage 256 | add -256 | before 12160 | after 11904 | kill 0 | armed 1 | cue 0 | lifecycle -1 | dead skip 0 | validation only
I/DH2Native(19142): Health probe | _prim_tmp_cultist07 | character Crypt_Skeleton | damage 16384 | add -16384 | before 12160 | after 0 | kill 1 | armed 1 | cue 0 | lifecycle 3 | dead skip 0 | validation only
I/DH2Native(19142): Original idle selected | skeleton.bdae | table 62 | sequence 596 | step 0 | clip 1194 | skeleton_idle_01.bdae | speed 1.0000 | actor _prim_tmp_cultist07
I/DH2Native(19142): Base class snapshot | _prim_tmp_cultist08 | character Crypt_Skeleton | class 18 | level raw 256 | Max_HP raw 12160 | Max_MP raw 5632 | checksum 41ae0e800682474e | cached only
I/DH2Native(19142): Resolved properties | _prim_tmp_cultist08 | character Crypt_Skeleton | HP raw -1 | Max_HP raw 12160 | MP raw -1 | Max_MP raw 5632 | checksum 41ae0e800682474e | supplied sheets only
I/DH2Native(19142): Spawn vitals | _prim_tmp_cultist08 | character Crypt_Skeleton | HP raw 12160 | Max_HP raw 12160 | MP raw 5632 | Max_MP raw 5632 | first HP add raw 12160 | first MP add raw 5632 | second HP add raw 1 | second MP add raw 1 | checksum ee913bf1bab19e05 | passes 2
I/DH2Native(19142): Combat result probe | _prim_tmp_cultist08 | character Crypt_Skeleton | amount 2030 | dot element -1 | dot duration 0 | dot amount 0 | HP leech 0 | MP leech 0 | outcomes 0 | mask 2271925 | category -1 | element -1 | seed 11805120 | calls 9 | validation only
I/DH2Native(19142): Health probe | _prim_tmp_cultist08 | character Crypt_Skeleton | damage 256 | add -256 | before 12160 | after 11904 | kill 0 | armed 1 | cue 0 | lifecycle -1 | dead skip 0 | validation only
I/DH2Native(19142): Health probe | _prim_tmp_cultist08 | character Crypt_Skeleton | damage 16384 | add -16384 | before 12160 | after 0 | kill 1 | armed 1 | cue 0 | lifecycle 3 | dead skip 0 | validation only
I/DH2Native(19142): Original idle selected | skeleton.bdae | table 62 | sequence 596 | step 1 | clip 1195 | skeleton_idle_02.bdae | speed 1.0000 | actor _prim_tmp_cultist08
I/DH2Native(19142): Object resource crypt_candles2_small.bdae | primitives 3 | tracks 5 | unbound 0 | unsupported 0 | removed helpers 1
I/DH2Native(19142): Object resource crypt_candlestand_big.bdae | primitives 4 | tracks 3 | unbound 0 | unsupported 0 | removed helpers 2
I/DH2Native(19142): Object resource crypt_candlestand.bdae | primitives 4 | tracks 7 | unbound 0 | unsupported 0 | removed helpers 2
I/DH2Native(19142): Object resource crypt_candle2.bdae | primitives 3 | tracks 3 | unbound 0 | unsupported 0 | removed helpers 1
I/DH2Native(19142): Object resource crypt_candle1_small.bdae | primitives 3 | tracks 3 | unbound 0 | unsupported 0 | removed helpers 1
I/DH2Native(19142): Object resource crypt_candles.bdae | primitives 3 | tracks 7 | unbound 0 | unsupported 0 | removed helpers 1
I/DH2Native(19142): Object resource swamp_caveentrance_effect.bdae | primitives 1 | tracks 0 | unbound 0 | unsupported 3 | removed helpers 0
I/DH2Native(19142): Object resource crypt_candle_big.bdae | primitives 3 | tracks 3 | unbound 0 | unsupported 0 | removed helpers 1
I/DH2Native(19142): Base class snapshot | _prim_Monster | character CryptSlime | class 18 | level raw 256 | Max_HP raw 12160 | Max_MP raw 5632 | checksum e0cad1d302226d0f | cached only
I/DH2Native(19142): Resolved properties | _prim_Monster | character CryptSlime | HP raw -1 | Max_HP raw 12160 | MP raw -1 | Max_MP raw 5632 | checksum e0cad1d302226d0f | supplied sheets only
I/DH2Native(19142): Spawn vitals | _prim_Monster | character CryptSlime | HP raw 12160 | Max_HP raw 12160 | MP raw 5632 | Max_MP raw 5632 | first HP add raw 12160 | first MP add raw 5632 | second HP add raw 1 | second MP add raw 1 | checksum a1f87e373eade438 | passes 2
I/DH2Native(19142): Combat result probe | _prim_Monster | character CryptSlime | amount 2036 | dot element -1 | dot duration 0 | dot amount 0 | HP leech 0 | MP leech 0 | outcomes 0 | mask 2271925 | category -1 | element -1 | seed 3406292 | calls 9 | validation only
I/DH2Native(19142): Health probe | _prim_Monster | character CryptSlime | damage 256 | add -256 | before 12160 | after 11904 | kill 0 | armed 1 | cue 0 | lifecycle -1 | dead skip 0 | validation only
I/DH2Native(19142): Health probe | _prim_Monster | character CryptSlime | damage 16384 | add -16384 | before 12160 | after 0 | kill 1 | armed 1 | cue 0 | lifecycle 3 | dead skip 0 | validation only
I/DH2Native(19142): Original idle selected | slime_green_v2.bdae | table 64 | sequence 613 | step 1 | clip 1258 | slime_idle.bdae | speed 1.0000 | actor _prim_Monster
I/DH2Native(19142): Base class snapshot | _prim_Monster02 | character CryptSlime_RE | class 18 | level raw 256 | Max_HP raw 12160 | Max_MP raw 5632 | checksum eb471073d49b2c44 | cached only
I/DH2Native(19142): Resolved properties | _prim_Monster02 | character CryptSlime_RE | HP raw -1 | Max_HP raw 12160 | MP raw -1 | Max_MP raw 5632 | checksum eb471073d49b2c44 | supplied sheets only
I/DH2Native(19142): Spawn vitals | _prim_Monster02 | character CryptSlime_RE | HP raw 12160 | Max_HP raw 12160 | MP raw 5632 | Max_MP raw 5632 | first HP add raw 12160 | first MP add raw 5632 | second HP add raw 1 | second MP add raw 1 | checksum 6eba0582f78691bb | passes 2
I/DH2Native(19142): Combat result probe | _prim_Monster02 | character CryptSlime_RE | amount 2135 | dot element -1 | dot duration 0 | dot amount 0 | HP leech 0 | MP leech 0 | outcomes 0 | mask 2271925 | category -1 | element -1 | seed 7440849 | calls 9 | validation only
I/DH2Native(19142): Health probe | _prim_Monster02 | character CryptSlime_RE | damage 256 | add -256 | before 12160 | after 11904 | kill 0 | armed 1 | cue 0 | lifecycle -1 | dead skip 0 | validation only
I/DH2Native(19142): Health probe | _prim_Monster02 | character CryptSlime_RE | damage 16384 | add -16384 | before 12160 | after 0 | kill 1 | armed 1 | cue 0 | lifecycle 3 | dead skip 0 | validation only
I/DH2Native(19142): Original idle selected | slime_green_v2.bdae | table 64 | sequence 613 | step 0 | clip 1258 | slime_idle.bdae | speed 1.0000 | actor _prim_Monster02
I/DH2Native(19142): Base class snapshot | _prim_Monster05 | character CryptSlime | class 18 | level raw 256 | Max_HP raw 12160 | Max_MP raw 5632 | checksum e0cad1d302226d0f | cached only
I/DH2Native(19142): Resolved properties | _prim_Monster05 | character CryptSlime | HP raw -1 | Max_HP raw 12160 | MP raw -1 | Max_MP raw 5632 | checksum e0cad1d302226d0f | supplied sheets only
I/DH2Native(19142): Spawn vitals | _prim_Monster05 | character CryptSlime | HP raw 12160 | Max_HP raw 12160 | MP raw 5632 | Max_MP raw 5632 | first HP add raw 12160 | first MP add raw 5632 | second HP add raw 1 | second MP add raw 1 | checksum a1f87e373eade438 | passes 2
I/DH2Native(19142): Combat result probe | _prim_Monster05 | character CryptSlime | amount 2036 | dot element -1 | dot duration 0 | dot amount 0 | HP leech 0 | MP leech 0 | outcomes 0 | mask 2271925 | category -1 | element -1 | seed 3406292 | calls 9 | validation only
I/DH2Native(19142): Health probe | _prim_Monster05 | character CryptSlime | damage 256 | add -256 | before 12160 | after 11904 | kill 0 | armed 1 | cue 0 | lifecycle -1 | dead skip 0 | validation only
I/DH2Native(19142): Health probe | _prim_Monster05 | character CryptSlime | damage 16384 | add -16384 | before 12160 | after 0 | kill 1 | armed 1 | cue 0 | lifecycle 3 | dead skip 0 | validation only
I/DH2Native(19142): Original idle selected | slime_green_v2.bdae | table 64 | sequence 613 | step 4 | clip 1258 | slime_idle.bdae | speed 1.0000 | actor _prim_Monster05
I/DH2Native(19142): Object resource crypt_candle1.bdae | primitives 3 | tracks 3 | unbound 0 | unsupported 0 | removed helpers 1
I/DH2Native(19142): Base class snapshot | _prim_Monster_Ghost05 | character Crypt_Ghost | class 18 | level raw 256 | Max_HP raw 12160 | Max_MP raw 5632 | checksum 37563d932af809fb | cached only
I/DH2Native(19142): Resolved properties | _prim_Monster_Ghost05 | character Crypt_Ghost | HP raw -1 | Max_HP raw 12160 | MP raw -1 | Max_MP raw 5632 | checksum 37563d932af809fb | supplied sheets only
I/DH2Native(19142): Spawn vitals | _prim_Monster_Ghost05 | character Crypt_Ghost | HP raw 12160 | Max_HP raw 12160 | MP raw 5632 | Max_MP raw 5632 | first HP add raw 12160 | first MP add raw 5632 | second HP add raw 1 | second MP add raw 1 | checksum e41199bf55080334 | passes 2
I/DH2Native(19142): Combat result probe | _prim_Monster_Ghost05 | character Crypt_Ghost | amount 2263 | dot element -1 | dot duration 0 | dot amount 0 | HP leech 0 | MP leech 0 | outcomes 0 | mask 2271925 | category -1 | element -1 | seed 3474079 | calls 9 | validation only
I/DH2Native(19142): Health probe | _prim_Monster_Ghost05 | character Crypt_Ghost | damage 256 | add -256 | before 12160 | after 11904 | kill 0 | armed 1 | cue 0 | lifecycle -1 | dead skip 0 | validation only
I/DH2Native(19142): Health probe | _prim_Monster_Ghost05 | character Crypt_Ghost | damage 16384 | add -16384 | before 12160 | after 0 | kill 1 | armed 1 | cue 0 | lifecycle 3 | dead skip 0 | validation only
I/DH2Native(19142): Original idle selected | ghost.bdae | table 24 | sequence 210 | step 0 | clip 706 | ghost_idle_01.bdae | speed 1.3000 | actor _prim_Monster_Ghost05
I/DH2Native(19142): Actor event track ready | ghost.bdae | clip 697 | groups 1 | attack_mainhand ms 999
I/DH2Native(19142): Actor event track ready | ghost.bdae | clip 700 | groups 0 | attack_mainhand ms -1
I/DH2Native(19142): Actor event track ready | ghost.bdae | clip 706 | groups 0 | attack_mainhand ms -1
I/DH2Native(19142): Actor event track ready | ghost.bdae | clip 707 | groups 0 | attack_mainhand ms -1
I/DH2Native(19142): Actor event track ready | ghost.bdae | clip 710 | groups 0 | attack_mainhand ms -1
I/DH2Native(19142): Actor event track ready | ghost.bdae | clip 714 | groups 0 | attack_mainhand ms -1
I/DH2Native(19142): Actor event track ready | ghost.bdae | clip 717 | groups 0 | attack_mainhand ms -1
I/DH2Native(19142): Actor clip bank ready | ghost.bdae | clips 7 | independent instance clocks
I/DH2Native(19142): Object resource ghost.bdae | primitives 2 | tracks 24 | unbound 0 | unsupported 0 | removed helpers 2
I/DH2Native(19142): Base class snapshot | _prim_Monster_Ghost06 | character Crypt_Ghost | class 18 | level raw 256 | Max_HP raw 12160 | Max_MP raw 5632 | checksum 37563d932af809fb | cached only
I/DH2Native(19142): Resolved properties | _prim_Monster_Ghost06 | character Crypt_Ghost | HP raw -1 | Max_HP raw 12160 | MP raw -1 | Max_MP raw 5632 | checksum 37563d932af809fb | supplied sheets only
I/DH2Native(19142): Spawn vitals | _prim_Monster_Ghost06 | character Crypt_Ghost | HP raw 12160 | Max_HP raw 12160 | MP raw 5632 | Max_MP raw 5632 | first HP add raw 12160 | first MP add raw 5632 | second HP add raw 1 | second MP add raw 1 | checksum e41199bf55080334 | passes 2
I/DH2Native(19142): Combat result probe | _prim_Monster_Ghost06 | character Crypt_Ghost | amount 2263 | dot element -1 | dot duration 0 | dot amount 0 | HP leech 0 | MP leech 0 | outcomes 0 | mask 2271925 | category -1 | element -1 | seed 3474079 | calls 9 | validation only
I/DH2Native(19142): Health probe | _prim_Monster_Ghost06 | character Crypt_Ghost | damage 256 | add -256 | before 12160 | after 11904 | kill 0 | armed 1 | cue 0 | lifecycle -1 | dead skip 0 | validation only
I/DH2Native(19142): Health probe | _prim_Monster_Ghost06 | character Crypt_Ghost | damage 16384 | add -16384 | before 12160 | after 0 | kill 1 | armed 1 | cue 0 | lifecycle 3 | dead skip 0 | validation only
I/DH2Native(19142): Original idle selected | ghost.bdae | table 24 | sequence 210 | step 0 | clip 706 | ghost_idle_01.bdae | speed 1.3000 | actor _prim_Monster_Ghost06
I/DH2Native(19142): Base class snapshot | _prim_Monster_SURPRISE_01 | character Crypt_Ghost | class 18 | level raw 256 | Max_HP raw 12160 | Max_MP raw 5632 | checksum 37563d932af809fb | cached only
I/DH2Native(19142): Resolved properties | _prim_Monster_SURPRISE_01 | character Crypt_Ghost | HP raw -1 | Max_HP raw 12160 | MP raw -1 | Max_MP raw 5632 | checksum 37563d932af809fb | supplied sheets only
I/DH2Native(19142): Spawn vitals | _prim_Monster_SURPRISE_01 | character Crypt_Ghost | HP raw 12160 | Max_HP raw 12160 | MP raw 5632 | Max_MP raw 5632 | first HP add raw 12160 | first MP add raw 5632 | second HP add raw 1 | second MP add raw 1 | checksum e41199bf55080334 | passes 2
I/DH2Native(19142): Combat result probe | _prim_Monster_SURPRISE_01 | character Crypt_Ghost | amount 2263 | dot element -1 | dot duration 0 | dot amount 0 | HP leech 0 | MP leech 0 | outcomes 0 | mask 2271925 | category -1 | element -1 | seed 3474079 | calls 9 | validation only
I/DH2Native(19142): Health probe | _prim_Monster_SURPRISE_01 | character Crypt_Ghost | damage 256 | add -256 | before 12160 | after 11904 | kill 0 | armed 1 | cue 0 | lifecycle -1 | dead skip 0 | validation only
I/DH2Native(19142): Health probe | _prim_Monster_SURPRISE_01 | character Crypt_Ghost | damage 16384 | add -16384 | before 12160 | after 0 | kill 1 | armed 1 | cue 0 | lifecycle 3 | dead skip 0 | validation only
I/DH2Native(19142): Original idle selected | ghost.bdae | table 24 | sequence 210 | step 0 | clip 706 | ghost_idle_01.bdae | speed 1.3000 | actor _prim_Monster_SURPRISE_01
I/DH2Native(19142): Base class snapshot | _prim_Monster_SURPRISE_02 | character Crypt_Ghost | class 18 | level raw 256 | Max_HP raw 12160 | Max_MP raw 5632 | checksum 37563d932af809fb | cached only
I/DH2Native(19142): Resolved properties | _prim_Monster_SURPRISE_02 | character Crypt_Ghost | HP raw -1 | Max_HP raw 12160 | MP raw -1 | Max_MP raw 5632 | checksum 37563d932af809fb | supplied sheets only
I/DH2Native(19142): Spawn vitals | _prim_Monster_SURPRISE_02 | character Crypt_Ghost | HP raw 12160 | Max_HP raw 12160 | MP raw 5632 | Max_MP raw 5632 | first HP add raw 12160 | first MP add raw 5632 | second HP add raw 1 | second MP add raw 1 | checksum e41199bf55080334 | passes 2
I/DH2Native(19142): Combat result probe | _prim_Monster_SURPRISE_02 | character Crypt_Ghost | amount 2263 | dot element -1 | dot duration 0 | dot amount 0 | HP leech 0 | MP leech 0 | outcomes 0 | mask 2271925 | category -1 | element -1 | seed 3474079 | calls 9 | validation only
I/DH2Native(19142): Health probe | _prim_Monster_SURPRISE_02 | character Crypt_Ghost | damage 256 | add -256 | before 12160 | after 11904 | kill 0 | armed 1 | cue 0 | lifecycle -1 | dead skip 0 | validation only
I/DH2Native(19142): Health probe | _prim_Monster_SURPRISE_02 | character Crypt_Ghost | damage 16384 | add -16384 | before 12160 | after 0 | kill 1 | armed 1 | cue 0 | lifecycle 3 | dead skip 0 | validation only
I/DH2Native(19142): Original idle selected | ghost.bdae | table 24 | sequence 210 | step 0 | clip 706 | ghost_idle_01.bdae | speed 1.3000 | actor _prim_Monster_SURPRISE_02
I/DH2Native(19142): 3D upload OK | 4 draws | 586 triangles | 2 textures
I/DH2Native(19142): 29 animation tracks | 0 skipped | Preview lighting. Drag to orbit. | nodes 35 | skipped nongeometry instances 1 | skin draws 4 | segments 2
I/DH2Native(19142): Combat actor restored | _prim_tmp_cultist01 | HP 12160 | dead 0 | combo 0 | state Idle | cursor 1188.0004 | events 0 | aggro 0 0 | target -1 | AI attack 0
I/DH2Native(19142): Combat actor restored | _prim_tmp_cultist03 | HP 12160 | dead 0 | combo 0 | state Idle | cursor 4422.0004 | events 0 | aggro 0 0 | target -1 | AI attack 0
I/DH2Native(19142): Combat actor restored | _prim_tmp_cultist07 | HP 12160 | dead 0 | combo 0 | state Idle | cursor 1188.0004 | events 0 | aggro 0 0 | target -1 | AI attack 0
I/DH2Native(19142): Combat actor restored | _prim_tmp_cultist08 | HP 12160 | dead 0 | combo 0 | state Idle | cursor 4422.0004 | events 0 | aggro 0 0 | target -1 | AI attack 0
I/DH2Native(19142): Combat actor restored | _prim_tmp_cultist05 | HP 12160 | dead 0 | combo 0 | state Idle | cursor 1190.0004 | events 0 | aggro 0 0 | target -1 | AI attack 0
I/DH2Native(19142): Combat actor restored | _prim_tmp_cultist06 | HP 12160 | dead 0 | combo 0 | state Idle | cursor 1190.0004 | events 0 | aggro 0 0 | target -1 | AI attack 0
I/DH2Native(19142): Combat actor restored | _prim_Monster | HP 12160 | dead 0 | combo 0 | state Idle | cursor 1190.0004 | events 0 | aggro 0 0 | target -1 | AI attack 0
I/DH2Native(19142): Combat actor restored | _prim_Monster02 | HP 12160 | dead 0 | combo 0 | state Idle | cursor 1190.0004 | events 0 | aggro 0 0 | target -1 | AI attack 0
I/DH2Native(19142): Combat actor restored | _prim_Monster05 | HP 12160 | dead 0 | combo 0 | state Idle | cursor 1190.0004 | events 0 | aggro 0 0 | target -1 | AI attack 0
I/DH2Native(19142): Combat actor restored | _prim_Monster_Ghost05 | HP 12160 | dead 0 | combo 0 | state Idle | cursor 1677.3000 | events 0 | aggro 0 0 | target -1 | AI attack 0
I/DH2Native(19142): Combat actor restored | _prim_Monster_Ghost06 | HP 12160 | dead 0 | combo 0 | state Idle | cursor 1677.3000 | events 0 | aggro 0 0 | target -1 | AI attack 0
I/DH2Native(19142): Combat actor restored | _prim_Monster_SURPRISE_01 | HP 25344 | dead 0 | combo 0 | state Idle | cursor 4499.7000 | events 0 | aggro 0 0 | target -1 | AI attack 0
I/DH2Native(19142): Combat actor restored | _prim_Monster_SURPRISE_02 | HP 25600 | dead 0 | combo 0 | state Idle | cursor 4395.7000 | events 0 | aggro 0 0 | target -1 | AI attack 0
I/DH2Native(19142): Player properties | KnightPlayerBase | HP 42265 | MP 6976 | checksum bb50c69358c8e302 | attempts 0 | attacking 0
I/DH2Native(19142): Prince blended bank ready | resources 116 | occurrences 158 | targets 83 | template 1111 | engine 0 | game clip 1111
I/DH2Native(19142): Blended character event | event 0x24 | clip 1111 | slot 0 | phase 5 | lag 0
I/DH2Native(19142): Blended character event | event 0x26 | clip 1111 | slot 0 | phase 5 | lag 0
I/DH2Native(19142): Character animation selected | state 3 | flags 2380 | sequence 262 | clip 1040 | actor state service
I/DH2Native(19142): Character state event | state 3 | event 1d | prior 3 | flags 2380
I/DH2Native(19142): Player source state | previous 3 | current 3 | event 0x0 | flags 2380 | root 262 | clip 1040 | position -1401.4871 19480.2910 636.4874 | Step 10
I/DH2Native(19142): Spawn body ready | _prim_Monster_SURPRISE_01 | creations 1 | radius 145.718735 | category 10 | mask d3f
I/DH2Native(19142): Gated character ready | _prim_Monster_SURPRISE_01 | source state 3 | presentation visible 1 | body 1 | Spawn sequence 213 | AI type 4 | restored 1
I/DH2Native(19142): Spawn body ready | _prim_Monster_SURPRISE_02 | creations 1 | radius 145.718735 | category 10 | mask d3f
I/DH2Native(19142): Gated character ready | _prim_Monster_SURPRISE_02 | source state 3 | presentation visible 1 | body 1 | Spawn sequence 213 | AI type 4 | restored 1
I/DH2Native(19142): Native actor ready | genuine bodies 83 | decor colliders 82 | radius 113.699577 | source bounds -1515.19 19449.5 -1287.79 19511 | flags 2380 | scene then Step then actor
I/DH2Native(19142): Native Level fields | ordinal 23 | hub 2 | random 1 | difficulty 0 | file 007_crypt_01.rule.xml | source ranges 8 10 / 45 47 / 74 76 | viewport owner; GSLevel stack pending
I/DH2Native(19142): CharAI constructor projections | characters 14 | native source-order registration records 14 | source Character associations 14 | active AIS initialization pending
I/DH2Native(19142): Native CharAI lifetime | fresh constructors 0 | retained owners 14 | graphics registry rebuilt
I/DH2Native(19142): Native Player buff snapshot | phase restore | count 1 | groups 1 | id 49 | instance 0x71728c16d570 | timer -1 | strength 1 | sheet 3bfdcdd0eb338a14 | same VM/properties/Coordinator
I/DH2Native(19142): Native Player buff property | phase restore | name Resistance_Fire | index 74 | buff 0 | resolved 192
I/DH2Native(19142): Native Player buff property | phase restore | name Resistance_Water | index 75 | buff 0 | resolved 192
I/DH2Native(19142): Native Player buff property | phase restore | name Resistance_Lightning | index 76 | buff 7680 | resolved 7872
I/DH2Native(19142): Native Player buff property | phase restore | name Resistance_Earth | index 77 | buff 0 | resolved 192
I/DH2Native(19142): Native Player buff property | phase restore | name Resistance_Air | index 78 | buff 0 | resolved 192
I/DH2Native(19142): Native Player skills retained | VM 0x71715c0449e0 | paths 15 | update attempts 351 | timer callbacks 0 | no preparation/OnInit replay
I/DH2Native(19142): Native managed host | Level 1 | difficulty 0 | property reads 1 | member writes 0 | offline embedded PlayerInfo; full profile/network pending
I/DH2Native(19142): Native Character classification | _prim_Monster_SURPRISE_01 | AI 68 | faction 7 | type 4 | monster 1 | player 0 | faerie 0 | NPC 0 | projected death 0 | source getters; autonomous frame pending
I/DH2Native(19142): Native Character zonability | _prim_Monster_SURPRISE_01 | zonable 1 | source classification; room enrollment pending
I/DH2Native(19142): Native monster initialization | _prim_Monster_SURPRISE_01 | Level 2048 | HP 25344 / 25600 | MP 23552 / 23552 | callbacks 1 | timers 2 | flags 183c | same VM published 1 | retained 1 | paused providers 2 | nonempty skills/autonomous frame pending
I/DH2Native(19142): Native Ghost skill initialization | _prim_Monster_SURPRISE_01 | phases 12345 | skills 0 | faeries 5 | null faeries 5 | post 1 | final 1 | update slots 0 5 | updates 0 | arguments 2 2 | Debug 2 2 | VCB 1 | path data/scripts/ai/ | retained 1 | bounded Ghost InitScriptProcess
I/DH2Native(19142): Native Ghost skill vector owner | _prim_Monster_SURPRISE_01 | faery storage 71729c110e10 | catalogue 7171ec05d5a8
I/DH2Native(19142): Native monster VM owner | _prim_Monster_SURPRISE_01 | native handle 71728c182ea0 | source active 71728c183120 | source pending 71728c183120
I/DH2Native(19142): Native monster timer retained | _prim_Monster_SURPRISE_01 | slot 0 | event 33 | duration 3000 | elapsed 0 | active 1 | paused 1
I/DH2Native(19142): Native monster timer retained | _prim_Monster_SURPRISE_01 | slot 1 | event 34 | duration 1000 | elapsed 0 | active 1 | paused 1
I/DH2Native(19142): Native Character classification | _prim_Monster_SURPRISE_02 | AI 68 | faction 7 | type 4 | monster 1 | player 0 | faerie 0 | NPC 0 | projected death 0 | source getters; autonomous frame pending
I/DH2Native(19142): Native Character zonability | _prim_Monster_SURPRISE_02 | zonable 1 | source classification; room enrollment pending
I/DH2Native(19142): Native monster initialization | _prim_Monster_SURPRISE_02 | Level 2048 | HP 25600 / 25600 | MP 23552 / 23552 | callbacks 1 | timers 2 | flags 183c | same VM published 1 | retained 1 | paused providers 2 | nonempty skills/autonomous frame pending
I/DH2Native(19142): Native Ghost skill initialization | _prim_Monster_SURPRISE_02 | phases 12345 | skills 0 | faeries 5 | null faeries 5 | post 1 | final 1 | update slots 0 5 | updates 0 | arguments 2 2 | Debug 2 2 | VCB 1 | path data/scripts/ai/ | retained 1 | bounded Ghost InitScriptProcess
I/DH2Native(19142): Native Ghost skill vector owner | _prim_Monster_SURPRISE_02 | faery storage 71729c1163d0 | catalogue 7171ec05d5a8
I/DH2Native(19142): Native monster VM owner | _prim_Monster_SURPRISE_02 | native handle 71728c181d60 | source active 71728c181fe0 | source pending 71728c181fe0
I/DH2Native(19142): Native monster timer retained | _prim_Monster_SURPRISE_02 | slot 0 | event 33 | duration 3000 | elapsed 0 | active 1 | paused 1
I/DH2Native(19142): Native monster timer retained | _prim_Monster_SURPRISE_02 | slot 1 | event 34 | duration 1000 | elapsed 0 | active 1 | paused 1
I/DH2Native(19142): Native Debug persistence | loaded 1 | switches 25 | read opens 1 | read closes 1 | saves 5 | write closes 5 | IO errors 0 | app-private real file
I/DH2Native(19142): Crypt script restored | activations 1 | requests 2 | ready 1 | running 0 | no Spawn replay
I/DH2Native(19142): Native Character list | characters 14 | owned nodes 14 | copied links 0 | full ObjectManager factory 0 | autonomous Ghost AI 0
I/DH2Native(19142): Objects ready | monsters 13 | decors 84 | resources 12 | instance draws 295 | triangles 6775 | character records 448 | model entries 116 | idle preview only
I/DH2Native(19142): Native floors ready | records 8 | graph nodes 335 | graph edges 838 | selector collision controls height
I/DH2Native(19142): Native floor links ready | neighbour relations 14 | validation references 998 | graph-node search ready
I/DH2Native(19142): Native graph route probe | floor pairs 64 | successful 64 | segments 1598 | state 5454073390c7d916 | endpoints and movement pending
I/DH2Native(19142): Native world route probe | floor pairs 64 | successful 64 | direct 0 | graph 64 | segments 2086 | state 3a3ab2a724cc383b | smoothing and movement pending
I/DH2Native(19142): Native FindPath probe | floor pairs 64 | successful 64 | owned 64 | segments 2086 | state 9356b419cae2bc57 | position controller pending
I/DH2Native(19142): Native floor motion probe | floor pairs 64 | position valid 64 | accepted 64 | direction valid 64 | state d60ad48039cc85c6 | controller and dynamic obstacles pending
I/DH2Native(19142): Native obstacle registry probe | floor pairs 64 | accepted 64 | registered 64 | relocated 56 | state 22a98dfc4102db51 | forces and controller pending
I/DH2Native(19142): Native avoidance probe | floors 8 | force contributions 16 | adjusted 8 | turn limited 8 | state 09d1d79d2612c945 | actor producers and controller pending
I/DH2Native(19142): Native actor producer probe | floors 8 | registered 8 | physical radius updates 8 | state 30c1f3ac1bf81145 | physical construction and controller pending
I/DH2Native(19142): Native heading control | player movement and melee facing use recovered source | UpdatePath rotation subobjects and genuine physics active
I/DH2Native(19142): World ready | rooms 8 | visual draws 101 | navigation triangles 314 | idle tracks 23 | walk tracks 27 | position -1401.4871 19480.2910 636.4874
I/DH2Native(19142): Prince blended inspection | frozen 0 | scene 0 | Step 0 | actor 0 | clip 1040 | ms 0 | body -14.0149 194.803 | pose 5f96fe6e2b6d998d
I/DH2Native(19142): worlds/crypt01.dwld: Crypt | 8 rooms | 13 monsters | 84 scenery objects
I/DH2Native(19142): 21612 triangles. Drag the movement control to walk.
I/DH2Native(19142): Surface resized to 2424 x 614
I/DH2Native(19142): Native actor frame | scene 0 | Step 1 | actor 1 | source phase 5 | clip 1040 | ms 0 | replays 0 | body -14.0149 194.803 | contacts 0 0 | state 3 | body present 1 | timeline scale 1
I/DH2Native(19142): Source camera frame | 352 | 2424x614 | matrix 3f1c8ca3 baabc066 ba1a0258 ba18bb27 39ff4b86 3fd2a3b2 3f3ce13a 3f3b4ff4 00000000 3fe21b25 bf2ff5b1 bf2e7fde 4453e365 c7023e4f c649c863 c6468d5d | frustum c4af1bfa 46922d6d 44b46d8e ba18bb3a 3f3b4fff bf2e7fd3 c6c10677 3a18bb28 bf3b4ff5 3f2e7fdf 46481bb5 bf056dda bf1fe84a 3f14debd 461e1795 3f05af01 bf1fb1d8 3f14debd 4634b023 3a3de68f bf68e5d5 bed48d51 4689ace1 b99202b8 3eb311fc 3f6fd507 c5f6c54a c6a45317 46922d6d c6221420 468e53a9 46f15d33 44b46d8e
I/DH2Native(19142): Model frame submitted at 2424 x 614
E/BLASTBufferQueue(19142): [1e4db8 SurfaceView[com.example.dh2/com.example.dh2.MainActivity]#3](f:0,a:0) rejecting buffer:active_size=2424x528, requested_size=2424x528 buffer{size=2424x614 transform=0}
I/DH2Native(19142): Surface resized to 2424 x 528
I/DH2Native(19142): Source camera frame | 353 | 2424x528 | matrix 3f069f4b baabc066 ba1a0258 ba18bb27 39db897d 3fd2a3b2 3f3ce13a 3f3b4ff4 00000000 3fe21b25 bf2ff5b1 bf2e7fde 443635c9 c7023e4f c649c863 c6468d5d | frustum c4af1bfa 46922d6d 44b46d8e ba18bb3a 3f3b4fff bf2e7fd3 c6c10677 3a18bb28 bf3b4ff5 3f2e7fdf 46481bb5 beee0a0c bf25e1ac 3f1a723d 4625a7ca 3eee913b bf25b118 3f1a723d 4639d075 3a3de68f bf68e5d5 bed48d51 4689ace1 b99202b8 3eb311fc 3f6fd507 c5f6c54a c6bd4b71 46922d6d c6221420 46a74c02 46f1624a 44b46d8e
I/DH2Native(19142): Actor clip completed | _prim_tmp_cultist05 | state Idle | completions 8 | active 1 | next clip 1258 | layers 1
I/DH2Native(19142): Actor clip completed | _prim_tmp_cultist06 | state Idle | completions 8 | active 1 | next clip 1258 | layers 1
I/DH2Native(19142): Actor clip completed | _prim_Monster | state Idle | completions 8 | active 1 | next clip 1258 | layers 1
I/DH2Native(19142): Actor clip completed | _prim_Monster02 | state Idle | completions 8 | active 1 | next clip 1258 | layers 1
I/DH2Native(19142): Actor clip completed | _prim_Monster05 | state Idle | completions 8 | active 1 | next clip 1259 | layers 1
I/DH2Native(19142): Model frame submitted at 2424 x 528
D/InsetsController(19142): hide(ime())
I/ImeTracker(19142): com.example.dh2:4f6907c6: onCancelled at PHASE_CLIENT_ALREADY_HIDDEN
I/DH2Native(19142): Blended character event | event 0x28 | clip 1040 | slot 1 | phase 1 | lag 5
I/DH2Native(19142): Player animation event | clip 1040 | name do_skill | sequence 0 | attack step 0 | kind 0 | lag 5 | scene before Step | Step 17 | position -1401.4871 19480.2910 636.4874
I/DH2Native(19142): Source camera frame | 385 | 2424x528 | matrix 3f069f4b baabc066 ba1a0258 ba18bb27 39db897d 3fd2a3b2 3f3ce13a 3f3b4ff4 00000000 3fe21b25 bf2ff5b1 bf2e7fde 443635c9 c7023e4f c649c863 c6468d5d | frustum c4af1bfa 46922d6d 44b46d8e ba18bb3a 3f3b4fff bf2e7fd3 c6c10677 3a18bb28 bf3b4ff5 3f2e7fdf 46481bb5 beee0a0c bf25e1ac 3f1a723d 4625a7ca 3eee913b bf25b118 3f1a723d 4639d075 3a3de68f bf68e5d5 bed48d51 4689ace1 b99202b8 3eb311fc 3f6fd507 c5f6c54a c6bd4b71 46922d6d c6221420 46a74c02 46f1624a 44b46d8e