Verifying alignment of C:\Users\noamc\Documents\Codex\2026-10-02\contineu-from-where-they-left-off\work\DH_sc\port\android-native\app\build\outputs\apk\debug\app-debug.apk (4)...
      87 META-INF/com/android/build/gradle/app-metadata.properties (OK - compressed)
     179 classes.dex (OK - compressed)
 3967092 classes2.dex (OK - compressed)
 4114099 classes4.dex (OK - compressed)
 4161536 lib/arm64-v8a/libdh2_engine_animation.so (OK)
 4489216 lib/arm64-v8a/libdh2_engine_camera.so (OK)
 4784128 lib/arm64-v8a/libdh2_engine_skinning.so (OK)
 4898816 lib/arm64-v8a/libdh2_engine_textures.so (OK)
10387456 lib/arm64-v8a/libdh2_inventory_text_v1.so (OK)
15826944 lib/arm64-v8a/libdh2_scene_materials.so (OK)
16334848 lib/arm64-v8a/libdh2_script_runtime.so (OK)
16941056 lib/x86_64/libdh2_engine_animation.so (OK)
17252352 lib/x86_64/libdh2_engine_camera.so (OK)
17530880 lib/x86_64/libdh2_engine_skinning.so (OK)
17645568 lib/x86_64/libdh2_engine_textures.so (OK)
22872064 lib/x86_64/libdh2_inventory_text_v1.so (OK)
28098560 lib/x86_64/libdh2_scene_materials.so (OK)
28590080 lib/x86_64/libdh2_script_runtime.so (OK)
29161202 assets/actor-provenance.json (OK - compressed)
29169378 assets/actor-state-provenance.json (OK - compressed)
29172036 assets/actors/crypt_candle1.bdae (OK - compressed)
29180537 assets/actors/crypt_candle1_small.bdae (OK - compressed)
29189038 assets/actors/crypt_candle2.bdae (OK - compressed)
29197362 assets/actors/crypt_candle_big.bdae (OK - compressed)
29205557 assets/actors/crypt_candles.bdae (OK - compressed)
29217565 assets/actors/crypt_candles2_small.bdae (OK - compressed)
29227951 assets/actors/crypt_candlestand.bdae (OK - compressed)
29244283 assets/actors/crypt_candlestand_big.bdae (OK - compressed)
29255577 assets/actors/ghost.bdae (OK - compressed)
29276870 assets/actors/ghost_attack_01.bdae (OK - compressed)
29281969 assets/actors/ghost_dying_01.bdae (OK - compressed)
29288629 assets/actors/ghost_idle_01.bdae (OK - compressed)
29305467 assets/actors/ghost_post_attack_01.bdae (OK - compressed)
29309511 assets/actors/ghost_pre_attack_01.bdae (OK - compressed)
29313289 assets/actors/ghost_spawn.bdae (OK - compressed)
29320957 assets/actors/ghost_walk_01.bdae (OK - compressed)
29334199 assets/actors/skeleton.bdae (OK - compressed)
29356514 assets/actors/skeleton_attack_01.bdae (OK - compressed)
29363531 assets/actors/skeleton_attack_01_to_idle.bdae (OK - compressed)
29374678 assets/actors/skeleton_attack_02.bdae (OK - compressed)
29380407 assets/actors/skeleton_attack_02_to_idle.bdae (OK - compressed)
29391648 assets/actors/skeleton_dying.bdae (OK - compressed)
29399190 assets/actors/skeleton_idle_01.bdae (OK - compressed)
29432251 assets/actors/skeleton_idle_02.bdae (OK - compressed)
29451407 assets/actors/skeleton_pre_attack_01.bdae (OK - compressed)
29458084 assets/actors/skeleton_pre_attack_02.bdae (OK - compressed)
29465257 assets/actors/skeleton_walk.bdae (OK - compressed)
29477339 assets/actors/slime_attack_01.bdae (OK - compressed)
29478660 assets/actors/slime_attack_01_to_idle.bdae (OK - compressed)
29480481 assets/actors/slime_attack_02.bdae (OK - compressed)
29482258 assets/actors/slime_attack_02_to_idle.bdae (OK - compressed)
29484548 assets/actors/slime_dying.bdae (OK - compressed)
29488425 assets/actors/slime_green_v2.bdae (OK - compressed)
29497084 assets/actors/slime_idle.bdae (OK - compressed)
29500223 assets/actors/slime_idle_02.bdae (OK - compressed)
29503243 assets/actors/slime_pre_attack_01.bdae (OK - compressed)
29504482 assets/actors/slime_pre_attack_02.bdae (OK - compressed)
29505825 assets/actors/slime_walk.bdae (OK - compressed)
29508219 assets/actors/swamp_caveentrance_effect.bdae (OK - compressed)
29513227 assets/ai-provenance.json (OK - compressed)
29513950 assets/animation-provenance.json (OK - compressed)
29515522 assets/animations/prince_1hand_combo_01.bdae (OK - compressed)
29519548 assets/animations/prince_1hand_combo_01_moving.bdae (OK - compressed)
29524001 assets/animations/prince_1hand_combo_01_to_idle.bdae (OK - compressed)
29528885 assets/animations/prince_1hand_combo_02.bdae (OK - compressed)
29533377 assets/animations/prince_1hand_combo_02_moving.bdae (OK - compressed)
29537720 assets/animations/prince_1hand_combo_02_to_idle.bdae (OK - compressed)
29543346 assets/animations/prince_1hand_combo_03.bdae (OK - compressed)
29548018 assets/animations/prince_1hand_combo_03_moving.bdae (OK - compressed)
29552526 assets/animations/prince_1hand_combo_03_to_idle.bdae (OK - compressed)
29557657 assets/animations/prince_1hand_post_combo_01_moving.bdae (OK - compressed)
29562770 assets/animations/prince_1hand_post_combo_02_moving.bdae (OK - compressed)
29567521 assets/animations/prince_1hand_post_combo_03_moving.bdae (OK - compressed)
29572787 assets/animations/prince_1hand_pre_combo_01.bdae (OK - compressed)
29576765 assets/animations/prince_1hand_pre_combo_01_moving.bdae (OK - compressed)
29580252 assets/animations/prince_1hand_pre_combo_02.bdae (OK - compressed)
29583836 assets/animations/prince_1hand_pre_combo_02_moving.bdae (OK - compressed)
29587353 assets/animations/prince_1hand_pre_combo_03.bdae (OK - compressed)
29591031 assets/animations/prince_1hand_pre_combo_03_moving.bdae (OK - compressed)
29594377 assets/animations/prince_2hand_combo_01.bdae (OK - compressed)
29598687 assets/animations/prince_2hand_combo_01_moving.bdae (OK - compressed)
29603603 assets/animations/prince_2hand_combo_01_to_idle.bdae (OK - compressed)
29608616 assets/animations/prince_2hand_combo_01_to_idle_moving.bdae (OK - compressed)
29615222 assets/animations/prince_2hand_combo_02.bdae (OK - compressed)
29619058 assets/animations/prince_2hand_combo_02_moving.bdae (OK - compressed)
29624139 assets/animations/prince_2hand_combo_02_to_idle.bdae (OK - compressed)
29630274 assets/animations/prince_2hand_combo_02_to_idle_moving.bdae (OK - compressed)
29636721 assets/animations/prince_2hand_combo_03.bdae (OK - compressed)
29641034 assets/animations/prince_2hand_combo_03_to_idle.bdae (OK - compressed)
29646045 assets/animations/prince_2hand_combo_03_to_idle_moving.bdae (OK - compressed)
29652790 assets/animations/prince_2hand_pre_combo_01.bdae (OK - compressed)
29656533 assets/animations/prince_2hand_pre_combo_01_moving.bdae (OK - compressed)
29660774 assets/animations/prince_2hand_pre_combo_02.bdae (OK - compressed)
29664992 assets/animations/prince_2hand_pre_combo_02_moving.bdae (OK - compressed)
29669048 assets/animations/prince_2hand_pre_combo_03.bdae (OK - compressed)
29673473 assets/animations/prince_2hand_pre_combo_03_moving.bdae (OK - compressed)
29677531 assets/animations/prince_block.bdae (OK - compressed)
29683253 assets/animations/prince_despawn_01.bdae (OK - compressed)
29685930 assets/animations/prince_dialog.bdae (OK - compressed)
29704263 assets/animations/prince_dodge.bdae (OK - compressed)
29711249 assets/animations/prince_dual_combo_01.bdae (OK - compressed)
29714913 assets/animations/prince_dual_combo_01_moving.bdae (OK - compressed)
29719277 assets/animations/prince_dual_combo_01_to_idle.bdae (OK - compressed)
29724478 assets/animations/prince_dual_combo_02.bdae (OK - compressed)
29728276 assets/animations/prince_dual_combo_02_moving.bdae (OK - compressed)
29732667 assets/animations/prince_dual_combo_02_to_idle.bdae (OK - compressed)
29739081 assets/animations/prince_dual_combo_03.bdae (OK - compressed)
29743337 assets/animations/prince_dual_combo_03_moving.bdae (OK - compressed)
29747754 assets/animations/prince_dual_combo_03_to_idle.bdae (OK - compressed)
29753089 assets/animations/prince_dual_combo_04.bdae (OK - compressed)
29756757 assets/animations/prince_dual_combo_04_moving.bdae (OK - compressed)
29761279 assets/animations/prince_dual_combo_04_to_idle.bdae (OK - compressed)
29766497 assets/animations/prince_dual_post_combo_01_moving.bdae (OK - compressed)
29772078 assets/animations/prince_dual_post_combo_02_moving.bdae (OK - compressed)
29777742 assets/animations/prince_dual_post_combo_03_moving.bdae (OK - compressed)
29783667 assets/animations/prince_dual_post_combo_04_moving.bdae (OK - compressed)
29789206 assets/animations/prince_dual_pre_combo_01.bdae (OK - compressed)
29793073 assets/animations/prince_dual_pre_combo_01_moving.bdae (OK - compressed)
29796063 assets/animations/prince_dual_pre_combo_02.bdae (OK - compressed)
29799568 assets/animations/prince_dual_pre_combo_02_moving.bdae (OK - compressed)
29802929 assets/animations/prince_dual_pre_combo_03.bdae (OK - compressed)
29806830 assets/animations/prince_dual_pre_combo_03_moving.bdae (OK - compressed)
29811260 assets/animations/prince_dual_pre_combo_04.bdae (OK - compressed)
29814966 assets/animations/prince_dual_pre_combo_04_moving.bdae (OK - compressed)
29819284 assets/animations/prince_dying_01.bdae (OK - compressed)
29828408 assets/animations/prince_feared.bdae (OK - compressed)
29833795 assets/animations/prince_great_pushback.bdae (OK - compressed)
29842283 assets/animations/prince_great_pushback_despawn.bdae (OK - compressed)
29845195 assets/animations/prince_great_pushback_dying.bdae (OK - compressed)
29850712 assets/animations/prince_great_pushback_standup.bdae (OK - compressed)
29860171 assets/animations/prince_hurt_01.bdae (OK - compressed)
29865264 assets/animations/prince_hurt_02.bdae (OK - compressed)
29871187 assets/animations/prince_hurt_03.bdae (OK - compressed)
29876421 assets/animations/prince_idle_2hand.bdae (OK - compressed)
29895528 assets/animations/prince_idle_2hand_02.bdae (OK - compressed)
29920865 assets/animations/prince_idle_dual.bdae (OK - compressed)
29938195 assets/animations/prince_idle_dual_02.bdae (OK - compressed)
29963519 assets/animations/prince_idle_ranged.bdae (OK - compressed)
29969250 assets/animations/prince_idle_shield.bdae (OK - compressed)
29986186 assets/animations/prince_idle_shield_02.bdae (OK - compressed)
29995351 assets/animations/prince_interaction.bdae (OK - compressed)
30002119 assets/animations/prince_interaction_shrine.bdae (OK - compressed)
30004669 assets/animations/prince_menu_idle_knight.bdae (OK - compressed)
30017052 assets/animations/prince_menu_idle_mage.bdae (OK - compressed)
30024563 assets/animations/prince_menu_idle_rogue.bdae (OK - compressed)
30033426 assets/animations/prince_post_stunned.bdae (OK - compressed)
30038580 assets/animations/prince_pre_stunned.bdae (OK - compressed)
30041929 assets/animations/prince_pushback.bdae (OK - compressed)
30048129 assets/animations/prince_ranged_attack.bdae (OK - compressed)
30054824 assets/animations/prince_ranged_attack_02.bdae (OK - compressed)
30061892 assets/animations/prince_ranged_attack_03.bdae (OK - compressed)
30069090 assets/animations/prince_rogue_sneak_idle.bdae (OK - compressed)
30079781 assets/animations/prince_rogue_sneak_walk.bdae (OK - compressed)
30086472 assets/animations/prince_spell_channeling.bdae (OK - compressed)
30091437 assets/animations/prince_spell_hotty.bdae (OK - compressed)
30096677 assets/animations/prince_spell_pre_hotty.bdae (OK - compressed)
30100921 assets/animations/prince_spell_pre_rocky.bdae (OK - compressed)
30105958 assets/animations/prince_spell_pre_wetty.bdae (OK - compressed)
30110392 assets/animations/prince_spell_pre_windy.bdae (OK - compressed)
30114964 assets/animations/prince_spell_rocky.bdae (OK - compressed)
30120360 assets/animations/prince_spell_wetty.bdae (OK - compressed)
30125803 assets/animations/prince_spell_windy.bdae (OK - compressed)
30131889 assets/animations/prince_standup.bdae (OK - compressed)
30139659 assets/animations/prince_stunned.bdae (OK - compressed)
30146741 assets/animations/prince_template_anim.bdae (OK - compressed)
30153019 assets/animations/prince_walk_1hand.bdae (OK - compressed)
30159026 assets/animations/prince_walk_slow.bdae (OK - compressed)
30179071 assets/animations/root_troll_attack_01.bdae (OK - compressed)
30191860 assets/animations/root_troll_dome_idle.bdae (OK - compressed)
30197383 assets/animations/root_troll_dome_to_idle.bdae (OK - compressed)
30210433 assets/animations/root_troll_dome_warning.bdae (OK - compressed)
30211978 assets/animations/root_troll_idle_to_dome.bdae (OK - compressed)
30218861 assets/animations/root_troll_post_attack_01.bdae (OK - compressed)
30223857 assets/animations/root_troll_pre_attack_01.bdae (OK - compressed)
30231247 assets/animations/skill_dh2_prince_mage_wand_attack.bdae (OK - compressed)
30245864 assets/animations/skill_dh2_prince_rogue_vicious_strike.bdae (OK - compressed)
30255903 assets/animations/skill_dh2_prince_warrior_bash_down.bdae (OK - compressed)
30265704 assets/animations/skill_dh2_prince_warrior_charge.bdae (OK - compressed)
30272689 assets/animations/skill_dh2_prince_warrior_crushing_blow.bdae (OK - compressed)
30281757 assets/character-combat-provenance.json (OK - compressed)
30287781 assets/class-provenance.json (OK - compressed)
30288418 assets/data/DebugSwitches.savegame (OK - compressed)
30288837 assets/data/ai_factions_pyarray.bin (OK - compressed)
30289074 assets/data/ai_factions_pyarraynames.bin (OK - compressed)
30289298 assets/data/ai_factions_pystructnames.bin (OK - compressed)
30289385 assets/data/ai_pyarray.bin (OK - compressed)
30290584 assets/data/ai_pyarraynames.bin (OK - compressed)
30291203 assets/data/ai_pycst.bin (OK - compressed)
30291815 assets/data/ai_pystructnames.bin (OK - compressed)
30292037 assets/data/animations_dictionary_pyarray.bin (OK - compressed)
30303084 assets/data/animations_dictionary_pyarraynames.bin (OK - compressed)
30311773 assets/data/animations_pyarray.bin (OK - compressed)
30322829 assets/data/animations_pyarraynames.bin (OK - compressed)
30327965 assets/data/animations_pycst.bin (OK - compressed)
30328610 assets/data/animations_pystructnames.bin (OK - compressed)
30329034 assets/data/character_classes_pyarray.bin (OK - compressed)
30336042 assets/data/character_classes_pyarraynames.bin (OK - compressed)
30338360 assets/data/character_classes_pycst.bin (OK - compressed)
30338606 assets/data/character_classes_pystructnames.bin (OK - compressed)
30338891 assets/data/character_models_dictionary_pyarray.bin (OK - compressed)
30340197 assets/data/character_models_dictionary_pyarraynames.bin (OK - compressed)
30341074 assets/data/character_properties_pyarray.bin (OK - compressed)
30358539 assets/data/character_properties_pyarraynames.bin (OK - compressed)
30361707 assets/data/character_properties_pystructnames.bin (OK - compressed)
30363420 assets/data/design_pycst.bin (OK - compressed)
30365230 assets/data/effects_pyarraynames.bin (OK - compressed)
30368079 assets/data/faeries_pyarray.bin (OK - compressed)
30368369 assets/data/faeries_pyarraynames.bin (OK - compressed)
30368564 assets/data/faeries_pycst.bin (OK - compressed)
30368749 assets/data/faeries_pystructnames.bin (OK - compressed)
30368886 assets/data/fonts_pycst.bin (OK - compressed)
30369077 assets/data/levels_pyarray.bin (OK - compressed)
30371031 assets/data/levels_pyarraynames.bin (OK - compressed)
30371785 assets/data/levels_pystructnames.bin (OK - compressed)
30372038 assets/data/prince-animation-bank.bin (OK - compressed)
30379791 assets/data/prince-animation-bank.json (OK - compressed)
30389819 assets/data/projectiles_pyarraynames.bin (OK - compressed)
30390252 assets/data/skills_pyarray.bin (OK - compressed)
30394755 assets/data/skills_pyarraynames.bin (OK - compressed)
30396142 assets/data/skills_pystructnames.bin (OK - compressed)
30396363 assets/front-compat/dqmenus_droid.swf (OK - compressed)
30507508 assets/models/candle_flame.bdae (OK - compressed)
30513232 assets/models/class_selection.bdae (OK - compressed)
30598717 assets/models/main_menu_charactere_swamp.bdae (OK - compressed)
30676295 assets/models/prince_modular.bdae (OK - compressed)
31319454 assets/original-cache/data/3d/textures/MenusGraphics.tga (OK - compressed)
33271326 assets/original-cache/data/3d/textures/MenusGraphics_I9000.tga (OK - compressed)
33650125 assets/original-cache/data/3d/textures/MenusGraphics_droid.tga (OK - compressed)
34019747 assets/original-cache/data/3d/textures/iphone_table_dh2.tga (OK - compressed)
34027635 assets/original-cache/data/3d/textures/map_bottom.tga (OK - compressed)
34386879 assets/original-cache/data/3d/textures/map_top.tga (OK - compressed)
34484310 assets/original-cache/data/3d/textures/menusgraphics1.tga (OK - compressed)
34508527 assets/original-cache/data/3d/textures/splash_final_droid.tga (OK - compressed)
37076203 assets/original-cache/data/Fontin SmallCaps.ttf (OK - compressed)
37124292 assets/original-cache/data/arkham_bold.ttf (OK - compressed)
37148070 assets/original-cache/data/arkham_reg.ttf (OK - compressed)
37171391 assets/original-cache/data/japanese.ttf (OK - compressed)
38757155 assets/original-cache/data/menus/dqcharmenu.swf (OK - compressed)
48866106 assets/original-cache/data/menus/dqcharmenu_droid.swf (OK - compressed)
48965032 assets/original-cache/data/menus/dqcharmenu_i9000.swf (OK - compressed)
49063950 assets/original-cache/data/menus/dqhud.swf (OK - compressed)
59787942 assets/original-cache/data/menus/dqhud_droid.swf (OK - compressed)
59873324 assets/original-cache/data/menus/dqhud_i9000.swf (OK - compressed)
59958711 assets/original-cache/data/menus/dqhud_jp.swf (OK - compressed)
59989200 assets/original-cache/data/menus/dqhud_jp_droid.swf (OK - compressed)
60019696 assets/original-cache/data/menus/dqhud_jp_i9000.swf (OK - compressed)
60050186 assets/original-cache/data/menus/dqmenus.swf (OK - compressed)
70219783 assets/original-cache/data/menus/dqmenus2.swf (OK - compressed)
70226093 assets/original-cache/data/menus/dqmenus2_droid.swf (OK - compressed)
70232409 assets/original-cache/data/menus/dqmenus2_i9000.swf (OK - compressed)
70238724 assets/original-cache/data/menus/dqmenus_droid.swf (OK - compressed)
70349907 assets/original-cache/data/menus/dqmenus_i9000.swf (OK - compressed)
70461058 assets/original-cache/data/menus/dqmenus_i9000_htc.swf (OK - compressed)
70572183 assets/original-cache/data/menus/dqmenus_i9000_lg.swf (OK - compressed)
70683190 assets/original-cache/data/menus/dqmenus_jp.swf (OK - compressed)
78554994 assets/original-cache/data/menus/dqmenus_jp_droid.swf (OK - compressed)
78619275 assets/original-cache/data/menus/dqmenus_jp_i9000.swf (OK - compressed)
78683156 assets/original-cache/data/menus/dqmenus_kor.swf (OK - compressed)
86768517 assets/original-cache/data/menus/dqmenusapple.swf (OK - compressed)
86857875 assets/original-cache/data/menus/dqshared.swf (OK - compressed)
92493716 assets/original-cache/data/menus/dqshared_droid.swf (OK - compressed)
92519076 assets/original-cache/data/menus/dqshared_i9000.swf (OK - compressed)
92544415 assets/original-cache/data/menus/dqsharedsssss.swf (OK - compressed)
92571425 assets/original-cache/data/menus/key.swf (OK - compressed)
92587840 assets/original-cache/data/menus/loadanims.swf (OK - compressed)
92589055 assets/original-cache/data/menus/loadanims_droid.swf (OK - compressed)
92590199 assets/original-cache/data/menus/loadanims_i9000.swf (OK - compressed)
92591339 assets/original-cache/data/menus/sct_font_3.fnt (OK - compressed)
92614450 assets/original-cache/data/nanumgothic.ttf (OK - compressed)
93712901 assets/original-cache/data/pydata/common_text_pyarray.bin (OK - compressed)
93715475 assets/original-cache/data/pydata/common_text_pyarraynames.bin (OK - compressed)
93715635 assets/original-cache/data/pydata/common_text_pycst.bin (OK - compressed)
93752105 assets/original-cache/data/pydata/common_text_pystructnames.bin (OK - compressed)
93752216 assets/original-cache/data/pydata/design_pyarray.bin (OK - compressed)
93752595 assets/original-cache/data/pydata/design_pyarraynames.bin (OK - compressed)
93752882 assets/original-cache/data/pydata/design_pystructnames.bin (OK - compressed)
93753536 assets/original-cache/data/text/abbey.english (OK - compressed)
93755232 assets/original-cache/data/text/abbey.french (OK - compressed)
93757629 assets/original-cache/data/text/abbey.german (OK - compressed)
93760023 assets/original-cache/data/text/abbey.italian (OK - compressed)
93761813 assets/original-cache/data/text/abbey.japanese (OK - compressed)
93764349 assets/original-cache/data/text/abbey.korean (OK - compressed)
93767021 assets/original-cache/data/text/abbey.sc (OK - compressed)
93769510 assets/original-cache/data/text/abbey.spanish (OK - compressed)
93771384 assets/original-cache/data/text/abbey.symbols (OK - compressed)
93771791 assets/original-cache/data/text/abbeyb.english (OK - compressed)
93772667 assets/original-cache/data/text/abbeyb.french (OK - compressed)
93773778 assets/original-cache/data/text/abbeyb.german (OK - compressed)
93774893 assets/original-cache/data/text/abbeyb.italian (OK - compressed)
93775767 assets/original-cache/data/text/abbeyb.japanese (OK - compressed)
93776964 assets/original-cache/data/text/abbeyb.korean (OK - compressed)
93778319 assets/original-cache/data/text/abbeyb.sc (OK - compressed)
93779565 assets/original-cache/data/text/abbeyb.spanish (OK - compressed)
93780520 assets/original-cache/data/text/abbeyb.symbols (OK - compressed)
93780851 assets/original-cache/data/text/airtemple.english (OK - compressed)
93782138 assets/original-cache/data/text/airtemple.french (OK - compressed)
93783905 assets/original-cache/data/text/airtemple.german (OK - compressed)
93785693 assets/original-cache/data/text/airtemple.italian (OK - compressed)
93787088 assets/original-cache/data/text/airtemple.japanese (OK - compressed)
93788917 assets/original-cache/data/text/airtemple.korean (OK - compressed)
93791037 assets/original-cache/data/text/airtemple.sc (OK - compressed)
93792963 assets/original-cache/data/text/airtemple.spanish (OK - compressed)
93794425 assets/original-cache/data/text/airtemple.symbols (OK - compressed)
93794789 assets/original-cache/data/text/darktemple.english (OK - compressed)
93796138 assets/original-cache/data/text/darktemple.french (OK - compressed)
93798055 assets/original-cache/data/text/darktemple.german (OK - compressed)
93800000 assets/original-cache/data/text/darktemple.italian (OK - compressed)
93801473 assets/original-cache/data/text/darktemple.japanese (OK - compressed)
93803690 assets/original-cache/data/text/darktemple.korean (OK - compressed)
93805863 assets/original-cache/data/text/darktemple.sc (OK - compressed)
93807965 assets/original-cache/data/text/darktemple.spanish (OK - compressed)
93809500 assets/original-cache/data/text/darktemple.symbols (OK - compressed)
93809904 assets/original-cache/data/text/darkwoods.english (OK - compressed)
93812802 assets/original-cache/data/text/darkwoods.french (OK - compressed)
93816943 assets/original-cache/data/text/darkwoods.german (OK - compressed)
93821118 assets/original-cache/data/text/darkwoods.italian (OK - compressed)
93824095 assets/original-cache/data/text/darkwoods.japanese (OK - compressed)
93828402 assets/original-cache/data/text/darkwoods.korean (OK - compressed)
93832658 assets/original-cache/data/text/darkwoods.sc (OK - compressed)
93836852 assets/original-cache/data/text/darkwoods.spanish (OK - compressed)
93840119 assets/original-cache/data/text/darkwoods.symbols (OK - compressed)
93840747 assets/original-cache/data/text/desert.english (OK - compressed)
93842052 assets/original-cache/data/text/desert.french (OK - compressed)
93843898 assets/original-cache/data/text/desert.german (OK - compressed)
93845786 assets/original-cache/data/text/desert.italian (OK - compressed)
93847197 assets/original-cache/data/text/desert.japanese (OK - compressed)
93849260 assets/original-cache/data/text/desert.korean (OK - compressed)
93851301 assets/original-cache/data/text/desert.sc (OK - compressed)
93853344 assets/original-cache/data/text/desert.spanish (OK - compressed)
93854829 assets/original-cache/data/text/desert.symbols (OK - compressed)
93855193 assets/original-cache/data/text/driedwell.english (OK - compressed)
93855755 assets/original-cache/data/text/driedwell.french (OK - compressed)
93856491 assets/original-cache/data/text/driedwell.german (OK - compressed)
93857235 assets/original-cache/data/text/driedwell.italian (OK - compressed)
93857814 assets/original-cache/data/text/driedwell.japanese (OK - compressed)
93858660 assets/original-cache/data/text/driedwell.korean (OK - compressed)
93859440 assets/original-cache/data/text/driedwell.sc (OK - compressed)
93860233 assets/original-cache/data/text/driedwell.spanish (OK - compressed)
93860852 assets/original-cache/data/text/driedwell.symbols (OK - compressed)
93861082 assets/original-cache/data/text/earthtemple.english (OK - compressed)
93862369 assets/original-cache/data/text/earthtemple.french (OK - compressed)
93864191 assets/original-cache/data/text/earthtemple.german (OK - compressed)
93866017 assets/original-cache/data/text/earthtemple.italian (OK - compressed)
93867346 assets/original-cache/data/text/earthtemple.japanese (OK - compressed)
93869250 assets/original-cache/data/text/earthtemple.korean (OK - compressed)
93871226 assets/original-cache/data/text/earthtemple.sc (OK - compressed)
93873102 assets/original-cache/data/text/earthtemple.spanish (OK - compressed)
93874538 assets/original-cache/data/text/earthtemple.symbols (OK - compressed)
93874912 assets/original-cache/data/text/extras.english (OK - compressed)
93875763 assets/original-cache/data/text/extras.french (OK - compressed)
93876966 assets/original-cache/data/text/extras.german (OK - compressed)
93878162 assets/original-cache/data/text/extras.italian (OK - compressed)
93879108 assets/original-cache/data/text/extras.japanese (OK - compressed)
93880472 assets/original-cache/data/text/extras.korean (OK - compressed)
93881837 assets/original-cache/data/text/extras.sc (OK - compressed)
93883213 assets/original-cache/data/text/extras.spanish (OK - compressed)
93884205 assets/original-cache/data/text/extras.symbols (OK - compressed)
93884555 assets/original-cache/data/text/gameplaymenus.english (OK - compressed)
93891066 assets/original-cache/data/text/gameplaymenus.french (OK - compressed)
93900325 assets/original-cache/data/text/gameplaymenus.german (OK - compressed)
93909723 assets/original-cache/data/text/gameplaymenus.italian (OK - compressed)
93916559 assets/original-cache/data/text/gameplaymenus.japanese (OK - compressed)
93925041 assets/original-cache/data/text/gameplaymenus.korean (OK - compressed)
93932731 assets/original-cache/data/text/gameplaymenus.sc (OK - compressed)
93940539 assets/original-cache/data/text/gameplaymenus.spanish (OK - compressed)
93947650 assets/original-cache/data/text/gameplaymenus.symbols (OK - compressed)
93950343 assets/original-cache/data/text/gated.english (OK - compressed)
93952327 assets/original-cache/data/text/gated.french (OK - compressed)
93955143 assets/original-cache/data/text/gated.german (OK - compressed)
93957924 assets/original-cache/data/text/gated.italian (OK - compressed)
93959947 assets/original-cache/data/text/gated.japanese (OK - compressed)
93963179 assets/original-cache/data/text/gated.korean (OK - compressed)
93966254 assets/original-cache/data/text/gated.sc (OK - compressed)
93969175 assets/original-cache/data/text/gated.spanish (OK - compressed)
93971393 assets/original-cache/data/text/gated.symbols (OK - compressed)
93971825 assets/original-cache/data/text/gatedb.english (OK - compressed)
93972014 assets/original-cache/data/text/gatedb.french (OK - compressed)
93972261 assets/original-cache/data/text/gatedb.german (OK - compressed)
93972510 assets/original-cache/data/text/gatedb.italian (OK - compressed)
93972705 assets/original-cache/data/text/gatedb.japanese (OK - compressed)
93972934 assets/original-cache/data/text/gatedb.korean (OK - compressed)
93973200 assets/original-cache/data/text/gatedb.sc (OK - compressed)
93973406 assets/original-cache/data/text/gatedb.spanish (OK - compressed)
93973622 assets/original-cache/data/text/gatedb.symbols (OK - compressed)
93973748 assets/original-cache/data/text/gllive.english (OK - compressed)
93975159 assets/original-cache/data/text/gllive.french (OK - compressed)
93977165 assets/original-cache/data/text/gllive.german (OK - compressed)
93979107 assets/original-cache/data/text/gllive.italian (OK - compressed)
93980580 assets/original-cache/data/text/gllive.japanese (OK - compressed)
93982621 assets/original-cache/data/text/gllive.korean (OK - compressed)
93984524 assets/original-cache/data/text/gllive.sc (OK - compressed)
93986340 assets/original-cache/data/text/gllive.spanish (OK - compressed)
93987934 assets/original-cache/data/text/gllive.symbols (OK - compressed)
93989003 assets/original-cache/data/text/global.english (OK - compressed)
93989984 assets/original-cache/data/text/global.french (OK - compressed)
93991306 assets/original-cache/data/text/global.german (OK - compressed)
93992617 assets/original-cache/data/text/global.italian (OK - compressed)
93993666 assets/original-cache/data/text/global.japanese (OK - compressed)
93995240 assets/original-cache/data/text/global.korean (OK - compressed)
93996715 assets/original-cache/data/text/global.sc (OK - compressed)
93998021 assets/original-cache/data/text/global.spanish (OK - compressed)
93999118 assets/original-cache/data/text/global.symbols (OK - compressed)
93999800 assets/original-cache/data/text/gothicusa.english (OK - compressed)
94000930 assets/original-cache/data/text/gothicusa.french (OK - compressed)
94002447 assets/original-cache/data/text/gothicusa.german (OK - compressed)
94003995 assets/original-cache/data/text/gothicusa.italian (OK - compressed)
94005188 assets/original-cache/data/text/gothicusa.japanese (OK - compressed)
94006867 assets/original-cache/data/text/gothicusa.korean (OK - compressed)
94008801 assets/original-cache/data/text/gothicusa.sc (OK - compressed)
94010504 assets/original-cache/data/text/gothicusa.spanish (OK - compressed)
94011821 assets/original-cache/data/text/gothicusa.symbols (OK - compressed)
94012138 assets/original-cache/data/text/gothicusb.english (OK - compressed)
94013425 assets/original-cache/data/text/gothicusb.french (OK - compressed)
94015101 assets/original-cache/data/text/gothicusb.german (OK - compressed)
94016808 assets/original-cache/data/text/gothicusb.italian (OK - compressed)
94018164 assets/original-cache/data/text/gothicusb.japanese (OK - compressed)
94019884 assets/original-cache/data/text/gothicusb.korean (OK - compressed)
94021919 assets/original-cache/data/text/gothicusb.sc (OK - compressed)
94023809 assets/original-cache/data/text/gothicusb.spanish (OK - compressed)
94025191 assets/original-cache/data/text/gothicusb.symbols (OK - compressed)
94025536 assets/original-cache/data/text/graveyard.english (OK - compressed)
94025992 assets/original-cache/data/text/graveyard.french (OK - compressed)
94026592 assets/original-cache/data/text/graveyard.german (OK - compressed)
94027179 assets/original-cache/data/text/graveyard.italian (OK - compressed)
94027628 assets/original-cache/data/text/graveyard.japanese (OK - compressed)
94028309 assets/original-cache/data/text/graveyard.korean (OK - compressed)
94029128 assets/original-cache/data/text/graveyard.sc (OK - compressed)
94029751 assets/original-cache/data/text/graveyard.spanish (OK - compressed)
94030261 assets/original-cache/data/text/graveyard.symbols (OK - compressed)
94030452 assets/original-cache/data/text/hellgate.english (OK - compressed)
94032552 assets/original-cache/data/text/hellgate.french (OK - compressed)
94035574 assets/original-cache/data/text/hellgate.german (OK - compressed)
94038614 assets/original-cache/data/text/hellgate.italian (OK - compressed)
94040872 assets/original-cache/data/text/hellgate.japanese (OK - compressed)
94044101 assets/original-cache/data/text/hellgate.korean (OK - compressed)
94047248 assets/original-cache/data/text/hellgate.sc (OK - compressed)
94050461 assets/original-cache/data/text/hellgate.spanish (OK - compressed)
94052818 assets/original-cache/data/text/hellgate.symbols (OK - compressed)
94053271 assets/original-cache/data/text/hellgateb.english (OK - compressed)
94054149 assets/original-cache/data/text/hellgateb.french (OK - compressed)
94055303 assets/original-cache/data/text/hellgateb.german (OK - compressed)
94056474 assets/original-cache/data/text/hellgateb.italian (OK - compressed)
94057416 assets/original-cache/data/text/hellgateb.japanese (OK - compressed)
94058749 assets/original-cache/data/text/hellgateb.korean (OK - compressed)
94060128 assets/original-cache/data/text/hellgateb.sc (OK - compressed)
94061453 assets/original-cache/data/text/hellgateb.spanish (OK - compressed)
94062440 assets/original-cache/data/text/hellgateb.symbols (OK - compressed)
94062739 assets/original-cache/data/text/icyhub.english (OK - compressed)
94065371 assets/original-cache/data/text/icyhub.french (OK - compressed)
94069069 assets/original-cache/data/text/icyhub.german (OK - compressed)
94072752 assets/original-cache/data/text/icyhub.italian (OK - compressed)
94075512 assets/original-cache/data/text/icyhub.japanese (OK - compressed)
94079355 assets/original-cache/data/text/icyhub.korean (OK - compressed)
94083474 assets/original-cache/data/text/icyhub.sc (OK - compressed)
94087159 assets/original-cache/data/text/icyhub.spanish (OK - compressed)
94090077 assets/original-cache/data/text/icyhub.symbols (OK - compressed)
94090645 assets/original-cache/data/text/infected.english (OK - compressed)
94091013 assets/original-cache/data/text/infected.french (OK - compressed)
94091467 assets/original-cache/data/text/infected.german (OK - compressed)
94091922 assets/original-cache/data/text/infected.italian (OK - compressed)
94092283 assets/original-cache/data/text/infected.japanese (OK - compressed)
94092809 assets/original-cache/data/text/infected.korean (OK - compressed)
94093287 assets/original-cache/data/text/infected.sc (OK - compressed)
94093803 assets/original-cache/data/text/infected.spanish (OK - compressed)
94094202 assets/original-cache/data/text/infected.symbols (OK - compressed)
94094356 assets/original-cache/data/text/ingame.english (OK - compressed)
94097495 assets/original-cache/data/text/ingame.french (OK - compressed)
94101898 assets/original-cache/data/text/ingame.german (OK - compressed)
94106364 assets/original-cache/data/text/ingame.italian (OK - compressed)
94109753 assets/original-cache/data/text/ingame.japanese (OK - compressed)
94114039 assets/original-cache/data/text/ingame.korean (OK - compressed)
94118167 assets/original-cache/data/text/ingame.sc (OK - compressed)
94122434 assets/original-cache/data/text/ingame.spanish (OK - compressed)
94125799 assets/original-cache/data/text/ingame.symbols (OK - compressed)
94128844 assets/original-cache/data/text/items.english (OK - compressed)
94133519 assets/original-cache/data/text/items.french (OK - compressed)
94140292 assets/original-cache/data/text/items.german (OK - compressed)
94147142 assets/original-cache/data/text/items.italian (OK - compressed)
94152940 assets/original-cache/data/text/items.japanese (OK - compressed)
94159791 assets/original-cache/data/text/items.korean (OK - compressed)
94165839 assets/original-cache/data/text/items.sc (OK - compressed)
94171049 assets/original-cache/data/text/items.spanish (OK - compressed)
94176260 assets/original-cache/data/text/items.symbols (OK - compressed)
94182336 assets/original-cache/data/text/lighthouse.english (OK - compressed)
94184012 assets/original-cache/data/text/lighthouse.french (OK - compressed)
94186301 assets/original-cache/data/text/lighthouse.german (OK - compressed)
94188608 assets/original-cache/data/text/lighthouse.italian (OK - compressed)
94190317 assets/original-cache/data/text/lighthouse.japanese (OK - compressed)
94192733 assets/original-cache/data/text/lighthouse.korean (OK - compressed)
94195395 assets/original-cache/data/text/lighthouse.sc (OK - compressed)
94197899 assets/original-cache/data/text/lighthouse.spanish (OK - compressed)
94199750 assets/original-cache/data/text/lighthouse.symbols (OK - compressed)
94200186 assets/original-cache/data/text/locations.english (OK - compressed)
94203351 assets/original-cache/data/text/locations.french (OK - compressed)
94207853 assets/original-cache/data/text/locations.german (OK - compressed)
94212436 assets/original-cache/data/text/locations.italian (OK - compressed)
94215777 assets/original-cache/data/text/locations.japanese (OK - compressed)
94220132 assets/original-cache/data/text/locations.korean (OK - compressed)
94224722 assets/original-cache/data/text/locations.sc (OK - compressed)
94228937 assets/original-cache/data/text/locations.spanish (OK - compressed)
94232456 assets/original-cache/data/text/locations.symbols (OK - compressed)
94233845 assets/original-cache/data/text/machine.english (OK - compressed)
94234559 assets/original-cache/data/text/machine.french (OK - compressed)
94235527 assets/original-cache/data/text/machine.german (OK - compressed)
94236512 assets/original-cache/data/text/machine.italian (OK - compressed)
94237286 assets/original-cache/data/text/machine.japanese (OK - compressed)
94238312 assets/original-cache/data/text/machine.korean (OK - compressed)
94239404 assets/original-cache/data/text/machine.sc (OK - compressed)
94240430 assets/original-cache/data/text/machine.spanish (OK - compressed)
94241200 assets/original-cache/data/text/machine.symbols (OK - compressed)
94241453 assets/original-cache/data/text/menu.english (OK - compressed)
94252108 assets/original-cache/data/text/menu.french (OK - compressed)
94267008 assets/original-cache/data/text/menu.german (OK - compressed)
94282039 assets/original-cache/data/text/menu.italian (OK - compressed)
94293375 assets/original-cache/data/text/menu.japanese (OK - compressed)
94307812 assets/original-cache/data/text/menu.korean (OK - compressed)
94320993 assets/original-cache/data/text/menu.sc (OK - compressed)
94333779 assets/original-cache/data/text/menu.spanish (OK - compressed)
94345363 assets/original-cache/data/text/menu.symbols (OK - compressed)
94348383 assets/original-cache/data/text/quests.english (OK - compressed)
94348712 assets/original-cache/data/text/quests.french (OK - compressed)
94349180 assets/original-cache/data/text/quests.german (OK - compressed)
94349658 assets/original-cache/data/text/quests.italian (OK - compressed)
94350033 assets/original-cache/data/text/quests.japanese (OK - compressed)
94350518 assets/original-cache/data/text/quests.korean (OK - compressed)
94351032 assets/original-cache/data/text/quests.sc (OK - compressed)
94351416 assets/original-cache/data/text/quests.spanish (OK - compressed)
94351795 assets/original-cache/data/text/quests.symbols (OK - compressed)
94352007 assets/original-cache/data/text/sewer.english (OK - compressed)
94352480 assets/original-cache/data/text/sewer.french (OK - compressed)
94353107 assets/original-cache/data/text/sewer.german (OK - compressed)
94353753 assets/original-cache/data/text/sewer.italian (OK - compressed)
94354234 assets/original-cache/data/text/sewer.japanese (OK - compressed)
94354908 assets/original-cache/data/text/sewer.korean (OK - compressed)
94355665 assets/original-cache/data/text/sewer.sc (OK - compressed)
94356372 assets/original-cache/data/text/sewer.spanish (OK - compressed)
94356894 assets/original-cache/data/text/sewer.symbols (OK - compressed)
94357081 assets/original-cache/data/text/sidequests.english (OK - compressed)
94360362 assets/original-cache/data/text/sidequests.french (OK - compressed)
94364940 assets/original-cache/data/text/sidequests.german (OK - compressed)
94369554 assets/original-cache/data/text/sidequests.italian (OK - compressed)
94373074 assets/original-cache/data/text/sidequests.japanese (OK - compressed)
94377848 assets/original-cache/data/text/sidequests.korean (OK - compressed)
94382038 assets/original-cache/data/text/sidequests.sc (OK - compressed)
94386586 assets/original-cache/data/text/sidequests.spanish (OK - compressed)
94390113 assets/original-cache/data/text/sidequests.symbols (OK - compressed)
94391199 assets/original-cache/data/text/swamp.english (OK - compressed)
94393622 assets/original-cache/data/text/swamp.french (OK - compressed)
94397144 assets/original-cache/data/text/swamp.german (OK - compressed)
94400624 assets/original-cache/data/text/swamp.italian (OK - compressed)
94403146 assets/original-cache/data/text/swamp.japanese (OK - compressed)
94406738 assets/original-cache/data/text/swamp.korean (OK - compressed)
94410377 assets/original-cache/data/text/swamp.sc (OK - compressed)
94414278 assets/original-cache/data/text/swamp.spanish (OK - compressed)
94417069 assets/original-cache/data/text/swamp.symbols (OK - compressed)
94417614 assets/original-cache/data/text/swampb.english (OK - compressed)
94418063 assets/original-cache/data/text/swampb.french (OK - compressed)
94418681 assets/original-cache/data/text/swampb.german (OK - compressed)
94419285 assets/original-cache/data/text/swampb.italian (OK - compressed)
94419759 assets/original-cache/data/text/swampb.japanese (OK - compressed)
94420428 assets/original-cache/data/text/swampb.korean (OK - compressed)
94421188 assets/original-cache/data/text/swampb.sc (OK - compressed)
94421822 assets/original-cache/data/text/swampb.spanish (OK - compressed)
94422295 assets/original-cache/data/text/swampb.symbols (OK - compressed)
94422495 assets/original-cache/data/text/tutorial.english (OK - compressed)
94426916 assets/original-cache/data/text/tutorial.french (OK - compressed)
94433643 assets/original-cache/data/text/tutorial.german (OK - compressed)
94440476 assets/original-cache/data/text/tutorial.italian (OK - compressed)
94445138 assets/original-cache/data/text/tutorial.japanese (OK - compressed)
94451382 assets/original-cache/data/text/tutorial.korean (OK - compressed)
94456931 assets/original-cache/data/text/tutorial.sc (OK - compressed)
94462639 assets/original-cache/data/text/tutorial.spanish (OK - compressed)
94467357 assets/original-cache/data/text/tutorial.symbols (OK - compressed)
94468000 assets/original-cache/data/text/underworldhub.english (OK - compressed)
94469653 assets/original-cache/data/text/underworldhub.french (OK - compressed)
94471893 assets/original-cache/data/text/underworldhub.german (OK - compressed)
94474143 assets/original-cache/data/text/underworldhub.italian (OK - compressed)
94475806 assets/original-cache/data/text/underworldhub.japanese (OK - compressed)
94478247 assets/original-cache/data/text/underworldhub.korean (OK - compressed)
94480850 assets/original-cache/data/text/underworldhub.sc (OK - compressed)
94483185 assets/original-cache/data/text/underworldhub.spanish (OK - compressed)
94484974 assets/original-cache/data/text/underworldhub.symbols (OK - compressed)
94485566 assets/original-cache/data/text/void.english (OK - compressed)
94486475 assets/original-cache/data/text/void.french (OK - compressed)
94487721 assets/original-cache/data/text/void.german (OK - compressed)
94488962 assets/original-cache/data/text/void.italian (OK - compressed)
94489974 assets/original-cache/data/text/void.japanese (OK - compressed)
94491333 assets/original-cache/data/text/void.korean (OK - compressed)
94492726 assets/original-cache/data/text/void.sc (OK - compressed)
94494109 assets/original-cache/data/text/void.spanish (OK - compressed)
94495133 assets/original-cache/data/text/void.symbols (OK - compressed)
94495504 assets/original-cache/data/text/volcano.english (OK - compressed)
94497509 assets/original-cache/data/text/volcano.french (OK - compressed)
94500352 assets/original-cache/data/text/volcano.german (OK - compressed)
94503197 assets/original-cache/data/text/volcano.italian (OK - compressed)
94505285 assets/original-cache/data/text/volcano.japanese (OK - compressed)
94508093 assets/original-cache/data/text/volcano.korean (OK - compressed)
94511329 assets/original-cache/data/text/volcano.sc (OK - compressed)
94514107 assets/original-cache/data/text/volcano.spanish (OK - compressed)
94516253 assets/original-cache/data/text/volcano.symbols (OK - compressed)
94516765 assets/original-cache/data/text/watertemple.english (OK - compressed)
94518768 assets/original-cache/data/text/watertemple.french (OK - compressed)
94521578 assets/original-cache/data/text/watertemple.german (OK - compressed)
94524406 assets/original-cache/data/text/watertemple.italian (OK - compressed)
94526531 assets/original-cache/data/text/watertemple.japanese (OK - compressed)
94529637 assets/original-cache/data/text/watertemple.korean (OK - compressed)
94532841 assets/original-cache/data/text/watertemple.sc (OK - compressed)
94535746 assets/original-cache/data/text/watertemple.spanish (OK - compressed)
94537899 assets/original-cache/data/text/watertemple.symbols (OK - compressed)
94538434 assets/original-cache/data/uncadis.ttf (OK - compressed)
94565686 assets/original-cache/data/wqy-zenhei.ttf (OK - compressed)
101654301 assets/original-cache/gameswf_effects.bdae (OK - compressed)
101655412 assets/original-media/intro.mp4 (OK)
121904340 assets/original-media/sfx_menu_back.wav (OK)
122159000 assets/original-media/sfx_menu_confirm.wav (OK)
122407180 assets/original-media/sfx_menu_select.wav (OK)
122418040 assets/original-media/sfx_menu_spending.wav (OK)
122454536 assets/original-media/sfx_menu_tab.wav (OK)
122514140 assets/original-media/title_intro.wav (OK)
123260828 assets/original-media/title_loop.wav (OK)
137752364 assets/player-combat-provenance.json (OK - compressed)
137753416 assets/player-defender-provenance.json (OK - compressed)
137753912 assets/player-locomotion-provenance.json (OK - compressed)
137756329 assets/player-skills-provenance.json (OK - compressed)
137758724 assets/scripts/007_crypt_01_pyscriptnames.bin (OK - compressed)
137759055 assets/scripts/007_crypt_01_pyscripts.bin (OK - compressed)
137759802 assets/scripts/ai/_commons.luac (OK - compressed)
137761478 assets/scripts/ai/monster-ai-provenance.json (OK - compressed)
137762012 assets/scripts/ai/monster.luac (OK - compressed)
137763665 assets/scripts/crypt-ghost01.dctr (OK - compressed)
137763779 assets/scripts/crypt-script-provenance.json (OK - compressed)
137764846 assets/scripts/scripts_pyscriptnames.bin (OK - compressed)
137765061 assets/scripts/scripts_pyscripts.bin (OK - compressed)
137765465 assets/scripts/skills/_commons.luac (OK - compressed)
137768401 assets/scripts/skills/faerie_celest.luac (OK - compressed)
137770979 assets/scripts/skills/faerie_hotty.luac (OK - compressed)
137772379 assets/scripts/skills/faerie_rocky.luac (OK - compressed)
137773734 assets/scripts/skills/faerie_wetty.luac (OK - compressed)
137775113 assets/scripts/skills/faerie_windy.luac (OK - compressed)
137776462 assets/scripts/skills/prince_mage_chain_lightning.luac (OK - compressed)
137778923 assets/scripts/skills/prince_mage_coldray.luac (OK - compressed)
137780066 assets/scripts/skills/prince_mage_cyclone.luac (OK - compressed)
137782570 assets/scripts/skills/prince_mage_elemental_mastery.luac (OK - compressed)
137783143 assets/scripts/skills/prince_mage_faeryblood.luac (OK - compressed)
137783755 assets/scripts/skills/prince_mage_magi_shielding.luac (OK - compressed)
137784297 assets/scripts/skills/prince_mage_staffmaster.luac (OK - compressed)
137784827 assets/scripts/skills/prince_mage_stone_escape.luac (OK - compressed)
137787254 assets/scripts/skills/prince_rogue_acrobat.luac (OK - compressed)
137787818 assets/scripts/skills/prince_rogue_ambidextrous.luac (OK - compressed)
137788729 assets/scripts/skills/prince_rogue_combomaster.luac (OK - compressed)
137789299 assets/scripts/skills/prince_rogue_findweakness.luac (OK - compressed)
137789915 assets/scripts/skills/prince_rogue_jump_kick.luac (OK - compressed)
137790997 assets/scripts/skills/prince_rogue_quickness.luac (OK - compressed)
137792288 assets/scripts/skills/prince_rogue_roundhouse.luac (OK - compressed)
137793443 assets/scripts/skills/prince_rogue_vicious_strike.luac (OK - compressed)
137794584 assets/scripts/skills/prince_warrior_bashdown.luac (OK - compressed)
137795683 assets/scripts/skills/prince_warrior_charge.luac (OK - compressed)
137797190 assets/scripts/skills/prince_warrior_combat_master.luac (OK - compressed)
137797774 assets/scripts/skills/prince_warrior_fast_metabolism.luac (OK - compressed)
137798326 assets/scripts/skills/prince_warrior_ground_slam.luac (OK - compressed)
137799583 assets/scripts/skills/prince_warrior_hardiness.luac (OK - compressed)
137800179 assets/scripts/skills/prince_warrior_leadership.luac (OK - compressed)
137801131 assets/scripts/skills/prince_warrior_potion_addict.luac (OK - compressed)
137801646 assets/shaders/shaders.pak (OK - compressed)
137812813 assets/texture-provenance.json (OK - compressed)
137814345 assets/textures/atlas_dh2_game_objects_001.tga (OK - compressed)
138202608 assets/textures/atlas_dh2_game_objects_001_alpha.tga (OK - compressed)
138234858 assets/textures/atlas_dh2_game_objects_001_specular.tga (OK - compressed)
138307428 assets/textures/atlas_fx_particles_001.tga (OK - compressed)
138372778 assets/textures/atlas_fx_particles_002.tga (OK - compressed)
138539048 assets/textures/atlas_modular_mage.tga (OK - compressed)
138862729 assets/textures/atlas_modular_rogue.tga (OK - compressed)
139156312 assets/textures/atlas_modular_warrior.tga (OK - compressed)
139463459 assets/textures/atlas_skinned_characters_animdecor_gameobjects_001.tga (OK - compressed)
139910583 assets/textures/env_crypt.tga (OK - compressed)
140323052 assets/textures/env_crypt_alpha.tga (OK - compressed)
140374085 assets/textures/env_crypt_spec.tga (OK - compressed)
140454669 assets/textures/env_darkwoods_alpha.tga (OK - compressed)
140825416 assets/textures/env_selectorcharactere_solide.tga (OK - compressed)
141253859 assets/textures/fx_magic_lenz_flares_008.tga (OK - compressed)
141254527 assets/textures/fx_smoke_03.tga (OK - compressed)
141255722 assets/textures/fx_spark_01.tga (OK - compressed)
141256380 assets/textures/godparticle_face.tga (OK - compressed)
141258218 assets/textures/menugraphics03.tga (OK - compressed)
141504707 assets/textures/pvr2_env_crypt_alpha.tga (OK - compressed)
141555751 assets/textures/pvr2_env_darktemple_alpha.tga (OK - compressed)
141606194 assets/textures/pvr2_env_darkwoods_alpha_alpha.tga (OK - compressed)
141709426 assets/textures/skybox_selector.tga (OK - compressed)
141813355 assets/textures/skybox_wind.tga (OK - compressed)
141894519 assets/worlds/007_crypt_01.rule.xml (OK - compressed)
141895554 assets/worlds/crypt.bdae (OK - compressed)
143418918 assets/worlds/crypt01-provenance.json (OK - compressed)
143430042 assets/worlds/crypt01.dact (OK - compressed)
143432913 assets/worlds/crypt01.dwld (OK - compressed)
143433135 assets/worlds/crypt2_straight_ns_01.mvp (OK - compressed)
143433804 assets/worlds/crypt_cemetery_entrance_01.mgp (OK - compressed)
143435741 assets/worlds/crypt_cemetery_entrance_01.mvp (OK - compressed)
143436927 assets/worlds/crypt_corner_ne_01.mvp (OK - compressed)
143437782 assets/worlds/crypt_corner_ne_02.mgp (OK - compressed)
143438715 assets/worlds/crypt_corner_nw_02.mgp (OK - compressed)
143439243 assets/worlds/crypt_corner_nw_02.mvp (OK - compressed)
143439997 assets/worlds/crypt_corner_sw_01.mvp (OK - compressed)
143440781 assets/worlds/crypt_corner_sw_02.mgp (OK - compressed)
143441348 assets/worlds/crypt_deadend_e_01.mgp (OK - compressed)
143442006 assets/worlds/crypt_deadend_e_01.mvp (OK - compressed)
143442701 assets/worlds/crypt_straight_c_ns_01.mgp (OK - compressed)
143444781 assets/worlds/crypt_straight_c_ns_01.mvp (OK - compressed)
143445977 assets/worlds/crypt_straight_ns_01.mgp (OK - compressed)
143446845 assets/worlds/crypt_t_sew_01.mgp (OK - compressed)
143447581 assets/worlds/crypt_t_sew_01.mvp (OK - compressed)
143448396 assets/worlds/x07_crypt_backup.mlx (OK - compressed)
143449716 AndroidManifest.xml (OK - compressed)
143451444 res/anim-v21/design_bottom_sheet_slide_in.xml (OK - compressed)
143451819 res/anim-v21/design_bottom_sheet_slide_out.xml (OK - compressed)
143452195 res/anim-v21/fragment_fast_out_extra_slow_in.xml (OK - compressed)
143452484 res/anim-v21/m3_bottom_sheet_slide_in.xml (OK - compressed)
143452856 res/anim-v21/m3_bottom_sheet_slide_out.xml (OK - compressed)
143453238 res/anim-v21/m3_side_sheet_enter_from_left.xml (OK - compressed)
143453560 res/anim-v21/m3_side_sheet_enter_from_right.xml (OK - compressed)
143453878 res/anim-v21/m3_side_sheet_exit_to_left.xml (OK - compressed)
143454196 res/anim-v21/m3_side_sheet_exit_to_right.xml (OK - compressed)
143454513 res/anim-v21/mtrl_bottom_sheet_slide_in.xml (OK - compressed)
143454886 res/anim-v21/mtrl_bottom_sheet_slide_out.xml (OK - compressed)
143455236 res/anim/abc_fade_in.xml (OK - compressed)
143455507 res/anim/abc_fade_out.xml (OK - compressed)
143455796 res/anim/abc_grow_fade_in_from_bottom.xml (OK - compressed)
143456230 res/anim/abc_popup_enter.xml (OK - compressed)
143456545 res/anim/abc_popup_exit.xml (OK - compressed)
143456878 res/anim/abc_shrink_fade_out_from_bottom.xml (OK - compressed)
143457317 res/anim/abc_slide_in_bottom.xml (OK - compressed)
143457604 res/anim/abc_slide_in_top.xml (OK - compressed)
143457896 res/anim/abc_slide_out_bottom.xml (OK - compressed)
143458183 res/anim/abc_slide_out_top.xml (OK - compressed)
143458471 res/anim/abc_tooltip_enter.xml (OK - compressed)
143458747 res/anim/abc_tooltip_exit.xml (OK - compressed)
143459057 res/anim/btn_checkbox_to_checked_box_inner_merged_animation.xml (OK - compressed)
143459790 res/anim/btn_checkbox_to_checked_box_outer_merged_animation.xml (OK - compressed)
143460618 res/anim/btn_checkbox_to_checked_icon_null_animation.xml (OK - compressed)
143461110 res/anim/btn_checkbox_to_unchecked_box_inner_merged_animation.xml (OK - compressed)
143461866 res/anim/btn_checkbox_to_unchecked_check_path_merged_animation.xml (OK - compressed)
143462685 res/anim/btn_checkbox_to_unchecked_icon_null_animation.xml (OK - compressed)
143463166 res/anim/btn_radio_to_off_mtrl_dot_group_animation.xml (OK - compressed)
143463682 res/anim/btn_radio_to_off_mtrl_ring_outer_animation.xml (OK - compressed)
143464205 res/anim/btn_radio_to_off_mtrl_ring_outer_path_animation.xml (OK - compressed)
143464661 res/anim/btn_radio_to_on_mtrl_dot_group_animation.xml (OK - compressed)
143465166 res/anim/btn_radio_to_on_mtrl_ring_outer_animation.xml (OK - compressed)
143465683 res/anim/btn_radio_to_on_mtrl_ring_outer_path_animation.xml (OK - compressed)
143466124 res/anim/design_snackbar_in.xml (OK - compressed)
143466366 res/anim/design_snackbar_out.xml (OK - compressed)
143466631 res/anim/linear_indeterminate_line1_head_interpolator.xml (OK - compressed)
143466932 res/anim/linear_indeterminate_line1_tail_interpolator.xml (OK - compressed)
143467230 res/anim/linear_indeterminate_line2_head_interpolator.xml (OK - compressed)
143467524 res/anim/linear_indeterminate_line2_tail_interpolator.xml (OK - compressed)
143467803 res/anim/m3_motion_fade_enter.xml (OK - compressed)
143468238 res/anim/m3_motion_fade_exit.xml (OK - compressed)
143468571 res/anim/mtrl_card_lowers_interpolator.xml (OK - compressed)
143468871 res/animator-v21/design_appbar_state_list_animator.xml (OK - compressed)
143469398 res/animator-v21/m3_appbar_state_list_animator.xml (OK - compressed)
143469915 res/animator/design_fab_hide_motion_spec.xml (OK - compressed)
143470319 res/animator/design_fab_show_motion_spec.xml (OK - compressed)
143470713 res/animator/fragment_close_enter.xml (OK - compressed)
143471174 res/animator/fragment_close_exit.xml (OK - compressed)
143471635 res/animator/fragment_fade_enter.xml (OK - compressed)
143471965 res/animator/fragment_fade_exit.xml (OK - compressed)
143472296 res/animator/fragment_open_enter.xml (OK - compressed)
143472750 res/animator/fragment_open_exit.xml (OK - compressed)
143473224 res/animator/m3_btn_elevated_btn_state_list_anim.xml (OK - compressed)
143473812 res/animator/m3_btn_state_list_anim.xml (OK - compressed)
143474410 res/animator/m3_card_elevated_state_list_anim.xml (OK - compressed)
143475019 res/animator/m3_card_state_list_anim.xml (OK - compressed)
143475619 res/animator/m3_chip_state_list_anim.xml (OK - compressed)
143476116 res/animator/m3_elevated_chip_state_list_anim.xml (OK - compressed)
143476610 res/animator/m3_extended_fab_change_size_collapse_motion_spec.xml (OK - compressed)
143477086 res/animator/m3_extended_fab_change_size_expand_motion_spec.xml (OK - compressed)
143477548 res/animator/m3_extended_fab_hide_motion_spec.xml (OK - compressed)
143477989 res/animator/m3_extended_fab_show_motion_spec.xml (OK - compressed)
143478429 res/animator/m3_extended_fab_state_list_animator.xml (OK - compressed)
143479118 res/animator/mtrl_btn_state_list_anim.xml (OK - compressed)
143479807 res/animator/mtrl_btn_unelevated_state_list_anim.xml (OK - compressed)
143479945 res/animator/mtrl_card_state_list_anim.xml (OK - compressed)
143480504 res/animator/mtrl_chip_state_list_anim.xml (OK - compressed)
143480992 res/animator/mtrl_extended_fab_change_size_collapse_motion_spec.xml (OK - compressed)
143481465 res/animator/mtrl_extended_fab_change_size_expand_motion_spec.xml (OK - compressed)
143481925 res/animator/mtrl_extended_fab_hide_motion_spec.xml (OK - compressed)
143482328 res/animator/mtrl_extended_fab_show_motion_spec.xml (OK - compressed)
143482773 res/animator/mtrl_extended_fab_state_list_animator.xml (OK - compressed)
143483460 res/animator/mtrl_fab_hide_motion_spec.xml (OK - compressed)
143483865 res/animator/mtrl_fab_show_motion_spec.xml (OK - compressed)
143484293 res/animator/mtrl_fab_transformation_sheet_collapse_spec.xml (OK - compressed)
143484893 res/animator/mtrl_fab_transformation_sheet_expand_spec.xml (OK - compressed)
143485489 res/color-night-v8/material_timepicker_button_stroke.xml (OK - compressed)
143485781 res/color-night-v8/material_timepicker_clockface.xml (OK - compressed)
143486080 res/color-night-v8/material_timepicker_modebutton_tint.xml (OK - compressed)
143486349 res/color-v23/abc_btn_colored_borderless_text_material.xml (OK - compressed)
143486669 res/color-v23/abc_btn_colored_text_material.xml (OK - compressed)
143486987 res/color-v23/abc_color_highlight_material.xml (OK - compressed)
143487315 res/color-v23/abc_tint_btn_checkable.xml (OK - compressed)
143487653 res/color-v23/abc_tint_default.xml (OK - compressed)
143488089 res/color-v23/abc_tint_edittext.xml (OK - compressed)
143488441 res/color-v23/abc_tint_seek_thumb.xml (OK - compressed)
143488747 res/color-v23/abc_tint_spinner.xml (OK - compressed)
143489101 res/color-v23/abc_tint_switch_track.xml (OK - compressed)
143489473 res/color-v31/m3_dynamic_dark_default_color_primary_text.xml (OK - compressed)
143489805 res/color-v31/m3_dynamic_dark_default_color_secondary_text.xml (OK - compressed)
143490128 res/color-v31/m3_dynamic_dark_highlighted_text.xml (OK - compressed)
143490408 res/color-v31/m3_dynamic_dark_hint_foreground.xml (OK - compressed)
143490755 res/color-v31/m3_dynamic_dark_primary_text_disable_only.xml (OK - compressed)
143491079 res/color-v31/m3_dynamic_default_color_primary_text.xml (OK - compressed)
143491407 res/color-v31/m3_dynamic_default_color_secondary_text.xml (OK - compressed)
143491725 res/color-v31/m3_dynamic_highlighted_text.xml (OK - compressed)
143492000 res/color-v31/m3_dynamic_hint_foreground.xml (OK - compressed)
143492344 res/color-v31/m3_dynamic_primary_text_disable_only.xml (OK - compressed)
143492665 res/color-v31/m3_ref_palette_dynamic_neutral12.xml (OK - compressed)
143492946 res/color-v31/m3_ref_palette_dynamic_neutral17.xml (OK - compressed)
143493227 res/color-v31/m3_ref_palette_dynamic_neutral22.xml (OK - compressed)
143493509 res/color-v31/m3_ref_palette_dynamic_neutral24.xml (OK - compressed)
143493790 res/color-v31/m3_ref_palette_dynamic_neutral4.xml (OK - compressed)
143494069 res/color-v31/m3_ref_palette_dynamic_neutral6.xml (OK - compressed)
143494351 res/color-v31/m3_ref_palette_dynamic_neutral87.xml (OK - compressed)
143494633 res/color-v31/m3_ref_palette_dynamic_neutral92.xml (OK - compressed)
143494915 res/color-v31/m3_ref_palette_dynamic_neutral94.xml (OK - compressed)
143495197 res/color-v31/m3_ref_palette_dynamic_neutral96.xml (OK - compressed)
143495479 res/color-v31/m3_ref_palette_dynamic_neutral98.xml (OK - compressed)
143495773 res/color/abc_background_cache_hint_selector_material_dark.xml (OK - compressed)
143496097 res/color/abc_background_cache_hint_selector_material_light.xml (OK - compressed)
143496405 res/color/abc_hint_foreground_material_dark.xml (OK - compressed)
143496744 res/color/abc_hint_foreground_material_light.xml (OK - compressed)
143497092 res/color/abc_primary_text_disable_only_material_dark.xml (OK - compressed)
143497408 res/color/abc_primary_text_disable_only_material_light.xml (OK - compressed)
143497710 res/color/abc_primary_text_material_dark.xml (OK - compressed)
143498014 res/color/abc_primary_text_material_light.xml (OK - compressed)
143498306 res/color/abc_search_url_text.xml (OK - compressed)
143498632 res/color/abc_secondary_text_material_dark.xml (OK - compressed)
143498939 res/color/abc_secondary_text_material_light.xml (OK - compressed)
143499236 res/color/design_box_stroke_color.xml (OK - compressed)
143499578 res/color/design_error.xml (OK - compressed)
143499868 res/color/design_icon_tint.xml (OK - compressed)
143500142 res/color/m3_appbar_overlay_color.xml (OK - compressed)
143500422 res/color/m3_assist_chip_icon_tint_color.xml (OK - compressed)
143500737 res/color/m3_assist_chip_stroke_color.xml (OK - compressed)
143501147 res/color/m3_bottom_sheet_drag_handle_color.xml (OK - compressed)
143501406 res/color/m3_button_background_color_selector.xml (OK - compressed)
143501729 res/color/m3_button_foreground_color_selector.xml (OK - compressed)
143502049 res/color/m3_button_outline_color_selector.xml (OK - compressed)
143502365 res/color/m3_button_ripple_color.xml (OK - compressed)
143502743 res/color/m3_button_ripple_color_selector.xml (OK - compressed)
143503120 res/color/m3_calendar_item_disabled_text.xml (OK - compressed)
143503402 res/color/m3_calendar_item_stroke_color.xml (OK - compressed)
143503754 res/color/m3_card_foreground_color.xml (OK - compressed)
143504132 res/color/m3_card_ripple_color.xml (OK - compressed)
143504603 res/color/m3_card_stroke_color.xml (OK - compressed)
143505086 res/color/m3_checkbox_button_icon_tint.xml (OK - compressed)
143505498 res/color/m3_checkbox_button_tint.xml (OK - compressed)
143505937 res/color/m3_chip_assist_text_color.xml (OK - compressed)
143506246 res/color/m3_chip_background_color.xml (OK - compressed)
143506588 res/color/m3_chip_ripple_color.xml (OK - compressed)
143507063 res/color/m3_chip_stroke_color.xml (OK - compressed)
143507460 res/color/m3_chip_text_color.xml (OK - compressed)
143507814 res/color/m3_dark_default_color_primary_text.xml (OK - compressed)
143508134 res/color/m3_dark_default_color_secondary_text.xml (OK - compressed)
143508445 res/color/m3_dark_highlighted_text.xml (OK - compressed)
143508713 res/color/m3_dark_hint_foreground.xml (OK - compressed)
143509050 res/color/m3_dark_primary_text_disable_only.xml (OK - compressed)
143509363 res/color/m3_default_color_primary_text.xml (OK - compressed)
143509679 res/color/m3_default_color_secondary_text.xml (OK - compressed)
143509996 res/color/m3_efab_ripple_color_selector.xml (OK - compressed)
143510375 res/color/m3_elevated_chip_background_color.xml (OK - compressed)
143510758 res/color/m3_fab_efab_background_color_selector.xml (OK - compressed)
143511083 res/color/m3_fab_efab_foreground_color_selector.xml (OK - compressed)
143511399 res/color/m3_fab_ripple_color_selector.xml (OK - compressed)
143511791 res/color/m3_filled_icon_button_container_color_selector.xml (OK - compressed)
143512147 res/color/m3_highlighted_text.xml (OK - compressed)
143512411 res/color/m3_hint_foreground.xml (OK - compressed)
143512749 res/color/m3_icon_button_icon_color_selector.xml (OK - compressed)
143513134 res/color/m3_navigation_bar_item_with_indicator_icon_tint.xml (OK - compressed)
143513571 res/color/m3_navigation_bar_item_with_indicator_label_tint.xml (OK - compressed)
143513992 res/color/m3_navigation_bar_ripple_color_selector.xml (OK - compressed)
143514434 res/color/m3_navigation_item_background_color.xml (OK - compressed)
143514760 res/color/m3_navigation_item_icon_tint.xml (OK - compressed)
143515221 res/color/m3_navigation_item_ripple_color.xml (OK - compressed)
143515676 res/color/m3_navigation_item_text_color.xml (OK - compressed)
143516154 res/color/m3_navigation_rail_item_with_indicator_icon_tint.xml (OK - compressed)
143516476 res/color/m3_navigation_rail_item_with_indicator_label_tint.xml (OK - compressed)
143516789 res/color/m3_navigation_rail_ripple_color_selector.xml (OK - compressed)
143517221 res/color/m3_popupmenu_overlay_color.xml (OK - compressed)
143517499 res/color/m3_primary_text_disable_only.xml (OK - compressed)
143517810 res/color/m3_radiobutton_button_tint.xml (OK - compressed)
143518282 res/color/m3_radiobutton_ripple_tint.xml (OK - compressed)
143518748 res/color/m3_selection_control_ripple_color_selector.xml (OK - compressed)
143519200 res/color/m3_simple_item_ripple_color.xml (OK - compressed)
143519573 res/color/m3_slider_active_track_color.xml (OK - compressed)
143519880 res/color/m3_slider_halo_color.xml (OK - compressed)
143520206 res/color/m3_slider_inactive_track_color.xml (OK - compressed)
143520513 res/color/m3_slider_thumb_color.xml (OK - compressed)
143520820 res/color/m3_switch_thumb_tint.xml (OK - compressed)
143521141 res/color/m3_switch_track_tint.xml (OK - compressed)
143521479 res/color/m3_tabs_icon_color.xml (OK - compressed)
143521828 res/color/m3_tabs_icon_color_secondary.xml (OK - compressed)
143522165 res/color/m3_tabs_ripple_color.xml (OK - compressed)
143522621 res/color/m3_tabs_ripple_color_secondary.xml (OK - compressed)
143523059 res/color/m3_tabs_text_color.xml (OK - compressed)
143523408 res/color/m3_tabs_text_color_secondary.xml (OK - compressed)
143523765 res/color/m3_text_button_background_color_selector.xml (OK - compressed)
143524091 res/color/m3_text_button_foreground_color_selector.xml (OK - compressed)
143524479 res/color/m3_text_button_ripple_color_selector.xml (OK - compressed)
143525009 res/color/m3_textfield_filled_background_color.xml (OK - compressed)
143525329 res/color/m3_textfield_indicator_text_color.xml (OK - compressed)
143525745 res/color/m3_textfield_input_text_color.xml (OK - compressed)
143526117 res/color/m3_textfield_label_color.xml (OK - compressed)
143526467 res/color/m3_textfield_stroke_color.xml (OK - compressed)
143526856 res/color/m3_timepicker_button_background_color.xml (OK - compressed)
143527177 res/color/m3_timepicker_button_ripple_color.xml (OK - compressed)
143527650 res/color/m3_timepicker_button_text_color.xml (OK - compressed)
143528028 res/color/m3_timepicker_clock_text_color.xml (OK - compressed)
143528338 res/color/m3_timepicker_display_background_color.xml (OK - compressed)
143528645 res/color/m3_timepicker_display_ripple_color.xml (OK - compressed)
143529097 res/color/m3_timepicker_display_text_color.xml (OK - compressed)
143529466 res/color/m3_timepicker_secondary_text_button_ripple_color.xml (OK - compressed)
143529859 res/color/m3_timepicker_secondary_text_button_text_color.xml (OK - compressed)
143530189 res/color/m3_timepicker_time_input_stroke_color.xml (OK - compressed)
143530501 res/color/m3_tonal_button_ripple_color_selector.xml (OK - compressed)
143530869 res/color/material_cursor_color.xml (OK - compressed)
143531114 res/color/material_divider_color.xml (OK - compressed)
143531400 res/color/material_on_background_disabled.xml (OK - compressed)
143531692 res/color/material_on_background_emphasis_high_type.xml (OK - compressed)
143531981 res/color/material_on_background_emphasis_medium.xml (OK - compressed)
143532259 res/color/material_on_primary_disabled.xml (OK - compressed)
143532548 res/color/material_on_primary_emphasis_high_type.xml (OK - compressed)
143532834 res/color/material_on_primary_emphasis_medium.xml (OK - compressed)
143533112 res/color/material_on_surface_disabled.xml (OK - compressed)
143533401 res/color/material_on_surface_emphasis_high_type.xml (OK - compressed)
143533687 res/color/material_on_surface_emphasis_medium.xml (OK - compressed)
143533963 res/color/material_on_surface_stroke.xml (OK - compressed)
143534257 res/color/material_personalized__highlighted_text.xml (OK - compressed)
143534549 res/color/material_personalized__highlighted_text_inverse.xml (OK - compressed)
143534834 res/color/material_personalized_color_primary_text.xml (OK - compressed)
143535166 res/color/material_personalized_color_primary_text_inverse.xml (OK - compressed)
143535492 res/color/material_personalized_color_secondary_text.xml (OK - compressed)
143535828 res/color/material_personalized_color_secondary_text_inverse.xml (OK - compressed)
143536153 res/color/material_personalized_hint_foreground.xml (OK - compressed)
143536501 res/color/material_personalized_hint_foreground_inverse.xml (OK - compressed)
143536860 res/color/material_personalized_primary_inverse_text_disable_only.xml (OK - compressed)
143537191 res/color/material_personalized_primary_text_disable_only.xml (OK - compressed)
143537513 res/color/material_slider_active_tick_marks_color.xml (OK - compressed)
143537846 res/color/material_slider_active_track_color.xml (OK - compressed)
143538163 res/color/material_slider_halo_color.xml (OK - compressed)
143538499 res/color/material_slider_inactive_tick_marks_color.xml (OK - compressed)
143538838 res/color/material_slider_inactive_track_color.xml (OK - compressed)
143539165 res/color/material_slider_thumb_color.xml (OK - compressed)
143539495 res/color/material_timepicker_button_background.xml (OK - compressed)
143539822 res/color/material_timepicker_button_stroke.xml (OK - compressed)
143540113 res/color/material_timepicker_clock_text_color.xml (OK - compressed)
143540416 res/color/material_timepicker_clockface.xml (OK - compressed)
143540704 res/color/material_timepicker_modebutton_tint.xml (OK - compressed)
143540981 res/color/mtrl_btn_bg_color_selector.xml (OK - compressed)
143541295 res/color/mtrl_btn_ripple_color.xml (OK - compressed)
143541693 res/color/mtrl_btn_stroke_color_selector.xml (OK - compressed)
143542025 res/color/mtrl_btn_text_btn_bg_color_selector.xml (OK - compressed)
143542349 res/color/mtrl_btn_text_btn_ripple_color.xml (OK - compressed)
143542745 res/color/mtrl_btn_text_color_selector.xml (OK - compressed)
143543069 res/color/mtrl_calendar_item_stroke_color.xml (OK - compressed)
143543459 res/color/mtrl_calendar_selected_range.xml (OK - compressed)
143543739 res/color/mtrl_card_view_foreground.xml (OK - compressed)
143544115 res/color/mtrl_card_view_ripple.xml (OK - compressed)
143544500 res/color/mtrl_chip_background_color.xml (OK - compressed)
143544885 res/color/mtrl_chip_close_icon_tint.xml (OK - compressed)
143545303 res/color/mtrl_chip_surface_color.xml (OK - compressed)
143545546 res/color/mtrl_chip_text_color.xml (OK - compressed)
143545879 res/color/mtrl_choice_chip_background_color.xml (OK - compressed)
143546270 res/color/mtrl_choice_chip_ripple_color.xml (OK - compressed)
143546670 res/color/mtrl_choice_chip_text_color.xml (OK - compressed)
143547035 res/color/mtrl_error.xml (OK - compressed)
143547335 res/color/mtrl_fab_bg_color_selector.xml (OK - compressed)
143547660 res/color/mtrl_fab_icon_text_color_selector.xml (OK - compressed)
143547974 res/color/mtrl_fab_ripple_color.xml (OK - compressed)
143548370 res/color/mtrl_filled_background_color.xml (OK - compressed)
143548746 res/color/mtrl_filled_icon_tint.xml (OK - compressed)
143549102 res/color/mtrl_filled_stroke_color.xml (OK - compressed)
143549493 res/color/mtrl_indicator_text_color.xml (OK - compressed)
143549828 res/color/mtrl_navigation_bar_colored_item_tint.xml (OK - compressed)
143550161 res/color/mtrl_navigation_bar_colored_ripple_color.xml (OK - compressed)
143550568 res/color/mtrl_navigation_bar_item_tint.xml (OK - compressed)
143550895 res/color/mtrl_navigation_bar_ripple_color.xml (OK - compressed)
143551397 res/color/mtrl_navigation_item_background_color.xml (OK - compressed)
143551749 res/color/mtrl_navigation_item_icon_tint.xml (OK - compressed)
143552106 res/color/mtrl_navigation_item_text_color.xml (OK - compressed)
143552476 res/color/mtrl_on_primary_text_btn_text_color_selector.xml (OK - compressed)
143552792 res/color/mtrl_on_surface_ripple_color.xml (OK - compressed)
143553165 res/color/mtrl_outlined_icon_tint.xml (OK - compressed)
143553523 res/color/mtrl_outlined_stroke_color.xml (OK - compressed)
143553918 res/color/mtrl_popupmenu_overlay_color.xml (OK - compressed)
143554195 res/color/mtrl_switch_thumb_icon_tint.xml (OK - compressed)
143554558 res/color/mtrl_switch_thumb_tint.xml (OK - compressed)
143554978 res/color/mtrl_switch_track_decoration_tint.xml (OK - compressed)
143555324 res/color/mtrl_switch_track_tint.xml (OK - compressed)
143555690 res/color/mtrl_tabs_colored_ripple_color.xml (OK - compressed)
143556097 res/color/mtrl_tabs_icon_color_selector.xml (OK - compressed)
143556423 res/color/mtrl_tabs_icon_color_selector_colored.xml (OK - compressed)
143556745 res/color/mtrl_tabs_legacy_text_color_selector.xml (OK - compressed)
143557039 res/color/mtrl_tabs_ripple_color.xml (OK - compressed)
143557537 res/color/mtrl_text_btn_text_color_selector.xml (OK - compressed)
143557932 res/color/switch_thumb_material_dark.xml (OK - compressed)
143558233 res/color/switch_thumb_material_light.xml (OK - compressed)
143558535 res/drawable-anydpi-v21/ic_call_answer.xml (OK - compressed)
143559274 res/drawable-anydpi-v21/ic_call_answer_low.xml (OK - compressed)
143559996 res/drawable-anydpi-v21/ic_call_answer_video.xml (OK - compressed)
143560499 res/drawable-anydpi-v21/ic_call_answer_video_low.xml (OK - compressed)
143560973 res/drawable-anydpi-v21/ic_call_decline.xml (OK - compressed)
143561784 res/drawable-anydpi-v21/ic_call_decline_low.xml (OK - compressed)
143562584 res/drawable-hdpi-v4/abc_ab_share_pack_mtrl_alpha.9.png (OK)
143562940 res/drawable-hdpi-v4/abc_btn_check_to_on_mtrl_000.png (OK)
143563252 res/drawable-hdpi-v4/abc_btn_check_to_on_mtrl_015.png (OK)
143563740 res/drawable-hdpi-v4/abc_btn_radio_to_on_mtrl_000.png (OK)
143564288 res/drawable-hdpi-v4/abc_btn_radio_to_on_mtrl_015.png (OK)
143564940 res/drawable-hdpi-v4/abc_btn_switch_to_on_mtrl_00001.9.png (OK)
143566124 res/drawable-hdpi-v4/abc_btn_switch_to_on_mtrl_00012.9.png (OK)
143567460 res/drawable-hdpi-v4/abc_cab_background_top_mtrl_alpha.9.png (OK)
143567776 res/drawable-hdpi-v4/abc_ic_commit_search_api_mtrl_alpha.png (OK)
143568032 res/drawable-hdpi-v4/abc_list_divider_mtrl_alpha.9.png (OK)
143568280 res/drawable-hdpi-v4/abc_list_focused_holo.9.png (OK)
143568608 res/drawable-hdpi-v4/abc_list_longpressed_holo.9.png (OK)
143568904 res/drawable-hdpi-v4/abc_list_pressed_holo_dark.9.png (OK)
143569196 res/drawable-hdpi-v4/abc_list_pressed_holo_light.9.png (OK)
143569500 res/drawable-hdpi-v4/abc_list_selector_disabled_holo_dark.9.png (OK)
143569824 res/drawable-hdpi-v4/abc_list_selector_disabled_holo_light.9.png (OK)
143570144 res/drawable-hdpi-v4/abc_menu_hardkey_panel_mtrl_mult.9.png (OK)
143570972 res/drawable-hdpi-v4/abc_popup_background_mtrl_mult.9.png (OK)
143572160 res/drawable-hdpi-v4/abc_scrubber_control_off_mtrl_alpha.png (OK)
143572456 res/drawable-hdpi-v4/abc_scrubber_control_to_pressed_mtrl_000.png (OK)
143572748 res/drawable-hdpi-v4/abc_scrubber_control_to_pressed_mtrl_005.png (OK)
143573108 res/drawable-hdpi-v4/abc_scrubber_primary_mtrl_alpha.9.png (OK)
143573400 res/drawable-hdpi-v4/abc_scrubber_track_mtrl_alpha.9.png (OK)
143573680 res/drawable-hdpi-v4/abc_spinner_mtrl_am_alpha.9.png (OK)
143574112 res/drawable-hdpi-v4/abc_switch_track_mtrl_alpha.9.png (OK)
143574684 res/drawable-hdpi-v4/abc_tab_indicator_mtrl_alpha.9.png (OK)
143574964 res/drawable-hdpi-v4/abc_text_select_handle_left_mtrl.png (OK)
143575332 res/drawable-hdpi-v4/abc_text_select_handle_middle_mtrl.png (OK)
143575816 res/drawable-hdpi-v4/abc_text_select_handle_right_mtrl.png (OK)
143576172 res/drawable-hdpi-v4/abc_textfield_activated_mtrl_alpha.9.png (OK)
143576448 res/drawable-hdpi-v4/abc_textfield_default_mtrl_alpha.9.png (OK)
143576740 res/drawable-hdpi-v4/abc_textfield_search_activated_mtrl_alpha.9.png (OK)
143577016 res/drawable-hdpi-v4/abc_textfield_search_default_mtrl_alpha.9.png (OK)
143577264 res/drawable-hdpi-v4/ic_call_answer.png (OK)
143577812 res/drawable-hdpi-v4/ic_call_answer_low.png (OK)
143578360 res/drawable-hdpi-v4/ic_call_answer_video.png (OK)
143578696 res/drawable-hdpi-v4/ic_call_answer_video_low.png (OK)
143579020 res/drawable-hdpi-v4/ic_call_decline.png (OK)
143579472 res/drawable-hdpi-v4/ic_call_decline_low.png (OK)
143579932 res/drawable-hdpi-v4/notification_bg_low_normal.9.png (OK)
143580228 res/drawable-hdpi-v4/notification_bg_low_pressed.9.png (OK)
143580532 res/drawable-hdpi-v4/notification_bg_normal.9.png (OK)
143580832 res/drawable-hdpi-v4/notification_bg_normal_pressed.9.png (OK)
143581148 res/drawable-hdpi-v4/notify_panel_notification_icon_bg.png (OK)
143581324 res/drawable-ldpi-v4/ic_call_answer.png (OK)
143581668 res/drawable-ldpi-v4/ic_call_answer_low.png (OK)
143582016 res/drawable-ldpi-v4/ic_call_answer_video.png (OK)
143582296 res/drawable-ldpi-v4/ic_call_answer_video_low.png (OK)
143582568 res/drawable-ldpi-v4/ic_call_decline.png (OK)
143582844 res/drawable-ldpi-v4/ic_call_decline_low.png (OK)
143583136 res/drawable-ldrtl-hdpi-v17/abc_spinner_mtrl_am_alpha.9.png (OK)
143583572 res/drawable-ldrtl-mdpi-v17/abc_spinner_mtrl_am_alpha.9.png (OK)
143583980 res/drawable-ldrtl-xhdpi-v17/abc_spinner_mtrl_am_alpha.9.png (OK)
143584488 res/drawable-ldrtl-xxhdpi-v17/abc_spinner_mtrl_am_alpha.9.png (OK)
143585108 res/drawable-ldrtl-xxxhdpi-v17/abc_spinner_mtrl_am_alpha.9.png (OK)
143585632 res/drawable-mdpi-v4/abc_ab_share_pack_mtrl_alpha.9.png (OK)
143585984 res/drawable-mdpi-v4/abc_btn_check_to_on_mtrl_000.png (OK)
143586284 res/drawable-mdpi-v4/abc_btn_check_to_on_mtrl_015.png (OK)
143586688 res/drawable-mdpi-v4/abc_btn_radio_to_on_mtrl_000.png (OK)
143587096 res/drawable-mdpi-v4/abc_btn_radio_to_on_mtrl_015.png (OK)
143587540 res/drawable-mdpi-v4/abc_btn_switch_to_on_mtrl_00001.9.png (OK)
143588384 res/drawable-mdpi-v4/abc_btn_switch_to_on_mtrl_00012.9.png (OK)
143589300 res/drawable-mdpi-v4/abc_cab_background_top_mtrl_alpha.9.png (OK)
143589608 res/drawable-mdpi-v4/abc_ic_commit_search_api_mtrl_alpha.png (OK)
143589868 res/drawable-mdpi-v4/abc_list_divider_mtrl_alpha.9.png (OK)
143590116 res/drawable-mdpi-v4/abc_list_focused_holo.9.png (OK)
143590420 res/drawable-mdpi-v4/abc_list_longpressed_holo.9.png (OK)
143590716 res/drawable-mdpi-v4/abc_list_pressed_holo_dark.9.png (OK)
143591008 res/drawable-mdpi-v4/abc_list_pressed_holo_light.9.png (OK)
143591308 res/drawable-mdpi-v4/abc_list_selector_disabled_holo_dark.9.png (OK)
143591620 res/drawable-mdpi-v4/abc_list_selector_disabled_holo_light.9.png (OK)
143591928 res/drawable-mdpi-v4/abc_menu_hardkey_panel_mtrl_mult.9.png (OK)
143592556 res/drawable-mdpi-v4/abc_popup_background_mtrl_mult.9.png (OK)
143593424 res/drawable-mdpi-v4/abc_scrubber_control_off_mtrl_alpha.png (OK)
143593680 res/drawable-mdpi-v4/abc_scrubber_control_to_pressed_mtrl_000.png (OK)
143593920 res/drawable-mdpi-v4/abc_scrubber_control_to_pressed_mtrl_005.png (OK)
143594208 res/drawable-mdpi-v4/abc_scrubber_primary_mtrl_alpha.9.png (OK)
143594500 res/drawable-mdpi-v4/abc_scrubber_track_mtrl_alpha.9.png (OK)
143594776 res/drawable-mdpi-v4/abc_spinner_mtrl_am_alpha.9.png (OK)
143595188 res/drawable-mdpi-v4/abc_switch_track_mtrl_alpha.9.png (OK)
143595668 res/drawable-mdpi-v4/abc_tab_indicator_mtrl_alpha.9.png (OK)
143595944 res/drawable-mdpi-v4/abc_text_select_handle_left_mtrl.png (OK)
143596236 res/drawable-mdpi-v4/abc_text_select_handle_middle_mtrl.png (OK)
143596636 res/drawable-mdpi-v4/abc_text_select_handle_right_mtrl.png (OK)
143596916 res/drawable-mdpi-v4/abc_textfield_activated_mtrl_alpha.9.png (OK)
143597188 res/drawable-mdpi-v4/abc_textfield_default_mtrl_alpha.9.png (OK)
143597464 res/drawable-mdpi-v4/abc_textfield_search_activated_mtrl_alpha.9.png (OK)
143597740 res/drawable-mdpi-v4/abc_textfield_search_default_mtrl_alpha.9.png (OK)
143597988 res/drawable-mdpi-v4/ic_call_answer.png (OK)
143598380 res/drawable-mdpi-v4/ic_call_answer_low.png (OK)
143598772 res/drawable-mdpi-v4/ic_call_answer_video.png (OK)
143599060 res/drawable-mdpi-v4/ic_call_answer_video_low.png (OK)
143599336 res/drawable-mdpi-v4/ic_call_decline.png (OK)
143599676 res/drawable-mdpi-v4/ic_call_decline_low.png (OK)
143600024 res/drawable-mdpi-v4/notification_bg_low_normal.9.png (OK)
143600324 res/drawable-mdpi-v4/notification_bg_low_pressed.9.png (OK)
143600628 res/drawable-mdpi-v4/notification_bg_normal.9.png (OK)
143600932 res/drawable-mdpi-v4/notification_bg_normal_pressed.9.png (OK)
143601244 res/drawable-mdpi-v4/notify_panel_notification_icon_bg.png (OK)
143601432 res/drawable-v21/abc_action_bar_item_background_material.xml (OK - compressed)
143601659 res/drawable-v21/abc_btn_colored_material.xml (OK - compressed)
143602291 res/drawable-v21/abc_dialog_material_background.xml (OK - compressed)
143602687 res/drawable-v21/abc_edit_text_material.xml (OK - compressed)
143603226 res/drawable-v21/abc_list_divider_material.xml (OK - compressed)
143603547 res/drawable-v21/material_cursor_drawable.xml (OK - compressed)
143603904 res/drawable-v21/mtrl_navigation_bar_item_background.xml (OK - compressed)
143604141 res/drawable-v21/notification_action_background.xml (OK - compressed)
143604695 res/drawable-v23/abc_control_background_material.xml (OK - compressed)
143604941 res/drawable-v23/m3_appbar_background.xml (OK - compressed)
143605272 res/drawable-v23/m3_popupmenu_background_overlay.xml (OK - compressed)
143605755 res/drawable-v23/m3_radiobutton_ripple.xml (OK - compressed)
143606009 res/drawable-v23/m3_selection_control_ripple.xml (OK - compressed)
143606253 res/drawable-v23/m3_tabs_background.xml (OK - compressed)
143606653 res/drawable-v23/m3_tabs_transparent_background.xml (OK - compressed)
143607012 res/drawable-v23/mtrl_popupmenu_background_overlay.xml (OK - compressed)
143607510 res/drawable-watch-v20/abc_dialog_material_background.xml (OK - compressed)
143607784 res/drawable-xhdpi-v4/abc_ab_share_pack_mtrl_alpha.9.png (OK)
143608148 res/drawable-xhdpi-v4/abc_btn_check_to_on_mtrl_000.png (OK)
143608516 res/drawable-xhdpi-v4/abc_btn_check_to_on_mtrl_015.png (OK)
143609032 res/drawable-xhdpi-v4/abc_btn_radio_to_on_mtrl_000.png (OK)
143609768 res/drawable-xhdpi-v4/abc_btn_radio_to_on_mtrl_015.png (OK)
143610644 res/drawable-xhdpi-v4/abc_btn_switch_to_on_mtrl_00001.9.png (OK)
143612260 res/drawable-xhdpi-v4/abc_btn_switch_to_on_mtrl_00012.9.png (OK)
143614084 res/drawable-xhdpi-v4/abc_cab_background_top_mtrl_alpha.9.png (OK)
143614404 res/drawable-xhdpi-v4/abc_ic_commit_search_api_mtrl_alpha.png (OK)
143614720 res/drawable-xhdpi-v4/abc_list_divider_mtrl_alpha.9.png (OK)
143614968 res/drawable-xhdpi-v4/abc_list_focused_holo.9.png (OK)
143615296 res/drawable-xhdpi-v4/abc_list_longpressed_holo.9.png (OK)
143615596 res/drawable-xhdpi-v4/abc_list_pressed_holo_dark.9.png (OK)
143615892 res/drawable-xhdpi-v4/abc_list_pressed_holo_light.9.png (OK)
143616196 res/drawable-xhdpi-v4/abc_list_selector_disabled_holo_dark.9.png (OK)
143616528 res/drawable-xhdpi-v4/abc_list_selector_disabled_holo_light.9.png (OK)
143616856 res/drawable-xhdpi-v4/abc_menu_hardkey_panel_mtrl_mult.9.png (OK)
143617912 res/drawable-xhdpi-v4/abc_popup_background_mtrl_mult.9.png (OK)
143619548 res/drawable-xhdpi-v4/abc_scrubber_control_off_mtrl_alpha.png (OK)
143619912 res/drawable-xhdpi-v4/abc_scrubber_control_to_pressed_mtrl_000.png (OK)
143620276 res/drawable-xhdpi-v4/abc_scrubber_control_to_pressed_mtrl_005.png (OK)
143620756 res/drawable-xhdpi-v4/abc_scrubber_primary_mtrl_alpha.9.png (OK)
143621052 res/drawable-xhdpi-v4/abc_scrubber_track_mtrl_alpha.9.png (OK)
143621336 res/drawable-xhdpi-v4/abc_spinner_mtrl_am_alpha.9.png (OK)
143621872 res/drawable-xhdpi-v4/abc_switch_track_mtrl_alpha.9.png (OK)
143622576 res/drawable-xhdpi-v4/abc_tab_indicator_mtrl_alpha.9.png (OK)
143622860 res/drawable-xhdpi-v4/abc_text_select_handle_left_mtrl.png (OK)
143623288 res/drawable-xhdpi-v4/abc_text_select_handle_middle_mtrl.png (OK)
143623964 res/drawable-xhdpi-v4/abc_text_select_handle_right_mtrl.png (OK)
143624376 res/drawable-xhdpi-v4/abc_textfield_activated_mtrl_alpha.9.png (OK)
143624656 res/drawable-xhdpi-v4/abc_textfield_default_mtrl_alpha.9.png (OK)
143624944 res/drawable-xhdpi-v4/abc_textfield_search_activated_mtrl_alpha.9.png (OK)
143625228 res/drawable-xhdpi-v4/abc_textfield_search_default_mtrl_alpha.9.png (OK)
143625480 res/drawable-xhdpi-v4/ic_call_answer.png (OK)
143626180 res/drawable-xhdpi-v4/ic_call_answer_low.png (OK)
143626880 res/drawable-xhdpi-v4/ic_call_answer_video.png (OK)
143627252 res/drawable-xhdpi-v4/ic_call_answer_video_low.png (OK)
143627616 res/drawable-xhdpi-v4/ic_call_decline.png (OK)
143628144 res/drawable-xhdpi-v4/ic_call_decline_low.png (OK)
143628680 res/drawable-xhdpi-v4/notification_bg_low_normal.9.png (OK)
143628988 res/drawable-xhdpi-v4/notification_bg_low_pressed.9.png (OK)
143629320 res/drawable-xhdpi-v4/notification_bg_normal.9.png (OK)
143629632 res/drawable-xhdpi-v4/notification_bg_normal_pressed.9.png (OK)
143629968 res/drawable-xhdpi-v4/notify_panel_notification_icon_bg.png (OK)
143630196 res/drawable-xxhdpi-v4/abc_ab_share_pack_mtrl_alpha.9.png (OK)
143630568 res/drawable-xxhdpi-v4/abc_btn_check_to_on_mtrl_000.png (OK)
143630960 res/drawable-xxhdpi-v4/abc_btn_check_to_on_mtrl_015.png (OK)
143631640 res/drawable-xxhdpi-v4/abc_btn_radio_to_on_mtrl_000.png (OK)
143632712 res/drawable-xxhdpi-v4/abc_btn_radio_to_on_mtrl_015.png (OK)
143634012 res/drawable-xxhdpi-v4/abc_btn_switch_to_on_mtrl_00001.9.png (OK)
143636568 res/drawable-xxhdpi-v4/abc_btn_switch_to_on_mtrl_00012.9.png (OK)
143639496 res/drawable-xxhdpi-v4/abc_cab_background_top_mtrl_alpha.9.png (OK)
143639828 res/drawable-xxhdpi-v4/abc_ic_commit_search_api_mtrl_alpha.png (OK)
143640140 res/drawable-xxhdpi-v4/abc_list_divider_mtrl_alpha.9.png (OK)
143640392 res/drawable-xxhdpi-v4/abc_list_focused_holo.9.png (OK)
143640724 res/drawable-xxhdpi-v4/abc_list_longpressed_holo.9.png (OK)
143641032 res/drawable-xxhdpi-v4/abc_list_pressed_holo_dark.9.png (OK)
143641332 res/drawable-xxhdpi-v4/abc_list_pressed_holo_light.9.png (OK)
143641640 res/drawable-xxhdpi-v4/abc_list_selector_disabled_holo_dark.9.png (OK)
143641996 res/drawable-xxhdpi-v4/abc_list_selector_disabled_holo_light.9.png (OK)
143642348 res/drawable-xxhdpi-v4/abc_menu_hardkey_panel_mtrl_mult.9.png (OK)
143644216 res/drawable-xxhdpi-v4/abc_popup_background_mtrl_mult.9.png (OK)
143646616 res/drawable-xxhdpi-v4/abc_scrubber_control_off_mtrl_alpha.png (OK)
143647036 res/drawable-xxhdpi-v4/abc_scrubber_control_to_pressed_mtrl_000.png (OK)
143647536 res/drawable-xxhdpi-v4/abc_scrubber_control_to_pressed_mtrl_005.png (OK)
143648224 res/drawable-xxhdpi-v4/abc_scrubber_primary_mtrl_alpha.9.png (OK)
143648524 res/drawable-xxhdpi-v4/abc_scrubber_track_mtrl_alpha.9.png (OK)
143648816 res/drawable-xxhdpi-v4/abc_spinner_mtrl_am_alpha.9.png (OK)
143649428 res/drawable-xxhdpi-v4/abc_switch_track_mtrl_alpha.9.png (OK)
143650368 res/drawable-xxhdpi-v4/abc_tab_indicator_mtrl_alpha.9.png (OK)
143650664 res/drawable-xxhdpi-v4/abc_text_select_handle_left_mtrl.png (OK)
143651176 res/drawable-xxhdpi-v4/abc_text_select_handle_middle_mtrl.png (OK)
143652020 res/drawable-xxhdpi-v4/abc_text_select_handle_right_mtrl.png (OK)
143652536 res/drawable-xxhdpi-v4/abc_textfield_activated_mtrl_alpha.9.png (OK)
143652828 res/drawable-xxhdpi-v4/abc_textfield_default_mtrl_alpha.9.png (OK)
143653128 res/drawable-xxhdpi-v4/abc_textfield_search_activated_mtrl_alpha.9.png (OK)
143653416 res/drawable-xxhdpi-v4/abc_textfield_search_default_mtrl_alpha.9.png (OK)
143653676 res/drawable-xxhdpi-v4/ic_call_answer.png (OK)
143654636 res/drawable-xxhdpi-v4/ic_call_answer_low.png (OK)
143655600 res/drawable-xxhdpi-v4/ic_call_answer_video.png (OK)
143656068 res/drawable-xxhdpi-v4/ic_call_answer_video_low.png (OK)
143656524 res/drawable-xxhdpi-v4/ic_call_decline.png (OK)
143657228 res/drawable-xxhdpi-v4/ic_call_decline_low.png (OK)
143657944 res/drawable-xxxhdpi-v4/abc_btn_check_to_on_mtrl_000.png (OK)
143658308 res/drawable-xxxhdpi-v4/abc_btn_check_to_on_mtrl_015.png (OK)
143658872 res/drawable-xxxhdpi-v4/abc_btn_radio_to_on_mtrl_000.png (OK)
143659744 res/drawable-xxxhdpi-v4/abc_btn_radio_to_on_mtrl_015.png (OK)
143660784 res/drawable-xxxhdpi-v4/abc_btn_switch_to_on_mtrl_00001.9.png (OK)
143663380 res/drawable-xxxhdpi-v4/abc_btn_switch_to_on_mtrl_00012.9.png (OK)
143666296 res/drawable-xxxhdpi-v4/abc_scrubber_control_to_pressed_mtrl_000.png (OK)
143666812 res/drawable-xxxhdpi-v4/abc_scrubber_control_to_pressed_mtrl_005.png (OK)
143667528 res/drawable-xxxhdpi-v4/abc_spinner_mtrl_am_alpha.9.png (OK)
143668048 res/drawable-xxxhdpi-v4/abc_switch_track_mtrl_alpha.9.png (OK)
143668952 res/drawable-xxxhdpi-v4/abc_tab_indicator_mtrl_alpha.9.png (OK)
143669244 res/drawable-xxxhdpi-v4/abc_text_select_handle_left_mtrl.png (OK)
143669848 res/drawable-xxxhdpi-v4/abc_text_select_handle_right_mtrl.png (OK)
143670436 res/drawable-xxxhdpi-v4/ic_call_answer.png (OK)
143671684 res/drawable-xxxhdpi-v4/ic_call_answer_low.png (OK)
143672936 res/drawable-xxxhdpi-v4/ic_call_answer_video.png (OK)
143673484 res/drawable-xxxhdpi-v4/ic_call_answer_video_low.png (OK)
143674024 res/drawable-xxxhdpi-v4/ic_call_decline.png (OK)
143674924 res/drawable-xxxhdpi-v4/ic_call_decline_low.png (OK)
143675815 res/drawable/$avd_hide_password__0.xml (OK - compressed)
143676405 res/drawable/$avd_hide_password__1.xml (OK - compressed)
143676785 res/drawable/$avd_hide_password__2.xml (OK - compressed)
143677147 res/drawable/$avd_show_password__0.xml (OK - compressed)
143677717 res/drawable/$avd_show_password__1.xml (OK - compressed)
143678097 res/drawable/$avd_show_password__2.xml (OK - compressed)
143678465 res/drawable/$ic_launcher_foreground__0.xml (OK - compressed)
143678883 res/drawable/$m3_avd_hide_password__0.xml (OK - compressed)
143679476 res/drawable/$m3_avd_hide_password__1.xml (OK - compressed)
143679859 res/drawable/$m3_avd_hide_password__2.xml (OK - compressed)
143680225 res/drawable/$m3_avd_show_password__0.xml (OK - compressed)
143680798 res/drawable/$m3_avd_show_password__1.xml (OK - compressed)
143681179 res/drawable/$m3_avd_show_password__2.xml (OK - compressed)
143681561 res/drawable/$mtrl_checkbox_button_checked_unchecked__0.xml (OK - compressed)
143681966 res/drawable/$mtrl_checkbox_button_checked_unchecked__1.xml (OK - compressed)
143682371 res/drawable/$mtrl_checkbox_button_checked_unchecked__2.xml (OK - compressed)
143682780 res/drawable/$mtrl_checkbox_button_icon_checked_indeterminate__0.xml (OK - compressed)
143683186 res/drawable/$mtrl_checkbox_button_icon_checked_unchecked__0.xml (OK - compressed)
143683596 res/drawable/$mtrl_checkbox_button_icon_checked_unchecked__1.xml (OK - compressed)
143684006 res/drawable/$mtrl_checkbox_button_icon_checked_unchecked__2.xml (OK - compressed)
143684415 res/drawable/$mtrl_checkbox_button_icon_indeterminate_checked__0.xml (OK - compressed)
143684827 res/drawable/$mtrl_checkbox_button_icon_indeterminate_unchecked__0.xml (OK - compressed)
143685243 res/drawable/$mtrl_checkbox_button_icon_indeterminate_unchecked__1.xml (OK - compressed)
143685659 res/drawable/$mtrl_checkbox_button_icon_indeterminate_unchecked__2.xml (OK - compressed)
143686064 res/drawable/$mtrl_checkbox_button_icon_unchecked_checked__0.xml (OK - compressed)
143686475 res/drawable/$mtrl_checkbox_button_icon_unchecked_checked__1.xml (OK - compressed)
143686885 res/drawable/$mtrl_checkbox_button_icon_unchecked_checked__2.xml (OK - compressed)
143687301 res/drawable/$mtrl_checkbox_button_icon_unchecked_indeterminate__0.xml (OK - compressed)
143687718 res/drawable/$mtrl_checkbox_button_icon_unchecked_indeterminate__1.xml (OK - compressed)
143688134 res/drawable/$mtrl_checkbox_button_icon_unchecked_indeterminate__2.xml (OK - compressed)
143688534 res/drawable/$mtrl_checkbox_button_unchecked_checked__0.xml (OK - compressed)
143688940 res/drawable/$mtrl_checkbox_button_unchecked_checked__1.xml (OK - compressed)
143689345 res/drawable/$mtrl_checkbox_button_unchecked_checked__2.xml (OK - compressed)
143689740 res/drawable/$mtrl_switch_thumb_checked_pressed__0.xml (OK - compressed)
143690139 res/drawable/$mtrl_switch_thumb_checked_unchecked__0.xml (OK - compressed)
143690513 res/drawable/$mtrl_switch_thumb_checked_unchecked__1.xml (OK - compressed)
143690913 res/drawable/$mtrl_switch_thumb_pressed_checked__0.xml (OK - compressed)
143691312 res/drawable/$mtrl_switch_thumb_pressed_unchecked__0.xml (OK - compressed)
143691710 res/drawable/$mtrl_switch_thumb_unchecked_checked__0.xml (OK - compressed)
143692085 res/drawable/$mtrl_switch_thumb_unchecked_checked__1.xml (OK - compressed)
143692487 res/drawable/$mtrl_switch_thumb_unchecked_pressed__0.xml (OK - compressed)
143692873 res/drawable/abc_btn_borderless_material.xml (OK - compressed)
143693194 res/drawable/abc_btn_check_material.xml (OK - compressed)
143693498 res/drawable/abc_btn_check_material_anim.xml (OK - compressed)
143693913 res/drawable/abc_btn_default_mtrl_shape.xml (OK - compressed)
143694376 res/drawable/abc_btn_radio_material.xml (OK - compressed)
143694681 res/drawable/abc_btn_radio_material_anim.xml (OK - compressed)
143695096 res/drawable/abc_cab_background_internal_bg.xml (OK - compressed)
143695359 res/drawable/abc_cab_background_top_material.xml (OK - compressed)
143695603 res/drawable/abc_ic_ab_back_material.xml (OK - compressed)
143696065 res/drawable/abc_ic_arrow_drop_right_black_24dp.xml (OK - compressed)
143696625 res/drawable/abc_ic_clear_material.xml (OK - compressed)
143697062 res/drawable/abc_ic_go_search_api_material.xml (OK - compressed)
143697480 res/drawable/abc_ic_menu_copy_mtrl_am_alpha.xml (OK - compressed)
143697958 res/drawable/abc_ic_menu_cut_mtrl_alpha.xml (OK - compressed)
143698588 res/drawable/abc_ic_menu_overflow_material.xml (OK - compressed)
143699057 res/drawable/abc_ic_menu_paste_mtrl_am_alpha.xml (OK - compressed)
143699571 res/drawable/abc_ic_menu_selectall_mtrl_alpha.xml (OK - compressed)
143700117 res/drawable/abc_ic_menu_share_mtrl_alpha.xml (OK - compressed)
143700704 res/drawable/abc_ic_search_api_material.xml (OK - compressed)
143701235 res/drawable/abc_ic_voice_search_api_material.xml (OK - compressed)
143701768 res/drawable/abc_item_background_holo_dark.xml (OK - compressed)
143702165 res/drawable/abc_item_background_holo_light.xml (OK - compressed)
143702581 res/drawable/abc_list_selector_background_transition_holo_dark.xml (OK - compressed)
143702878 res/drawable/abc_list_selector_background_transition_holo_light.xml (OK - compressed)
143703152 res/drawable/abc_list_selector_holo_dark.xml (OK - compressed)
143703566 res/drawable/abc_list_selector_holo_light.xml (OK - compressed)
143703984 res/drawable/abc_ratingbar_indicator_material.xml (OK - compressed)
143704121 res/drawable/abc_ratingbar_material.xml (OK - compressed)
143704264 res/drawable/abc_ratingbar_small_material.xml (OK - compressed)
143704405 res/drawable/abc_seekbar_thumb_material.xml (OK - compressed)
143704834 res/drawable/abc_seekbar_tick_mark_material.xml (OK - compressed)
143705152 res/drawable/abc_seekbar_track_material.xml (OK - compressed)
143705663 res/drawable/abc_spinner_textfield_background_material.xml (OK - compressed)
143706135 res/drawable/abc_star_black_48dp.xml (OK - compressed)
143706567 res/drawable/abc_star_half_black_48dp.xml (OK - compressed)
143706970 res/drawable/abc_switch_thumb_material.xml (OK - compressed)
143707273 res/drawable/abc_tab_indicator_material.xml (OK - compressed)
143707576 res/drawable/abc_text_cursor_material.xml (OK - compressed)
143707893 res/drawable/abc_textfield_search_material.xml (OK - compressed)
143708245 res/drawable/abc_vector_test.xml (OK - compressed)
143708642 res/drawable/avd_hide_password.xml (OK - compressed)
143709005 res/drawable/avd_show_password.xml (OK - compressed)
143709378 res/drawable/btn_checkbox_checked_mtrl.xml (OK - compressed)
143710314 res/drawable/btn_checkbox_checked_to_unchecked_mtrl_animation.xml (OK - compressed)
143710693 res/drawable/btn_checkbox_unchecked_mtrl.xml (OK - compressed)
143711619 res/drawable/btn_checkbox_unchecked_to_checked_mtrl_animation.xml (OK - compressed)
143711985 res/drawable/btn_radio_off_mtrl.xml (OK - compressed)
143712769 res/drawable/btn_radio_off_to_on_mtrl_animation.xml (OK - compressed)
143713134 res/drawable/btn_radio_on_mtrl.xml (OK - compressed)
143713893 res/drawable/btn_radio_on_to_off_mtrl_animation.xml (OK - compressed)
143714261 res/drawable/design_fab_background.xml (OK - compressed)
143714512 res/drawable/design_ic_visibility.xml (OK - compressed)
143714863 res/drawable/design_ic_visibility_off.xml (OK - compressed)
143715553 res/drawable/design_password_eye.xml (OK - compressed)
143715971 res/drawable/design_snackbar_background.xml (OK - compressed)
143716263 res/drawable/ic_arrow_back_black_24.xml (OK - compressed)
143716662 res/drawable/ic_clear_black_24.xml (OK - compressed)
143717094 res/drawable/ic_clock_black_24dp.xml (OK - compressed)
143717583 res/drawable/ic_keyboard_black_24dp.xml (OK - compressed)
143718089 res/drawable/ic_launcher_background.xml (OK - compressed)
143719145 res/drawable/ic_launcher_foreground.xml (OK - compressed)
143719912 res/drawable/ic_m3_chip_check.xml (OK - compressed)
143720346 res/drawable/ic_m3_chip_checked_circle.xml (OK - compressed)
143720820 res/drawable/ic_m3_chip_close.xml (OK - compressed)
143721232 res/drawable/ic_mtrl_checked_circle.xml (OK - compressed)
143721672 res/drawable/ic_mtrl_chip_checked_black.xml (OK - compressed)
143722066 res/drawable/ic_mtrl_chip_checked_circle.xml (OK - compressed)
143722586 res/drawable/ic_mtrl_chip_close_circle.xml (OK - compressed)
143723056 res/drawable/ic_search_black_24.xml (OK - compressed)
143723567 res/drawable/m3_avd_hide_password.xml (OK - compressed)
143723934 res/drawable/m3_avd_show_password.xml (OK - compressed)
143724309 res/drawable/m3_bottom_sheet_drag_handle.xml (OK - compressed)
143724654 res/drawable/m3_password_eye.xml (OK - compressed)
143725069 res/drawable/m3_tabs_line_indicator.xml (OK - compressed)
143725374 res/drawable/m3_tabs_rounded_line_indicator.xml (OK - compressed)
143725855 res/drawable/material_ic_calendar_black_24dp.xml (OK - compressed)
143726311 res/drawable/material_ic_clear_black_24dp.xml (OK - compressed)
143726761 res/drawable/material_ic_edit_black_24dp.xml (OK - compressed)
143727235 res/drawable/material_ic_keyboard_arrow_left_black_24dp.xml (OK - compressed)
143727699 res/drawable/material_ic_keyboard_arrow_right_black_24dp.xml (OK - compressed)
143728148 res/drawable/material_ic_menu_arrow_down_black_24dp.xml (OK - compressed)
143728565 res/drawable/material_ic_menu_arrow_up_black_24dp.xml (OK - compressed)
143728974 res/drawable/mtrl_bottomsheet_drag_handle.xml (OK - compressed)
143729320 res/drawable/mtrl_checkbox_button.xml (OK - compressed)
143729837 res/drawable/mtrl_checkbox_button_checked_unchecked.xml (OK - compressed)
143730191 res/drawable/mtrl_checkbox_button_icon.xml (OK - compressed)
143730750 res/drawable/mtrl_checkbox_button_icon_checked_indeterminate.xml (OK - compressed)
143731095 res/drawable/mtrl_checkbox_button_icon_checked_unchecked.xml (OK - compressed)
143731471 res/drawable/mtrl_checkbox_button_icon_indeterminate_checked.xml (OK - compressed)
143731820 res/drawable/mtrl_checkbox_button_icon_indeterminate_unchecked.xml (OK - compressed)
143732192 res/drawable/mtrl_checkbox_button_icon_unchecked_checked.xml (OK - compressed)
143732570 res/drawable/mtrl_checkbox_button_icon_unchecked_indeterminate.xml (OK - compressed)
143732937 res/drawable/mtrl_checkbox_button_unchecked_checked.xml (OK - compressed)
143733286 res/drawable/mtrl_dialog_background.xml (OK - compressed)
143733680 res/drawable/mtrl_dropdown_arrow.xml (OK - compressed)
143733982 res/drawable/mtrl_ic_arrow_drop_down.xml (OK - compressed)
143734350 res/drawable/mtrl_ic_arrow_drop_up.xml (OK - compressed)
143734710 res/drawable/mtrl_ic_cancel.xml (OK - compressed)
143735154 res/drawable/mtrl_ic_check_mark.xml (OK - compressed)
143735569 res/drawable/mtrl_ic_checkbox_checked.xml (OK - compressed)
143736018 res/drawable/mtrl_ic_checkbox_unchecked.xml (OK - compressed)
143736379 res/drawable/mtrl_ic_error.xml (OK - compressed)
143736798 res/drawable/mtrl_ic_indeterminate.xml (OK - compressed)
143737213 res/drawable/mtrl_popupmenu_background.xml (OK - compressed)
143737601 res/drawable/mtrl_switch_thumb.xml (OK - compressed)
143738233 res/drawable/mtrl_switch_thumb_checked.xml (OK - compressed)
143738656 res/drawable/mtrl_switch_thumb_checked_pressed.xml (OK - compressed)
143738994 res/drawable/mtrl_switch_thumb_checked_unchecked.xml (OK - compressed)
143739401 res/drawable/mtrl_switch_thumb_pressed.xml (OK - compressed)
143739825 res/drawable/mtrl_switch_thumb_pressed_checked.xml (OK - compressed)
143740162 res/drawable/mtrl_switch_thumb_pressed_unchecked.xml (OK - compressed)
143740490 res/drawable/mtrl_switch_thumb_unchecked.xml (OK - compressed)
143740915 res/drawable/mtrl_switch_thumb_unchecked_checked.xml (OK - compressed)
143741332 res/drawable/mtrl_switch_thumb_unchecked_pressed.xml (OK - compressed)
143741651 res/drawable/mtrl_switch_track.xml (OK - compressed)
143742035 res/drawable/mtrl_switch_track_decoration.xml (OK - compressed)
143742429 res/drawable/mtrl_tabs_default_indicator.xml (OK - compressed)
143742762 res/drawable/navigation_empty_icon.xml (OK - compressed)
143743068 res/drawable/notification_bg.xml (OK - compressed)
143743388 res/drawable/notification_bg_low.xml (OK - compressed)
143743717 res/drawable/notification_icon_background.xml (OK - compressed)
143743970 res/drawable/notification_tile_bg.xml (OK - compressed)
143744210 res/drawable/test_level_drawable.xml (OK - compressed)
143744494 res/drawable/tooltip_frame_dark.xml (OK - compressed)
143744785 res/drawable/tooltip_frame_light.xml (OK - compressed)
143745096 res/interpolator-v21/m3_sys_motion_easing_emphasized.xml (OK - compressed)
143745360 res/interpolator-v21/m3_sys_motion_easing_emphasized_accelerate.xml (OK - compressed)
143745667 res/interpolator-v21/m3_sys_motion_easing_emphasized_decelerate.xml (OK - compressed)
143745959 res/interpolator-v21/m3_sys_motion_easing_linear.xml (OK - compressed)
143746249 res/interpolator-v21/m3_sys_motion_easing_standard.xml (OK - compressed)
143746552 res/interpolator-v21/m3_sys_motion_easing_standard_accelerate.xml (OK - compressed)
143746854 res/interpolator-v21/m3_sys_motion_easing_standard_decelerate.xml (OK - compressed)
143747140 res/interpolator-v21/mtrl_fast_out_linear_in.xml (OK - compressed)
143747427 res/interpolator-v21/mtrl_fast_out_slow_in.xml (OK - compressed)
143747719 res/interpolator-v21/mtrl_linear_out_slow_in.xml (OK - compressed)
143748031 res/interpolator/btn_checkbox_checked_mtrl_animation_interpolator_0.xml (OK - compressed)
143748319 res/interpolator/btn_checkbox_checked_mtrl_animation_interpolator_1.xml (OK - compressed)
143748612 res/interpolator/btn_checkbox_unchecked_mtrl_animation_interpolator_0.xml (OK - compressed)
143748902 res/interpolator/btn_checkbox_unchecked_mtrl_animation_interpolator_1.xml (OK - compressed)
143749189 res/interpolator/btn_radio_to_off_mtrl_animation_interpolator_0.xml (OK - compressed)
143749475 res/interpolator/btn_radio_to_on_mtrl_animation_interpolator_0.xml (OK - compressed)
143749732 res/interpolator/fast_out_slow_in.xml (OK - compressed)
143750008 res/interpolator/mtrl_linear.xml (OK - compressed)
143750166 res/layout-land/material_clock_period_toggle_land.xml (OK - compressed)
143750758 res/layout-land/material_timepicker.xml (OK - compressed)
143751506 res/layout-land/mtrl_picker_header_dialog.xml (OK - compressed)
143752193 res/layout-sw600dp-v13/design_layout_snackbar.xml (OK - compressed)
143752565 res/layout-sw600dp-v13/mtrl_layout_snackbar.xml (OK - compressed)
143752913 res/layout-v21/notification_action.xml (OK - compressed)
143753477 res/layout-v21/notification_action_tombstone.xml (OK - compressed)
143754096 res/layout-v21/notification_template_custom_big.xml (OK - compressed)
143754963 res/layout-v21/notification_template_icon_group.xml (OK - compressed)
143755450 res/layout-v26/abc_screen_toolbar.xml (OK - compressed)
143756167 res/layout-v26/mtrl_calendar_month.xml (OK - compressed)
143756676 res/layout-watch-v20/abc_alert_dialog_button_bar_material.xml (OK - compressed)
143757231 res/layout-watch-v20/abc_alert_dialog_title_material.xml (OK - compressed)
143757851 res/layout/abc_action_bar_title_item.xml (OK - compressed)
143758312 res/layout/abc_action_bar_up_container.xml (OK - compressed)
143758634 res/layout/abc_action_menu_item_layout.xml (OK - compressed)
143759095 res/layout/abc_action_menu_layout.xml (OK - compressed)
143759453 res/layout/abc_action_mode_bar.xml (OK - compressed)
143759801 res/layout/abc_action_mode_close_item_material.xml (OK - compressed)
143760301 res/layout/abc_activity_chooser_view.xml (OK - compressed)
143760977 res/layout/abc_activity_chooser_view_list_item.xml (OK - compressed)
143761627 res/layout/abc_alert_dialog_button_bar_material.xml (OK - compressed)
143762308 res/layout/abc_alert_dialog_material.xml (OK - compressed)
143763218 res/layout/abc_alert_dialog_title_material.xml (OK - compressed)
143763939 res/layout/abc_cascading_menu_item_layout.xml (OK - compressed)
143764719 res/layout/abc_dialog_title_material.xml (OK - compressed)
143765311 res/layout/abc_expanded_menu_layout.xml (OK - compressed)
143765615 res/layout/abc_list_menu_item_checkbox.xml (OK - compressed)
143765965 res/layout/abc_list_menu_item_icon.xml (OK - compressed)
143766417 res/layout/abc_list_menu_item_layout.xml (OK - compressed)
143767082 res/layout/abc_list_menu_item_radio.xml (OK - compressed)
143767448 res/layout/abc_popup_menu_header_item_layout.xml (OK - compressed)
143767952 res/layout/abc_popup_menu_item_layout.xml (OK - compressed)
143768829 res/layout/abc_screen_content_include.xml (OK - compressed)
143769187 res/layout/abc_screen_simple.xml (OK - compressed)
143769664 res/layout/abc_screen_simple_overlay_action_mode.xml (OK - compressed)
143770103 res/layout/abc_screen_toolbar.xml (OK - compressed)
143770805 res/layout/abc_search_dropdown_item_icons_2line.xml (OK - compressed)
143771532 res/layout/abc_search_view.xml (OK - compressed)
143772704 res/layout/abc_select_dialog_material.xml (OK - compressed)
143773296 res/layout/abc_tooltip.xml (OK - compressed)
143773854 res/layout/custom_dialog.xml (OK - compressed)
143774238 res/layout/design_bottom_navigation_item.xml (OK - compressed)
143774979 res/layout/design_bottom_sheet_dialog.xml (OK - compressed)
143775563 res/layout/design_layout_snackbar.xml (OK - compressed)
143775934 res/layout/design_layout_snackbar_include.xml (OK - compressed)
143776664 res/layout/design_layout_tab_icon.xml (OK - compressed)
143776971 res/layout/design_layout_tab_text.xml (OK - compressed)
143777291 res/layout/design_menu_item_action_area.xml (OK - compressed)
143777546 res/layout/design_navigation_item.xml (OK - compressed)
143777974 res/layout/design_navigation_item_header.xml (OK - compressed)
143778304 res/layout/design_navigation_item_separator.xml (OK - compressed)
143778626 res/layout/design_navigation_item_subheader.xml (OK - compressed)
143779013 res/layout/design_navigation_menu.xml (OK - compressed)
143779389 res/layout/design_navigation_menu_item.xml (OK - compressed)
143779892 res/layout/design_text_input_end_icon.xml (OK - compressed)
143780332 res/layout/design_text_input_start_icon.xml (OK - compressed)
143780754 res/layout/m3_alert_dialog.xml (OK - compressed)
143781686 res/layout/m3_alert_dialog_actions.xml (OK - compressed)
143782373 res/layout/m3_alert_dialog_title.xml (OK - compressed)
143782858 res/layout/m3_auto_complete_simple_item.xml (OK - compressed)
143783247 res/layout/m3_side_sheet_dialog.xml (OK - compressed)
143783819 res/layout/material_chip_input_combo.xml (OK - compressed)
143784111 res/layout/material_clock_display.xml (OK - compressed)
143784543 res/layout/material_clock_display_divider.xml (OK - compressed)
143784879 res/layout/material_clock_period_toggle.xml (OK - compressed)
143785493 res/layout/material_clockface_textview.xml (OK - compressed)
143785835 res/layout/material_clockface_view.xml (OK - compressed)
143786376 res/layout/material_radial_view_group.xml (OK - compressed)
143786799 res/layout/material_textinput_timepicker.xml (OK - compressed)
143787217 res/layout/material_time_chip.xml (OK - compressed)
143787510 res/layout/material_time_input.xml (OK - compressed)
143787996 res/layout/material_timepicker.xml (OK - compressed)
143788733 res/layout/material_timepicker_dialog.xml (OK - compressed)
143789861 res/layout/material_timepicker_textinput_display.xml (OK - compressed)
143790250 res/layout/mtrl_alert_dialog.xml (OK - compressed)
143791096 res/layout/mtrl_alert_dialog_actions.xml (OK - compressed)
143791850 res/layout/mtrl_alert_dialog_title.xml (OK - compressed)
143792336 res/layout/mtrl_alert_select_dialog_item.xml (OK - compressed)
143792737 res/layout/mtrl_alert_select_dialog_multichoice.xml (OK - compressed)
143793288 res/layout/mtrl_alert_select_dialog_singlechoice.xml (OK - compressed)
143793832 res/layout/mtrl_auto_complete_simple_item.xml (OK - compressed)
143794216 res/layout/mtrl_calendar_day.xml (OK - compressed)
143794492 res/layout/mtrl_calendar_day_of_week.xml (OK - compressed)
143794770 res/layout/mtrl_calendar_days_of_week.xml (OK - compressed)
143795096 res/layout/mtrl_calendar_horizontal.xml (OK - compressed)
143795605 res/layout/mtrl_calendar_month.xml (OK - compressed)
143796063 res/layout/mtrl_calendar_month_labeled.xml (OK - compressed)
143796505 res/layout/mtrl_calendar_month_navigation.xml (OK - compressed)
143797225 res/layout/mtrl_calendar_months.xml (OK - compressed)
143797535 res/layout/mtrl_calendar_vertical.xml (OK - compressed)
143797936 res/layout/mtrl_calendar_year.xml (OK - compressed)
143798210 res/layout/mtrl_layout_snackbar.xml (OK - compressed)
143798564 res/layout/mtrl_layout_snackbar_include.xml (OK - compressed)
143799082 res/layout/mtrl_navigation_rail_item.xml (OK - compressed)
143799819 res/layout/mtrl_picker_actions.xml (OK - compressed)
143800309 res/layout/mtrl_picker_dialog.xml (OK - compressed)
143800859 res/layout/mtrl_picker_fullscreen.xml (OK - compressed)
143801341 res/layout/mtrl_picker_header_dialog.xml (OK - compressed)
143802017 res/layout/mtrl_picker_header_fullscreen.xml (OK - compressed)
143803097 res/layout/mtrl_picker_header_selection_text.xml (OK - compressed)
143803547 res/layout/mtrl_picker_header_title_text.xml (OK - compressed)
143803940 res/layout/mtrl_picker_header_toggle.xml (OK - compressed)
143804310 res/layout/mtrl_picker_text_input_date.xml (OK - compressed)
143804824 res/layout/mtrl_picker_text_input_date_range.xml (OK - compressed)
143805443 res/layout/mtrl_search_bar.xml (OK - compressed)
143805784 res/layout/mtrl_search_view.xml (OK - compressed)
143806991 res/layout/notification_template_part_chronometer.xml (OK - compressed)
143807326 res/layout/notification_template_part_time.xml (OK - compressed)
143807660 res/layout/select_dialog_item_material.xml (OK - compressed)
143808090 res/layout/select_dialog_multichoice_material.xml (OK - compressed)
143808616 res/layout/select_dialog_singlechoice_material.xml (OK - compressed)
143809143 res/layout/support_simple_spinner_dropdown_item.xml (OK - compressed)
143809480 res/mipmap-anydpi-v26/ic_launcher.xml (OK - compressed)
143809794 res/mipmap-anydpi-v26/ic_launcher_round.xml (OK - compressed)
143810100 res/mipmap-hdpi-v4/ic_launcher.webp (OK)
143811576 res/mipmap-hdpi-v4/ic_launcher_round.webp (OK)
143814540 res/mipmap-mdpi-v4/ic_launcher.webp (OK)
143815596 res/mipmap-mdpi-v4/ic_launcher_round.webp (OK)
143817436 res/mipmap-xhdpi-v4/ic_launcher.webp (OK)
143819408 res/mipmap-xhdpi-v4/ic_launcher_round.webp (OK)
143823396 res/mipmap-xxhdpi-v4/ic_launcher.webp (OK)
143826356 res/mipmap-xxhdpi-v4/ic_launcher_round.webp (OK)
143832340 res/mipmap-xxxhdpi-v4/ic_launcher.webp (OK)
143836260 res/mipmap-xxxhdpi-v4/ic_launcher_round.webp (OK)
143844092 res/xml/backup_rules.xml (OK - compressed)
143844231 res/xml/data_extraction_rules.xml (OK - compressed)
143844388 resources.arsc (OK)
144848923 DebugProbesKt.bin (OK - compressed)
144849780 META-INF/androidx.activity_activity.version (OK)
144849876 META-INF/androidx.annotation_annotation-experimental.version (OK)
144849968 META-INF/androidx.appcompat_appcompat-resources.version (OK)
144850052 META-INF/androidx.appcompat_appcompat.version (OK)
144850136 META-INF/androidx.arch.core_core-runtime.version (OK - compressed)
144850272 META-INF/androidx.cardview_cardview.version (OK)
144850372 META-INF/androidx.coordinatorlayout_coordinatorlayout.version (OK)
144850448 META-INF/androidx.core_core-ktx.version (OK)
144850520 META-INF/androidx.core_core.version (OK)
144850612 META-INF/androidx.cursoradapter_cursoradapter.version (OK)
144850696 META-INF/androidx.customview_customview.version (OK)
144850784 META-INF/androidx.documentfile_documentfile.version (OK)
144850872 META-INF/androidx.drawerlayout_drawerlayout.version (OK)
144850968 META-INF/androidx.dynamicanimation_dynamicanimation.version (OK)
144851056 META-INF/androidx.emoji2_emoji2-views-helper.version (OK)
144851132 META-INF/androidx.emoji2_emoji2.version (OK)
144851212 META-INF/androidx.fragment_fragment.version (OK)
144851300 META-INF/androidx.interpolator_interpolator.version (OK)
144851396 META-INF/androidx.legacy_legacy-support-core-utils.version (OK)
144851491 META-INF/androidx.lifecycle_lifecycle-livedata-core.version (OK - compressed)
144851642 META-INF/androidx.lifecycle_lifecycle-livedata.version (OK - compressed)
144851787 META-INF/androidx.lifecycle_lifecycle-process.version (OK - compressed)
144851930 META-INF/androidx.lifecycle_lifecycle-runtime.version (OK - compressed)
144852087 META-INF/androidx.lifecycle_lifecycle-viewmodel-savedstate.version (OK - compressed)
144852246 META-INF/androidx.lifecycle_lifecycle-viewmodel.version (OK - compressed)
144852380 META-INF/androidx.loader_loader.version (OK)
144852488 META-INF/androidx.localbroadcastmanager_localbroadcastmanager.version (OK)
144852564 META-INF/androidx.print_print.version (OK)
144852660 META-INF/androidx.profileinstaller_profileinstaller.version (OK)
144852748 META-INF/androidx.recyclerview_recyclerview.version (OK)
144852832 META-INF/androidx.savedstate_savedstate.version (OK)
144852920 META-INF/androidx.startup_startup-runtime.version (OK)
144853000 META-INF/androidx.tracing_tracing.version (OK)
144853084 META-INF/androidx.transition_transition.version (OK)
144853184 META-INF/androidx.vectordrawable_vectordrawable-animated.version (OK)
144853276 META-INF/androidx.vectordrawable_vectordrawable.version (OK)
144853380 META-INF/androidx.versionedparcelable_versionedparcelable.version (OK)
144853464 META-INF/androidx.viewpager2_viewpager2.version (OK)
144853548 META-INF/androidx.viewpager_viewpager.version (OK)
144853640 META-INF/com.google.android.material_material.version (OK)
144853720 META-INF/kotlinx_coroutines_android.version (OK)
144853796 META-INF/kotlinx_coroutines_core.version (OK)
144853893 META-INF/services/kotlinx.coroutines.CoroutineExceptionHandler (OK - compressed)
144854040 META-INF/services/kotlinx.coroutines.internal.MainDispatcherFactory (OK - compressed)
144854163 kotlin/annotation/annotation.kotlin_builtins (OK - compressed)
144854772 kotlin/collections/collections.kotlin_builtins (OK - compressed)
144856685 kotlin/concurrent/atomics/atomics.kotlin_builtins (OK - compressed)
144857841 kotlin/coroutines/coroutines.kotlin_builtins (OK - compressed)
144858027 kotlin/internal/internal.kotlin_builtins (OK - compressed)
144858443 kotlin/kotlin.kotlin_builtins (OK - compressed)
144863851 kotlin/ranges/ranges.kotlin_builtins (OK - compressed)
144865273 kotlin/reflect/reflect.kotlin_builtins (OK - compressed)
 8739952 assets/data/loot_table_pyarray.bin (OK - compressed)
 8777373 assets/data/loot_table_pyarraynames.bin (OK - compressed)
 8785839 assets/data/loot_table_pystructnames.bin (OK - compressed)
 4915290 classes3.dex (OK - compressed)
10551296 lib/arm64-v8a/libdh2_engine_ui.so (OK)
 4947968 lib/arm64-v8a/libdh2_game_data.so (OK)
17661952 lib/arm64-v8a/libdh2_level_world.so (OK)
23019520 lib/arm64-v8a/libdh2_native.so (OK)
144867328 lib/x86_64/libdh2_engine_ui.so (OK)
 6488064 lib/x86_64/libdh2_game_data.so (OK)
148684800 lib/x86_64/libdh2_level_world.so (OK)
151322624 lib/x86_64/libdh2_native.so (OK)
 4090774 assets/data/worldmap_pyarray.bin (OK - compressed)
 4090911 assets/data/worldmap_pyarraynames.bin (OK - compressed)
 4091149 assets/data/worldmap_pystructnames.bin (OK - compressed)
Verification successful
